# WaveFront *.obj file (generated by Autodesk ATF)

mtllib caster4_link.mtl

g caster_4

v -0.143998 0.503481 -0.094774
v -0.143999 0.500552 -0.094897
v -0.143999 0.497644 -0.095265
v -0.144000 0.494777 -0.095874
v -0.144000 0.491971 -0.096721
v -0.144001 0.489245 -0.097800
v -0.144001 0.486620 -0.099104
v -0.144002 0.484112 -0.100622
v -0.144002 0.481741 -0.102345
v -0.144002 0.479522 -0.104261
v -0.144003 0.477471 -0.106355
v -0.144003 0.475603 -0.108613
v -0.144003 0.473930 -0.111020
v -0.144004 0.472464 -0.113559
v -0.144004 0.471216 -0.116211
v -0.144004 0.470194 -0.118959
v -0.144004 0.469406 -0.121782
v -0.144004 0.468857 -0.124662
v -0.144004 0.468550 -0.127577
v -0.144004 0.468489 -0.130507
v -0.144004 0.468673 -0.133433
v -0.144004 0.469101 -0.136333
v -0.144004 0.469770 -0.139187
v -0.144004 0.470676 -0.141974
v -0.144004 0.471812 -0.144677
v -0.144004 0.473170 -0.147274
v -0.144003 0.474741 -0.149749
v -0.144003 0.476513 -0.152084
v -0.144003 0.478475 -0.154263
v -0.144002 0.480611 -0.156269
v -0.144002 0.482909 -0.158090
v -0.144001 0.485350 -0.159712
v -0.144001 0.487919 -0.161124
v -0.144000 0.490597 -0.162317
v -0.144000 0.493365 -0.163281
v -0.143999 0.496204 -0.164010
v -0.143999 0.499094 -0.164498
v -0.143998 0.502015 -0.164744
v -0.143998 0.504947 -0.164744
v -0.143997 0.507868 -0.164498
v -0.143997 0.510758 -0.164010
v -0.143996 0.513597 -0.163281
v -0.143996 0.516365 -0.162317
v -0.143995 0.519043 -0.161124
v -0.143995 0.521612 -0.159712
v -0.143995 0.524054 -0.158090
v -0.143994 0.526351 -0.156269
v -0.143994 0.528488 -0.154263
v -0.143993 0.530449 -0.152084
v -0.143993 0.532221 -0.149749
v -0.143993 0.533792 -0.147274
v -0.143993 0.535150 -0.144677
v -0.143992 0.536286 -0.141974
v -0.143992 0.537192 -0.139187
v -0.143992 0.537861 -0.136333
v -0.143992 0.538289 -0.133433
v -0.143992 0.538473 -0.130507
v -0.143992 0.538412 -0.127577
v -0.143992 0.538106 -0.124662
v -0.143992 0.537556 -0.121782
v -0.143992 0.536768 -0.118959
v -0.143993 0.535746 -0.116211
v -0.143993 0.534498 -0.113559
v -0.143993 0.533033 -0.111020
v -0.143993 0.531360 -0.108613
v -0.143994 0.529491 -0.106355
v -0.143994 0.527440 -0.104261
v -0.143994 0.525221 -0.102345
v -0.143995 0.522850 -0.100622
v -0.143995 0.520342 -0.099104
v -0.143996 0.517717 -0.097800
v -0.143996 0.514991 -0.096721
v -0.143997 0.512185 -0.095874
v -0.143997 0.509318 -0.095265
v -0.143998 0.506410 -0.094897
v -0.143998 0.503481 -0.135774
v -0.143998 0.502273 -0.135652
v -0.143999 0.501115 -0.135288
v -0.143999 0.500053 -0.134699
v -0.143999 0.499132 -0.133908
v -0.143999 0.498389 -0.132948
v -0.143999 0.497855 -0.131858
v -0.143999 0.497550 -0.130683
v -0.143999 0.497489 -0.129471
v -0.143999 0.497673 -0.128270
v -0.143999 0.498094 -0.127132
v -0.143999 0.498736 -0.126102
v -0.143999 0.499573 -0.125222
v -0.143999 0.500569 -0.124528
v -0.143999 0.501685 -0.124050
v -0.143998 0.502874 -0.123805
v -0.143998 0.504088 -0.123805
v -0.143998 0.505277 -0.124050
v -0.143998 0.506393 -0.124528
v -0.143997 0.507389 -0.125222
v -0.143997 0.508226 -0.126102
v -0.143997 0.508868 -0.127132
v -0.143997 0.509290 -0.128270
v -0.143997 0.509473 -0.129471
v -0.143997 0.509412 -0.130683
v -0.143997 0.509108 -0.131858
v -0.143997 0.508573 -0.132948
v -0.143997 0.507830 -0.133908
v -0.143998 0.506909 -0.134699
v -0.143998 0.505847 -0.135288
v -0.143998 0.504689 -0.135652
v -0.159007 0.453484 -0.129774
v -0.159007 0.453608 -0.133301
v -0.159007 0.453981 -0.136811
v -0.159007 0.454601 -0.140285
v -0.159007 0.455464 -0.143707
v -0.159006 0.456566 -0.147060
v -0.159006 0.457903 -0.150326
v -0.159006 0.459466 -0.153490
v -0.159006 0.461248 -0.156536
v -0.159005 0.463241 -0.159449
v -0.159005 0.465435 -0.162213
v -0.159004 0.467818 -0.164816
v -0.159004 0.470378 -0.167245
v -0.159004 0.473104 -0.169487
v -0.159003 0.475981 -0.171531
v -0.159002 0.478995 -0.173367
v -0.159002 0.482131 -0.174986
v -0.159001 0.485373 -0.176379
v -0.159001 0.488706 -0.177541
v -0.159000 0.492112 -0.178464
v -0.159000 0.495575 -0.179145
v -0.158999 0.499077 -0.179580
v -0.158998 0.502601 -0.179767
v -0.158998 0.506130 -0.179704
v -0.158997 0.509645 -0.179393
v -0.158996 0.513130 -0.178835
v -0.158996 0.516567 -0.178032
v -0.158995 0.519938 -0.176989
v -0.158995 0.523228 -0.175711
v -0.158994 0.526419 -0.174204
v -0.158994 0.529496 -0.172475
v -0.158993 0.532443 -0.170534
v -0.158993 0.535246 -0.168390
v -0.158992 0.537891 -0.166053
v -0.158992 0.540364 -0.163536
v -0.158991 0.542654 -0.160850
v -0.158991 0.544748 -0.158010
v -0.158991 0.546637 -0.155029
v -0.158990 0.548311 -0.151922
v -0.158990 0.549762 -0.148705
v -0.158990 0.550982 -0.145393
v -0.158990 0.551965 -0.142004
v -0.158990 0.552707 -0.138553
v -0.158989 0.553204 -0.135059
v -0.158989 0.553453 -0.131539
v -0.158989 0.553453 -0.128010
v -0.158989 0.553204 -0.124489
v -0.158990 0.552707 -0.120995
v -0.158990 0.551965 -0.117545
v -0.158990 0.550982 -0.114156
v -0.158990 0.549762 -0.110844
v -0.158990 0.548311 -0.107627
v -0.158991 0.546637 -0.104520
v -0.158991 0.544748 -0.101539
v -0.158991 0.542654 -0.098699
v -0.158992 0.540364 -0.096013
v -0.158992 0.537891 -0.093496
v -0.158993 0.535246 -0.091159
v -0.158993 0.532443 -0.089015
v -0.158994 0.529496 -0.087073
v -0.158994 0.526419 -0.085345
v -0.158995 0.523228 -0.083838
v -0.158995 0.519938 -0.082559
v -0.158996 0.516567 -0.081516
v -0.158996 0.513130 -0.080714
v -0.158997 0.509645 -0.080156
v -0.158998 0.506130 -0.079844
v -0.158998 0.502601 -0.079782
v -0.158999 0.499077 -0.079969
v -0.159000 0.495575 -0.080404
v -0.159000 0.492112 -0.081085
v -0.159001 0.488706 -0.082008
v -0.159001 0.485373 -0.083170
v -0.159002 0.482131 -0.084563
v -0.159002 0.478995 -0.086182
v -0.159003 0.475981 -0.088018
v -0.159004 0.473104 -0.090062
v -0.159004 0.470378 -0.092304
v -0.159004 0.467818 -0.094732
v -0.159005 0.465435 -0.097336
v -0.159005 0.463241 -0.100100
v -0.159006 0.461248 -0.103013
v -0.159006 0.459466 -0.106059
v -0.159006 0.457903 -0.109223
v -0.159006 0.456566 -0.112489
v -0.159007 0.455464 -0.115842
v -0.159007 0.454601 -0.119264
v -0.159007 0.453981 -0.122738
v -0.159007 0.453608 -0.126247
v -0.144101 0.540289 -0.129774
v -0.144427 0.542071 -0.129774
v -0.144966 0.543800 -0.129774
v -0.145709 0.545452 -0.129774
v -0.146646 0.547002 -0.129774
v -0.147763 0.548429 -0.129774
v -0.149043 0.549710 -0.129774
v -0.150469 0.550827 -0.129774
v -0.152019 0.551764 -0.129774
v -0.153671 0.552508 -0.129774
v -0.155400 0.553047 -0.129774
v -0.157181 0.553374 -0.129774
v -0.144101 0.540197 -0.127178
v -0.144102 0.535885 -0.112316
v -0.157183 0.545625 -0.103069
v -0.144104 0.521509 -0.097683
v -0.144107 0.509303 -0.093430
v -0.144112 0.476331 -0.104921
v -0.144114 0.469413 -0.115839
v -0.144114 0.467245 -0.136237
v -0.144113 0.473104 -0.150560
v -0.144111 0.482162 -0.159780
v -0.144108 0.501533 -0.166531
v -0.144106 0.514360 -0.164938
v -0.144103 0.527852 -0.157359
v -0.144101 0.538831 -0.140031
v -0.144107 0.504131 -0.092972
v -0.144434 0.504162 -0.091191
v -0.144973 0.504193 -0.089462
v -0.145716 0.504222 -0.087810
v -0.146653 0.504250 -0.086260
v -0.147770 0.504275 -0.084835
v -0.149051 0.504298 -0.083554
v -0.150477 0.504318 -0.082437
v -0.152027 0.504335 -0.081500
v -0.153679 0.504348 -0.080757
v -0.155408 0.504358 -0.080218
v -0.157190 0.504364 -0.079892
v -0.157191 0.500843 -0.079954
v -0.155409 0.500860 -0.080280
v -0.153680 0.500888 -0.080818
v -0.152028 0.500927 -0.081560
v -0.150478 0.500977 -0.082496
v -0.149052 0.501035 -0.083612
v -0.147771 0.501103 -0.084891
v -0.146654 0.501178 -0.086314
v -0.145717 0.501260 -0.087862
v -0.144973 0.501347 -0.089512
v -0.144434 0.501439 -0.091239
v -0.144108 0.501533 -0.093018
v -0.144107 0.506725 -0.093110
v -0.144433 0.506882 -0.091335
v -0.144972 0.507035 -0.089612
v -0.145716 0.507180 -0.087967
v -0.146653 0.507317 -0.086423
v -0.147770 0.507443 -0.085002
v -0.149051 0.507556 -0.083727
v -0.150476 0.507655 -0.082614
v -0.152027 0.507738 -0.081680
v -0.153678 0.507803 -0.080940
v -0.155408 0.507851 -0.080403
v -0.157189 0.507880 -0.080078
v -0.144106 0.511852 -0.093931
v -0.144433 0.512258 -0.092196
v -0.144971 0.512651 -0.090512
v -0.145715 0.513027 -0.088903
v -0.146652 0.513380 -0.087394
v -0.147769 0.513704 -0.086005
v -0.149049 0.513996 -0.084758
v -0.150475 0.514250 -0.083670
v -0.152025 0.514463 -0.082758
v -0.153677 0.514633 -0.082034
v -0.155406 0.514756 -0.081509
v -0.157188 0.514830 -0.081191
v -0.157189 0.511375 -0.080512
v -0.155407 0.511323 -0.080834
v -0.153678 0.511237 -0.081366
v -0.152026 0.511120 -0.082100
v -0.150476 0.510971 -0.083026
v -0.149050 0.510794 -0.084129
v -0.147769 0.510591 -0.085393
v -0.146652 0.510366 -0.086801
v -0.145715 0.510120 -0.088332
v -0.144972 0.509859 -0.089963
v -0.144433 0.509585 -0.091670
v -0.144106 0.514360 -0.094611
v -0.144432 0.514887 -0.092909
v -0.144971 0.515398 -0.091257
v -0.145714 0.515886 -0.089679
v -0.146651 0.516345 -0.088198
v -0.147768 0.516766 -0.086836
v -0.149049 0.517145 -0.085612
v -0.150475 0.517475 -0.084545
v -0.152025 0.517753 -0.083650
v -0.153677 0.517973 -0.082939
v -0.155406 0.518132 -0.082425
v -0.157188 0.518229 -0.082113
v -0.144105 0.516813 -0.095466
v -0.144432 0.517459 -0.093805
v -0.144970 0.518085 -0.092193
v -0.145714 0.518684 -0.090654
v -0.146651 0.519245 -0.089209
v -0.147768 0.519762 -0.087880
v -0.149048 0.520226 -0.086686
v -0.150474 0.520631 -0.085645
v -0.152024 0.520971 -0.084771
v -0.153676 0.521240 -0.084078
v -0.155405 0.521436 -0.083576
v -0.157187 0.521554 -0.083272
v -0.144105 0.519200 -0.096492
v -0.144431 0.519961 -0.094881
v -0.144970 0.520700 -0.093317
v -0.145713 0.521405 -0.091823
v -0.146650 0.522067 -0.090422
v -0.147767 0.522677 -0.089132
v -0.149048 0.523224 -0.087974
v -0.150474 0.523701 -0.086964
v -0.152024 0.524102 -0.086117
v -0.153675 0.524419 -0.085445
v -0.155405 0.524650 -0.084957
v -0.157186 0.524789 -0.084662
v -0.144431 0.522381 -0.096130
v -0.144969 0.523229 -0.094622
v -0.145713 0.524038 -0.093182
v -0.146650 0.524797 -0.091831
v -0.147767 0.525496 -0.090588
v -0.149047 0.526123 -0.089471
v -0.150473 0.526671 -0.088497
v -0.152023 0.527130 -0.087680
v -0.153675 0.527494 -0.087032
v -0.155404 0.527758 -0.086562
v -0.157186 0.527919 -0.086277
v -0.144104 0.525845 -0.100540
v -0.144430 0.526928 -0.099125
v -0.144969 0.527979 -0.097751
v -0.145712 0.528983 -0.096439
v -0.146649 0.529925 -0.095208
v -0.147766 0.530791 -0.094075
v -0.149046 0.531570 -0.093058
v -0.150472 0.532249 -0.092171
v -0.152022 0.532818 -0.091427
v -0.153674 0.533270 -0.090836
v -0.155403 0.533598 -0.090408
v -0.157185 0.533797 -0.090149
v -0.157185 0.530926 -0.088109
v -0.155404 0.530746 -0.088382
v -0.153674 0.530449 -0.088832
v -0.152023 0.530040 -0.089453
v -0.150473 0.529524 -0.090235
v -0.149047 0.528910 -0.091168
v -0.147766 0.528205 -0.092238
v -0.146649 0.527420 -0.093429
v -0.145712 0.526568 -0.094723
v -0.144969 0.525659 -0.096103
v -0.144430 0.524708 -0.097547
v -0.144104 0.523728 -0.099035
v -0.144103 0.527852 -0.102190
v -0.144430 0.529032 -0.100855
v -0.144968 0.530177 -0.099559
v -0.145711 0.531271 -0.098321
v -0.146648 0.532297 -0.097159
v -0.147765 0.533241 -0.096091
v -0.149046 0.534090 -0.095131
v -0.150472 0.534829 -0.094294
v -0.152022 0.535450 -0.093592
v -0.153673 0.535943 -0.093034
v -0.155403 0.536300 -0.092631
v -0.157184 0.536516 -0.092386
v -0.144103 0.529737 -0.103978
v -0.144429 0.531008 -0.102729
v -0.144968 0.532242 -0.101517
v -0.145711 0.533420 -0.100360
v -0.146648 0.534526 -0.099273
v -0.147765 0.535543 -0.098274
v -0.149046 0.536457 -0.097376
v -0.150471 0.537254 -0.096593
v -0.152021 0.537923 -0.095937
v -0.153673 0.538453 -0.095416
v -0.155402 0.538838 -0.095038
v -0.157184 0.539071 -0.094809
v -0.144103 0.531491 -0.105894
v -0.144429 0.532847 -0.104738
v -0.144968 0.534163 -0.103616
v -0.145711 0.535420 -0.102545
v -0.146648 0.536600 -0.101539
v -0.147765 0.537685 -0.100614
v -0.149045 0.538660 -0.099783
v -0.150471 0.539511 -0.099058
v -0.152021 0.540224 -0.098450
v -0.153673 0.540790 -0.097968
v -0.155402 0.541200 -0.097618
v -0.157183 0.541449 -0.097407
v -0.144102 0.533106 -0.107929
v -0.144429 0.534540 -0.106872
v -0.144967 0.535932 -0.105846
v -0.145710 0.537261 -0.104865
v -0.146647 0.538509 -0.103946
v -0.147764 0.539657 -0.103099
v -0.149045 0.540688 -0.102339
v -0.150471 0.541587 -0.101676
v -0.152021 0.542342 -0.101120
v -0.153672 0.542941 -0.100679
v -0.155401 0.543375 -0.100359
v -0.157183 0.543638 -0.100165
v -0.144428 0.537454 -0.111471
v -0.144967 0.538976 -0.110651
v -0.145710 0.540431 -0.109867
v -0.146647 0.541795 -0.109132
v -0.147764 0.543051 -0.108456
v -0.149044 0.544179 -0.107848
v -0.150470 0.545162 -0.107318
v -0.152020 0.545988 -0.106874
v -0.153672 0.546642 -0.106521
v -0.155401 0.547117 -0.106266
v -0.157182 0.547405 -0.106111
v -0.155401 0.545347 -0.103242
v -0.153672 0.544890 -0.103528
v -0.152020 0.544261 -0.103924
v -0.150470 0.543468 -0.104423
v -0.149044 0.542523 -0.105019
v -0.147764 0.541439 -0.105703
v -0.146647 0.540234 -0.106465
v -0.145710 0.538923 -0.107293
v -0.144967 0.537527 -0.108176
v -0.144428 0.536066 -0.109101
v -0.144102 0.534560 -0.110053
v -0.144102 0.537036 -0.114645
v -0.144428 0.538660 -0.113913
v -0.144966 0.540237 -0.113202
v -0.145710 0.541743 -0.112523
v -0.146646 0.543156 -0.111886
v -0.147763 0.544456 -0.111300
v -0.149044 0.545624 -0.110773
v -0.150470 0.546643 -0.110314
v -0.152020 0.547497 -0.109929
v -0.153671 0.548175 -0.109623
v -0.155401 0.548667 -0.109402
v -0.157182 0.548965 -0.109268
v -0.144101 0.538020 -0.117050
v -0.144428 0.539692 -0.116434
v -0.144966 0.541314 -0.115836
v -0.145709 0.542864 -0.115265
v -0.146646 0.544319 -0.114729
v -0.147763 0.545657 -0.114236
v -0.149044 0.546859 -0.113793
v -0.150469 0.547908 -0.113407
v -0.152019 0.548787 -0.113083
v -0.153671 0.549485 -0.112826
v -0.155400 0.549991 -0.112640
v -0.157182 0.550298 -0.112527
v -0.144101 0.538831 -0.119518
v -0.144428 0.540542 -0.119021
v -0.144966 0.542203 -0.118539
v -0.145709 0.543790 -0.118079
v -0.146646 0.545279 -0.117647
v -0.147763 0.546648 -0.117250
v -0.149044 0.547879 -0.116893
v -0.150469 0.548952 -0.116582
v -0.152019 0.549852 -0.116321
v -0.153671 0.550566 -0.116113
v -0.155400 0.551084 -0.115963
v -0.157182 0.551398 -0.115872
v -0.144101 0.539467 -0.122037
v -0.144427 0.541209 -0.121662
v -0.144966 0.542899 -0.121299
v -0.145709 0.544514 -0.120952
v -0.146646 0.546030 -0.120626
v -0.147763 0.547424 -0.120326
v -0.149043 0.548677 -0.120057
v -0.150469 0.549769 -0.119822
v -0.152019 0.550685 -0.119625
v -0.153671 0.551413 -0.119469
v -0.155400 0.551940 -0.119355
v -0.157182 0.552259 -0.119287
v -0.144101 0.539923 -0.124595
v -0.144427 0.541687 -0.124344
v -0.144966 0.543399 -0.124100
v -0.145709 0.545035 -0.123868
v -0.146646 0.546569 -0.123650
v -0.147763 0.547981 -0.123449
v -0.149043 0.549250 -0.123269
v -0.150469 0.550356 -0.123112
v -0.152019 0.551284 -0.122980
v -0.153671 0.552020 -0.122875
v -0.155400 0.552554 -0.122799
v -0.157181 0.552878 -0.122753
v -0.157181 0.553250 -0.126255
v -0.155400 0.552924 -0.126278
v -0.153671 0.552386 -0.126316
v -0.152019 0.551644 -0.126369
v -0.150469 0.550709 -0.126435
v -0.149043 0.549594 -0.126514
v -0.147763 0.548317 -0.126604
v -0.146646 0.546894 -0.126704
v -0.145709 0.545348 -0.126814
v -0.144966 0.543700 -0.126930
v -0.144427 0.541975 -0.127052
v -0.144101 0.540197 -0.132371
v -0.144427 0.541975 -0.132496
v -0.144966 0.543700 -0.132618
v -0.145709 0.545348 -0.132735
v -0.146646 0.546894 -0.132844
v -0.147763 0.548317 -0.132945
v -0.149043 0.549594 -0.133035
v -0.150469 0.550709 -0.133114
v -0.152019 0.551644 -0.133180
v -0.153671 0.552386 -0.133233
v -0.155400 0.552924 -0.133271
v -0.157181 0.553250 -0.133294
v -0.144101 0.539923 -0.134954
v -0.144427 0.541687 -0.135205
v -0.144966 0.543399 -0.135448
v -0.145709 0.545035 -0.135681
v -0.146646 0.546569 -0.135899
v -0.147763 0.547981 -0.136100
v -0.149043 0.549250 -0.136280
v -0.150469 0.550356 -0.136437
v -0.152019 0.551284 -0.136569
v -0.153671 0.552020 -0.136674
v -0.155400 0.552554 -0.136749
v -0.157181 0.552878 -0.136795
v -0.144101 0.539467 -0.137512
v -0.144427 0.541209 -0.137886
v -0.144966 0.542899 -0.138250
v -0.145709 0.544514 -0.138597
v -0.146646 0.546030 -0.138923
v -0.147763 0.547424 -0.139223
v -0.149043 0.548677 -0.139492
v -0.150469 0.549769 -0.139727
v -0.152019 0.550685 -0.139924
v -0.153671 0.551413 -0.140080
v -0.155400 0.551940 -0.140193
v -0.157182 0.552259 -0.140262
v -0.144428 0.540542 -0.140528
v -0.144966 0.542203 -0.141009
v -0.145709 0.543790 -0.141470
v -0.146646 0.545279 -0.141902
v -0.147763 0.546648 -0.142299
v -0.149044 0.547879 -0.142656
v -0.150469 0.548952 -0.142967
v -0.152019 0.549852 -0.143228
v -0.153671 0.550566 -0.143435
v -0.155400 0.551084 -0.143586
v -0.157182 0.551398 -0.143677
v -0.144102 0.537036 -0.144904
v -0.144428 0.538660 -0.145636
v -0.144966 0.540237 -0.146347
v -0.145710 0.541743 -0.147026
v -0.146646 0.543156 -0.147663
v -0.147763 0.544456 -0.148249
v -0.149044 0.545624 -0.148775
v -0.150470 0.546643 -0.149235
v -0.152020 0.547497 -0.149620
v -0.153671 0.548175 -0.149925
v -0.155401 0.548667 -0.150147
v -0.157182 0.548965 -0.150281
v -0.157182 0.550298 -0.147022
v -0.155400 0.549991 -0.146909
v -0.153671 0.549485 -0.146723
v -0.152019 0.548787 -0.146466
v -0.150469 0.547908 -0.146142
v -0.149044 0.546859 -0.145755
v -0.147763 0.545657 -0.145313
v -0.146646 0.544319 -0.144820
v -0.145709 0.542864 -0.144284
v -0.144966 0.541314 -0.143713
v -0.144428 0.539692 -0.143115
v -0.144101 0.538020 -0.142499
v -0.144102 0.535885 -0.147233
v -0.144428 0.537454 -0.148078
v -0.144967 0.538976 -0.148898
v -0.145710 0.540431 -0.149682
v -0.146647 0.541795 -0.150417
v -0.147764 0.543051 -0.151093
v -0.149044 0.544179 -0.151701
v -0.150470 0.545162 -0.152231
v -0.152020 0.545988 -0.152675
v -0.153672 0.546642 -0.153028
v -0.155401 0.547117 -0.153283
v -0.157182 0.547405 -0.153438
v -0.144102 0.534573 -0.149475
v -0.144428 0.536078 -0.150429
v -0.144967 0.537539 -0.151354
v -0.145710 0.538934 -0.152238
v -0.146647 0.540244 -0.153068
v -0.147764 0.541449 -0.153831
v -0.149044 0.542531 -0.154517
v -0.150470 0.543475 -0.155115
v -0.152020 0.544266 -0.155616
v -0.153672 0.544895 -0.156014
v -0.155401 0.545350 -0.156303
v -0.157183 0.545626 -0.156477
v -0.144102 0.533106 -0.151619
v -0.144429 0.534540 -0.152677
v -0.144967 0.535932 -0.153703
v -0.145710 0.537261 -0.154683
v -0.146647 0.538509 -0.155603
v -0.147764 0.539657 -0.156450
v -0.149045 0.540688 -0.157210
v -0.150471 0.541587 -0.157873
v -0.152021 0.542342 -0.158429
v -0.153672 0.542941 -0.158870
v -0.155401 0.543375 -0.159190
v -0.157183 0.543638 -0.159384
v -0.144103 0.531491 -0.153655
v -0.144429 0.532847 -0.154811
v -0.144968 0.534163 -0.155932
v -0.145711 0.535420 -0.157004
v -0.146648 0.536600 -0.158010
v -0.147765 0.537685 -0.158935
v -0.149045 0.538660 -0.159766
v -0.150471 0.539511 -0.160491
v -0.152021 0.540224 -0.161099
v -0.153673 0.540790 -0.161581
v -0.155402 0.541200 -0.161930
v -0.157183 0.541449 -0.162142
v -0.144103 0.529737 -0.155571
v -0.144429 0.531008 -0.156820
v -0.144968 0.532242 -0.158032
v -0.145711 0.533420 -0.159189
v -0.146648 0.534526 -0.160276
v -0.147765 0.535543 -0.161275
v -0.149046 0.536457 -0.162173
v -0.150471 0.537254 -0.162955
v -0.152021 0.537923 -0.163612
v -0.153673 0.538453 -0.164133
v -0.155402 0.538838 -0.164511
v -0.157184 0.539071 -0.164740
v -0.144104 0.525845 -0.159009
v -0.144430 0.526928 -0.160424
v -0.144969 0.527979 -0.161798
v -0.145712 0.528983 -0.163110
v -0.146649 0.529925 -0.164341
v -0.147766 0.530791 -0.165473
v -0.149046 0.531570 -0.166491
v -0.150472 0.532249 -0.167378
v -0.152022 0.532818 -0.168122
v -0.153674 0.533270 -0.168713
v -0.155403 0.533598 -0.169141
v -0.157185 0.533797 -0.169400
v -0.157184 0.536516 -0.167163
v -0.155403 0.536300 -0.166918
v -0.153673 0.535943 -0.166514
v -0.152022 0.535450 -0.165957
v -0.150472 0.534829 -0.165255
v -0.149046 0.534090 -0.164418
v -0.147765 0.533241 -0.163458
v -0.146648 0.532297 -0.162389
v -0.145711 0.531271 -0.161228
v -0.144968 0.530177 -0.159990
v -0.144430 0.529032 -0.158694
v -0.144104 0.523728 -0.160514
v -0.144430 0.524708 -0.162002
v -0.144969 0.525659 -0.163446
v -0.145712 0.526568 -0.164825
v -0.146649 0.527420 -0.166120
v -0.147766 0.528205 -0.167311
v -0.149047 0.528910 -0.168380
v -0.150473 0.529524 -0.169313
v -0.152023 0.530040 -0.170096
v -0.153674 0.530449 -0.170717
v -0.155404 0.530746 -0.171167
v -0.157185 0.530926 -0.171440
v -0.144104 0.521509 -0.161865
v -0.144431 0.522381 -0.163419
v -0.144969 0.523229 -0.164927
v -0.145713 0.524038 -0.166367
v -0.146650 0.524797 -0.167718
v -0.147767 0.525496 -0.168961
v -0.149047 0.526123 -0.170078
v -0.150473 0.526671 -0.171052
v -0.152023 0.527130 -0.171869
v -0.153675 0.527494 -0.172517
v -0.155404 0.527758 -0.172987
v -0.157186 0.527919 -0.173271
v -0.144105 0.519200 -0.163057
v -0.144431 0.519961 -0.164668
v -0.144970 0.520700 -0.166232
v -0.145713 0.521405 -0.167726
v -0.146650 0.522067 -0.169127
v -0.147767 0.522677 -0.170416
v -0.149048 0.523224 -0.171575
v -0.150474 0.523701 -0.172585
v -0.152024 0.524102 -0.173432
v -0.153675 0.524419 -0.174104
v -0.155405 0.524650 -0.174592
v -0.157186 0.524789 -0.174887
v -0.144105 0.516813 -0.164083
v -0.144432 0.517459 -0.165744
v -0.144970 0.518085 -0.167356
v -0.145714 0.518684 -0.168895
v -0.146651 0.519245 -0.170340
v -0.147768 0.519762 -0.171669
v -0.149048 0.520226 -0.172863
v -0.150474 0.520631 -0.173904
v -0.152024 0.520971 -0.174778
v -0.153676 0.521240 -0.175471
v -0.155405 0.521436 -0.175973
v -0.157187 0.521554 -0.176277
v -0.144106 0.511852 -0.165618
v -0.144433 0.512258 -0.167353
v -0.144971 0.512651 -0.169037
v -0.145715 0.513027 -0.170645
v -0.146652 0.513380 -0.172155
v -0.147769 0.513704 -0.173543
v -0.149049 0.513996 -0.174791
v -0.150475 0.514250 -0.175878
v -0.152025 0.514463 -0.176791
v -0.153677 0.514633 -0.177515
v -0.155406 0.514756 -0.178040
v -0.157188 0.514830 -0.178358
v -0.157188 0.518229 -0.177436
v -0.155406 0.518132 -0.177124
v -0.153677 0.517973 -0.176609
v -0.152025 0.517753 -0.175899
v -0.150475 0.517475 -0.175004
v -0.149049 0.517145 -0.173937
v -0.147768 0.516766 -0.172713
v -0.146651 0.516345 -0.171351
v -0.145714 0.515886 -0.169870
v -0.144971 0.515398 -0.168292
v -0.144432 0.514887 -0.166640
v -0.144107 0.509303 -0.166119
v -0.144433 0.509585 -0.167878
v -0.144972 0.509859 -0.169586
v -0.145715 0.510120 -0.171217
v -0.146652 0.510366 -0.172747
v -0.147769 0.510591 -0.174155
v -0.149050 0.510794 -0.175420
v -0.150476 0.510971 -0.176523
v -0.152026 0.511120 -0.177448
v -0.153678 0.511237 -0.178182
v -0.155407 0.511323 -0.178715
v -0.157189 0.511375 -0.179037
v -0.144107 0.506725 -0.166439
v -0.144433 0.506882 -0.168214
v -0.144972 0.507035 -0.169937
v -0.145716 0.507180 -0.171582
v -0.146653 0.507317 -0.173126
v -0.147770 0.507443 -0.174546
v -0.149051 0.507556 -0.175822
v -0.150476 0.507655 -0.176935
v -0.152027 0.507738 -0.177868
v -0.153678 0.507803 -0.178609
v -0.155408 0.507851 -0.179146
v -0.157189 0.507880 -0.179471
v -0.144107 0.504131 -0.166577
v -0.144434 0.504162 -0.168358
v -0.144973 0.504193 -0.170087
v -0.145716 0.504222 -0.171739
v -0.146653 0.504250 -0.173289
v -0.147770 0.504275 -0.174714
v -0.149051 0.504298 -0.175995
v -0.150477 0.504318 -0.177112
v -0.152027 0.504335 -0.178049
v -0.153679 0.504348 -0.178792
v -0.155408 0.504358 -0.179331
v -0.157190 0.504364 -0.179657
v -0.144434 0.501439 -0.168310
v -0.144973 0.501347 -0.170037
v -0.145717 0.501260 -0.171686
v -0.146654 0.501178 -0.173234
v -0.147771 0.501103 -0.174658
v -0.149052 0.501035 -0.175937
v -0.150478 0.500977 -0.177053
v -0.152028 0.500927 -0.177989
v -0.153680 0.500888 -0.178731
v -0.155409 0.500860 -0.179269
v -0.157191 0.500843 -0.179595
v -0.144109 0.496380 -0.165891
v -0.144435 0.496036 -0.167639
v -0.144974 0.495703 -0.169336
v -0.145718 0.495384 -0.170957
v -0.146655 0.495085 -0.172478
v -0.147772 0.494810 -0.173877
v -0.149053 0.494563 -0.175134
v -0.150479 0.494348 -0.176230
v -0.152029 0.494168 -0.177149
v -0.153681 0.494025 -0.177879
v -0.155410 0.493921 -0.178407
v -0.157192 0.493858 -0.178728
v -0.157191 0.497335 -0.179285
v -0.155410 0.497375 -0.178961
v -0.153680 0.497441 -0.178426
v -0.152028 0.497533 -0.177688
v -0.150478 0.497648 -0.176758
v -0.149052 0.497785 -0.175650
v -0.147771 0.497943 -0.174379
v -0.146654 0.498118 -0.172964
v -0.145717 0.498309 -0.171425
v -0.144974 0.498513 -0.169786
v -0.144435 0.498726 -0.168070
v -0.144108 0.498945 -0.166302
v -0.144109 0.493850 -0.165300
v -0.144436 0.493384 -0.167020
v -0.144975 0.492931 -0.168689
v -0.145718 0.492499 -0.170283
v -0.146655 0.492094 -0.171779
v -0.147773 0.491721 -0.173155
v -0.149053 0.491386 -0.174392
v -0.150479 0.491094 -0.175470
v -0.152030 0.490849 -0.176374
v -0.153681 0.490655 -0.177092
v -0.155411 0.490514 -0.177612
v -0.157192 0.490429 -0.177927
v -0.144110 0.491368 -0.164532
v -0.144436 0.490782 -0.166215
v -0.144975 0.490213 -0.167848
v -0.145719 0.489669 -0.169407
v -0.146656 0.489159 -0.170871
v -0.147773 0.488690 -0.172218
v -0.149054 0.488269 -0.173427
v -0.150480 0.487902 -0.174482
v -0.152030 0.487593 -0.175367
v -0.153682 0.487349 -0.176069
v -0.155411 0.487172 -0.176578
v -0.157193 0.487065 -0.176886
v -0.144110 0.488946 -0.163591
v -0.144437 0.488243 -0.165228
v -0.144976 0.487560 -0.166817
v -0.145719 0.486908 -0.168334
v -0.146656 0.486296 -0.169759
v -0.147774 0.485733 -0.171069
v -0.149055 0.485228 -0.172245
v -0.150480 0.484787 -0.173272
v -0.152031 0.484417 -0.174133
v -0.153683 0.484124 -0.174816
v -0.155412 0.483911 -0.175311
v -0.157194 0.483783 -0.175611
v -0.144111 0.486597 -0.162482
v -0.144437 0.485780 -0.164065
v -0.144976 0.484987 -0.165602
v -0.145720 0.484229 -0.167069
v -0.146657 0.483518 -0.168447
v -0.147774 0.482865 -0.169714
v -0.149055 0.482277 -0.170852
v -0.150481 0.481765 -0.171845
v -0.152031 0.481335 -0.172677
v -0.153683 0.480995 -0.173338
v -0.155412 0.480748 -0.173817
v -0.157194 0.480598 -0.174107
v -0.144111 0.484332 -0.161209
v -0.144438 0.483405 -0.162731
v -0.144977 0.482506 -0.164208
v -0.145720 0.481646 -0.165618
v -0.146657 0.480840 -0.166942
v -0.147775 0.480099 -0.168160
v -0.149056 0.479432 -0.169254
v -0.150482 0.478852 -0.170208
v -0.152032 0.478364 -0.171008
v -0.153684 0.477978 -0.171643
v -0.155413 0.477698 -0.172103
v -0.157195 0.477528 -0.172382
v -0.144112 0.480099 -0.158202
v -0.144438 0.478967 -0.159578
v -0.144977 0.477869 -0.160913
v -0.145721 0.476820 -0.162189
v -0.146658 0.475835 -0.163386
v -0.147776 0.474929 -0.164487
v -0.149057 0.474116 -0.165477
v -0.150482 0.473407 -0.166339
v -0.152033 0.472812 -0.167063
v -0.153685 0.472340 -0.167637
v -0.155414 0.471998 -0.168053
v -0.157196 0.471791 -0.168305
v -0.157195 0.474587 -0.170445
v -0.155413 0.474776 -0.170179
v -0.153684 0.475088 -0.169740
v -0.152032 0.475518 -0.169134
v -0.150482 0.476061 -0.168370
v -0.149056 0.476708 -0.167459
v -0.147775 0.477449 -0.166415
v -0.146658 0.478275 -0.165253
v -0.145721 0.479172 -0.163989
v -0.144977 0.480129 -0.162642
v -0.144438 0.481131 -0.161233
v -0.144112 0.478152 -0.156481
v -0.144439 0.476926 -0.157774
v -0.144978 0.475736 -0.159029
v -0.145721 0.474599 -0.160227
v -0.146659 0.473533 -0.161352
v -0.147776 0.472552 -0.162387
v -0.149057 0.471671 -0.163316
v -0.150483 0.470902 -0.164127
v -0.152033 0.470258 -0.164807
v -0.153685 0.469746 -0.165346
v -0.155414 0.469376 -0.165737
v -0.157196 0.469152 -0.165974
v -0.144112 0.476331 -0.154628
v -0.144439 0.475017 -0.155831
v -0.144978 0.473742 -0.156999
v -0.145722 0.472523 -0.158114
v -0.146659 0.471380 -0.159161
v -0.147776 0.470329 -0.160124
v -0.149057 0.469384 -0.160989
v -0.150483 0.468560 -0.161743
v -0.152034 0.467869 -0.162376
v -0.153685 0.467321 -0.162878
v -0.155415 0.466924 -0.163242
v -0.157197 0.466684 -0.163462
v -0.144113 0.474646 -0.152651
v -0.144439 0.473250 -0.153759
v -0.144978 0.471895 -0.154833
v -0.145722 0.470601 -0.155860
v -0.146659 0.469387 -0.156823
v -0.147777 0.468270 -0.157710
v -0.149058 0.467267 -0.158506
v -0.150484 0.466392 -0.159200
v -0.152034 0.465658 -0.159782
v -0.153686 0.465076 -0.160244
v -0.155415 0.464654 -0.160579
v -0.157197 0.464399 -0.160782
v -0.144440 0.471633 -0.151566
v -0.144979 0.470206 -0.152543
v -0.145722 0.468843 -0.153476
v -0.146660 0.467564 -0.154351
v -0.147777 0.466388 -0.155156
v -0.149058 0.465331 -0.155880
v -0.150484 0.464409 -0.156510
v -0.152034 0.463636 -0.157040
v -0.153686 0.463023 -0.157459
v -0.155416 0.462578 -0.157764
v -0.157197 0.462309 -0.157948
v -0.144113 0.470481 -0.146078
v -0.144440 0.468884 -0.146868
v -0.144979 0.467333 -0.147634
v -0.145723 0.465853 -0.148365
v -0.146660 0.464463 -0.149052
v -0.147778 0.463185 -0.149684
v -0.149059 0.462037 -0.150251
v -0.150485 0.461035 -0.150746
v -0.152035 0.460196 -0.151161
v -0.153687 0.459529 -0.151490
v -0.155416 0.459046 -0.151729
v -0.157198 0.458754 -0.151873
v -0.157198 0.460424 -0.154973
v -0.155416 0.460706 -0.154809
v -0.153687 0.461171 -0.154536
v -0.152035 0.461812 -0.154161
v -0.150484 0.462620 -0.153688
v -0.149058 0.463584 -0.153123
v -0.147777 0.464690 -0.152476
v -0.146660 0.465920 -0.151756
v -0.145723 0.467258 -0.150973
v -0.144979 0.468683 -0.150139
v -0.144440 0.470176 -0.149266
v -0.144113 0.471713 -0.148366
v -0.144114 0.469413 -0.143710
v -0.144440 0.467764 -0.144385
v -0.144979 0.466164 -0.145039
v -0.145723 0.464635 -0.145665
v -0.146661 0.463200 -0.146252
v -0.147778 0.461881 -0.146791
v -0.149059 0.460696 -0.147276
v -0.150485 0.459662 -0.147699
v -0.152035 0.458795 -0.148054
v -0.153687 0.458107 -0.148336
v -0.155417 0.457609 -0.148540
v -0.157198 0.457307 -0.148663
v -0.144114 0.468515 -0.141272
v -0.144440 0.466822 -0.141829
v -0.144980 0.465180 -0.142369
v -0.145723 0.463611 -0.142885
v -0.146661 0.462138 -0.143369
v -0.147778 0.460784 -0.143815
v -0.149059 0.459568 -0.144215
v -0.150485 0.458507 -0.144564
v -0.152035 0.457617 -0.144856
v -0.153687 0.456911 -0.145089
v -0.155417 0.456399 -0.145257
v -0.157198 0.456089 -0.145359
v -0.144114 0.467791 -0.138777
v -0.144441 0.466063 -0.139213
v -0.144980 0.464387 -0.139636
v -0.145723 0.462785 -0.140040
v -0.146661 0.461282 -0.140419
v -0.147778 0.459900 -0.140768
v -0.149059 0.458658 -0.141081
v -0.150485 0.457575 -0.141354
v -0.152036 0.456667 -0.141583
v -0.153687 0.455947 -0.141765
v -0.155417 0.455424 -0.141897
v -0.157199 0.455108 -0.141977
v -0.144441 0.465491 -0.136550
v -0.144980 0.463788 -0.136854
v -0.145724 0.462163 -0.137144
v -0.146661 0.460637 -0.137416
v -0.147778 0.459233 -0.137666
v -0.149059 0.457972 -0.137891
v -0.150485 0.456873 -0.138087
v -0.152036 0.455951 -0.138252
v -0.153688 0.455219 -0.138382
v -0.155417 0.454689 -0.138477
v -0.157199 0.454368 -0.138534
v -0.144114 0.466696 -0.131073
v -0.144441 0.464915 -0.131136
v -0.144980 0.463187 -0.131197
v -0.145724 0.461537 -0.131256
v -0.146661 0.459988 -0.131310
v -0.147778 0.458563 -0.131361
v -0.149059 0.457283 -0.131406
v -0.150486 0.456167 -0.131445
v -0.152036 0.455231 -0.131478
v -0.153688 0.454488 -0.131505
v -0.155417 0.453950 -0.131524
v -0.157199 0.453624 -0.131535
v -0.157199 0.453872 -0.135048
v -0.155417 0.454197 -0.135013
v -0.153688 0.454732 -0.134956
v -0.152036 0.455471 -0.134878
v -0.150485 0.456403 -0.134779
v -0.149059 0.457513 -0.134661
v -0.147778 0.458787 -0.134525
v -0.146661 0.460204 -0.134375
v -0.145724 0.461746 -0.134211
v -0.144980 0.463388 -0.134036
v -0.144441 0.465108 -0.133853
v -0.144114 0.466879 -0.133665
v -0.144114 0.466696 -0.128475
v -0.144441 0.464915 -0.128413
v -0.144980 0.463187 -0.128351
v -0.145724 0.461537 -0.128293
v -0.146661 0.459988 -0.128238
v -0.147778 0.458563 -0.128188
v -0.149059 0.457283 -0.128143
v -0.150486 0.456167 -0.128104
v -0.152036 0.455231 -0.128070
v -0.153688 0.454488 -0.128044
v -0.155417 0.453950 -0.128025
v -0.157199 0.453624 -0.128014
v -0.144114 0.466879 -0.125884
v -0.144441 0.465108 -0.125696
v -0.144980 0.463388 -0.125513
v -0.145724 0.461746 -0.125338
v -0.146661 0.460204 -0.125174
v -0.147778 0.458787 -0.125024
v -0.149059 0.457513 -0.124888
v -0.150485 0.456403 -0.124770
v -0.152036 0.455471 -0.124671
v -0.153688 0.454732 -0.124593
v -0.155417 0.454197 -0.124536
v -0.157199 0.453872 -0.124501
v -0.144114 0.467245 -0.123312
v -0.144441 0.465491 -0.122999
v -0.144980 0.463788 -0.122695
v -0.145724 0.462163 -0.122405
v -0.146661 0.460637 -0.122133
v -0.147778 0.459233 -0.121883
v -0.149059 0.457972 -0.121658
v -0.150485 0.456873 -0.121462
v -0.152036 0.455951 -0.121297
v -0.153688 0.455219 -0.121167
v -0.155417 0.454689 -0.121072
v -0.157199 0.454368 -0.121015
v -0.144114 0.467791 -0.120772
v -0.144441 0.466063 -0.120336
v -0.144980 0.464387 -0.119913
v -0.145723 0.462785 -0.119509
v -0.146661 0.461282 -0.119130
v -0.147778 0.459900 -0.118781
v -0.149059 0.458658 -0.118468
v -0.150485 0.457575 -0.118195
v -0.152036 0.456667 -0.117965
v -0.153687 0.455947 -0.117784
v -0.155417 0.455424 -0.117652
v -0.157199 0.455108 -0.117572
v -0.144114 0.468515 -0.118277
v -0.144440 0.466822 -0.117720
v -0.144980 0.465180 -0.117180
v -0.145723 0.463611 -0.116664
v -0.146661 0.462138 -0.116180
v -0.147778 0.460784 -0.115734
v -0.149059 0.459568 -0.115334
v -0.150485 0.458507 -0.114985
v -0.152035 0.457617 -0.114693
v -0.153687 0.456911 -0.114460
v -0.155417 0.456399 -0.114292
v -0.157198 0.456089 -0.114190
v -0.144113 0.470481 -0.113470
v -0.144440 0.468884 -0.112681
v -0.144979 0.467333 -0.111915
v -0.145723 0.465853 -0.111184
v -0.146660 0.464463 -0.110497
v -0.147778 0.463185 -0.109865
v -0.149059 0.462037 -0.109298
v -0.150485 0.461035 -0.108803
v -0.152035 0.460196 -0.108388
v -0.153687 0.459529 -0.108059
v -0.155416 0.459046 -0.107820
v -0.157198 0.458754 -0.107675
v -0.157198 0.457307 -0.110886
v -0.155417 0.457609 -0.111009
v -0.153687 0.458107 -0.111213
v -0.152035 0.458795 -0.111495
v -0.150485 0.459662 -0.111850
v -0.149059 0.460696 -0.112272
v -0.147778 0.461881 -0.112757
v -0.146661 0.463200 -0.113297
v -0.145723 0.464635 -0.113884
v -0.144979 0.466164 -0.114509
v -0.144440 0.467764 -0.115164
v -0.144113 0.471713 -0.111183
v -0.144440 0.470176 -0.110283
v -0.144979 0.468683 -0.109410
v -0.145723 0.467258 -0.108576
v -0.146660 0.465920 -0.107793
v -0.147777 0.464690 -0.107072
v -0.149058 0.463584 -0.106425
v -0.150484 0.462620 -0.105861
v -0.152035 0.461812 -0.105388
v -0.153687 0.461171 -0.105012
v -0.155416 0.460706 -0.104740
v -0.157198 0.460424 -0.104575
v -0.144113 0.473104 -0.108989
v -0.144440 0.471633 -0.107982
v -0.144979 0.470206 -0.107006
v -0.145722 0.468843 -0.106073
v -0.146660 0.467564 -0.105198
v -0.147777 0.466388 -0.104393
v -0.149058 0.465331 -0.103669
v -0.150484 0.464409 -0.103038
v -0.152034 0.463636 -0.102509
v -0.153686 0.463023 -0.102089
v -0.155416 0.462578 -0.101785
v -0.157197 0.462309 -0.101601
v -0.144113 0.474646 -0.106898
v -0.144439 0.473250 -0.105790
v -0.144978 0.471895 -0.104715
v -0.145722 0.470601 -0.103689
v -0.146659 0.469387 -0.102725
v -0.147777 0.468270 -0.101839
v -0.149058 0.467267 -0.101043
v -0.150484 0.466392 -0.100349
v -0.152034 0.465658 -0.099766
v -0.153686 0.465076 -0.099304
v -0.155415 0.464654 -0.098969
v -0.157197 0.464399 -0.098767
v -0.144439 0.475017 -0.103718
v -0.144978 0.473742 -0.102550
v -0.145722 0.472523 -0.101434
v -0.146659 0.471380 -0.100388
v -0.147776 0.470329 -0.099425
v -0.149057 0.469384 -0.098560
v -0.150483 0.468560 -0.097806
v -0.152034 0.467869 -0.097173
v -0.153685 0.467321 -0.096671
v -0.155415 0.466924 -0.096307
v -0.157197 0.466684 -0.096087
v -0.144112 0.480099 -0.101347
v -0.144438 0.478967 -0.099971
v -0.144977 0.477869 -0.098636
v -0.145721 0.476820 -0.097360
v -0.146658 0.475835 -0.096163
v -0.147776 0.474929 -0.095062
v -0.149057 0.474116 -0.094072
v -0.150482 0.473407 -0.093210
v -0.152033 0.472812 -0.092486
v -0.153685 0.472340 -0.091912
v -0.155414 0.471998 -0.091496
v -0.157196 0.471791 -0.091243
v -0.157196 0.469152 -0.093575
v -0.155414 0.469376 -0.093812
v -0.153685 0.469746 -0.094203
v -0.152033 0.470258 -0.094742
v -0.150483 0.470902 -0.095422
v -0.149057 0.471671 -0.096233
v -0.147776 0.472552 -0.097162
v -0.146659 0.473533 -0.098197
v -0.145721 0.474599 -0.099321
v -0.144978 0.475736 -0.100520
v -0.144439 0.476926 -0.101775
v -0.144112 0.478152 -0.103067
v -0.144111 0.482162 -0.099769
v -0.144438 0.481131 -0.098316
v -0.144977 0.480129 -0.096906
v -0.145721 0.479172 -0.095560
v -0.146658 0.478275 -0.094296
v -0.147775 0.477449 -0.093134
v -0.149056 0.476708 -0.092090
v -0.150482 0.476061 -0.091179
v -0.152032 0.475518 -0.090415
v -0.153684 0.475088 -0.089809
v -0.155413 0.474776 -0.089370
v -0.157195 0.474587 -0.089104
v -0.144111 0.484332 -0.098340
v -0.144438 0.483405 -0.096818
v -0.144977 0.482506 -0.095341
v -0.145720 0.481646 -0.093930
v -0.146657 0.480840 -0.092607
v -0.147775 0.480099 -0.091389
v -0.149056 0.479432 -0.090295
v -0.150482 0.478852 -0.089341
v -0.152032 0.478364 -0.088541
v -0.153684 0.477978 -0.087906
v -0.155413 0.477698 -0.087446
v -0.157195 0.477528 -0.087167
v -0.144111 0.486597 -0.097067
v -0.144437 0.485780 -0.095484
v -0.144976 0.484987 -0.093947
v -0.145720 0.484229 -0.092480
v -0.146657 0.483518 -0.091102
v -0.147774 0.482865 -0.089835
v -0.149055 0.482277 -0.088697
v -0.150481 0.481765 -0.087704
v -0.152031 0.481335 -0.086872
v -0.153683 0.480995 -0.086211
v -0.155412 0.480748 -0.085732
v -0.157194 0.480598 -0.085442
v -0.144110 0.488946 -0.095958
v -0.144437 0.488243 -0.094321
v -0.144976 0.487560 -0.092732
v -0.145719 0.486908 -0.091214
v -0.146656 0.486296 -0.089790
v -0.147774 0.485733 -0.088480
v -0.149055 0.485228 -0.087304
v -0.150480 0.484787 -0.086277
v -0.152031 0.484417 -0.085416
v -0.153683 0.484124 -0.084733
v -0.155412 0.483911 -0.084238
v -0.157194 0.483783 -0.083938
v -0.144109 0.493850 -0.094249
v -0.144436 0.493384 -0.092529
v -0.144975 0.492931 -0.090860
v -0.145718 0.492499 -0.089266
v -0.146655 0.492094 -0.087770
v -0.147773 0.491721 -0.086394
v -0.149053 0.491386 -0.085157
v -0.150479 0.491094 -0.084079
v -0.152030 0.490849 -0.083175
v -0.153681 0.490655 -0.082457
v -0.155411 0.490514 -0.081937
v -0.157192 0.490429 -0.081622
v -0.157193 0.487066 -0.082662
v -0.155411 0.487174 -0.082970
v -0.153682 0.487352 -0.083479
v -0.152030 0.487597 -0.084181
v -0.150480 0.487906 -0.085065
v -0.149054 0.488274 -0.086120
v -0.147773 0.488696 -0.087329
v -0.146656 0.489165 -0.088676
v -0.145719 0.489676 -0.090139
v -0.144975 0.490220 -0.091699
v -0.144436 0.490789 -0.093332
v -0.144110 0.491376 -0.095014
v -0.144109 0.496380 -0.093658
v -0.144435 0.496036 -0.091910
v -0.144974 0.495703 -0.090213
v -0.145718 0.495384 -0.088592
v -0.146655 0.495085 -0.087071
v -0.147772 0.494810 -0.085672
v -0.149053 0.494563 -0.084415
v -0.150479 0.494348 -0.083319
v -0.152029 0.494168 -0.082400
v -0.153681 0.494025 -0.081670
v -0.155410 0.493921 -0.081141
v -0.157192 0.493858 -0.080821
v -0.144108 0.498945 -0.093247
v -0.144435 0.498726 -0.091479
v -0.144974 0.498513 -0.089763
v -0.145717 0.498309 -0.088123
v -0.146654 0.498118 -0.086585
v -0.147771 0.497943 -0.085170
v -0.149052 0.497785 -0.083899
v -0.150478 0.497648 -0.082791
v -0.152028 0.497533 -0.081861
v -0.153680 0.497441 -0.081123
v -0.155410 0.497375 -0.080588
v -0.157191 0.497335 -0.080264
v -0.160998 0.503179 -0.079775
v -0.160999 0.499653 -0.079921
v -0.160999 0.496146 -0.080316
v -0.161000 0.492675 -0.080957
v -0.161001 0.489259 -0.081841
v -0.161001 0.485913 -0.082964
v -0.161002 0.482655 -0.084320
v -0.161002 0.479500 -0.085902
v -0.161003 0.476465 -0.087703
v -0.161003 0.473565 -0.089714
v -0.161004 0.470814 -0.091924
v -0.161004 0.468225 -0.094323
v -0.161005 0.465812 -0.096898
v -0.161005 0.463587 -0.099638
v -0.161006 0.461561 -0.102527
v -0.161006 0.459743 -0.105552
v -0.161006 0.458143 -0.108698
v -0.161006 0.456770 -0.111949
v -0.161007 0.455629 -0.115288
v -0.161007 0.454726 -0.118700
v -0.161007 0.454066 -0.122167
v -0.161007 0.453653 -0.125672
v -0.161007 0.453487 -0.129197
v -0.161007 0.453571 -0.132725
v -0.161007 0.453904 -0.136239
v -0.161007 0.454483 -0.139720
v -0.161007 0.455307 -0.143152
v -0.161006 0.456370 -0.146517
v -0.161006 0.457669 -0.149798
v -0.161006 0.459195 -0.152980
v -0.161006 0.460943 -0.156046
v -0.161005 0.462902 -0.158982
v -0.161005 0.465063 -0.161772
v -0.161005 0.467416 -0.164402
v -0.161004 0.469948 -0.166860
v -0.161004 0.472648 -0.169133
v -0.161003 0.475501 -0.171210
v -0.161003 0.478493 -0.173081
v -0.161002 0.481611 -0.174736
v -0.161001 0.484837 -0.176167
v -0.161001 0.488155 -0.177367
v -0.161000 0.491551 -0.178330
v -0.161000 0.495006 -0.179050
v -0.160999 0.498503 -0.179526
v -0.160998 0.502024 -0.179753
v -0.160998 0.505553 -0.179732
v -0.160997 0.509072 -0.179461
v -0.160997 0.512563 -0.178943
v -0.160996 0.516009 -0.178180
v -0.160995 0.519392 -0.177176
v -0.160995 0.522696 -0.175936
v -0.160994 0.525905 -0.174466
v -0.160994 0.529001 -0.172773
v -0.160993 0.531971 -0.170866
v -0.160993 0.534798 -0.168754
v -0.160992 0.537470 -0.166448
v -0.160992 0.539972 -0.163960
v -0.160991 0.542293 -0.161301
v -0.160991 0.544420 -0.158484
v -0.160991 0.546343 -0.155525
v -0.160990 0.548053 -0.152438
v -0.160990 0.549540 -0.149238
v -0.160990 0.550798 -0.145941
v -0.160990 0.551821 -0.142563
v -0.160990 0.552603 -0.139121
v -0.160989 0.553140 -0.135633
v -0.160989 0.553429 -0.132116
v -0.160989 0.553470 -0.128587
v -0.160989 0.553262 -0.125064
v -0.160990 0.552805 -0.121564
v -0.160990 0.552103 -0.118106
v -0.160990 0.551159 -0.114705
v -0.160990 0.549978 -0.111380
v -0.160990 0.548564 -0.108146
v -0.160991 0.546926 -0.105020
v -0.160991 0.545072 -0.102017
v -0.160991 0.543010 -0.099153
v -0.160992 0.540752 -0.096441
v -0.160992 0.538308 -0.093895
v -0.160993 0.535690 -0.091528
v -0.160993 0.532912 -0.089352
v -0.160994 0.529987 -0.087377
v -0.160994 0.526931 -0.085613
v -0.160995 0.523757 -0.084069
v -0.160995 0.520483 -0.082753
v -0.160996 0.517123 -0.081671
v -0.160996 0.513696 -0.080828
v -0.160997 0.510218 -0.080230
v -0.160998 0.506707 -0.079878
v -0.175998 0.503273 -0.094775
v -0.175999 0.500345 -0.094916
v -0.175999 0.497439 -0.095301
v -0.176000 0.494576 -0.095928
v -0.176000 0.491775 -0.096792
v -0.176001 0.489056 -0.097888
v -0.176001 0.486439 -0.099207
v -0.176002 0.483940 -0.100741
v -0.176002 0.481580 -0.102478
v -0.176002 0.479372 -0.104407
v -0.176003 0.477334 -0.106514
v -0.176003 0.475480 -0.108784
v -0.176003 0.473821 -0.111201
v -0.176004 0.472371 -0.113749
v -0.176004 0.471139 -0.116408
v -0.176004 0.470134 -0.119162
v -0.176004 0.469363 -0.121990
v -0.176004 0.468832 -0.124873
v -0.176004 0.468543 -0.127790
v -0.176004 0.468499 -0.130721
v -0.176004 0.468701 -0.133645
v -0.176004 0.469147 -0.136542
v -0.176004 0.469834 -0.139392
v -0.176004 0.470757 -0.142174
v -0.176004 0.471909 -0.144870
v -0.176003 0.473283 -0.147459
v -0.176003 0.474869 -0.149924
v -0.176003 0.476655 -0.152248
v -0.176003 0.478630 -0.154415
v -0.176002 0.480779 -0.156408
v -0.176002 0.483087 -0.158215
v -0.176001 0.485539 -0.159822
v -0.176001 0.488116 -0.161219
v -0.176000 0.490801 -0.162395
v -0.176000 0.493575 -0.163342
v -0.175999 0.496419 -0.164053
v -0.175999 0.499312 -0.164525
v -0.175998 0.502234 -0.164752
v -0.175998 0.505166 -0.164734
v -0.175997 0.508085 -0.164471
v -0.175997 0.510972 -0.163965
v -0.175996 0.513807 -0.163218
v -0.175996 0.516569 -0.162237
v -0.175995 0.519240 -0.161029
v -0.175995 0.521800 -0.159601
v -0.175995 0.524232 -0.157964
v -0.175994 0.526518 -0.156129
v -0.175994 0.528642 -0.154110
v -0.175993 0.530590 -0.151919
v -0.175993 0.532348 -0.149574
v -0.175993 0.533904 -0.147089
v -0.175993 0.535246 -0.144483
v -0.175992 0.536365 -0.141774
v -0.175992 0.537254 -0.138981
v -0.175992 0.537906 -0.136123
v -0.175992 0.538317 -0.133220
v -0.175992 0.538483 -0.130294
v -0.175992 0.538404 -0.127364
v -0.175992 0.538079 -0.124450
v -0.175992 0.537513 -0.121574
v -0.175992 0.536707 -0.118756
v -0.175993 0.535669 -0.116015
v -0.175993 0.534404 -0.113370
v -0.175993 0.532923 -0.110841
v -0.175993 0.531236 -0.108444
v -0.175994 0.529353 -0.106197
v -0.175994 0.527290 -0.104115
v -0.175994 0.525059 -0.102213
v -0.175995 0.522677 -0.100505
v -0.175995 0.520161 -0.099001
v -0.175996 0.517527 -0.097714
v -0.175996 0.514795 -0.096652
v -0.175997 0.511984 -0.095822
v -0.175997 0.509113 -0.095230
v -0.175998 0.506203 -0.094880
v -0.175882 0.540295 -0.129774
v -0.175556 0.542076 -0.129774
v -0.175016 0.543806 -0.129774
v -0.174273 0.545457 -0.129774
v -0.173335 0.547007 -0.129774
v -0.172218 0.548433 -0.129774
v -0.170937 0.549713 -0.129774
v -0.169511 0.550830 -0.129774
v -0.167961 0.551767 -0.129774
v -0.166309 0.552510 -0.129774
v -0.164579 0.553049 -0.129774
v -0.162797 0.553375 -0.129774
v -0.175882 0.539928 -0.124595
v -0.175883 0.534579 -0.110074
v -0.175885 0.525851 -0.100540
v -0.175888 0.506731 -0.093110
v -0.175891 0.493855 -0.094249
v -0.175893 0.480105 -0.101347
v -0.175895 0.468520 -0.118277
v -0.175895 0.466702 -0.131073
v -0.175892 0.484338 -0.161209
v -0.175890 0.496385 -0.165891
v -0.175886 0.516819 -0.164083
v -0.175884 0.529743 -0.155571
v -0.175883 0.537042 -0.144904
v -0.175889 0.501539 -0.093018
v -0.175563 0.501444 -0.091239
v -0.175024 0.501353 -0.089512
v -0.174280 0.501265 -0.087862
v -0.173343 0.501183 -0.086314
v -0.172226 0.501107 -0.084891
v -0.170945 0.501039 -0.083612
v -0.169520 0.500980 -0.082496
v -0.167969 0.500930 -0.081560
v -0.166318 0.500890 -0.080818
v -0.164588 0.500862 -0.080280
v -0.162807 0.500844 -0.079954
v -0.162806 0.504365 -0.079892
v -0.164588 0.504359 -0.080218
v -0.166317 0.504350 -0.080757
v -0.167969 0.504337 -0.081500
v -0.169519 0.504321 -0.082437
v -0.170945 0.504302 -0.083554
v -0.172226 0.504279 -0.084835
v -0.173343 0.504254 -0.086260
v -0.174280 0.504227 -0.087810
v -0.175023 0.504198 -0.089462
v -0.175562 0.504168 -0.091191
v -0.175889 0.504136 -0.092972
v -0.175890 0.498951 -0.093247
v -0.175563 0.498731 -0.091479
v -0.175024 0.498518 -0.089763
v -0.174281 0.498314 -0.088123
v -0.173344 0.498123 -0.086585
v -0.172227 0.497947 -0.085170
v -0.170946 0.497789 -0.083899
v -0.169520 0.497651 -0.082791
v -0.167970 0.497535 -0.081861
v -0.166318 0.497444 -0.081123
v -0.164589 0.497377 -0.080588
v -0.162807 0.497336 -0.080264
v -0.175890 0.496385 -0.093658
v -0.175564 0.496042 -0.091910
v -0.175025 0.495708 -0.090213
v -0.174281 0.495389 -0.088592
v -0.173344 0.495090 -0.087071
v -0.172227 0.494815 -0.085672
v -0.170947 0.494567 -0.084415
v -0.169521 0.494352 -0.083319
v -0.167971 0.494170 -0.082400
v -0.166319 0.494027 -0.081670
v -0.164590 0.493922 -0.081141
v -0.162808 0.493859 -0.080821
v -0.175564 0.493389 -0.092529
v -0.175025 0.492937 -0.090860
v -0.174282 0.492504 -0.089266
v -0.173345 0.492099 -0.087770
v -0.172228 0.491725 -0.086394
v -0.170947 0.491390 -0.085157
v -0.169521 0.491097 -0.084079
v -0.167971 0.490852 -0.083175
v -0.166320 0.490657 -0.082457
v -0.164590 0.490516 -0.081937
v -0.162809 0.490430 -0.081622
v -0.175891 0.488952 -0.095958
v -0.175565 0.488248 -0.094321
v -0.175026 0.487565 -0.092732
v -0.174283 0.486913 -0.091214
v -0.173346 0.486301 -0.089790
v -0.172229 0.485737 -0.088480
v -0.170948 0.485231 -0.087304
v -0.169522 0.484790 -0.086277
v -0.167972 0.484420 -0.085416
v -0.166321 0.484126 -0.084733
v -0.164591 0.483913 -0.084238
v -0.162810 0.483784 -0.083938
v -0.162809 0.487066 -0.082663
v -0.164591 0.487174 -0.082971
v -0.166320 0.487351 -0.083480
v -0.167972 0.487596 -0.084182
v -0.169522 0.487905 -0.085067
v -0.170948 0.488273 -0.086122
v -0.172228 0.488695 -0.087331
v -0.173345 0.489164 -0.088678
v -0.174282 0.489674 -0.090141
v -0.175026 0.490218 -0.091701
v -0.175565 0.490787 -0.093334
v -0.175891 0.491374 -0.095017
v -0.175892 0.486603 -0.097067
v -0.175565 0.485785 -0.095484
v -0.175027 0.484992 -0.093947
v -0.174283 0.484234 -0.092480
v -0.173346 0.483523 -0.091102
v -0.172229 0.482869 -0.089835
v -0.170949 0.482281 -0.088697
v -0.169523 0.481768 -0.087704
v -0.167973 0.481338 -0.086872
v -0.166321 0.480997 -0.086211
v -0.164592 0.480750 -0.085732
v -0.162810 0.480599 -0.085442
v -0.175892 0.484338 -0.098340
v -0.175566 0.483411 -0.096818
v -0.175027 0.482511 -0.095341
v -0.174284 0.481651 -0.093930
v -0.173347 0.480845 -0.092607
v -0.172230 0.480103 -0.091389
v -0.170949 0.479436 -0.090295
v -0.169523 0.478855 -0.089341
v -0.167973 0.478367 -0.088541
v -0.166322 0.477980 -0.087906
v -0.164592 0.477699 -0.087446
v -0.162811 0.477529 -0.087167
v -0.175893 0.482168 -0.099769
v -0.175566 0.481136 -0.098316
v -0.175028 0.480134 -0.096906
v -0.174284 0.479177 -0.095560
v -0.173347 0.478280 -0.094296
v -0.172230 0.477453 -0.093134
v -0.170950 0.476711 -0.092090
v -0.169524 0.476064 -0.091179
v -0.167974 0.475521 -0.090415
v -0.166322 0.475090 -0.089809
v -0.164593 0.474778 -0.089370
v -0.162811 0.474588 -0.089104
v -0.175567 0.478973 -0.099971
v -0.175028 0.477874 -0.098636
v -0.174285 0.476825 -0.097360
v -0.173348 0.475840 -0.096163
v -0.172231 0.474934 -0.095062
v -0.170950 0.474120 -0.094072
v -0.169524 0.473410 -0.093210
v -0.167974 0.472814 -0.092486
v -0.166323 0.472342 -0.091912
v -0.164593 0.471999 -0.091496
v -0.162812 0.471792 -0.091243
v -0.175894 0.476337 -0.104921
v -0.175567 0.475022 -0.103718
v -0.175029 0.473747 -0.102550
v -0.174285 0.472528 -0.101434
v -0.173349 0.471385 -0.100388
v -0.172232 0.470333 -0.099425
v -0.170951 0.469388 -0.098560
v -0.169525 0.468564 -0.097806
v -0.167975 0.467872 -0.097173
v -0.166324 0.467324 -0.096671
v -0.164594 0.466926 -0.096307
v -0.162813 0.466685 -0.096087
v -0.162812 0.469153 -0.093575
v -0.164594 0.469378 -0.093812
v -0.166323 0.469749 -0.094203
v -0.167975 0.470261 -0.094742
v -0.169525 0.470906 -0.095422
v -0.170951 0.471675 -0.096233
v -0.172231 0.472556 -0.097162
v -0.173348 0.473538 -0.098197
v -0.174285 0.474605 -0.099321
v -0.175028 0.475741 -0.100520
v -0.175567 0.476931 -0.101775
v -0.175893 0.478158 -0.103067
v -0.175894 0.474651 -0.106898
v -0.175568 0.473255 -0.105790
v -0.175029 0.471901 -0.104715
v -0.174286 0.470606 -0.103689
v -0.173349 0.469392 -0.102725
v -0.172232 0.468275 -0.101839
v -0.170951 0.467271 -0.101043
v -0.169526 0.466396 -0.100349
v -0.167976 0.465661 -0.099766
v -0.166324 0.465079 -0.099304
v -0.164595 0.464656 -0.098969
v -0.162813 0.464400 -0.098767
v -0.175894 0.473109 -0.108989
v -0.175568 0.471639 -0.107982
v -0.175029 0.470212 -0.107006
v -0.174286 0.468848 -0.106073
v -0.173349 0.467569 -0.105198
v -0.172232 0.466392 -0.104393
v -0.170952 0.465335 -0.103669
v -0.169526 0.464412 -0.103038
v -0.167976 0.463639 -0.102509
v -0.166324 0.463025 -0.102089
v -0.164595 0.462580 -0.101785
v -0.162813 0.462310 -0.101601
v -0.175894 0.471719 -0.111183
v -0.175568 0.470181 -0.110283
v -0.175030 0.468688 -0.109410
v -0.174286 0.467263 -0.108576
v -0.173350 0.465925 -0.107793
v -0.172233 0.464694 -0.107072
v -0.170952 0.463588 -0.106425
v -0.169526 0.462624 -0.105861
v -0.167976 0.461815 -0.105388
v -0.166325 0.461173 -0.105012
v -0.164595 0.460707 -0.104740
v -0.162814 0.460425 -0.104575
v -0.175895 0.470487 -0.113470
v -0.175568 0.468889 -0.112681
v -0.175030 0.467339 -0.111915
v -0.174287 0.465858 -0.111184
v -0.173350 0.464468 -0.110497
v -0.172233 0.463189 -0.109865
v -0.170952 0.462041 -0.109298
v -0.169527 0.461039 -0.108803
v -0.167977 0.460198 -0.108388
v -0.166325 0.459532 -0.108059
v -0.164596 0.459048 -0.107820
v -0.162814 0.458755 -0.107675
v -0.175895 0.469419 -0.115839
v -0.175569 0.467770 -0.115164
v -0.175030 0.466169 -0.114509
v -0.174287 0.464640 -0.113884
v -0.173350 0.463205 -0.113297
v -0.172233 0.461885 -0.112757
v -0.170953 0.460699 -0.112272
v -0.169527 0.459665 -0.111850
v -0.167977 0.458798 -0.111495
v -0.166325 0.458109 -0.111213
v -0.164596 0.457610 -0.111009
v -0.162814 0.457308 -0.110886
v -0.175895 0.467797 -0.120772
v -0.175569 0.466069 -0.120336
v -0.175030 0.464392 -0.119913
v -0.174287 0.462790 -0.119509
v -0.173350 0.461287 -0.119130
v -0.172234 0.459904 -0.118781
v -0.170953 0.458662 -0.118468
v -0.169527 0.457579 -0.118195
v -0.167977 0.456670 -0.117965
v -0.166326 0.455949 -0.117784
v -0.164596 0.455426 -0.117652
v -0.162815 0.455109 -0.117572
v -0.162815 0.456090 -0.114190
v -0.164596 0.456401 -0.114292
v -0.166325 0.456913 -0.114460
v -0.167977 0.457619 -0.114693
v -0.169527 0.458510 -0.114985
v -0.170953 0.459571 -0.115334
v -0.172233 0.460788 -0.115734
v -0.173350 0.462143 -0.116180
v -0.174287 0.463616 -0.116664
v -0.175030 0.465185 -0.117180
v -0.175569 0.466828 -0.117720
v -0.175895 0.467250 -0.123312
v -0.175569 0.465496 -0.122999
v -0.175030 0.463794 -0.122695
v -0.174287 0.462168 -0.122405
v -0.173350 0.460641 -0.122133
v -0.172234 0.459237 -0.121883
v -0.170953 0.457976 -0.121658
v -0.169527 0.456876 -0.121462
v -0.167977 0.455953 -0.121297
v -0.166326 0.455221 -0.121167
v -0.164596 0.454691 -0.121072
v -0.162815 0.454369 -0.121015
v -0.175895 0.466885 -0.125884
v -0.175569 0.465113 -0.125696
v -0.175030 0.463393 -0.125513
v -0.174287 0.461751 -0.125338
v -0.173351 0.460209 -0.125174
v -0.172234 0.458791 -0.125024
v -0.170953 0.457517 -0.124888
v -0.169527 0.456406 -0.124770
v -0.167977 0.455474 -0.124671
v -0.166326 0.454734 -0.124593
v -0.164597 0.454198 -0.124536
v -0.162815 0.453873 -0.124501
v -0.175895 0.466702 -0.128475
v -0.175569 0.464921 -0.128413
v -0.175031 0.463193 -0.128351
v -0.174287 0.461542 -0.128293
v -0.173351 0.459992 -0.128238
v -0.172234 0.458567 -0.128188
v -0.170953 0.457287 -0.128143
v -0.169527 0.456170 -0.128104
v -0.167978 0.455234 -0.128070
v -0.166326 0.454490 -0.128044
v -0.164597 0.453951 -0.128025
v -0.162815 0.453625 -0.128014
v -0.175569 0.464921 -0.131136
v -0.175031 0.463193 -0.131197
v -0.174287 0.461542 -0.131256
v -0.173351 0.459992 -0.131310
v -0.172234 0.458567 -0.131361
v -0.170953 0.457287 -0.131406
v -0.169527 0.456170 -0.131445
v -0.167978 0.455234 -0.131478
v -0.166326 0.454490 -0.131505
v -0.164597 0.453951 -0.131524
v -0.162815 0.453625 -0.131535
v -0.175895 0.467250 -0.136237
v -0.175569 0.465496 -0.136550
v -0.175030 0.463794 -0.136854
v -0.174287 0.462168 -0.137144
v -0.173350 0.460641 -0.137416
v -0.172234 0.459237 -0.137666
v -0.170953 0.457976 -0.137891
v -0.169527 0.456876 -0.138087
v -0.167977 0.455953 -0.138252
v -0.166326 0.455221 -0.138382
v -0.164596 0.454691 -0.138477
v -0.162815 0.454369 -0.138534
v -0.162815 0.453873 -0.135048
v -0.164597 0.454198 -0.135013
v -0.166326 0.454734 -0.134956
v -0.167977 0.455474 -0.134878
v -0.169527 0.456406 -0.134779
v -0.170953 0.457517 -0.134661
v -0.172234 0.458791 -0.134525
v -0.173351 0.460209 -0.134375
v -0.174287 0.461751 -0.134211
v -0.175030 0.463393 -0.134036
v -0.175569 0.465113 -0.133853
v -0.175895 0.466885 -0.133665
v -0.175895 0.467797 -0.138777
v -0.175569 0.466069 -0.139213
v -0.175030 0.464392 -0.139636
v -0.174287 0.462790 -0.140040
v -0.173350 0.461287 -0.140419
v -0.172234 0.459904 -0.140768
v -0.170953 0.458662 -0.141081
v -0.169527 0.457579 -0.141354
v -0.167977 0.456670 -0.141583
v -0.166326 0.455949 -0.141765
v -0.164596 0.455426 -0.141897
v -0.162815 0.455109 -0.141977
v -0.175895 0.468520 -0.141272
v -0.175569 0.466828 -0.141829
v -0.175030 0.465185 -0.142369
v -0.174287 0.463616 -0.142885
v -0.173350 0.462143 -0.143369
v -0.172233 0.460788 -0.143815
v -0.170953 0.459571 -0.144215
v -0.169527 0.458510 -0.144564
v -0.167977 0.457619 -0.144856
v -0.166325 0.456913 -0.145089
v -0.164596 0.456401 -0.145257
v -0.162815 0.456090 -0.145359
v -0.175895 0.469419 -0.143710
v -0.175569 0.467770 -0.144385
v -0.175030 0.466169 -0.145039
v -0.174287 0.464640 -0.145665
v -0.173350 0.463205 -0.146252
v -0.172233 0.461885 -0.146791
v -0.170953 0.460699 -0.147276
v -0.169527 0.459665 -0.147699
v -0.167977 0.458798 -0.148054
v -0.166325 0.458109 -0.148336
v -0.164596 0.457610 -0.148540
v -0.162814 0.457308 -0.148663
v -0.175895 0.470487 -0.146078
v -0.175568 0.468889 -0.146868
v -0.175030 0.467339 -0.147634
v -0.174287 0.465858 -0.148365
v -0.173350 0.464468 -0.149052
v -0.172233 0.463189 -0.149684
v -0.170952 0.462041 -0.150251
v -0.169527 0.461039 -0.150746
v -0.167977 0.460198 -0.151161
v -0.166325 0.459532 -0.151490
v -0.164596 0.459048 -0.151729
v -0.162814 0.458755 -0.151873
v -0.175894 0.473109 -0.150560
v -0.175568 0.471639 -0.151566
v -0.175029 0.470212 -0.152543
v -0.174286 0.468848 -0.153476
v -0.173349 0.467569 -0.154351
v -0.172232 0.466392 -0.155156
v -0.170952 0.465335 -0.155880
v -0.169526 0.464412 -0.156510
v -0.167976 0.463639 -0.157040
v -0.166324 0.463025 -0.157459
v -0.164595 0.462580 -0.157764
v -0.162813 0.462310 -0.157948
v -0.162814 0.460426 -0.154974
v -0.164595 0.460708 -0.154810
v -0.166325 0.461174 -0.154539
v -0.167976 0.461816 -0.154164
v -0.169526 0.462626 -0.153691
v -0.170952 0.463590 -0.153127
v -0.172233 0.464696 -0.152481
v -0.173350 0.465928 -0.151761
v -0.174286 0.467266 -0.150979
v -0.175030 0.468692 -0.150145
v -0.175568 0.470185 -0.149272
v -0.175894 0.471723 -0.148372
v -0.175894 0.474651 -0.152651
v -0.175568 0.473255 -0.153759
v -0.175029 0.471901 -0.154833
v -0.174286 0.470606 -0.155860
v -0.173349 0.469392 -0.156823
v -0.172232 0.468275 -0.157710
v -0.170951 0.467271 -0.158506
v -0.169526 0.466396 -0.159200
v -0.167976 0.465661 -0.159782
v -0.166324 0.465079 -0.160244
v -0.164595 0.464656 -0.160579
v -0.162813 0.464400 -0.160782
v -0.175894 0.476337 -0.154628
v -0.175567 0.475022 -0.155831
v -0.175029 0.473747 -0.156999
v -0.174285 0.472528 -0.158114
v -0.173349 0.471385 -0.159161
v -0.172232 0.470333 -0.160124
v -0.170951 0.469388 -0.160989
v -0.169525 0.468564 -0.161743
v -0.167975 0.467872 -0.162376
v -0.166324 0.467324 -0.162878
v -0.164594 0.466926 -0.163242
v -0.162813 0.466685 -0.163462
v -0.175893 0.478158 -0.156481
v -0.175567 0.476931 -0.157774
v -0.175028 0.475741 -0.159029
v -0.174285 0.474605 -0.160227
v -0.173348 0.473538 -0.161352
v -0.172231 0.472556 -0.162387
v -0.170951 0.471675 -0.163316
v -0.169525 0.470906 -0.164127
v -0.167975 0.470261 -0.164807
v -0.166323 0.469749 -0.165346
v -0.164594 0.469378 -0.165737
v -0.162812 0.469153 -0.165974
v -0.175893 0.480105 -0.158202
v -0.175567 0.478973 -0.159578
v -0.175028 0.477874 -0.160913
v -0.174285 0.476825 -0.162189
v -0.173348 0.475840 -0.163386
v -0.172231 0.474934 -0.164487
v -0.170950 0.474120 -0.165477
v -0.169524 0.473410 -0.166339
v -0.167974 0.472814 -0.167063
v -0.166323 0.472342 -0.167637
v -0.164593 0.471999 -0.168053
v -0.162812 0.471792 -0.168305
v -0.175893 0.482168 -0.159780
v -0.175566 0.481136 -0.161233
v -0.175028 0.480134 -0.162642
v -0.174284 0.479177 -0.163989
v -0.173347 0.478280 -0.165253
v -0.172230 0.477453 -0.166415
v -0.170950 0.476711 -0.167459
v -0.169524 0.476064 -0.168370
v -0.167974 0.475521 -0.169134
v -0.166322 0.475090 -0.169740
v -0.164593 0.474778 -0.170179
v -0.162811 0.474588 -0.170445
v -0.175892 0.486603 -0.162482
v -0.175565 0.485785 -0.164065
v -0.175027 0.484992 -0.165602
v -0.174283 0.484234 -0.167069
v -0.173346 0.483523 -0.168447
v -0.172229 0.482869 -0.169714
v -0.170949 0.482281 -0.170852
v -0.169523 0.481768 -0.171845
v -0.167973 0.481338 -0.172677
v -0.166321 0.480997 -0.173338
v -0.164592 0.480750 -0.173817
v -0.162810 0.480599 -0.174107
v -0.162811 0.477529 -0.172382
v -0.164592 0.477699 -0.172103
v -0.166322 0.477980 -0.171643
v -0.167973 0.478367 -0.171008
v -0.169523 0.478855 -0.170208
v -0.170949 0.479436 -0.169254
v -0.172230 0.480103 -0.168160
v -0.173347 0.480845 -0.166942
v -0.174284 0.481651 -0.165618
v -0.175027 0.482511 -0.164208
v -0.175566 0.483411 -0.162731
v -0.175891 0.488952 -0.163591
v -0.175565 0.488248 -0.165228
v -0.175026 0.487565 -0.166817
v -0.174283 0.486913 -0.168334
v -0.173346 0.486301 -0.169759
v -0.172229 0.485737 -0.171069
v -0.170948 0.485231 -0.172245
v -0.169522 0.484790 -0.173272
v -0.167972 0.484420 -0.174133
v -0.166321 0.484126 -0.174816
v -0.164591 0.483913 -0.175311
v -0.162810 0.483784 -0.175611
v -0.175891 0.491374 -0.164532
v -0.175565 0.490787 -0.166215
v -0.175026 0.490218 -0.167848
v -0.174282 0.489674 -0.169407
v -0.173345 0.489164 -0.170871
v -0.172228 0.488695 -0.172218
v -0.170948 0.488273 -0.173427
v -0.169522 0.487905 -0.174482
v -0.167972 0.487596 -0.175367
v -0.166320 0.487351 -0.176069
v -0.164591 0.487174 -0.176578
v -0.162809 0.487066 -0.176886
v -0.175891 0.493855 -0.165300
v -0.175564 0.493389 -0.167020
v -0.175025 0.492937 -0.168689
v -0.174282 0.492504 -0.170283
v -0.173345 0.492099 -0.171779
v -0.172228 0.491725 -0.173155
v -0.170947 0.491390 -0.174392
v -0.169521 0.491097 -0.175470
v -0.167971 0.490852 -0.176374
v -0.166320 0.490657 -0.177092
v -0.164590 0.490516 -0.177612
v -0.162809 0.490430 -0.177927
v -0.175564 0.496042 -0.167639
v -0.175025 0.495708 -0.169336
v -0.174281 0.495389 -0.170957
v -0.173344 0.495090 -0.172478
v -0.172227 0.494815 -0.173877
v -0.170947 0.494567 -0.175134
v -0.169521 0.494352 -0.176230
v -0.167971 0.494170 -0.177149
v -0.166319 0.494027 -0.177879
v -0.164590 0.493922 -0.178407
v -0.162808 0.493859 -0.178728
v -0.175889 0.501539 -0.166531
v -0.175563 0.501444 -0.168310
v -0.175024 0.501353 -0.170037
v -0.174280 0.501265 -0.171686
v -0.173343 0.501183 -0.173234
v -0.172226 0.501107 -0.174658
v -0.170945 0.501039 -0.175937
v -0.169520 0.500980 -0.177053
v -0.167969 0.500930 -0.177989
v -0.166318 0.500890 -0.178731
v -0.164588 0.500862 -0.179269
v -0.162807 0.500844 -0.179595
v -0.162807 0.497336 -0.179285
v -0.164589 0.497377 -0.178961
v -0.166318 0.497444 -0.178426
v -0.167970 0.497535 -0.177688
v -0.169520 0.497651 -0.176758
v -0.170946 0.497789 -0.175650
v -0.172227 0.497947 -0.174379
v -0.173344 0.498123 -0.172964
v -0.174281 0.498314 -0.171425
v -0.175024 0.498518 -0.169786
v -0.175563 0.498731 -0.168070
v -0.175890 0.498951 -0.166302
v -0.175889 0.504136 -0.166577
v -0.175562 0.504168 -0.168358
v -0.175023 0.504198 -0.170087
v -0.174280 0.504227 -0.171739
v -0.173343 0.504254 -0.173289
v -0.172226 0.504279 -0.174714
v -0.170945 0.504302 -0.175995
v -0.169519 0.504321 -0.177112
v -0.167969 0.504337 -0.178049
v -0.166317 0.504350 -0.178792
v -0.164588 0.504359 -0.179331
v -0.162806 0.504365 -0.179657
v -0.175888 0.506731 -0.166439
v -0.175562 0.506888 -0.168214
v -0.175023 0.507040 -0.169937
v -0.174279 0.507185 -0.171582
v -0.173342 0.507322 -0.173126
v -0.172225 0.507447 -0.174546
v -0.170944 0.507560 -0.175822
v -0.169518 0.507658 -0.176935
v -0.167968 0.507740 -0.177868
v -0.166316 0.507806 -0.178609
v -0.164587 0.507853 -0.179146
v -0.162805 0.507881 -0.179471
v -0.175888 0.509309 -0.166119
v -0.175561 0.509591 -0.167878
v -0.175022 0.509864 -0.169586
v -0.174279 0.510125 -0.171217
v -0.173342 0.510370 -0.172747
v -0.172225 0.510596 -0.174155
v -0.170944 0.510798 -0.175420
v -0.169518 0.510974 -0.176523
v -0.167968 0.511122 -0.177448
v -0.166316 0.511240 -0.178182
v -0.164587 0.511325 -0.178715
v -0.162805 0.511376 -0.179037
v -0.175887 0.511858 -0.165618
v -0.175561 0.512263 -0.167353
v -0.175022 0.512656 -0.169037
v -0.174278 0.513032 -0.170645
v -0.173341 0.513384 -0.172155
v -0.172224 0.513708 -0.173543
v -0.170943 0.514000 -0.174791
v -0.169517 0.514253 -0.175878
v -0.167967 0.514466 -0.176791
v -0.166315 0.514635 -0.177515
v -0.164586 0.514757 -0.178040
v -0.162804 0.514831 -0.178358
v -0.175887 0.514366 -0.164938
v -0.175560 0.514892 -0.166640
v -0.175021 0.515403 -0.168292
v -0.174278 0.515891 -0.169870
v -0.173341 0.516349 -0.171351
v -0.172224 0.516770 -0.172713
v -0.170943 0.517149 -0.173937
v -0.169517 0.517479 -0.175004
v -0.167967 0.517755 -0.175899
v -0.166315 0.517975 -0.176609
v -0.164585 0.518134 -0.177124
v -0.162804 0.518230 -0.177436
v -0.175886 0.519206 -0.163057
v -0.175559 0.519967 -0.164668
v -0.175020 0.520705 -0.166232
v -0.174277 0.521410 -0.167726
v -0.173340 0.522072 -0.169127
v -0.172222 0.522681 -0.170416
v -0.170942 0.523228 -0.171575
v -0.169516 0.523704 -0.172585
v -0.167965 0.524104 -0.173432
v -0.166314 0.524422 -0.174104
v -0.164584 0.524651 -0.174592
v -0.162802 0.524790 -0.174887
v -0.162803 0.521555 -0.176277
v -0.164585 0.521437 -0.175973
v -0.166314 0.521242 -0.175471
v -0.167966 0.520973 -0.174778
v -0.169516 0.520634 -0.173904
v -0.170942 0.520230 -0.172863
v -0.172223 0.519766 -0.171669
v -0.173340 0.519250 -0.170340
v -0.174277 0.518689 -0.168895
v -0.175021 0.518090 -0.167356
v -0.175560 0.517464 -0.165744
v -0.175886 0.521514 -0.161865
v -0.175559 0.522387 -0.163419
v -0.175020 0.523234 -0.164927
v -0.174276 0.524043 -0.166367
v -0.173339 0.524802 -0.167718
v -0.172222 0.525500 -0.168961
v -0.170941 0.526127 -0.170078
v -0.169515 0.526674 -0.171052
v -0.167965 0.527133 -0.171869
v -0.166313 0.527496 -0.172517
v -0.164584 0.527760 -0.172987
v -0.162802 0.527920 -0.173271
v -0.175885 0.523733 -0.160514
v -0.175559 0.524713 -0.162002
v -0.175020 0.525664 -0.163446
v -0.174276 0.526573 -0.164825
v -0.173339 0.527425 -0.166120
v -0.172222 0.528209 -0.167311
v -0.170941 0.528914 -0.168380
v -0.169515 0.529528 -0.169313
v -0.167964 0.530043 -0.170096
v -0.166313 0.530452 -0.170717
v -0.164583 0.530748 -0.171167
v -0.162801 0.530927 -0.171440
v -0.175885 0.525851 -0.159009
v -0.175558 0.526933 -0.160424
v -0.175019 0.527984 -0.161798
v -0.174276 0.528988 -0.163110
v -0.173338 0.529929 -0.164341
v -0.172221 0.530795 -0.165473
v -0.170940 0.531573 -0.166491
v -0.169514 0.532252 -0.167378
v -0.167964 0.532821 -0.168122
v -0.166312 0.533272 -0.168713
v -0.164583 0.533600 -0.169141
v -0.162801 0.533798 -0.169400
v -0.175885 0.527857 -0.157359
v -0.175558 0.529037 -0.158694
v -0.175019 0.530182 -0.159990
v -0.174275 0.531276 -0.161228
v -0.173338 0.532302 -0.162389
v -0.172221 0.533246 -0.163458
v -0.170940 0.534093 -0.164418
v -0.169514 0.534833 -0.165255
v -0.167963 0.535453 -0.165957
v -0.166312 0.535945 -0.166514
v -0.164582 0.536301 -0.166918
v -0.162800 0.536517 -0.167163
v -0.175884 0.531497 -0.153655
v -0.175557 0.532853 -0.154811
v -0.175018 0.534168 -0.155932
v -0.174274 0.535425 -0.157004
v -0.173337 0.536605 -0.158010
v -0.172220 0.537690 -0.158935
v -0.170939 0.538664 -0.159766
v -0.169513 0.539514 -0.160491
v -0.167963 0.540227 -0.161099
v -0.166311 0.540792 -0.161581
v -0.164581 0.541202 -0.161930
v -0.162800 0.541450 -0.162142
v -0.162800 0.539072 -0.164740
v -0.164582 0.538840 -0.164511
v -0.166311 0.538456 -0.164133
v -0.167963 0.537926 -0.163612
v -0.169513 0.537257 -0.162955
v -0.170939 0.536461 -0.162173
v -0.172220 0.535547 -0.161275
v -0.173337 0.534531 -0.160276
v -0.174275 0.533425 -0.159189
v -0.175018 0.532247 -0.158032
v -0.175557 0.531013 -0.156820
v -0.175884 0.533112 -0.151619
v -0.175557 0.534545 -0.152677
v -0.175018 0.535937 -0.153703
v -0.174274 0.537266 -0.154683
v -0.173337 0.538514 -0.155603
v -0.172219 0.539661 -0.156450
v -0.170938 0.540692 -0.157210
v -0.169512 0.541591 -0.157873
v -0.167962 0.542345 -0.158429
v -0.166310 0.542943 -0.158870
v -0.164581 0.543376 -0.159190
v -0.162799 0.543639 -0.159384
v -0.175883 0.534579 -0.149475
v -0.175557 0.536084 -0.150429
v -0.175017 0.537544 -0.151354
v -0.174274 0.538939 -0.152238
v -0.173336 0.540249 -0.153068
v -0.172219 0.541453 -0.153831
v -0.170938 0.542535 -0.154517
v -0.169512 0.543478 -0.155115
v -0.167962 0.544269 -0.155616
v -0.166310 0.544897 -0.156014
v -0.164581 0.545352 -0.156303
v -0.162799 0.545627 -0.156477
v -0.175883 0.535891 -0.147233
v -0.175556 0.537459 -0.148078
v -0.175017 0.538982 -0.148898
v -0.174274 0.540436 -0.149682
v -0.173336 0.541800 -0.150417
v -0.172219 0.543055 -0.151093
v -0.170938 0.544183 -0.151701
v -0.169512 0.545166 -0.152231
v -0.167962 0.545990 -0.152675
v -0.166310 0.546645 -0.153028
v -0.164580 0.547119 -0.153283
v -0.162799 0.547406 -0.153438
v -0.175556 0.538666 -0.145636
v -0.175017 0.540242 -0.146347
v -0.174273 0.541748 -0.147026
v -0.173336 0.543161 -0.147663
v -0.172219 0.544460 -0.148249
v -0.170938 0.545628 -0.148775
v -0.169512 0.546646 -0.149235
v -0.167961 0.547500 -0.149620
v -0.166309 0.548177 -0.149925
v -0.164580 0.548668 -0.150147
v -0.162798 0.548966 -0.150281
v -0.175883 0.538837 -0.140031
v -0.175556 0.540548 -0.140528
v -0.175017 0.542209 -0.141009
v -0.174273 0.543795 -0.141470
v -0.173336 0.545283 -0.141902
v -0.172218 0.546653 -0.142299
v -0.170937 0.547882 -0.142656
v -0.169511 0.548955 -0.142967
v -0.167961 0.549855 -0.143228
v -0.166309 0.550568 -0.143435
v -0.164580 0.551086 -0.143586
v -0.162798 0.551399 -0.143677
v -0.162798 0.550299 -0.147022
v -0.164580 0.549993 -0.146909
v -0.166309 0.549488 -0.146723
v -0.167961 0.548790 -0.146466
v -0.169511 0.547911 -0.146142
v -0.170937 0.546863 -0.145755
v -0.172218 0.545662 -0.145313
v -0.173336 0.544324 -0.144820
v -0.174273 0.542869 -0.144284
v -0.175017 0.541320 -0.143713
v -0.175556 0.539697 -0.143115
v -0.175883 0.538025 -0.142499
v -0.175882 0.539472 -0.137512
v -0.175556 0.541214 -0.137886
v -0.175017 0.542905 -0.138250
v -0.174273 0.544519 -0.138597
v -0.173335 0.546035 -0.138923
v -0.172218 0.547429 -0.139223
v -0.170937 0.548681 -0.139492
v -0.169511 0.549772 -0.139727
v -0.167961 0.550688 -0.139924
v -0.166309 0.551415 -0.140080
v -0.164579 0.551941 -0.140193
v -0.162798 0.552260 -0.140262
v -0.175882 0.539928 -0.134954
v -0.175556 0.541692 -0.135205
v -0.175016 0.543404 -0.135448
v -0.174273 0.545040 -0.135681
v -0.173335 0.546574 -0.135899
v -0.172218 0.547986 -0.136100
v -0.170937 0.549253 -0.136280
v -0.169511 0.550359 -0.136437
v -0.167961 0.551287 -0.136569
v -0.166309 0.552022 -0.136674
v -0.164579 0.552556 -0.136749
v -0.162798 0.552879 -0.136795
v -0.175882 0.540203 -0.132371
v -0.175556 0.541980 -0.132496
v -0.175016 0.543705 -0.132618
v -0.174273 0.545353 -0.132735
v -0.173335 0.546899 -0.132844
v -0.172218 0.548321 -0.132945
v -0.170937 0.549598 -0.133035
v -0.169511 0.550712 -0.133114
v -0.167961 0.551647 -0.133180
v -0.166309 0.552388 -0.133233
v -0.164579 0.552925 -0.133271
v -0.162797 0.553251 -0.133294
v -0.175882 0.540203 -0.127178
v -0.175556 0.541980 -0.127052
v -0.175016 0.543705 -0.126930
v -0.174273 0.545353 -0.126814
v -0.173335 0.546899 -0.126704
v -0.172218 0.548321 -0.126604
v -0.170937 0.549598 -0.126514
v -0.169511 0.550712 -0.126435
v -0.167961 0.551647 -0.126369
v -0.166309 0.552388 -0.126316
v -0.164579 0.552925 -0.126278
v -0.162797 0.553251 -0.126255
v -0.175882 0.539472 -0.122037
v -0.175556 0.541214 -0.121662
v -0.175017 0.542905 -0.121299
v -0.174273 0.544519 -0.120952
v -0.173335 0.546035 -0.120626
v -0.172218 0.547429 -0.120326
v -0.170937 0.548681 -0.120057
v -0.169511 0.549772 -0.119822
v -0.167961 0.550688 -0.119625
v -0.166309 0.551415 -0.119469
v -0.164579 0.551941 -0.119355
v -0.162798 0.552260 -0.119287
v -0.162798 0.552879 -0.122753
v -0.164579 0.552556 -0.122799
v -0.166309 0.552022 -0.122875
v -0.167961 0.551287 -0.122980
v -0.169511 0.550359 -0.123112
v -0.170937 0.549253 -0.123269
v -0.172218 0.547986 -0.123449
v -0.173335 0.546574 -0.123650
v -0.174273 0.545040 -0.123868
v -0.175016 0.543404 -0.124100
v -0.175556 0.541692 -0.124344
v -0.175883 0.538837 -0.119518
v -0.175556 0.540548 -0.119021
v -0.175017 0.542209 -0.118539
v -0.174273 0.543795 -0.118079
v -0.173336 0.545283 -0.117647
v -0.172218 0.546653 -0.117250
v -0.170937 0.547882 -0.116893
v -0.169511 0.548955 -0.116582
v -0.167961 0.549855 -0.116321
v -0.166309 0.550568 -0.116113
v -0.164580 0.551086 -0.115963
v -0.162798 0.551399 -0.115872
v -0.175883 0.538025 -0.117050
v -0.175556 0.539697 -0.116434
v -0.175017 0.541320 -0.115836
v -0.174273 0.542869 -0.115265
v -0.173336 0.544324 -0.114729
v -0.172218 0.545662 -0.114236
v -0.170937 0.546863 -0.113793
v -0.169511 0.547911 -0.113407
v -0.167961 0.548790 -0.113083
v -0.166309 0.549488 -0.112826
v -0.164580 0.549993 -0.112640
v -0.162798 0.550299 -0.112527
v -0.175883 0.537042 -0.114645
v -0.175556 0.538666 -0.113913
v -0.175017 0.540242 -0.113202
v -0.174273 0.541748 -0.112523
v -0.173336 0.543161 -0.111886
v -0.172219 0.544460 -0.111300
v -0.170938 0.545628 -0.110773
v -0.169512 0.546646 -0.110314
v -0.167961 0.547500 -0.109929
v -0.166309 0.548177 -0.109623
v -0.164580 0.548668 -0.109402
v -0.162798 0.548966 -0.109268
v -0.175883 0.535891 -0.112316
v -0.175556 0.537459 -0.111471
v -0.175017 0.538982 -0.110651
v -0.174274 0.540436 -0.109867
v -0.173336 0.541800 -0.109132
v -0.172219 0.543055 -0.108456
v -0.170938 0.544183 -0.107848
v -0.169512 0.545166 -0.107318
v -0.167962 0.545990 -0.106874
v -0.166310 0.546645 -0.106521
v -0.164580 0.547119 -0.106266
v -0.162799 0.547406 -0.106111
v -0.175884 0.533112 -0.107929
v -0.175557 0.534545 -0.106872
v -0.175018 0.535937 -0.105846
v -0.174274 0.537266 -0.104865
v -0.173337 0.538514 -0.103946
v -0.172219 0.539661 -0.103099
v -0.170938 0.540692 -0.102339
v -0.169512 0.541591 -0.101676
v -0.167962 0.542345 -0.101120
v -0.166310 0.542943 -0.100679
v -0.164581 0.543376 -0.100359
v -0.162799 0.543639 -0.100165
v -0.162799 0.545627 -0.103071
v -0.164581 0.545352 -0.103246
v -0.166310 0.544897 -0.103535
v -0.167962 0.544269 -0.103932
v -0.169512 0.543478 -0.104434
v -0.170938 0.542535 -0.105032
v -0.172219 0.541453 -0.105717
v -0.173336 0.540249 -0.106481
v -0.174274 0.538939 -0.107310
v -0.175017 0.537544 -0.108194
v -0.175557 0.536084 -0.109120
v -0.175884 0.531497 -0.105894
v -0.175557 0.532853 -0.104738
v -0.175018 0.534168 -0.103616
v -0.174274 0.535425 -0.102545
v -0.173337 0.536605 -0.101539
v -0.172220 0.537690 -0.100614
v -0.170939 0.538664 -0.099783
v -0.169513 0.539514 -0.099058
v -0.167963 0.540227 -0.098450
v -0.166311 0.540792 -0.097968
v -0.164581 0.541202 -0.097618
v -0.162800 0.541450 -0.097407
v -0.175884 0.529743 -0.103978
v -0.175557 0.531013 -0.102729
v -0.175018 0.532247 -0.101517
v -0.174275 0.533425 -0.100360
v -0.173337 0.534531 -0.099273
v -0.172220 0.535547 -0.098274
v -0.170939 0.536461 -0.097376
v -0.169513 0.537257 -0.096593
v -0.167963 0.537926 -0.095937
v -0.166311 0.538456 -0.095416
v -0.164582 0.538840 -0.095038
v -0.162800 0.539072 -0.094809
v -0.175885 0.527857 -0.102190
v -0.175558 0.529037 -0.100855
v -0.175019 0.530182 -0.099559
v -0.174275 0.531276 -0.098321
v -0.173338 0.532302 -0.097159
v -0.172221 0.533246 -0.096091
v -0.170940 0.534093 -0.095131
v -0.169514 0.534833 -0.094294
v -0.167963 0.535453 -0.093592
v -0.166312 0.535945 -0.093034
v -0.164582 0.536301 -0.092631
v -0.162800 0.536517 -0.092386
v -0.175558 0.526933 -0.099125
v -0.175019 0.527984 -0.097751
v -0.174276 0.528988 -0.096439
v -0.173338 0.529929 -0.095208
v -0.172221 0.530795 -0.094075
v -0.170940 0.531573 -0.093058
v -0.169514 0.532252 -0.092171
v -0.167964 0.532821 -0.091427
v -0.166312 0.533272 -0.090836
v -0.164583 0.533600 -0.090408
v -0.162801 0.533798 -0.090149
v -0.175886 0.521514 -0.097683
v -0.175559 0.522387 -0.096130
v -0.175020 0.523234 -0.094622
v -0.174276 0.524043 -0.093182
v -0.173339 0.524802 -0.091831
v -0.172222 0.525500 -0.090588
v -0.170941 0.526127 -0.089471
v -0.169515 0.526674 -0.088497
v -0.167965 0.527133 -0.087680
v -0.166313 0.527496 -0.087032
v -0.164584 0.527760 -0.086562
v -0.162802 0.527920 -0.086277
v -0.162801 0.530927 -0.088109
v -0.164583 0.530748 -0.088382
v -0.166313 0.530452 -0.088832
v -0.167964 0.530043 -0.089453
v -0.169515 0.529528 -0.090235
v -0.170941 0.528914 -0.091168
v -0.172222 0.528209 -0.092238
v -0.173339 0.527425 -0.093429
v -0.174276 0.526573 -0.094723
v -0.175020 0.525664 -0.096103
v -0.175559 0.524713 -0.097547
v -0.175885 0.523733 -0.099035
v -0.175886 0.519206 -0.096492
v -0.175559 0.519967 -0.094881
v -0.175020 0.520705 -0.093317
v -0.174277 0.521410 -0.091823
v -0.173340 0.522072 -0.090422
v -0.172222 0.522681 -0.089132
v -0.170942 0.523228 -0.087974
v -0.169516 0.523704 -0.086964
v -0.167965 0.524104 -0.086117
v -0.166314 0.524422 -0.085445
v -0.164584 0.524651 -0.084957
v -0.162802 0.524790 -0.084662
v -0.175886 0.516819 -0.095466
v -0.175560 0.517464 -0.093805
v -0.175021 0.518090 -0.092193
v -0.174277 0.518689 -0.090654
v -0.173340 0.519250 -0.089209
v -0.172223 0.519766 -0.087880
v -0.170942 0.520230 -0.086686
v -0.169516 0.520634 -0.085645
v -0.167966 0.520973 -0.084771
v -0.166314 0.521242 -0.084078
v -0.164585 0.521437 -0.083576
v -0.162803 0.521555 -0.083272
v -0.175887 0.514366 -0.094611
v -0.175560 0.514892 -0.092909
v -0.175021 0.515403 -0.091257
v -0.174278 0.515891 -0.089679
v -0.173341 0.516349 -0.088198
v -0.172224 0.516770 -0.086836
v -0.170943 0.517149 -0.085612
v -0.169517 0.517479 -0.084545
v -0.167967 0.517755 -0.083650
v -0.166315 0.517975 -0.082939
v -0.164585 0.518134 -0.082425
v -0.162804 0.518230 -0.082113
v -0.175887 0.511858 -0.093931
v -0.175561 0.512263 -0.092196
v -0.175022 0.512656 -0.090512
v -0.174278 0.513032 -0.088903
v -0.173341 0.513384 -0.087394
v -0.172224 0.513708 -0.086005
v -0.170943 0.514000 -0.084758
v -0.169517 0.514253 -0.083670
v -0.167967 0.514466 -0.082758
v -0.166315 0.514635 -0.082034
v -0.164586 0.514757 -0.081509
v -0.162804 0.514831 -0.081191
v -0.175888 0.509309 -0.093430
v -0.175561 0.509591 -0.091670
v -0.175022 0.509864 -0.089963
v -0.174279 0.510125 -0.088332
v -0.173342 0.510370 -0.086801
v -0.172225 0.510596 -0.085393
v -0.170944 0.510798 -0.084129
v -0.169518 0.510974 -0.083026
v -0.167968 0.511122 -0.082100
v -0.166316 0.511240 -0.081366
v -0.164587 0.511325 -0.080834
v -0.162805 0.511376 -0.080512
v -0.162805 0.507881 -0.080078
v -0.164587 0.507853 -0.080403
v -0.166316 0.507806 -0.080940
v -0.167968 0.507740 -0.081680
v -0.169518 0.507658 -0.082614
v -0.170944 0.507560 -0.083727
v -0.172225 0.507447 -0.085002
v -0.173342 0.507322 -0.086423
v -0.174279 0.507185 -0.087967
v -0.175023 0.507040 -0.089612
v -0.175562 0.506888 -0.091335
v -0.175998 0.503487 -0.123774
v -0.175998 0.502279 -0.123897
v -0.175999 0.501121 -0.124261
v -0.175999 0.500059 -0.124850
v -0.175999 0.499138 -0.125641
v -0.175999 0.498395 -0.126601
v -0.175999 0.497860 -0.127691
v -0.175999 0.497556 -0.128866
v -0.175999 0.497494 -0.130078
v -0.175999 0.497678 -0.131278
v -0.175999 0.498100 -0.132417
v -0.175999 0.498742 -0.133447
v -0.175999 0.499578 -0.134327
v -0.175999 0.500575 -0.135020
v -0.175999 0.501690 -0.135499
v -0.175998 0.502880 -0.135744
v -0.175998 0.504094 -0.135744
v -0.175998 0.505283 -0.135499
v -0.175998 0.506398 -0.135020
v -0.175997 0.507395 -0.134327
v -0.175997 0.508231 -0.133447
v -0.175997 0.508874 -0.132417
v -0.175997 0.509295 -0.131278
v -0.175997 0.509479 -0.130078
v -0.175997 0.509417 -0.128866
v -0.175997 0.509113 -0.127691
v -0.175997 0.508579 -0.126601
v -0.175997 0.507835 -0.125641
v -0.175998 0.506914 -0.124850
v -0.175998 0.505853 -0.124261
v -0.175998 0.504694 -0.123897
v -0.180997 0.507960 -0.133774
v -0.180997 0.508665 -0.132806
v -0.180997 0.509165 -0.131717
v -0.180997 0.509437 -0.130550
v -0.180997 0.509473 -0.129352
v -0.180997 0.509269 -0.128171
v -0.180997 0.508835 -0.127054
v -0.180997 0.508188 -0.126046
v -0.180998 0.507354 -0.125186
v -0.180998 0.506365 -0.124509
v -0.180998 0.505261 -0.124043
v -0.180998 0.504087 -0.123804
v -0.180998 0.502888 -0.123804
v -0.180998 0.501714 -0.124043
v -0.180999 0.500610 -0.124509
v -0.180999 0.499622 -0.125186
v -0.180999 0.498787 -0.126046
v -0.180999 0.498140 -0.127054
v -0.180999 0.497706 -0.128171
v -0.180999 0.497502 -0.129352
v -0.180999 0.497538 -0.130550
v -0.180999 0.497811 -0.131717
v -0.180999 0.498310 -0.132806
v -0.180999 0.499015 -0.133774
v -0.183499 0.499016 -0.133774
v -0.183499 0.498310 -0.132806
v -0.183499 0.497811 -0.131717
v -0.183499 0.497538 -0.130550
v -0.183499 0.497503 -0.129352
v -0.183499 0.497706 -0.128171
v -0.183499 0.498140 -0.127054
v -0.183499 0.498787 -0.126046
v -0.183499 0.499622 -0.125186
v -0.183499 0.500611 -0.124509
v -0.183498 0.501714 -0.124043
v -0.183498 0.502889 -0.123804
v -0.183498 0.504087 -0.123804
v -0.183498 0.505262 -0.124043
v -0.183498 0.506365 -0.124509
v -0.183498 0.507354 -0.125186
v -0.183497 0.508189 -0.126046
v -0.183497 0.508836 -0.127054
v -0.183497 0.509270 -0.128171
v -0.183497 0.509473 -0.129352
v -0.183497 0.509438 -0.130550
v -0.183497 0.509165 -0.131717
v -0.183497 0.508666 -0.132806
v -0.183497 0.507960 -0.133774
v -0.189998 0.503489 -0.123774
v -0.189998 0.502281 -0.123897
v -0.189999 0.501123 -0.124261
v -0.189999 0.500062 -0.124850
v -0.189999 0.499140 -0.125641
v -0.189999 0.498397 -0.126601
v -0.189999 0.497863 -0.127691
v -0.189999 0.497558 -0.128866
v -0.189999 0.497497 -0.130078
v -0.189999 0.497681 -0.131278
v -0.189999 0.498102 -0.132417
v -0.189999 0.498744 -0.133447
v -0.189999 0.499581 -0.134327
v -0.189999 0.500577 -0.135020
v -0.189999 0.501693 -0.135499
v -0.189998 0.502882 -0.135744
v -0.189998 0.504096 -0.135744
v -0.189998 0.505285 -0.135499
v -0.189998 0.506401 -0.135020
v -0.189997 0.507397 -0.134327
v -0.189997 0.508234 -0.133447
v -0.189997 0.508876 -0.132417
v -0.189997 0.509298 -0.131278
v -0.189997 0.509481 -0.130078
v -0.189997 0.509420 -0.128866
v -0.189997 0.509116 -0.127691
v -0.189997 0.508581 -0.126601
v -0.189997 0.507838 -0.125641
v -0.189998 0.506917 -0.124850
v -0.189998 0.505855 -0.124261
v -0.189998 0.504697 -0.123897
v -0.180996 0.513988 -0.068274
v -0.181002 0.483458 -0.068274
v -0.181002 0.483458 -0.133774
v -0.180996 0.513988 -0.133774
v -0.138996 0.513980 -0.068274
v -0.139002 0.483451 -0.068274
v -0.137476 0.481365 -0.068274
v -0.136156 0.479142 -0.068274
v -0.135055 0.476804 -0.068274
v -0.134182 0.474371 -0.068274
v -0.133547 0.471866 -0.068274
v -0.133153 0.469311 -0.068274
v -0.133006 0.466731 -0.068274
v -0.133106 0.464148 -0.068274
v -0.133453 0.461587 -0.068274
v -0.134042 0.459070 -0.068274
v -0.134870 0.456622 -0.068274
v -0.135928 0.454264 -0.068274
v -0.137207 0.452018 -0.068274
v -0.138695 0.449904 -0.068274
v -0.140378 0.447942 -0.068274
v -0.142241 0.446151 -0.068274
v -0.144266 0.444545 -0.068274
v -0.146436 0.443141 -0.068274
v -0.148730 0.441950 -0.068274
v -0.151128 0.440985 -0.068274
v -0.153607 0.440253 -0.068274
v -0.156144 0.439761 -0.068274
v -0.158717 0.439515 -0.068274
v -0.161302 0.439515 -0.068274
v -0.163875 0.439763 -0.068274
v -0.166412 0.440255 -0.068274
v -0.168890 0.440988 -0.068274
v -0.171288 0.441954 -0.068274
v -0.173581 0.443146 -0.068274
v -0.175751 0.444551 -0.068274
v -0.177776 0.446157 -0.068274
v -0.179638 0.447949 -0.068274
v -0.181320 0.449911 -0.068274
v -0.182807 0.452026 -0.068274
v -0.184085 0.454272 -0.068274
v -0.185143 0.456631 -0.068274
v -0.185970 0.459079 -0.068274
v -0.186559 0.461596 -0.068274
v -0.186904 0.464158 -0.068274
v -0.187003 0.466740 -0.068274
v -0.186855 0.469321 -0.068274
v -0.186461 0.471875 -0.068274
v -0.185824 0.474380 -0.068274
v -0.184951 0.476813 -0.068274
v -0.183849 0.479151 -0.068274
v -0.182529 0.481373 -0.068274
v -0.139002 0.483451 -0.133774
v -0.138035 0.482179 -0.133774
v -0.137145 0.480852 -0.133774
v -0.136335 0.479474 -0.133774
v -0.135544 0.477915 -0.131583
v -0.134855 0.476308 -0.129323
v -0.134272 0.474659 -0.127006
v -0.133797 0.472976 -0.124641
v -0.133432 0.471266 -0.122237
v -0.133178 0.469536 -0.119805
v -0.133036 0.467793 -0.117355
v -0.133008 0.466044 -0.114897
v -0.133093 0.464298 -0.112442
v -0.133291 0.462560 -0.109999
v -0.133601 0.460839 -0.107580
v -0.134022 0.459142 -0.105194
v -0.134552 0.457475 -0.102851
v -0.135188 0.455846 -0.100562
v -0.135929 0.454262 -0.098335
v -0.136771 0.452729 -0.096180
v -0.137710 0.451254 -0.094106
v -0.138742 0.449843 -0.092122
v -0.139864 0.448502 -0.090236
v -0.141071 0.447236 -0.088456
v -0.142356 0.446050 -0.086790
v -0.143716 0.444951 -0.085244
v -0.145144 0.443941 -0.083825
v -0.146635 0.443027 -0.082539
v -0.148181 0.442210 -0.081391
v -0.149777 0.441496 -0.080386
v -0.151416 0.440886 -0.079529
v -0.153091 0.440384 -0.078822
v -0.154795 0.439991 -0.078270
v -0.156521 0.439710 -0.077873
v -0.158262 0.439540 -0.077635
v -0.160009 0.439484 -0.077555
v -0.161757 0.439541 -0.077635
v -0.163498 0.439711 -0.077873
v -0.165223 0.439993 -0.078270
v -0.166927 0.440386 -0.078822
v -0.168602 0.440889 -0.079529
v -0.170241 0.441500 -0.080386
v -0.171837 0.442215 -0.081391
v -0.173383 0.443031 -0.082539
v -0.174873 0.443947 -0.083825
v -0.176301 0.444956 -0.085244
v -0.177660 0.446056 -0.086790
v -0.178946 0.447242 -0.088456
v -0.180151 0.448509 -0.090236
v -0.181273 0.449850 -0.092122
v -0.182305 0.451262 -0.094106
v -0.183243 0.452738 -0.096180
v -0.184085 0.454271 -0.098335
v -0.184825 0.455855 -0.100562
v -0.185461 0.457484 -0.102851
v -0.185990 0.459151 -0.105194
v -0.186410 0.460848 -0.107580
v -0.186719 0.462569 -0.109999
v -0.186917 0.464307 -0.112442
v -0.187001 0.466054 -0.114897
v -0.186972 0.467802 -0.117355
v -0.186831 0.469545 -0.119805
v -0.186576 0.471275 -0.122237
v -0.186210 0.472985 -0.124640
v -0.185734 0.474668 -0.127006
v -0.185151 0.476316 -0.129323
v -0.184461 0.477924 -0.131583
v -0.183670 0.479483 -0.133774
v -0.182859 0.480860 -0.133774
v -0.181969 0.482186 -0.133774
v -0.137476 0.481365 -0.101024
v -0.136156 0.479142 -0.101024
v -0.135055 0.476804 -0.101024
v -0.134182 0.474371 -0.101024
v -0.133547 0.471866 -0.101024
v -0.133153 0.469311 -0.101024
v -0.133006 0.466731 -0.101024
v -0.133106 0.464148 -0.101024
v -0.133453 0.461587 -0.101024
v -0.134042 0.459070 -0.101024
v -0.134870 0.456622 -0.101024
v -0.185143 0.456631 -0.101024
v -0.185970 0.459079 -0.101024
v -0.186559 0.461596 -0.101024
v -0.186904 0.464158 -0.101024
v -0.187003 0.466740 -0.101024
v -0.186855 0.469321 -0.101024
v -0.186461 0.471875 -0.101024
v -0.185824 0.474380 -0.101024
v -0.184951 0.476813 -0.101024
v -0.183849 0.479151 -0.101024
v -0.182529 0.481373 -0.101024
v -0.138996 0.513980 -0.133774
v -0.138997 0.507952 -0.133774
v -0.138997 0.508658 -0.132806
v -0.138997 0.509157 -0.131717
v -0.138997 0.509430 -0.130550
v -0.138997 0.509465 -0.129352
v -0.138997 0.509262 -0.128171
v -0.138997 0.508828 -0.127054
v -0.138997 0.508181 -0.126046
v -0.138998 0.507346 -0.125186
v -0.138998 0.506357 -0.124509
v -0.138998 0.505254 -0.124043
v -0.138998 0.504079 -0.123804
v -0.138998 0.502881 -0.123804
v -0.138998 0.501707 -0.124043
v -0.138999 0.500603 -0.124509
v -0.138999 0.499614 -0.125186
v -0.138999 0.498779 -0.126046
v -0.138999 0.498132 -0.127054
v -0.138999 0.497698 -0.128171
v -0.138999 0.497495 -0.129352
v -0.138999 0.497530 -0.130550
v -0.138999 0.497803 -0.131717
v -0.138999 0.498302 -0.132806
v -0.138999 0.499008 -0.133774
v -0.136499 0.499008 -0.133774
v -0.136502 0.484312 -0.133774
v -0.135404 0.482765 -0.133774
v -0.134408 0.481150 -0.133774
v -0.133519 0.479474 -0.133774
v -0.132750 0.477771 -0.131381
v -0.132090 0.476023 -0.128925
v -0.131542 0.474237 -0.126414
v -0.131108 0.472420 -0.123860
v -0.130790 0.470579 -0.121272
v -0.130590 0.468721 -0.118661
v -0.130507 0.466855 -0.116037
v -0.130543 0.464987 -0.113412
v -0.130697 0.463125 -0.110794
v -0.130968 0.461277 -0.108196
v -0.131356 0.459449 -0.105627
v -0.131858 0.457650 -0.103097
v -0.132474 0.455886 -0.100618
v -0.133200 0.454164 -0.098198
v -0.134034 0.452492 -0.095847
v -0.134972 0.450876 -0.093576
v -0.136010 0.449323 -0.091392
v -0.137144 0.447839 -0.089305
v -0.138370 0.446429 -0.087323
v -0.139683 0.445100 -0.085454
v -0.141077 0.443856 -0.083706
v -0.142548 0.442704 -0.082085
v -0.144088 0.441646 -0.080599
v -0.145692 0.440689 -0.079252
v -0.147354 0.439834 -0.078051
v -0.149066 0.439087 -0.077000
v -0.150822 0.438449 -0.076103
v -0.152615 0.437924 -0.075365
v -0.154438 0.437514 -0.074788
v -0.156283 0.437220 -0.074373
v -0.158143 0.437043 -0.074124
v -0.160010 0.436984 -0.074041
v -0.161877 0.437043 -0.074124
v -0.163737 0.437221 -0.074373
v -0.165582 0.437516 -0.074788
v -0.167404 0.437927 -0.075365
v -0.169197 0.438453 -0.076103
v -0.170953 0.439091 -0.077000
v -0.172665 0.439839 -0.078051
v -0.174326 0.440694 -0.079252
v -0.175930 0.441652 -0.080599
v -0.177470 0.442710 -0.082085
v -0.178940 0.443863 -0.083706
v -0.180334 0.445107 -0.085454
v -0.181646 0.446437 -0.087323
v -0.182872 0.447847 -0.089305
v -0.184006 0.449332 -0.091392
v -0.185043 0.450885 -0.093576
v -0.185981 0.452502 -0.095847
v -0.186813 0.454174 -0.098198
v -0.187539 0.455895 -0.100618
v -0.188154 0.457660 -0.103097
v -0.188656 0.459459 -0.105627
v -0.189043 0.461287 -0.108196
v -0.189314 0.463135 -0.110794
v -0.189467 0.464997 -0.113412
v -0.189502 0.466865 -0.116037
v -0.189419 0.468732 -0.118661
v -0.189218 0.470589 -0.121272
v -0.188899 0.472430 -0.123860
v -0.188465 0.474247 -0.126414
v -0.187916 0.476033 -0.128925
v -0.187256 0.477781 -0.131381
v -0.186486 0.479483 -0.133774
v -0.183502 0.484321 -0.133774
v -0.185596 0.481159 -0.133774
v -0.184600 0.482773 -0.133774
v -0.183502 0.484321 -0.065774
v -0.183501 0.487464 -0.065774
v -0.183496 0.513988 -0.065774
v -0.183496 0.513988 -0.133774
v -0.136496 0.513980 -0.065774
v -0.136496 0.513980 -0.133774
v -0.136497 0.507952 -0.133774
v -0.136497 0.508658 -0.132806
v -0.136497 0.509157 -0.131717
v -0.136497 0.509429 -0.130550
v -0.136497 0.509465 -0.129352
v -0.136497 0.509262 -0.128171
v -0.136497 0.508828 -0.127054
v -0.136497 0.508180 -0.126046
v -0.136498 0.507346 -0.125186
v -0.136498 0.506357 -0.124509
v -0.136498 0.505253 -0.124043
v -0.136498 0.504079 -0.123804
v -0.136498 0.502881 -0.123804
v -0.136498 0.501706 -0.124043
v -0.136499 0.500603 -0.124509
v -0.136499 0.499614 -0.125186
v -0.136499 0.498779 -0.126046
v -0.136499 0.498132 -0.127054
v -0.136499 0.497698 -0.128171
v -0.136499 0.497495 -0.129352
v -0.136499 0.497530 -0.130550
v -0.136499 0.497803 -0.131717
v -0.136499 0.498302 -0.132806
v -0.129998 0.503479 -0.123774
v -0.129998 0.504686 -0.123897
v -0.129998 0.505845 -0.124261
v -0.129998 0.506906 -0.124850
v -0.129997 0.507827 -0.125641
v -0.129997 0.508570 -0.126601
v -0.129997 0.509105 -0.127691
v -0.129997 0.509409 -0.128866
v -0.129997 0.509471 -0.130078
v -0.129997 0.509287 -0.131278
v -0.129997 0.508865 -0.132417
v -0.129997 0.508223 -0.133447
v -0.129997 0.507387 -0.134327
v -0.129998 0.506390 -0.135020
v -0.129998 0.505275 -0.135499
v -0.129998 0.504086 -0.135744
v -0.129998 0.502872 -0.135744
v -0.129999 0.501682 -0.135499
v -0.129999 0.500567 -0.135020
v -0.129999 0.499570 -0.134327
v -0.129999 0.498734 -0.133447
v -0.129999 0.498092 -0.132417
v -0.129999 0.497670 -0.131278
v -0.129999 0.497486 -0.130078
v -0.129999 0.497548 -0.128866
v -0.129999 0.497852 -0.127691
v -0.129999 0.498387 -0.126601
v -0.129999 0.499130 -0.125641
v -0.129999 0.500051 -0.124850
v -0.129999 0.501112 -0.124261
v -0.129998 0.502271 -0.123897
v -0.136501 0.487456 -0.065774
v -0.136502 0.484312 -0.065774
v -0.134985 0.482112 -0.065774
v -0.133673 0.479784 -0.065774
v -0.132578 0.477347 -0.065774
v -0.131707 0.474821 -0.065774
v -0.131069 0.472226 -0.065774
v -0.130668 0.469584 -0.065774
v -0.130508 0.466917 -0.065774
v -0.130590 0.464246 -0.065774
v -0.130913 0.461594 -0.065774
v -0.131475 0.458982 -0.065774
v -0.132270 0.456431 -0.065774
v -0.133294 0.453963 -0.065774
v -0.134536 0.451597 -0.065774
v -0.135988 0.449354 -0.065774
v -0.137637 0.447251 -0.065774
v -0.139469 0.445306 -0.065774
v -0.141469 0.443534 -0.065774
v -0.143622 0.441951 -0.065774
v -0.145909 0.440569 -0.065774
v -0.148312 0.439400 -0.065774
v -0.150810 0.438453 -0.065774
v -0.153384 0.437736 -0.065774
v -0.156013 0.437255 -0.065774
v -0.158674 0.437014 -0.065774
v -0.161346 0.437014 -0.065774
v -0.164007 0.437257 -0.065774
v -0.166635 0.437739 -0.065774
v -0.169209 0.438457 -0.065774
v -0.171707 0.439404 -0.065774
v -0.174110 0.440574 -0.065774
v -0.176396 0.441957 -0.065774
v -0.178548 0.443541 -0.065774
v -0.180548 0.445313 -0.065774
v -0.182380 0.447259 -0.065774
v -0.184027 0.449362 -0.065774
v -0.185478 0.451606 -0.065774
v -0.186720 0.453972 -0.065774
v -0.187742 0.456441 -0.065774
v -0.188537 0.458992 -0.065774
v -0.189098 0.461604 -0.065774
v -0.189420 0.464257 -0.065774
v -0.189501 0.466928 -0.065774
v -0.189340 0.469595 -0.065774
v -0.188938 0.472236 -0.065774
v -0.188299 0.474831 -0.065774
v -0.187428 0.477357 -0.065774
v -0.186331 0.479794 -0.065774
v -0.185019 0.482121 -0.065774
v -0.186382 0.479694 -0.099774
v -0.187489 0.477201 -0.099774
v -0.188361 0.474617 -0.099774
v -0.188991 0.471963 -0.099774
v -0.189374 0.469262 -0.099774
v -0.189505 0.466538 -0.099774
v -0.189384 0.463813 -0.099774
v -0.189011 0.461111 -0.099774
v -0.132485 0.455857 -0.099774
v -0.131000 0.461100 -0.099774
v -0.130627 0.463802 -0.099774
v -0.130505 0.466527 -0.099774
v -0.130635 0.469252 -0.099774
v -0.131016 0.471953 -0.099774
v -0.131645 0.474607 -0.099774
v -0.132517 0.477192 -0.099774
v -0.133623 0.479685 -0.099774
v -0.134955 0.482065 -0.099774
v -0.185049 0.482074 -0.099774
v -0.188391 0.458454 -0.099774
v -0.187528 0.455867 -0.099774
v -0.131621 0.458444 -0.099774
v -0.134740 0.485298 -0.065774
v -0.133177 0.482993 -0.065774
v -0.131824 0.480559 -0.065774
v -0.130691 0.478015 -0.065774
v -0.129787 0.475380 -0.065774
v -0.129119 0.472677 -0.065774
v -0.128693 0.469924 -0.065774
v -0.128512 0.467145 -0.065774
v -0.128576 0.464361 -0.065774
v -0.128887 0.461593 -0.065774
v -0.129440 0.458864 -0.065774
v -0.130233 0.456194 -0.065774
v -0.131258 0.453604 -0.065774
v -0.132508 0.451116 -0.065774
v -0.133973 0.448747 -0.065774
v -0.135641 0.446517 -0.065774
v -0.137500 0.444443 -0.065774
v -0.139535 0.442541 -0.065774
v -0.141730 0.440827 -0.065774
v -0.144067 0.439313 -0.065774
v -0.146530 0.438012 -0.065774
v -0.149097 0.436933 -0.065774
v -0.151750 0.436085 -0.065774
v -0.154467 0.435474 -0.065774
v -0.157228 0.435106 -0.065774
v -0.160010 0.434984 -0.065774
v -0.162793 0.435107 -0.065774
v -0.165553 0.435476 -0.065774
v -0.168270 0.436088 -0.065774
v -0.170923 0.436936 -0.065774
v -0.173490 0.438016 -0.065774
v -0.175952 0.439319 -0.065774
v -0.178289 0.440833 -0.065774
v -0.180483 0.442549 -0.065774
v -0.182517 0.444451 -0.065774
v -0.184375 0.446526 -0.065774
v -0.186043 0.448756 -0.065774
v -0.187507 0.451125 -0.065774
v -0.188756 0.453615 -0.065774
v -0.189780 0.456204 -0.065774
v -0.190572 0.458875 -0.065774
v -0.191124 0.461604 -0.065774
v -0.191434 0.464372 -0.065774
v -0.191498 0.467156 -0.065774
v -0.191315 0.469935 -0.065774
v -0.190888 0.472687 -0.065774
v -0.190219 0.475391 -0.065774
v -0.189314 0.478025 -0.065774
v -0.188180 0.480569 -0.065774
v -0.186826 0.483002 -0.065774
v -0.185262 0.485307 -0.065774
v -0.138450 0.489454 -0.065774
v -0.140568 0.491272 -0.065774
v -0.142839 0.492895 -0.065774
v -0.145244 0.494311 -0.065774
v -0.147765 0.495509 -0.065774
v -0.150383 0.496478 -0.065774
v -0.153076 0.497212 -0.065774
v -0.155823 0.497705 -0.065774
v -0.158604 0.497953 -0.065774
v -0.161395 0.497953 -0.065774
v -0.164175 0.497707 -0.065774
v -0.166923 0.497215 -0.065774
v -0.169616 0.496482 -0.065774
v -0.172234 0.495513 -0.065774
v -0.174756 0.494317 -0.065774
v -0.177162 0.492902 -0.065774
v -0.179433 0.491279 -0.065774
v -0.181551 0.489462 -0.065774
v -0.128505 0.466478 -0.052774
v -0.128628 0.463694 -0.052774
v -0.128998 0.460932 -0.052774
v -0.129610 0.458214 -0.052774
v -0.130460 0.455560 -0.052774
v -0.131541 0.452991 -0.052774
v -0.132845 0.450528 -0.052774
v -0.134361 0.448190 -0.052774
v -0.136078 0.445996 -0.052774
v -0.137983 0.443961 -0.052774
v -0.140059 0.442103 -0.052774
v -0.142292 0.440436 -0.052774
v -0.144664 0.438972 -0.052774
v -0.147155 0.437724 -0.052774
v -0.149747 0.436701 -0.052774
v -0.152420 0.435911 -0.052774
v -0.155151 0.435360 -0.052774
v -0.157921 0.435053 -0.052774
v -0.160707 0.434992 -0.052774
v -0.163488 0.435177 -0.052774
v -0.166241 0.435607 -0.052774
v -0.168945 0.436279 -0.052774
v -0.171580 0.437188 -0.052774
v -0.174124 0.438325 -0.052774
v -0.176557 0.439683 -0.052774
v -0.178861 0.441251 -0.052774
v -0.181017 0.443016 -0.052774
v -0.183009 0.444965 -0.052774
v -0.184821 0.447083 -0.052774
v -0.186438 0.449352 -0.052774
v -0.187849 0.451755 -0.052774
v -0.189042 0.454274 -0.052774
v -0.190007 0.456888 -0.052774
v -0.190738 0.459577 -0.052774
v -0.191228 0.462320 -0.052774
v -0.191474 0.465096 -0.052774
v -0.191474 0.467883 -0.052774
v -0.191227 0.470658 -0.052774
v -0.190736 0.473402 -0.052774
v -0.190004 0.476091 -0.052774
v -0.189038 0.478704 -0.052774
v -0.187844 0.481222 -0.052774
v -0.186432 0.483625 -0.052774
v -0.184814 0.485894 -0.052774
v -0.183002 0.488010 -0.052774
v -0.181009 0.489959 -0.052774
v -0.178852 0.491723 -0.052774
v -0.176548 0.493290 -0.052774
v -0.174114 0.494647 -0.052774
v -0.171570 0.495784 -0.052774
v -0.168935 0.496692 -0.052774
v -0.166230 0.497363 -0.052774
v -0.163477 0.497792 -0.052774
v -0.160696 0.497976 -0.052774
v -0.157910 0.497914 -0.052774
v -0.155140 0.497606 -0.052774
v -0.152409 0.497054 -0.052774
v -0.149737 0.496263 -0.052774
v -0.147145 0.495239 -0.052774
v -0.144654 0.493990 -0.052774
v -0.142283 0.492526 -0.052774
v -0.140051 0.490858 -0.052774
v -0.137975 0.488999 -0.052774
v -0.136071 0.486964 -0.052774
v -0.134355 0.484768 -0.052774
v -0.132839 0.482430 -0.052774
v -0.131536 0.479967 -0.052774
v -0.130456 0.477398 -0.052774
v -0.129607 0.474743 -0.052774
v -0.128996 0.472025 -0.052774
v -0.128627 0.469262 -0.052774
v -0.193013 0.418990 -0.052774
v -0.192996 0.513990 -0.052774
v -0.126996 0.513978 -0.052774
v -0.127013 0.418978 -0.052774
v -0.178261 0.431112 -0.052774
v -0.178384 0.432129 -0.052774
v -0.178747 0.433087 -0.052774
v -0.179329 0.433931 -0.052774
v -0.180096 0.434610 -0.052774
v -0.181003 0.435086 -0.052774
v -0.181998 0.435332 -0.052774
v -0.183022 0.435332 -0.052774
v -0.184017 0.435087 -0.052774
v -0.184925 0.434611 -0.052774
v -0.185692 0.433932 -0.052774
v -0.186274 0.433089 -0.052774
v -0.186637 0.432131 -0.052774
v -0.186761 0.431114 -0.052774
v -0.186762 0.427614 -0.052774
v -0.186638 0.426596 -0.052774
v -0.186275 0.425638 -0.052774
v -0.185693 0.424795 -0.052774
v -0.184926 0.424116 -0.052774
v -0.184019 0.423639 -0.052774
v -0.183025 0.423394 -0.052774
v -0.182000 0.423394 -0.052774
v -0.181005 0.423639 -0.052774
v -0.180098 0.424115 -0.052774
v -0.179331 0.424794 -0.052774
v -0.178749 0.425637 -0.052774
v -0.178385 0.426595 -0.052774
v -0.178262 0.427612 -0.052774
v -0.186748 0.501864 -0.052774
v -0.186625 0.500846 -0.052774
v -0.186262 0.499888 -0.052774
v -0.185680 0.499045 -0.052774
v -0.184913 0.498366 -0.052774
v -0.184006 0.497889 -0.052774
v -0.183011 0.497644 -0.052774
v -0.181987 0.497644 -0.052774
v -0.180992 0.497889 -0.052774
v -0.180085 0.498365 -0.052774
v -0.179318 0.499044 -0.052774
v -0.178736 0.499887 -0.052774
v -0.178372 0.500845 -0.052774
v -0.178248 0.501862 -0.052774
v -0.178248 0.505362 -0.052774
v -0.178371 0.506379 -0.052774
v -0.178734 0.507337 -0.052774
v -0.179316 0.508181 -0.052774
v -0.180083 0.508860 -0.052774
v -0.180990 0.509336 -0.052774
v -0.181985 0.509582 -0.052774
v -0.183009 0.509582 -0.052774
v -0.184004 0.509337 -0.052774
v -0.184912 0.508861 -0.052774
v -0.185679 0.508182 -0.052774
v -0.186261 0.507339 -0.052774
v -0.186624 0.506381 -0.052774
v -0.186748 0.505364 -0.052774
v -0.133261 0.431104 -0.052774
v -0.133384 0.432121 -0.052774
v -0.133747 0.433079 -0.052774
v -0.134329 0.433923 -0.052774
v -0.135096 0.434602 -0.052774
v -0.136003 0.435078 -0.052774
v -0.136998 0.435324 -0.052774
v -0.138022 0.435324 -0.052774
v -0.139017 0.435079 -0.052774
v -0.139925 0.434603 -0.052774
v -0.140692 0.433924 -0.052774
v -0.141274 0.433081 -0.052774
v -0.141637 0.432123 -0.052774
v -0.141761 0.431106 -0.052774
v -0.141762 0.427606 -0.052774
v -0.141638 0.426589 -0.052774
v -0.141275 0.425631 -0.052774
v -0.140693 0.424787 -0.052774
v -0.139926 0.424108 -0.052774
v -0.139019 0.423631 -0.052774
v -0.138025 0.423386 -0.052774
v -0.137000 0.423386 -0.052774
v -0.136005 0.423631 -0.052774
v -0.135098 0.424107 -0.052774
v -0.134331 0.424786 -0.052774
v -0.133749 0.425629 -0.052774
v -0.133385 0.426587 -0.052774
v -0.133262 0.427604 -0.052774
v -0.141748 0.501856 -0.052774
v -0.141625 0.500839 -0.052774
v -0.141262 0.499881 -0.052774
v -0.140680 0.499037 -0.052774
v -0.139913 0.498358 -0.052774
v -0.139006 0.497881 -0.052774
v -0.138011 0.497636 -0.052774
v -0.136987 0.497636 -0.052774
v -0.135992 0.497881 -0.052774
v -0.135085 0.498357 -0.052774
v -0.134318 0.499036 -0.052774
v -0.133736 0.499879 -0.052774
v -0.133372 0.500837 -0.052774
v -0.133248 0.501854 -0.052774
v -0.133248 0.505354 -0.052774
v -0.133371 0.506371 -0.052774
v -0.133734 0.507329 -0.052774
v -0.134316 0.508173 -0.052774
v -0.135083 0.508852 -0.052774
v -0.135990 0.509328 -0.052774
v -0.136985 0.509574 -0.052774
v -0.138009 0.509574 -0.052774
v -0.139004 0.509329 -0.052774
v -0.139912 0.508853 -0.052774
v -0.140679 0.508174 -0.052774
v -0.141261 0.507331 -0.052774
v -0.141624 0.506373 -0.052774
v -0.141748 0.505356 -0.052774
v -0.193013 0.418990 -0.049774
v -0.192996 0.513990 -0.049774
v -0.127013 0.418978 -0.049774
v -0.126996 0.513978 -0.049774
v -0.186761 0.431114 -0.049774
v -0.186637 0.432131 -0.049774
v -0.186274 0.433089 -0.049774
v -0.185692 0.433932 -0.049774
v -0.184925 0.434611 -0.049774
v -0.184017 0.435087 -0.049774
v -0.183022 0.435332 -0.049774
v -0.181998 0.435332 -0.049774
v -0.181003 0.435086 -0.049774
v -0.180096 0.434610 -0.049774
v -0.179329 0.433931 -0.049774
v -0.178747 0.433087 -0.049774
v -0.178384 0.432129 -0.049774
v -0.178261 0.431112 -0.049774
v -0.178262 0.427612 -0.049774
v -0.178385 0.426595 -0.049774
v -0.178749 0.425637 -0.049774
v -0.179331 0.424794 -0.049774
v -0.180098 0.424115 -0.049774
v -0.181005 0.423639 -0.049774
v -0.182000 0.423394 -0.049774
v -0.183025 0.423394 -0.049774
v -0.184019 0.423639 -0.049774
v -0.184926 0.424116 -0.049774
v -0.185693 0.424795 -0.049774
v -0.186275 0.425638 -0.049774
v -0.186638 0.426596 -0.049774
v -0.186762 0.427614 -0.049774
v -0.178248 0.501862 -0.049774
v -0.178372 0.500845 -0.049774
v -0.178736 0.499887 -0.049774
v -0.179318 0.499044 -0.049774
v -0.180085 0.498365 -0.049774
v -0.180992 0.497889 -0.049774
v -0.181987 0.497644 -0.049774
v -0.183011 0.497644 -0.049774
v -0.184006 0.497889 -0.049774
v -0.184913 0.498366 -0.049774
v -0.185680 0.499045 -0.049774
v -0.186262 0.499888 -0.049774
v -0.186625 0.500846 -0.049774
v -0.186748 0.501864 -0.049774
v -0.186748 0.505364 -0.049774
v -0.186624 0.506381 -0.049774
v -0.186261 0.507339 -0.049774
v -0.185679 0.508182 -0.049774
v -0.184912 0.508861 -0.049774
v -0.184004 0.509337 -0.049774
v -0.183009 0.509582 -0.049774
v -0.181985 0.509582 -0.049774
v -0.180990 0.509336 -0.049774
v -0.180083 0.508860 -0.049774
v -0.179316 0.508181 -0.049774
v -0.178734 0.507337 -0.049774
v -0.178371 0.506379 -0.049774
v -0.178248 0.505362 -0.049774
v -0.141761 0.431106 -0.049774
v -0.141637 0.432123 -0.049774
v -0.141274 0.433081 -0.049774
v -0.140692 0.433924 -0.049774
v -0.139925 0.434603 -0.049774
v -0.139017 0.435079 -0.049774
v -0.138022 0.435324 -0.049774
v -0.136998 0.435324 -0.049774
v -0.136003 0.435078 -0.049774
v -0.135096 0.434602 -0.049774
v -0.134329 0.433923 -0.049774
v -0.133747 0.433079 -0.049774
v -0.133384 0.432121 -0.049774
v -0.133261 0.431104 -0.049774
v -0.133262 0.427604 -0.049774
v -0.133385 0.426587 -0.049774
v -0.133749 0.425629 -0.049774
v -0.134331 0.424786 -0.049774
v -0.135098 0.424107 -0.049774
v -0.136005 0.423631 -0.049774
v -0.137000 0.423386 -0.049774
v -0.138025 0.423386 -0.049774
v -0.139019 0.423631 -0.049774
v -0.139926 0.424108 -0.049774
v -0.140693 0.424787 -0.049774
v -0.141275 0.425631 -0.049774
v -0.141638 0.426589 -0.049774
v -0.141762 0.427606 -0.049774
v -0.133248 0.501854 -0.049774
v -0.133372 0.500837 -0.049774
v -0.133736 0.499879 -0.049774
v -0.134318 0.499036 -0.049774
v -0.135085 0.498357 -0.049774
v -0.135992 0.497881 -0.049774
v -0.136987 0.497636 -0.049774
v -0.138011 0.497636 -0.049774
v -0.139006 0.497881 -0.049774
v -0.139913 0.498358 -0.049774
v -0.140680 0.499037 -0.049774
v -0.141262 0.499881 -0.049774
v -0.141625 0.500839 -0.049774
v -0.141748 0.501856 -0.049774
v -0.141748 0.505356 -0.049774
v -0.141624 0.506373 -0.049774
v -0.141261 0.507331 -0.049774
v -0.140679 0.508174 -0.049774
v -0.139912 0.508853 -0.049774
v -0.139004 0.509329 -0.049774
v -0.138009 0.509574 -0.049774
v -0.136985 0.509574 -0.049774
v -0.135990 0.509328 -0.049774
v -0.135083 0.508852 -0.049774
v -0.134316 0.508173 -0.049774
v -0.133734 0.507329 -0.049774
v -0.133371 0.506371 -0.049774
v -0.133248 0.505354 -0.049774
vt 3.949011 7.711527 0.000000
vt 4.181182 4.820724 0.000000
vt 4.241883 7.723802 0.000000
vt 4.302584 4.820724 0.000000
vt 4.534756 7.711527 0.000000
vt 4.825574 7.674788 0.000000
vt 4.421501 4.796286 0.000000
vt 5.112298 7.613843 0.000000
vt 5.392917 7.529119 0.000000
vt 5.665462 7.421211 0.000000
vt 4.533065 4.748410 0.000000
vt 5.928021 7.290875 0.000000
vt 6.178754 7.139026 0.000000
vt 4.632707 4.679057 0.000000
vt 6.415901 6.966729 0.000000
vt 6.637798 6.775192 0.000000
vt 6.842890 6.565759 0.000000
vt 4.716349 4.591066 0.000000
vt 7.029738 6.339899 0.000000
vt 7.197031 6.099196 0.000000
vt 4.780566 4.488039 0.000000
vt 7.343596 5.845338 0.000000
vt 7.468404 5.580107 0.000000
vt 7.570581 5.305362 0.000000
vt 4.822730 4.374194 0.000000
vt 7.649410 5.023030 0.000000
vt 7.704337 4.735093 0.000000
vt 4.841113 4.254192 0.000000
vt 7.734977 4.443569 0.000000
vt 7.741116 4.150504 0.000000
vt 4.834964 4.132945 0.000000
vt 7.722710 3.857952 0.000000
vt 7.679889 3.567968 0.000000
vt 7.612952 3.282583 0.000000
vt 4.804535 4.015419 0.000000
vt 7.522370 3.003800 0.000000
vt 7.408778 2.733575 0.000000
vt 4.751070 3.906424 0.000000
vt 7.272972 2.473802 0.000000
vt 7.115906 2.226305 0.000000
vt 6.938680 1.992818 0.000000
vt 4.676759 3.810422 0.000000
vt 6.742538 1.774980 0.000000
vt 6.528856 1.574319 0.000000
vt 4.584644 3.731344 0.000000
vt 6.299132 1.392243 0.000000
vt 6.054978 1.230027 0.000000
vt 4.478497 3.672427 0.000000
vt 5.798107 1.088811 0.000000
vt 5.530319 0.969584 0.000000
vt 5.253495 0.873184 0.000000
vt 4.362663 3.636084 0.000000
vt 4.969574 0.800286 0.000000
vt 4.680550 0.751401 0.000000
vt 4.241883 3.623802 0.000000
vt 4.388448 0.726872 0.000000
vt 4.095319 0.726872 0.000000
vt 3.803217 0.751401 0.000000
vt 4.121104 3.636084 0.000000
vt 3.514192 0.800286 0.000000
vt 3.230272 0.873184 0.000000
vt 4.005270 3.672427 0.000000
vt 2.953447 0.969584 0.000000
vt 2.685660 1.088811 0.000000
vt 2.428789 1.230027 0.000000
vt 3.899122 3.731344 0.000000
vt 2.184635 1.392243 0.000000
vt 1.954911 1.574319 0.000000
vt 3.807008 3.810422 0.000000
vt 1.741229 1.774980 0.000000
vt 1.545087 1.992818 0.000000
vt 3.732697 3.906424 0.000000
vt 1.367861 2.226305 0.000000
vt 1.210795 2.473802 0.000000
vt 1.074989 2.733575 0.000000
vt 3.679232 4.015419 0.000000
vt 0.961396 3.003800 0.000000
vt 0.870814 3.282583 0.000000
vt 3.648802 4.132945 0.000000
vt 0.803878 3.567968 0.000000
vt 0.761057 3.857952 0.000000
vt 0.742651 4.150504 0.000000
vt 3.642654 4.254192 0.000000
vt 0.748790 4.443569 0.000000
vt 0.779430 4.735093 0.000000
vt 3.661037 4.374194 0.000000
vt 0.834357 5.023030 0.000000
vt 0.913186 5.305362 0.000000
vt 3.703201 4.488039 0.000000
vt 1.015362 5.580107 0.000000
vt 1.140171 5.845338 0.000000
vt 1.286736 6.099196 0.000000
vt 3.767418 4.591066 0.000000
vt 1.454029 6.339899 0.000000
vt 1.640877 6.565759 0.000000
vt 3.851060 4.679057 0.000000
vt 1.845969 6.775192 0.000000
vt 2.067866 6.966729 0.000000
vt 2.305013 7.139026 0.000000
vt 3.950702 4.748410 0.000000
vt 2.555746 7.290875 0.000000
vt 2.818305 7.421211 0.000000
vt 4.062266 4.796286 0.000000
vt 3.090850 7.529119 0.000000
vt 3.371469 7.613843 0.000000
vt 3.658193 7.674788 0.000000
vt -2.356194 -7.545941 0.000000
vt -2.174949 -7.244361 0.000000
vt -2.356194 -7.163868 0.000000
vt -2.174949 -6.922390 0.000000
vt -2.356194 -6.781795 0.000000
vt -2.174949 -6.600418 0.000000
vt -2.356194 -6.399722 0.000000
vt -2.174949 -6.278446 0.000000
vt -2.356194 -6.017649 0.000000
vt -2.174949 -5.956475 0.000000
vt -2.356194 -5.635576 0.000000
vt -2.174949 -5.635494 0.000000
vt -2.174949 -5.312532 0.000000
vt -1.993703 -5.635411 0.000000
vt -1.993703 -5.312532 0.000000
vt -1.812457 -5.635329 0.000000
vt -1.812457 -5.312532 0.000000
vt -1.631212 -5.635246 0.000000
vt -1.631212 -5.312532 0.000000
vt -1.449966 -5.635164 0.000000
vt -1.449966 -5.312532 0.000000
vt -1.268720 -5.635081 0.000000
vt -1.268720 -5.312532 0.000000
vt -1.087474 -5.634998 0.000000
vt -1.087474 -5.312532 0.000000
vt -0.906229 -5.634916 0.000000
vt -0.906229 -5.312532 0.000000
vt -0.724983 -5.634833 0.000000
vt -0.724983 -5.312532 0.000000
vt -0.543737 -5.634751 0.000000
vt -0.543737 -5.312532 0.000000
vt -0.362491 -5.634668 0.000000
vt -0.362491 -5.312532 0.000000
vt -0.181246 -5.634586 0.000000
vt -0.181246 -5.312532 0.000000
vt 0.000000 -5.473517 0.000000
vt 0.000000 -5.151546 0.000000
vt -2.356194 -7.928014 0.000000
vt -2.174949 -7.888304 0.000000
vt -2.174949 -7.566333 0.000000
vt -1.993703 -7.566333 0.000000
vt -1.993703 -7.244361 0.000000
vt -1.812457 -7.566333 0.000000
vt -1.812457 -7.244361 0.000000
vt -1.631212 -7.566333 0.000000
vt -1.631212 -7.244361 0.000000
vt -1.449966 -7.566333 0.000000
vt -1.449966 -7.244361 0.000000
vt -1.268720 -7.566333 0.000000
vt -1.268720 -7.244361 0.000000
vt -1.087474 -7.566333 0.000000
vt -1.087474 -7.244361 0.000000
vt -0.906229 -7.566333 0.000000
vt -0.906229 -7.244361 0.000000
vt -0.724983 -7.566333 0.000000
vt -0.724983 -7.244361 0.000000
vt -0.543737 -7.566333 0.000000
vt -0.543737 -7.244361 0.000000
vt -0.362491 -7.566333 0.000000
vt -0.362491 -7.244361 0.000000
vt -0.181246 -7.566333 0.000000
vt -0.181246 -7.244361 0.000000
vt 0.000000 -7.405347 0.000000
vt 0.000000 -7.083375 0.000000
vt -2.174949 -8.210276 0.000000
vt -2.356194 -8.310087 0.000000
vt -2.174949 -8.532248 0.000000
vt -2.356194 -8.692160 0.000000
vt -2.174949 -8.854219 0.000000
vt -2.356194 -9.074233 0.000000
vt -2.174949 -9.176191 0.000000
vt -2.356194 -9.456306 0.000000
vt -2.174949 -9.498162 0.000000
vt -2.356194 -9.838379 0.000000
vt -2.174949 -9.820134 0.000000
vt -2.174949 -10.142106 0.000000
vt -1.993703 -10.142106 0.000000
vt -1.993703 -10.464077 0.000000
vt -1.812457 -10.464077 0.000000
vt -1.812457 -10.786049 0.000000
vt -1.631212 -10.786049 0.000000
vt -1.631212 -11.108020 0.000000
vt -1.449966 -11.108020 0.000000
vt -1.449966 -11.429992 0.000000
vt -1.268720 -11.429992 0.000000
vt -1.449966 -11.749982 0.000000
vt -1.268720 -11.750230 0.000000
vt -1.449966 -12.073935 0.000000
vt -1.268720 -12.073935 0.000000
vt -1.268720 -12.395907 0.000000
vt -1.087474 -12.395907 0.000000
vt -1.087474 -12.717878 0.000000
vt -0.906229 -12.717878 0.000000
vt -0.906229 -13.039850 0.000000
vt -0.724983 -13.039850 0.000000
vt -0.724983 -13.361822 0.000000
vt -0.543737 -13.361822 0.000000
vt -0.543737 -13.683793 0.000000
vt -0.362491 -13.683793 0.000000
vt -0.362491 -14.005765 0.000000
vt -0.181246 -14.005765 0.000000
vt -0.181246 -14.327736 0.000000
vt 0.000000 -14.166751 0.000000
vt 0.000000 -14.488722 0.000000
vt 0.000000 14.166751 0.000000
vt -0.181246 14.327736 0.000000
vt -0.181246 14.005765 0.000000
vt 0.000000 13.844779 0.000000
vt -0.181246 13.683793 0.000000
vt 0.000000 13.522807 0.000000
vt -0.181246 13.361822 0.000000
vt 0.000000 13.200836 0.000000
vt -0.181246 13.039850 0.000000
vt 0.000000 12.878864 0.000000
vt -0.181246 12.717878 0.000000
vt 0.000000 12.556893 0.000000
vt -0.181246 12.395907 0.000000
vt 0.000000 12.234921 0.000000
vt -0.181246 12.073935 0.000000
vt 0.000000 11.912949 0.000000
vt -0.181246 11.751964 0.000000
vt 0.000000 11.590978 0.000000
vt -0.181246 11.429992 0.000000
vt 0.000000 11.269006 0.000000
vt -0.181246 11.108020 0.000000
vt 0.000000 10.947035 0.000000
vt -0.181246 10.786049 0.000000
vt 0.000000 10.625063 0.000000
vt -0.181246 10.464077 0.000000
vt 0.000000 10.303091 0.000000
vt -0.181246 10.142106 0.000000
vt 0.000000 9.981120 0.000000
vt -0.181246 9.820134 0.000000
vt 0.000000 9.659148 0.000000
vt -0.181246 9.498162 0.000000
vt 0.000000 9.337177 0.000000
vt -0.181246 9.176191 0.000000
vt 0.000000 9.015205 0.000000
vt -0.181246 8.854219 0.000000
vt 0.000000 8.693233 0.000000
vt -0.181246 8.532248 0.000000
vt 0.000000 8.371262 0.000000
vt -0.181246 8.210276 0.000000
vt 0.000000 8.049290 0.000000
vt -0.181246 7.888304 0.000000
vt 0.000000 7.727319 0.000000
vt -0.181246 7.566333 0.000000
vt 0.000000 7.405347 0.000000
vt -0.181246 7.244361 0.000000
vt -0.000000 7.083375 0.000000
vt -0.181246 6.922390 0.000000
vt 0.000000 6.761404 0.000000
vt -0.181246 6.600418 0.000000
vt 0.000000 6.439432 0.000000
vt -0.181246 6.278446 0.000000
vt 0.000000 6.117461 0.000000
vt -0.181246 5.956475 0.000000
vt 0.000000 5.795489 0.000000
vt -0.181246 5.634503 0.000000
vt 0.000000 5.473517 0.000000
vt -0.181246 5.312532 0.000000
vt 0.000000 5.151546 0.000000
vt -0.181246 4.990560 0.000000
vt 0.000000 4.829574 0.000000
vt -0.181246 4.668588 0.000000
vt 0.000000 4.507602 0.000000
vt -0.181246 4.346617 0.000000
vt 0.000000 4.185631 0.000000
vt -0.181246 4.024645 0.000000
vt 0.000000 3.863659 0.000000
vt -0.181246 3.702673 0.000000
vt 0.000000 3.541688 0.000000
vt -0.181246 3.380702 0.000000
vt 0.000000 3.219716 0.000000
vt -0.181246 3.058730 0.000000
vt 0.000000 2.897744 0.000000
vt -0.181246 2.736759 0.000000
vt 0.000000 2.575773 0.000000
vt -0.181246 2.414787 0.000000
vt 0.000000 2.253801 0.000000
vt -0.181246 2.092815 0.000000
vt 0.000000 1.931830 0.000000
vt -0.181246 1.770844 0.000000
vt 0.000000 1.609858 0.000000
vt -0.181246 1.448872 0.000000
vt 0.000000 1.287886 0.000000
vt -0.181246 1.126901 0.000000
vt 0.000000 0.965915 0.000000
vt -0.181246 0.804929 0.000000
vt 0.000000 0.643943 0.000000
vt -0.181246 0.482957 0.000000
vt 0.000000 0.321972 0.000000
vt -0.181246 0.160986 0.000000
vt 0.000000 -0.000000 0.000000
vt -0.181246 -0.160986 0.000000
vt 0.000000 -0.321972 0.000000
vt -0.181246 -0.482957 0.000000
vt 0.000000 -0.643943 0.000000
vt -0.181246 -0.804929 0.000000
vt 0.000000 -0.965915 0.000000
vt -0.181246 -1.126901 0.000000
vt 0.000000 -1.287886 0.000000
vt -0.181246 -1.448872 0.000000
vt 0.000000 -1.609858 0.000000
vt -0.181246 -1.770844 0.000000
vt 0.000000 -1.931830 0.000000
vt -0.181246 -2.092815 0.000000
vt 0.000000 -2.253801 0.000000
vt -0.181246 -2.414787 0.000000
vt 0.000000 -2.575773 0.000000
vt -0.181246 -2.736759 0.000000
vt 0.000000 -2.897744 0.000000
vt -0.181246 -3.058730 0.000000
vt 0.000000 -3.219716 0.000000
vt -0.181246 -3.380702 0.000000
vt 0.000000 -3.541688 0.000000
vt -0.181246 -3.702673 0.000000
vt 0.000000 -3.863659 0.000000
vt -0.181246 -4.024645 0.000000
vt 0.000000 -4.185631 0.000000
vt -0.181246 -4.346617 0.000000
vt 0.000000 -4.507602 0.000000
vt -0.181246 -4.668588 0.000000
vt 0.000000 -4.829574 0.000000
vt -0.181246 -4.990560 0.000000
vt -2.356194 -10.220452 0.000000
vt -2.174949 -10.464077 0.000000
vt -1.993703 -10.786049 0.000000
vt -1.812457 -11.108020 0.000000
vt -1.631212 -11.429992 0.000000
vt -1.631212 -11.749735 0.000000
vt -1.631212 -12.073935 0.000000
vt -1.449966 -12.395907 0.000000
vt -1.268720 -12.717878 0.000000
vt -1.087474 -13.039850 0.000000
vt -0.906229 -13.361822 0.000000
vt -0.724983 -13.683793 0.000000
vt -0.543737 -14.005765 0.000000
vt -0.362491 -14.327736 0.000000
vt -0.362491 14.327736 0.000000
vt -2.356194 -10.602525 0.000000
vt -2.174949 -10.786049 0.000000
vt -1.993703 -11.108020 0.000000
vt -1.812457 -11.429992 0.000000
vt -1.812457 -11.749487 0.000000
vt -1.812457 -12.073935 0.000000
vt -1.631212 -12.395907 0.000000
vt -1.449966 -12.717878 0.000000
vt -1.268720 -13.039850 0.000000
vt -1.087474 -13.361822 0.000000
vt -0.906229 -13.683793 0.000000
vt -0.724983 -14.005765 0.000000
vt -0.543737 -14.327736 0.000000
vt -0.543737 14.327736 0.000000
vt -0.362491 14.005765 0.000000
vt -2.356194 -10.984598 0.000000
vt -2.174949 -11.108020 0.000000
vt -1.993703 -11.429992 0.000000
vt -1.993703 -11.749239 0.000000
vt -1.993703 -12.073935 0.000000
vt -1.812457 -12.395907 0.000000
vt -1.631212 -12.717878 0.000000
vt -1.449966 -13.039850 0.000000
vt -1.268720 -13.361822 0.000000
vt -1.087474 -13.683793 0.000000
vt -0.906229 -14.005765 0.000000
vt -0.724983 -14.327736 0.000000
vt -0.724983 14.327736 0.000000
vt -0.543737 14.005765 0.000000
vt -0.362491 13.683793 0.000000
vt -2.356194 -11.366671 0.000000
vt -2.174949 -11.429992 0.000000
vt -2.174949 -11.748992 0.000000
vt -2.174949 -12.073935 0.000000
vt -1.993703 -12.395907 0.000000
vt -1.812457 -12.717878 0.000000
vt -1.631212 -13.039850 0.000000
vt -1.449966 -13.361822 0.000000
vt -1.268720 -13.683793 0.000000
vt -1.087474 -14.005765 0.000000
vt -0.906229 -14.327736 0.000000
vt -0.906229 14.327736 0.000000
vt -0.724983 14.005765 0.000000
vt -0.543737 13.683793 0.000000
vt -0.362491 13.361822 0.000000
vt -2.356194 -11.748744 0.000000
vt -2.356194 -12.130817 0.000000
vt -2.174949 -12.395907 0.000000
vt -2.356194 -12.512890 0.000000
vt -2.174949 -12.717878 0.000000
vt -2.356194 -12.894963 0.000000
vt -2.174949 -13.039850 0.000000
vt -2.356194 -13.277036 0.000000
vt -2.174949 -13.361822 0.000000
vt -2.356194 -13.659109 0.000000
vt -2.174949 -13.683793 0.000000
vt -2.174949 -14.005765 0.000000
vt -1.993703 -14.005765 0.000000
vt -1.993703 -14.327736 0.000000
vt -1.812457 -14.327736 0.000000
vt -1.812457 14.327736 0.000000
vt -1.993703 14.327736 0.000000
vt -1.812457 14.005765 0.000000
vt -1.631212 14.005765 0.000000
vt -1.631212 13.683793 0.000000
vt -1.449966 13.683793 0.000000
vt -1.449966 13.361822 0.000000
vt -1.268720 13.361822 0.000000
vt -1.268720 13.039850 0.000000
vt -1.087474 13.039850 0.000000
vt -1.087474 12.717878 0.000000
vt -0.906229 12.717878 0.000000
vt -0.906229 12.395907 0.000000
vt -0.724983 12.395907 0.000000
vt -0.724983 12.073935 0.000000
vt -0.543737 12.073935 0.000000
vt -0.543737 11.751964 0.000000
vt -0.362491 11.751964 0.000000
vt -0.362491 11.429992 0.000000
vt -2.356194 -14.041182 0.000000
vt -2.174949 -14.327736 0.000000
vt -2.174949 14.327736 0.000000
vt -1.993703 14.005765 0.000000
vt -1.812457 13.683793 0.000000
vt -1.631212 13.361822 0.000000
vt -1.449966 13.039850 0.000000
vt -1.268720 12.717878 0.000000
vt -1.087474 12.395907 0.000000
vt -0.906229 12.073935 0.000000
vt -0.724983 11.751964 0.000000
vt -0.543737 11.429992 0.000000
vt -0.362491 11.108020 0.000000
vt -2.356194 14.614291 0.000000
vt -2.356194 14.232218 0.000000
vt -2.174949 14.005765 0.000000
vt -1.993703 13.683793 0.000000
vt -1.812457 13.361822 0.000000
vt -1.631212 13.039850 0.000000
vt -1.449966 12.717878 0.000000
vt -1.268720 12.395907 0.000000
vt -1.087474 12.073935 0.000000
vt -0.906229 11.751964 0.000000
vt -0.724983 11.429992 0.000000
vt -0.543737 11.108020 0.000000
vt -0.362491 10.786049 0.000000
vt -2.356194 13.850145 0.000000
vt -2.174949 13.683793 0.000000
vt -1.993703 13.361822 0.000000
vt -1.812457 13.039850 0.000000
vt -1.631212 12.717878 0.000000
vt -1.449966 12.395907 0.000000
vt -1.268720 12.073935 0.000000
vt -1.087474 11.751964 0.000000
vt -0.906229 11.429992 0.000000
vt -0.724983 11.108020 0.000000
vt -0.543737 10.786049 0.000000
vt -0.362491 10.464077 0.000000
vt -2.356194 13.468072 0.000000
vt -2.174949 13.361822 0.000000
vt -1.993703 13.039850 0.000000
vt -1.812457 12.717878 0.000000
vt -1.631212 12.395907 0.000000
vt -1.449966 12.073935 0.000000
vt -1.268720 11.751964 0.000000
vt -1.087474 11.429992 0.000000
vt -0.906229 11.108020 0.000000
vt -0.724983 10.786049 0.000000
vt -0.543737 10.464077 0.000000
vt -0.362491 10.142106 0.000000
vt -2.356194 13.085999 0.000000
vt -2.174949 13.039850 0.000000
vt -1.993703 12.717878 0.000000
vt -1.812457 12.395907 0.000000
vt -1.631212 12.073935 0.000000
vt -1.449966 11.751964 0.000000
vt -1.268720 11.429992 0.000000
vt -1.087474 11.108020 0.000000
vt -0.906229 10.786049 0.000000
vt -0.724983 10.464077 0.000000
vt -0.543737 10.142106 0.000000
vt -0.362491 9.820134 0.000000
vt -2.356194 12.703926 0.000000
vt -2.174949 12.717878 0.000000
vt -1.993703 12.395907 0.000000
vt -1.812457 12.073935 0.000000
vt -1.631212 11.751964 0.000000
vt -1.449966 11.429992 0.000000
vt -1.268720 11.108020 0.000000
vt -1.087474 10.786049 0.000000
vt -0.906229 10.464077 0.000000
vt -0.724983 10.142106 0.000000
vt -0.543737 9.820134 0.000000
vt -0.362491 9.498162 0.000000
vt -2.174949 12.395907 0.000000
vt -2.356194 12.321853 0.000000
vt -2.174949 12.073935 0.000000
vt -2.356194 11.939780 0.000000
vt -2.174949 11.751964 0.000000
vt -2.356194 11.557707 0.000000
vt -2.174949 11.429992 0.000000
vt -2.356194 11.175634 0.000000
vt -2.174949 11.108020 0.000000
vt -2.356194 10.793561 0.000000
vt -2.174949 10.786049 0.000000
vt -2.174949 10.464077 0.000000
vt -1.993703 10.464077 0.000000
vt -1.993703 10.142106 0.000000
vt -1.812457 10.142106 0.000000
vt -1.812457 9.820134 0.000000
vt -1.631212 9.820134 0.000000
vt -1.631212 9.498162 0.000000
vt -1.449966 9.498162 0.000000
vt -1.449966 9.176191 0.000000
vt -1.268720 9.176191 0.000000
vt -1.268720 8.854219 0.000000
vt -1.087474 8.854219 0.000000
vt -1.087474 8.532248 0.000000
vt -0.906229 8.532248 0.000000
vt -0.906229 8.210276 0.000000
vt -0.724983 8.210276 0.000000
vt -0.724983 7.888304 0.000000
vt -0.543737 7.888304 0.000000
vt -0.543737 7.566333 0.000000
vt -0.362491 7.566333 0.000000
vt -0.362491 7.244361 0.000000
vt -2.356194 10.411489 0.000000
vt -2.174949 10.142106 0.000000
vt -1.993703 9.820134 0.000000
vt -1.812457 9.498162 0.000000
vt -1.631212 9.176191 0.000000
vt -1.449966 8.854219 0.000000
vt -1.268720 8.532248 0.000000
vt -1.087474 8.210276 0.000000
vt -0.906229 7.888304 0.000000
vt -0.724983 7.566333 0.000000
vt -0.543737 7.244361 0.000000
vt -0.362491 6.922390 0.000000
vt -2.356194 10.029416 0.000000
vt -2.174949 9.820134 0.000000
vt -1.993703 9.498162 0.000000
vt -1.812457 9.176191 0.000000
vt -1.631212 8.854219 0.000000
vt -1.449966 8.532248 0.000000
vt -1.268720 8.210276 0.000000
vt -1.087474 7.888304 0.000000
vt -0.906229 7.566333 0.000000
vt -0.724983 7.244361 0.000000
vt -0.543737 6.922390 0.000000
vt -0.362491 6.600418 0.000000
vt -2.356194 9.647343 0.000000
vt -2.174949 9.498162 0.000000
vt -1.993703 9.176191 0.000000
vt -1.812457 8.854219 0.000000
vt -1.631212 8.532248 0.000000
vt -1.449966 8.210276 0.000000
vt -1.268720 7.888304 0.000000
vt -1.087474 7.566333 0.000000
vt -0.906229 7.244361 0.000000
vt -0.724983 6.922390 0.000000
vt -0.543737 6.600418 0.000000
vt -0.362491 6.278446 0.000000
vt -2.356194 9.265270 0.000000
vt -2.174949 9.176191 0.000000
vt -1.993703 8.854219 0.000000
vt -1.812457 8.532248 0.000000
vt -1.631212 8.210276 0.000000
vt -1.449966 7.888304 0.000000
vt -1.268720 7.566333 0.000000
vt -1.087474 7.244361 0.000000
vt -0.906229 6.922390 0.000000
vt -0.724983 6.600418 0.000000
vt -0.543737 6.278446 0.000000
vt -0.362491 5.956475 0.000000
vt -2.356194 8.883197 0.000000
vt -2.174949 8.854219 0.000000
vt -1.993703 8.532248 0.000000
vt -1.812457 8.210276 0.000000
vt -1.631212 7.888304 0.000000
vt -1.449966 7.566333 0.000000
vt -1.268720 7.244361 0.000000
vt -1.087474 6.922390 0.000000
vt -0.906229 6.600418 0.000000
vt -0.724983 6.278446 0.000000
vt -0.543737 5.956475 0.000000
vt -0.362491 5.634503 0.000000
vt -2.174949 8.532248 0.000000
vt -2.356194 8.501124 0.000000
vt -2.174949 8.210276 0.000000
vt -2.356194 8.119051 0.000000
vt -2.174949 7.888304 0.000000
vt -2.356194 7.736978 0.000000
vt -2.174949 7.566333 0.000000
vt -2.356194 7.354905 0.000000
vt -2.174949 7.244361 0.000000
vt -2.356194 6.972832 0.000000
vt -2.174949 6.922390 0.000000
vt -2.356194 6.590759 0.000000
vt -2.174949 6.600418 0.000000
vt -2.174949 6.278446 0.000000
vt -1.993703 6.278446 0.000000
vt -1.993703 5.956475 0.000000
vt -1.812457 5.956475 0.000000
vt -1.812457 5.634503 0.000000
vt -1.631212 5.634503 0.000000
vt -1.631212 5.312532 0.000000
vt -1.449966 5.312532 0.000000
vt -1.449966 4.990560 0.000000
vt -1.268720 4.990560 0.000000
vt -1.268720 4.668588 0.000000
vt -1.087474 4.668588 0.000000
vt -1.087474 4.346617 0.000000
vt -0.906229 4.346617 0.000000
vt -0.906229 4.024645 0.000000
vt -0.724983 4.024645 0.000000
vt -0.724983 3.702673 0.000000
vt -0.543737 3.702673 0.000000
vt -0.543737 3.380702 0.000000
vt -0.362491 3.380702 0.000000
vt -0.362491 3.058730 0.000000
vt -2.356194 6.208686 0.000000
vt -2.174949 5.956475 0.000000
vt -1.993703 5.634503 0.000000
vt -1.812457 5.312532 0.000000
vt -1.631212 4.990560 0.000000
vt -1.449966 4.668588 0.000000
vt -1.268720 4.346617 0.000000
vt -1.087474 4.024645 0.000000
vt -0.906229 3.702673 0.000000
vt -0.724983 3.380702 0.000000
vt -0.543737 3.058730 0.000000
vt -0.362491 2.736759 0.000000
vt -2.356194 5.826613 0.000000
vt -2.174949 5.634503 0.000000
vt -1.993703 5.312532 0.000000
vt -1.812457 4.990560 0.000000
vt -1.631212 4.668588 0.000000
vt -1.449966 4.346617 0.000000
vt -1.268720 4.024645 0.000000
vt -1.087474 3.702673 0.000000
vt -0.906229 3.380702 0.000000
vt -0.724983 3.058730 0.000000
vt -0.543737 2.736759 0.000000
vt -0.362491 2.414787 0.000000
vt -2.356194 5.444540 0.000000
vt -2.174949 5.312532 0.000000
vt -1.993703 4.990560 0.000000
vt -1.812457 4.668588 0.000000
vt -1.631212 4.346617 0.000000
vt -1.449966 4.024645 0.000000
vt -1.268720 3.702673 0.000000
vt -1.087474 3.380702 0.000000
vt -0.906229 3.058730 0.000000
vt -0.724983 2.736759 0.000000
vt -0.543737 2.414787 0.000000
vt -0.362491 2.092815 0.000000
vt -2.356194 5.062467 0.000000
vt -2.174949 4.990560 0.000000
vt -1.993703 4.668588 0.000000
vt -1.812457 4.346617 0.000000
vt -1.631212 4.024645 0.000000
vt -1.449966 3.702673 0.000000
vt -1.268720 3.380702 0.000000
vt -1.087474 3.058730 0.000000
vt -0.906229 2.736759 0.000000
vt -0.724983 2.414787 0.000000
vt -0.543737 2.092815 0.000000
vt -0.362491 1.770844 0.000000
vt -2.356194 4.680394 0.000000
vt -2.174949 4.668588 0.000000
vt -1.993703 4.346617 0.000000
vt -1.812457 4.024645 0.000000
vt -1.631212 3.702673 0.000000
vt -1.449966 3.380702 0.000000
vt -1.268720 3.058730 0.000000
vt -1.087474 2.736759 0.000000
vt -0.906229 2.414787 0.000000
vt -0.724983 2.092815 0.000000
vt -0.543737 1.770844 0.000000
vt -0.362491 1.448872 0.000000
vt -2.174949 4.346617 0.000000
vt -2.356194 4.298321 0.000000
vt -2.174949 4.024645 0.000000
vt -2.356194 3.916248 0.000000
vt -2.174949 3.702673 0.000000
vt -2.356194 3.534175 0.000000
vt -2.174949 3.380702 0.000000
vt -2.356194 3.152102 0.000000
vt -2.174949 3.058730 0.000000
vt -2.356194 2.770029 0.000000
vt -2.174949 2.736759 0.000000
vt -2.356194 2.387956 0.000000
vt -2.174949 2.414787 0.000000
vt -2.174949 2.092815 0.000000
vt -1.993703 2.092815 0.000000
vt -1.993703 1.770844 0.000000
vt -1.812457 1.770844 0.000000
vt -1.812457 1.448872 0.000000
vt -1.631212 1.448872 0.000000
vt -1.631212 1.126901 0.000000
vt -1.449966 1.126901 0.000000
vt -1.449966 0.804929 0.000000
vt -1.268720 0.804929 0.000000
vt -1.268720 0.482957 0.000000
vt -1.087474 0.482957 0.000000
vt -1.087474 0.160986 0.000000
vt -0.906229 0.160986 0.000000
vt -0.906229 -0.160986 0.000000
vt -0.724983 -0.160986 0.000000
vt -0.724983 -0.482957 0.000000
vt -0.543737 -0.482957 0.000000
vt -0.543737 -0.804929 0.000000
vt -0.362491 -0.804929 0.000000
vt -0.362491 -1.126901 0.000000
vt -2.356194 2.005883 0.000000
vt -2.174949 1.770844 0.000000
vt -1.993703 1.448872 0.000000
vt -1.812457 1.126901 0.000000
vt -1.631212 0.804929 0.000000
vt -1.449966 0.482957 0.000000
vt -1.268720 0.160986 0.000000
vt -1.087474 -0.160986 0.000000
vt -0.906229 -0.482957 0.000000
vt -0.724983 -0.804929 0.000000
vt -0.543737 -1.126901 0.000000
vt -0.362491 -1.448872 0.000000
vt -2.356194 1.623810 0.000000
vt -2.174949 1.448872 0.000000
vt -1.993703 1.126901 0.000000
vt -1.812457 0.804929 0.000000
vt -1.631212 0.482957 0.000000
vt -1.449966 0.160986 0.000000
vt -1.268720 -0.160986 0.000000
vt -1.087474 -0.482957 0.000000
vt -0.906229 -0.804929 0.000000
vt -0.724983 -1.126901 0.000000
vt -0.543737 -1.448872 0.000000
vt -0.362491 -1.770844 0.000000
vt -2.356194 1.241737 0.000000
vt -2.174949 1.126901 0.000000
vt -1.993703 0.804929 0.000000
vt -1.812457 0.482957 0.000000
vt -1.631212 0.160986 0.000000
vt -1.449966 -0.160986 0.000000
vt -1.268720 -0.482957 0.000000
vt -1.087474 -0.804929 0.000000
vt -0.906229 -1.126901 0.000000
vt -0.724983 -1.448872 0.000000
vt -0.543737 -1.770844 0.000000
vt -0.362491 -2.092815 0.000000
vt -2.356194 0.859664 0.000000
vt -2.174949 0.804929 0.000000
vt -1.993703 0.482957 0.000000
vt -1.812457 0.160986 0.000000
vt -1.631212 -0.160986 0.000000
vt -1.449966 -0.482957 0.000000
vt -1.268720 -0.804929 0.000000
vt -1.087474 -1.126901 0.000000
vt -0.906229 -1.448872 0.000000
vt -0.724983 -1.770844 0.000000
vt -0.543737 -2.092815 0.000000
vt -0.362491 -2.414787 0.000000
vt -2.356194 0.477591 0.000000
vt -2.174949 0.482957 0.000000
vt -1.993703 0.160986 0.000000
vt -1.812457 -0.160986 0.000000
vt -1.631212 -0.482957 0.000000
vt -1.449966 -0.804929 0.000000
vt -1.268720 -1.126901 0.000000
vt -1.087474 -1.448872 0.000000
vt -0.906229 -1.770844 0.000000
vt -0.724983 -2.092815 0.000000
vt -0.543737 -2.414787 0.000000
vt -0.362491 -2.736759 0.000000
vt -2.174949 0.160986 0.000000
vt -2.356194 0.095518 0.000000
vt -2.174949 -0.160986 0.000000
vt -2.356194 -0.286555 0.000000
vt -2.174949 -0.482957 0.000000
vt -2.356194 -0.668628 0.000000
vt -2.174949 -0.804929 0.000000
vt -2.356194 -1.050701 0.000000
vt -2.174949 -1.126901 0.000000
vt -2.356194 -1.432774 0.000000
vt -2.174949 -1.448872 0.000000
vt -2.174949 -1.770844 0.000000
vt -1.993703 -1.770844 0.000000
vt -1.993703 -2.092815 0.000000
vt -1.812457 -2.092815 0.000000
vt -1.812457 -2.414787 0.000000
vt -1.631212 -2.414787 0.000000
vt -1.631212 -2.736759 0.000000
vt -1.449966 -2.736759 0.000000
vt -1.449966 -3.058730 0.000000
vt -1.268720 -3.058730 0.000000
vt -1.268720 -3.380702 0.000000
vt -1.087474 -3.380702 0.000000
vt -1.087474 -3.702673 0.000000
vt -0.906229 -3.702673 0.000000
vt -0.906229 -4.024645 0.000000
vt -0.724983 -4.024645 0.000000
vt -0.724983 -4.346617 0.000000
vt -0.543737 -4.346617 0.000000
vt -0.543737 -4.668588 0.000000
vt -0.362491 -4.668588 0.000000
vt -0.362491 -4.990560 0.000000
vt -2.356194 -1.814847 0.000000
vt -2.174949 -2.092815 0.000000
vt -1.993703 -2.414787 0.000000
vt -1.812457 -2.736759 0.000000
vt -1.631212 -3.058730 0.000000
vt -1.449966 -3.380702 0.000000
vt -1.268720 -3.702673 0.000000
vt -1.087474 -4.024645 0.000000
vt -0.906229 -4.346617 0.000000
vt -0.724983 -4.668588 0.000000
vt -0.543737 -4.990560 0.000000
vt -2.356194 -2.196920 0.000000
vt -2.174949 -2.414787 0.000000
vt -1.993703 -2.736759 0.000000
vt -1.812457 -3.058730 0.000000
vt -1.631212 -3.380702 0.000000
vt -1.449966 -3.702673 0.000000
vt -1.268720 -4.024645 0.000000
vt -1.087474 -4.346617 0.000000
vt -0.906229 -4.668588 0.000000
vt -0.724983 -4.990560 0.000000
vt -2.356194 -2.578993 0.000000
vt -2.174949 -2.736759 0.000000
vt -1.993703 -3.058730 0.000000
vt -1.812457 -3.380702 0.000000
vt -1.631212 -3.702673 0.000000
vt -1.449966 -4.024645 0.000000
vt -1.268720 -4.346617 0.000000
vt -1.087474 -4.668588 0.000000
vt -0.906229 -4.990560 0.000000
vt -2.356194 -2.961066 0.000000
vt -2.174949 -3.058730 0.000000
vt -1.993703 -3.380702 0.000000
vt -1.812457 -3.702673 0.000000
vt -1.631212 -4.024645 0.000000
vt -1.449966 -4.346617 0.000000
vt -1.268720 -4.668588 0.000000
vt -1.087474 -4.990560 0.000000
vt -2.356194 -3.343139 0.000000
vt -2.174949 -3.380702 0.000000
vt -1.993703 -3.702673 0.000000
vt -1.812457 -4.024645 0.000000
vt -1.631212 -4.346617 0.000000
vt -1.449966 -4.668588 0.000000
vt -1.268720 -4.990560 0.000000
vt -2.356194 -3.725211 0.000000
vt -2.174949 -3.702673 0.000000
vt -1.993703 -4.024645 0.000000
vt -1.812457 -4.346617 0.000000
vt -1.631212 -4.668588 0.000000
vt -1.449966 -4.990560 0.000000
vt -2.174949 -4.024645 0.000000
vt -2.356194 -4.107284 0.000000
vt -2.174949 -4.346617 0.000000
vt -2.356194 -4.489357 0.000000
vt -2.174949 -4.668588 0.000000
vt -2.356194 -4.871430 0.000000
vt -2.174949 -4.990560 0.000000
vt -2.356194 -5.253503 0.000000
vt 0.000000 -13.844779 0.000000
vt -0.181246 -13.683793 0.000000
vt -0.362491 -13.361822 0.000000
vt -0.543737 -13.039850 0.000000
vt -0.724983 -12.717878 0.000000
vt -0.906229 -12.395907 0.000000
vt -1.087474 -12.073935 0.000000
vt -1.087474 -11.750478 0.000000
vt -1.087474 -11.429992 0.000000
vt -1.268720 -11.108020 0.000000
vt -1.449966 -10.786049 0.000000
vt -1.631212 -10.464077 0.000000
vt -1.812457 -10.142106 0.000000
vt -1.993703 -9.820134 0.000000
vt 0.000000 -13.522807 0.000000
vt -0.181246 -13.361822 0.000000
vt -0.362491 -13.039850 0.000000
vt -0.543737 -12.717878 0.000000
vt -0.724983 -12.395907 0.000000
vt -0.906229 -12.073935 0.000000
vt -0.906229 -11.750725 0.000000
vt -0.906229 -11.429992 0.000000
vt -1.087474 -11.108020 0.000000
vt -1.268720 -10.786049 0.000000
vt -1.449966 -10.464077 0.000000
vt -1.631212 -10.142106 0.000000
vt -1.812457 -9.820134 0.000000
vt -1.993703 -9.498162 0.000000
vt 0.000000 -13.200836 0.000000
vt -0.181246 -13.039850 0.000000
vt -0.362491 -12.717878 0.000000
vt -0.543737 -12.395907 0.000000
vt -0.724983 -12.073935 0.000000
vt -0.724983 -11.750973 0.000000
vt -0.724983 -11.429992 0.000000
vt -0.906229 -11.108020 0.000000
vt -1.087474 -10.786049 0.000000
vt -1.268720 -10.464077 0.000000
vt -1.449966 -10.142106 0.000000
vt -1.631212 -9.820134 0.000000
vt -1.812457 -9.498162 0.000000
vt -1.993703 -9.176191 0.000000
vt 0.000000 -12.878864 0.000000
vt -0.181246 -12.717878 0.000000
vt -0.362491 -12.395907 0.000000
vt -0.543737 -12.073935 0.000000
vt -0.543737 -11.751221 0.000000
vt -0.543737 -11.429992 0.000000
vt -0.724983 -11.108020 0.000000
vt -0.906229 -10.786049 0.000000
vt -1.087474 -10.464077 0.000000
vt -1.268720 -10.142106 0.000000
vt -1.449966 -9.820134 0.000000
vt -1.631212 -9.498162 0.000000
vt -1.812457 -9.176191 0.000000
vt -1.993703 -8.854219 0.000000
vt 0.000000 -12.556893 0.000000
vt -0.181246 -12.395907 0.000000
vt -0.362491 -12.073935 0.000000
vt -0.362491 -11.751468 0.000000
vt -0.362491 -11.429992 0.000000
vt -0.543737 -11.108020 0.000000
vt -0.724983 -10.786049 0.000000
vt -0.906229 -10.464077 0.000000
vt -1.087474 -10.142106 0.000000
vt -1.268720 -9.820134 0.000000
vt -1.449966 -9.498162 0.000000
vt -1.631212 -9.176191 0.000000
vt -1.812457 -8.854219 0.000000
vt -1.993703 -8.532248 0.000000
vt 0.000000 -12.234921 0.000000
vt -0.181246 -12.073935 0.000000
vt -0.181246 -11.751716 0.000000
vt -0.181246 -11.429992 0.000000
vt -0.362491 -11.108020 0.000000
vt -0.543737 -10.786049 0.000000
vt -0.724983 -10.464077 0.000000
vt -0.906229 -10.142106 0.000000
vt -1.087474 -9.820134 0.000000
vt -1.268720 -9.498162 0.000000
vt -1.449966 -9.176191 0.000000
vt -1.631212 -8.854219 0.000000
vt -1.812457 -8.532248 0.000000
vt -1.993703 -8.210276 0.000000
vt 0.000000 -11.912949 0.000000
vt 0.000000 -11.590978 0.000000
vt 0.000000 -11.269006 0.000000
vt -0.181246 -11.108020 0.000000
vt -0.362491 -10.786049 0.000000
vt -0.543737 -10.464077 0.000000
vt -0.724983 -10.142106 0.000000
vt -0.906229 -9.820134 0.000000
vt -1.087474 -9.498162 0.000000
vt -1.268720 -9.176191 0.000000
vt -1.449966 -8.854219 0.000000
vt -1.631212 -8.532248 0.000000
vt -1.812457 -8.210276 0.000000
vt -1.993703 -7.888304 0.000000
vt 0.000000 -10.947035 0.000000
vt -0.181246 -10.786049 0.000000
vt -0.362491 -10.464077 0.000000
vt -0.543737 -10.142106 0.000000
vt -0.724983 -9.820134 0.000000
vt -0.906229 -9.498162 0.000000
vt -1.087474 -9.176191 0.000000
vt -1.268720 -8.854219 0.000000
vt -1.449966 -8.532248 0.000000
vt -1.631212 -8.210276 0.000000
vt -1.812457 -7.888304 0.000000
vt 0.000000 -10.625063 0.000000
vt -0.181246 -10.464077 0.000000
vt -0.362491 -10.142106 0.000000
vt -0.543737 -9.820134 0.000000
vt -0.724983 -9.498162 0.000000
vt -0.906229 -9.176191 0.000000
vt -1.087474 -8.854219 0.000000
vt -1.268720 -8.532248 0.000000
vt -1.449966 -8.210276 0.000000
vt -1.631212 -7.888304 0.000000
vt 0.000000 -10.303091 0.000000
vt -0.181246 -10.142106 0.000000
vt -0.362491 -9.820134 0.000000
vt -0.543737 -9.498162 0.000000
vt -0.724983 -9.176191 0.000000
vt -0.906229 -8.854219 0.000000
vt -1.087474 -8.532248 0.000000
vt -1.268720 -8.210276 0.000000
vt -1.449966 -7.888304 0.000000
vt 0.000000 -9.981120 0.000000
vt -0.181246 -9.820134 0.000000
vt -0.362491 -9.498162 0.000000
vt -0.543737 -9.176191 0.000000
vt -0.724983 -8.854219 0.000000
vt -0.906229 -8.532248 0.000000
vt -1.087474 -8.210276 0.000000
vt -1.268720 -7.888304 0.000000
vt 0.000000 -9.659148 0.000000
vt -0.181246 -9.498162 0.000000
vt -0.362491 -9.176191 0.000000
vt -0.543737 -8.854219 0.000000
vt -0.724983 -8.532248 0.000000
vt -0.906229 -8.210276 0.000000
vt -1.087474 -7.888304 0.000000
vt 0.000000 -9.337177 0.000000
vt -0.181246 -9.176191 0.000000
vt -0.362491 -8.854219 0.000000
vt -0.543737 -8.532248 0.000000
vt -0.724983 -8.210276 0.000000
vt -0.906229 -7.888304 0.000000
vt 0.000000 -9.015205 0.000000
vt -0.181246 -8.854219 0.000000
vt -0.362491 -8.532248 0.000000
vt -0.543737 -8.210276 0.000000
vt -0.724983 -7.888304 0.000000
vt 0.000000 -8.693233 0.000000
vt -0.181246 -8.532248 0.000000
vt -0.362491 -8.210276 0.000000
vt -0.543737 -7.888304 0.000000
vt 0.000000 -8.371262 0.000000
vt -0.181246 -8.210276 0.000000
vt -0.362491 -7.888304 0.000000
vt 0.000000 -8.049290 0.000000
vt -0.181246 -7.888304 0.000000
vt 0.000000 -7.727319 0.000000
vt -0.181246 -6.922390 0.000000
vt 0.000000 -6.761404 0.000000
vt -0.181246 -6.600418 0.000000
vt 0.000000 -6.439432 0.000000
vt -0.181246 -6.278446 0.000000
vt 0.000000 -6.117461 0.000000
vt -0.181246 -5.956475 0.000000
vt 0.000000 -5.795489 0.000000
vt -1.631212 -14.327736 0.000000
vt -1.812457 -14.005765 0.000000
vt -1.631212 -14.005765 0.000000
vt -1.812457 -13.683793 0.000000
vt -1.631212 -13.683793 0.000000
vt -1.812457 -13.361822 0.000000
vt -1.631212 -13.361822 0.000000
vt -1.812457 -13.039850 0.000000
vt -1.449966 -14.327736 0.000000
vt -1.449966 -14.005765 0.000000
vt -1.449966 -13.683793 0.000000
vt -1.631212 14.327736 0.000000
vt -1.449966 14.005765 0.000000
vt -1.449966 14.327736 0.000000
vt -1.268720 14.005765 0.000000
vt -1.268720 14.327736 0.000000
vt -1.087474 14.005765 0.000000
vt -1.087474 14.327736 0.000000
vt -0.906229 14.005765 0.000000
vt -1.268720 -14.327736 0.000000
vt -1.268720 -14.005765 0.000000
vt -1.087474 -14.327736 0.000000
vt -1.993703 -6.922390 0.000000
vt -1.993703 -6.600418 0.000000
vt -1.993703 -6.278446 0.000000
vt -1.993703 -5.956475 0.000000
vt -1.812457 -6.922390 0.000000
vt -1.812457 -6.600418 0.000000
vt -1.812457 -6.278446 0.000000
vt -1.812457 -5.956475 0.000000
vt -1.631212 -6.922390 0.000000
vt -1.631212 -6.600418 0.000000
vt -1.631212 -6.278446 0.000000
vt -1.631212 -5.956475 0.000000
vt -1.449966 -6.922390 0.000000
vt -1.449966 -6.600418 0.000000
vt -1.449966 -6.278446 0.000000
vt -1.449966 -5.956475 0.000000
vt -1.268720 -6.922390 0.000000
vt -1.268720 -6.600418 0.000000
vt -1.268720 -6.278446 0.000000
vt -1.268720 -5.956475 0.000000
vt -1.087474 -6.922390 0.000000
vt -1.087474 -6.600418 0.000000
vt -1.087474 -6.278446 0.000000
vt -1.087474 -5.956475 0.000000
vt -0.906229 -6.922390 0.000000
vt -0.906229 -6.600418 0.000000
vt -0.906229 -6.278446 0.000000
vt -0.906229 -5.956475 0.000000
vt -0.724983 -6.922390 0.000000
vt -0.724983 -6.600418 0.000000
vt -0.724983 -6.278446 0.000000
vt -0.724983 -5.956475 0.000000
vt -0.543737 -6.922390 0.000000
vt -0.543737 -6.600418 0.000000
vt -0.543737 -6.278446 0.000000
vt -0.543737 -5.956475 0.000000
vt -0.362491 -6.922390 0.000000
vt -0.362491 -6.600418 0.000000
vt -0.362491 -6.278446 0.000000
vt -0.362491 -5.956475 0.000000
vt -1.993703 -12.717878 0.000000
vt -1.993703 -13.039850 0.000000
vt -1.993703 -13.361822 0.000000
vt -1.993703 -13.683793 0.000000
vt -1.268720 13.683793 0.000000
vt -1.087474 13.683793 0.000000
vt -0.906229 13.683793 0.000000
vt -0.724983 13.683793 0.000000
vt -1.087474 13.361822 0.000000
vt -0.906229 13.361822 0.000000
vt -0.724983 13.361822 0.000000
vt -0.543737 13.361822 0.000000
vt -0.906229 13.039850 0.000000
vt -0.724983 13.039850 0.000000
vt -0.543737 13.039850 0.000000
vt -0.362491 13.039850 0.000000
vt -0.724983 12.717878 0.000000
vt -0.543737 12.717878 0.000000
vt -0.362491 12.717878 0.000000
vt -1.993703 12.073935 0.000000
vt -1.812457 11.751964 0.000000
vt -1.631212 11.429992 0.000000
vt -1.449966 11.108020 0.000000
vt -1.268720 10.786049 0.000000
vt -1.087474 10.464077 0.000000
vt -0.906229 10.142106 0.000000
vt -0.724983 9.820134 0.000000
vt -0.543737 9.498162 0.000000
vt -0.362491 9.176191 0.000000
vt -0.543737 12.395907 0.000000
vt -0.362491 12.395907 0.000000
vt -0.362491 12.073935 0.000000
vt -1.993703 11.751964 0.000000
vt -1.812457 11.429992 0.000000
vt -1.631212 11.108020 0.000000
vt -1.449966 10.786049 0.000000
vt -1.268720 10.464077 0.000000
vt -1.087474 10.142106 0.000000
vt -0.906229 9.820134 0.000000
vt -0.724983 9.498162 0.000000
vt -0.543737 9.176191 0.000000
vt -0.362491 8.854219 0.000000
vt -1.993703 11.429992 0.000000
vt -1.812457 11.108020 0.000000
vt -1.631212 10.786049 0.000000
vt -1.449966 10.464077 0.000000
vt -1.268720 10.142106 0.000000
vt -1.087474 9.820134 0.000000
vt -0.906229 9.498162 0.000000
vt -0.724983 9.176191 0.000000
vt -0.543737 8.854219 0.000000
vt -0.362491 8.532248 0.000000
vt -1.993703 11.108020 0.000000
vt -1.812457 10.786049 0.000000
vt -1.631212 10.464077 0.000000
vt -1.449966 10.142106 0.000000
vt -1.268720 9.820134 0.000000
vt -1.087474 9.498162 0.000000
vt -0.906229 9.176191 0.000000
vt -0.724983 8.854219 0.000000
vt -0.543737 8.532248 0.000000
vt -0.362491 8.210276 0.000000
vt -1.993703 10.786049 0.000000
vt -1.812457 10.464077 0.000000
vt -1.631212 10.142106 0.000000
vt -1.449966 9.820134 0.000000
vt -1.268720 9.498162 0.000000
vt -1.087474 9.176191 0.000000
vt -0.906229 8.854219 0.000000
vt -0.724983 8.532248 0.000000
vt -0.543737 8.210276 0.000000
vt -0.362491 7.888304 0.000000
vt -1.993703 8.210276 0.000000
vt -1.812457 7.888304 0.000000
vt -1.631212 7.566333 0.000000
vt -1.449966 7.244361 0.000000
vt -1.268720 6.922390 0.000000
vt -1.087474 6.600418 0.000000
vt -0.906229 6.278446 0.000000
vt -0.724983 5.956475 0.000000
vt -0.543737 5.634503 0.000000
vt -0.362491 5.312532 0.000000
vt -1.993703 7.888304 0.000000
vt -1.993703 7.566333 0.000000
vt -1.993703 7.244361 0.000000
vt -1.993703 6.922390 0.000000
vt -1.993703 6.600418 0.000000
vt -1.812457 7.566333 0.000000
vt -1.631212 7.244361 0.000000
vt -1.449966 6.922390 0.000000
vt -1.268720 6.600418 0.000000
vt -1.087474 6.278446 0.000000
vt -0.906229 5.956475 0.000000
vt -0.724983 5.634503 0.000000
vt -0.543737 5.312532 0.000000
vt -0.362491 4.990560 0.000000
vt -1.812457 7.244361 0.000000
vt -1.812457 6.922390 0.000000
vt -1.812457 6.600418 0.000000
vt -1.812457 6.278446 0.000000
vt -1.631212 6.922390 0.000000
vt -1.449966 6.600418 0.000000
vt -1.268720 6.278446 0.000000
vt -1.087474 5.956475 0.000000
vt -0.906229 5.634503 0.000000
vt -0.724983 5.312532 0.000000
vt -0.543737 4.990560 0.000000
vt -0.362491 4.668588 0.000000
vt -1.631212 6.600418 0.000000
vt -1.631212 6.278446 0.000000
vt -1.631212 5.956475 0.000000
vt -1.449966 6.278446 0.000000
vt -1.268720 5.956475 0.000000
vt -1.087474 5.634503 0.000000
vt -0.906229 5.312532 0.000000
vt -0.724983 4.990560 0.000000
vt -0.543737 4.668588 0.000000
vt -0.362491 4.346617 0.000000
vt -1.449966 5.956475 0.000000
vt -1.449966 5.634503 0.000000
vt -1.268720 5.634503 0.000000
vt -1.087474 5.312532 0.000000
vt -0.906229 4.990560 0.000000
vt -0.724983 4.668588 0.000000
vt -0.543737 4.346617 0.000000
vt -0.362491 4.024645 0.000000
vt -1.268720 5.312532 0.000000
vt -1.087474 4.990560 0.000000
vt -0.906229 4.668588 0.000000
vt -0.724983 4.346617 0.000000
vt -0.543737 4.024645 0.000000
vt -0.362491 3.702673 0.000000
vt -1.993703 4.024645 0.000000
vt -1.812457 3.702673 0.000000
vt -1.631212 3.380702 0.000000
vt -1.449966 3.058730 0.000000
vt -1.268720 2.736759 0.000000
vt -1.087474 2.414787 0.000000
vt -0.906229 2.092815 0.000000
vt -0.724983 1.770844 0.000000
vt -0.543737 1.448872 0.000000
vt -0.362491 1.126901 0.000000
vt -1.993703 3.702673 0.000000
vt -1.993703 3.380702 0.000000
vt -1.993703 3.058730 0.000000
vt -1.993703 2.736759 0.000000
vt -1.993703 2.414787 0.000000
vt -1.812457 3.380702 0.000000
vt -1.631212 3.058730 0.000000
vt -1.449966 2.736759 0.000000
vt -1.268720 2.414787 0.000000
vt -1.087474 2.092815 0.000000
vt -0.906229 1.770844 0.000000
vt -0.724983 1.448872 0.000000
vt -0.543737 1.126901 0.000000
vt -0.362491 0.804929 0.000000
vt -1.812457 3.058730 0.000000
vt -1.812457 2.736759 0.000000
vt -1.812457 2.414787 0.000000
vt -1.812457 2.092815 0.000000
vt -1.631212 2.736759 0.000000
vt -1.449966 2.414787 0.000000
vt -1.268720 2.092815 0.000000
vt -1.087474 1.770844 0.000000
vt -0.906229 1.448872 0.000000
vt -0.724983 1.126901 0.000000
vt -0.543737 0.804929 0.000000
vt -0.362491 0.482957 0.000000
vt -1.631212 2.414787 0.000000
vt -1.631212 2.092815 0.000000
vt -1.631212 1.770844 0.000000
vt -1.449966 2.092815 0.000000
vt -1.268720 1.770844 0.000000
vt -1.087474 1.448872 0.000000
vt -0.906229 1.126901 0.000000
vt -0.724983 0.804929 0.000000
vt -0.543737 0.482957 0.000000
vt -0.362491 0.160986 0.000000
vt -1.449966 1.770844 0.000000
vt -1.449966 1.448872 0.000000
vt -1.268720 1.448872 0.000000
vt -1.087474 1.126901 0.000000
vt -0.906229 0.804929 0.000000
vt -0.724983 0.482957 0.000000
vt -0.543737 0.160986 0.000000
vt -0.362491 -0.160986 0.000000
vt -1.268720 1.126901 0.000000
vt -1.087474 0.804929 0.000000
vt -0.906229 0.482957 0.000000
vt -0.724983 0.160986 0.000000
vt -0.543737 -0.160986 0.000000
vt -0.362491 -0.482957 0.000000
vt -1.993703 -0.160986 0.000000
vt -1.812457 -0.482957 0.000000
vt -1.631212 -0.804929 0.000000
vt -1.449966 -1.126901 0.000000
vt -1.268720 -1.448872 0.000000
vt -1.087474 -1.770844 0.000000
vt -0.906229 -2.092815 0.000000
vt -0.724983 -2.414787 0.000000
vt -0.543737 -2.736759 0.000000
vt -0.362491 -3.058730 0.000000
vt -1.993703 -0.482957 0.000000
vt -1.812457 -0.804929 0.000000
vt -1.631212 -1.126901 0.000000
vt -1.449966 -1.448872 0.000000
vt -1.268720 -1.770844 0.000000
vt -1.087474 -2.092815 0.000000
vt -0.906229 -2.414787 0.000000
vt -0.724983 -2.736759 0.000000
vt -0.543737 -3.058730 0.000000
vt -0.362491 -3.380702 0.000000
vt -1.993703 -0.804929 0.000000
vt -1.812457 -1.126901 0.000000
vt -1.631212 -1.448872 0.000000
vt -1.449966 -1.770844 0.000000
vt -1.268720 -2.092815 0.000000
vt -1.087474 -2.414787 0.000000
vt -0.906229 -2.736759 0.000000
vt -0.724983 -3.058730 0.000000
vt -0.543737 -3.380702 0.000000
vt -0.362491 -3.702673 0.000000
vt -1.993703 -1.126901 0.000000
vt -1.812457 -1.448872 0.000000
vt -1.631212 -1.770844 0.000000
vt -1.449966 -2.092815 0.000000
vt -1.268720 -2.414787 0.000000
vt -1.087474 -2.736759 0.000000
vt -0.906229 -3.058730 0.000000
vt -0.724983 -3.380702 0.000000
vt -0.543737 -3.702673 0.000000
vt -0.362491 -4.024645 0.000000
vt -1.993703 -1.448872 0.000000
vt -1.812457 -1.770844 0.000000
vt -1.631212 -2.092815 0.000000
vt -1.449966 -2.414787 0.000000
vt -1.268720 -2.736759 0.000000
vt -1.087474 -3.058730 0.000000
vt -0.906229 -3.380702 0.000000
vt -0.724983 -3.702673 0.000000
vt -0.543737 -4.024645 0.000000
vt -0.362491 -4.346617 0.000000
vt -1.993703 -4.346617 0.000000
vt -1.812457 -4.668588 0.000000
vt -1.631212 -4.990560 0.000000
vt -1.993703 -4.668588 0.000000
vt -1.812457 -4.990560 0.000000
vt -1.993703 -4.990560 0.000000
vt -0.100000 7.470490 0.000000
vt 0.100000 7.765735 0.000000
vt -0.100000 7.823478 0.000000
vt 0.100000 8.118723 0.000000
vt -0.100000 8.176466 0.000000
vt 0.100000 8.471711 0.000000
vt -0.100000 8.529454 0.000000
vt 0.100000 8.824698 0.000000
vt -0.100000 8.882442 0.000000
vt 0.100000 9.177686 0.000000
vt -0.100000 9.235430 0.000000
vt 0.100000 9.530674 0.000000
vt -0.100000 9.588418 0.000000
vt 0.100000 9.883662 0.000000
vt -0.100000 9.941406 0.000000
vt 0.100000 10.236650 0.000000
vt -0.100000 10.294394 0.000000
vt 0.100000 10.589638 0.000000
vt -0.100000 10.647382 0.000000
vt 0.100000 10.942626 0.000000
vt -0.100000 11.000369 0.000000
vt 0.100000 11.295614 0.000000
vt -0.100000 11.353357 0.000000
vt 0.100000 11.648602 0.000000
vt -0.100000 11.706345 0.000000
vt 0.100000 12.001590 0.000000
vt -0.100000 12.059333 0.000000
vt 0.100000 12.354578 0.000000
vt -0.100000 12.412321 0.000000
vt 0.100000 12.707566 0.000000
vt -0.100000 12.765309 0.000000
vt 0.100000 13.060554 0.000000
vt -0.100000 13.118297 0.000000
vt 0.100000 13.413542 0.000000
vt -0.100000 13.471285 0.000000
vt 0.100000 13.766530 0.000000
vt -0.100000 13.824273 0.000000
vt 0.100000 14.119518 0.000000
vt -0.100000 14.177261 0.000000
vt 0.100000 14.472505 0.000000
vt -0.100000 14.530249 0.000000
vt 0.100000 14.825493 0.000000
vt -0.100000 14.883237 0.000000
vt 0.100000 15.178481 0.000000
vt -0.100000 15.236225 0.000000
vt 0.100000 15.531469 0.000000
vt -0.100000 15.589213 0.000000
vt 0.100000 15.884457 0.000000
vt -0.100000 15.942201 0.000000
vt -0.100000 -15.473726 0.000000
vt 0.100000 -15.531469 0.000000
vt 0.100000 -15.178481 0.000000
vt -0.100000 -15.120738 0.000000
vt 0.100000 -14.825493 0.000000
vt -0.100000 -14.767750 0.000000
vt 0.100000 -14.472505 0.000000
vt -0.100000 -14.414762 0.000000
vt 0.100000 -14.119518 0.000000
vt -0.100000 -14.061774 0.000000
vt 0.100000 -13.766530 0.000000
vt -0.100000 -13.708786 0.000000
vt 0.100000 -13.413542 0.000000
vt -0.100000 -13.355798 0.000000
vt 0.100000 -13.060554 0.000000
vt -0.100000 -13.002810 0.000000
vt 0.100000 -12.707566 0.000000
vt -0.100000 -12.649822 0.000000
vt 0.100000 -12.354578 0.000000
vt -0.100000 -12.296834 0.000000
vt 0.100000 -12.001590 0.000000
vt -0.100000 -11.943847 0.000000
vt 0.100000 -11.648602 0.000000
vt -0.100000 -11.590859 0.000000
vt 0.100000 -11.295614 0.000000
vt -0.100000 -11.237871 0.000000
vt 0.100000 -10.942626 0.000000
vt -0.100000 -10.884883 0.000000
vt 0.100000 -10.589638 0.000000
vt -0.100000 -10.531895 0.000000
vt 0.100000 -10.236650 0.000000
vt -0.100000 -10.178907 0.000000
vt 0.100000 -9.883662 0.000000
vt -0.100000 -9.825919 0.000000
vt 0.100000 -9.530674 0.000000
vt -0.100000 -9.472931 0.000000
vt 0.100000 -9.177686 0.000000
vt -0.100000 -9.119943 0.000000
vt 0.100000 -8.824698 0.000000
vt -0.100000 -8.766955 0.000000
vt 0.100000 -8.471711 0.000000
vt -0.100000 -8.413967 0.000000
vt 0.100000 -8.118723 0.000000
vt -0.100000 -8.060979 0.000000
vt 0.100000 -7.765735 0.000000
vt -0.100000 -7.707991 0.000000
vt 0.100000 -7.412747 0.000000
vt -0.100000 -7.355003 0.000000
vt 0.100000 -7.059759 0.000000
vt -0.100000 -7.002015 0.000000
vt 0.100000 -6.706771 0.000000
vt -0.100000 -6.649027 0.000000
vt 0.100000 -6.353783 0.000000
vt -0.100000 -6.296040 0.000000
vt 0.100000 -6.000795 0.000000
vt -0.100000 -5.943052 0.000000
vt 0.100000 -5.647807 0.000000
vt -0.100000 -5.590064 0.000000
vt 0.100000 -5.294819 0.000000
vt -0.100000 -5.237076 0.000000
vt 0.100000 -4.941831 0.000000
vt -0.100000 -4.884088 0.000000
vt 0.100000 -4.588843 0.000000
vt -0.100000 -4.531100 0.000000
vt 0.100000 -4.235855 0.000000
vt -0.100000 -4.178112 0.000000
vt 0.100000 -3.882867 0.000000
vt -0.100000 -3.825124 0.000000
vt 0.100000 -3.529879 0.000000
vt -0.100000 -3.472136 0.000000
vt 0.100000 -3.176891 0.000000
vt -0.100000 -3.119148 0.000000
vt 0.100000 -2.823904 0.000000
vt -0.100000 -2.766160 0.000000
vt 0.100000 -2.470916 0.000000
vt -0.100000 -2.413172 0.000000
vt 0.100000 -2.117928 0.000000
vt -0.100000 -2.060184 0.000000
vt 0.100000 -1.764940 0.000000
vt -0.100000 -1.707196 0.000000
vt 0.100000 -1.411952 0.000000
vt -0.100000 -1.354208 0.000000
vt 0.100000 -1.058964 0.000000
vt -0.100000 -1.001220 0.000000
vt 0.100000 -0.705976 0.000000
vt -0.100000 -0.648233 0.000000
vt 0.100000 -0.352988 0.000000
vt -0.100000 -0.295245 0.000000
vt 0.100000 0.000000 0.000000
vt -0.100000 0.057743 0.000000
vt 0.100000 0.352988 0.000000
vt -0.100000 0.410731 0.000000
vt 0.100000 0.705976 0.000000
vt -0.100000 0.763719 0.000000
vt 0.100000 1.058964 0.000000
vt -0.100000 1.116707 0.000000
vt 0.100000 1.411952 0.000000
vt -0.100000 1.469695 0.000000
vt 0.100000 1.764940 0.000000
vt -0.100000 1.822683 0.000000
vt 0.100000 2.117928 0.000000
vt -0.100000 2.175671 0.000000
vt 0.100000 2.470916 0.000000
vt -0.100000 2.528659 0.000000
vt 0.100000 2.823904 0.000000
vt -0.100000 2.881647 0.000000
vt 0.100000 3.176891 0.000000
vt -0.100000 3.234635 0.000000
vt 0.100000 3.529879 0.000000
vt -0.100000 3.587623 0.000000
vt 0.100000 3.882867 0.000000
vt -0.100000 3.940611 0.000000
vt 0.100000 4.235855 0.000000
vt -0.100000 4.293599 0.000000
vt 0.100000 4.588843 0.000000
vt -0.100000 4.646587 0.000000
vt 0.100000 4.941831 0.000000
vt -0.100000 4.999575 0.000000
vt 0.100000 5.294819 0.000000
vt -0.100000 5.352562 0.000000
vt 0.100000 5.647807 0.000000
vt -0.100000 5.705550 0.000000
vt 0.100000 6.000795 0.000000
vt -0.100000 6.058538 0.000000
vt 0.100000 6.353783 0.000000
vt -0.100000 6.411526 0.000000
vt 0.100000 6.706771 0.000000
vt -0.100000 6.764514 0.000000
vt 0.100000 7.059759 0.000000
vt -0.100000 7.117502 0.000000
vt 0.100000 7.412747 0.000000
vt 2.356194 -6.753972 0.000000
vt 2.174949 -6.922390 0.000000
vt 2.356194 -7.136045 0.000000
vt 2.174949 -7.244361 0.000000
vt 2.356194 -7.518118 0.000000
vt 2.174949 -7.566333 0.000000
vt 2.356194 -7.900191 0.000000
vt 2.174949 -7.888304 0.000000
vt 2.174949 -8.210276 0.000000
vt 1.993703 -7.888304 0.000000
vt 1.993703 -8.210276 0.000000
vt 1.812457 -7.888304 0.000000
vt 1.812457 -8.210276 0.000000
vt 1.631212 -7.888304 0.000000
vt 1.631212 -8.210276 0.000000
vt 1.449966 -7.888304 0.000000
vt 1.449966 -8.210276 0.000000
vt 1.268720 -7.888304 0.000000
vt 1.268720 -8.210276 0.000000
vt 1.087474 -7.888304 0.000000
vt 1.087474 -8.210276 0.000000
vt 0.906229 -7.888304 0.000000
vt 0.906229 -8.210276 0.000000
vt 0.724983 -7.888304 0.000000
vt 0.724983 -8.210276 0.000000
vt 0.543737 -7.888304 0.000000
vt 0.543737 -8.210276 0.000000
vt 0.362491 -7.888304 0.000000
vt 0.362491 -8.210276 0.000000
vt 0.181246 -7.888304 0.000000
vt 0.181246 -8.210276 0.000000
vt 0.000000 -8.101960 0.000000
vt 0.000000 -8.423931 0.000000
vt 2.174949 -6.600418 0.000000
vt 2.356194 -6.371899 0.000000
vt 2.174949 -6.278446 0.000000
vt 2.356194 -5.989826 0.000000
vt 2.174949 -5.956475 0.000000
vt 2.356194 -5.607753 0.000000
vt 2.174949 -5.634503 0.000000
vt 2.174949 -5.312532 0.000000
vt 1.993703 -5.312532 0.000000
vt 1.993703 -4.990560 0.000000
vt 1.812457 -4.990560 0.000000
vt 1.812457 -4.668588 0.000000
vt 1.631212 -4.668588 0.000000
vt 1.631212 -4.346617 0.000000
vt 1.449966 -4.346617 0.000000
vt 1.449966 -4.024645 0.000000
vt 1.268720 -4.024645 0.000000
vt 1.268720 -3.702673 0.000000
vt 1.087474 -3.702673 0.000000
vt 1.087474 -3.380702 0.000000
vt 0.906229 -3.380702 0.000000
vt 0.906229 -3.058730 0.000000
vt 0.724983 -3.058730 0.000000
vt 0.724983 -2.736759 0.000000
vt 0.543737 -2.736759 0.000000
vt 0.543737 -2.414787 0.000000
vt 0.362491 -2.414787 0.000000
vt 0.362491 -2.092815 0.000000
vt 0.181246 -2.092815 0.000000
vt 0.181246 -1.770844 0.000000
vt -0.000000 -1.984499 0.000000
vt -0.000000 -1.662528 0.000000
vt 0.181246 -1.448872 0.000000
vt -0.000000 -1.340556 0.000000
vt 0.181246 -1.126901 0.000000
vt -0.000000 -1.018584 0.000000
vt 0.181246 -0.804929 0.000000
vt -0.000000 -0.696613 0.000000
vt 0.181246 -0.482957 0.000000
vt -0.000000 -0.374641 0.000000
vt 0.181246 -0.160986 0.000000
vt -0.000000 -0.052670 0.000000
vt 0.181246 0.160986 0.000000
vt -0.000000 0.269302 0.000000
vt 0.181246 0.482957 0.000000
vt -0.000000 0.591274 0.000000
vt 0.181246 0.804929 0.000000
vt -0.000000 0.913245 0.000000
vt 0.181246 1.126901 0.000000
vt -0.000000 1.235217 0.000000
vt 0.181246 1.448872 0.000000
vt -0.000000 1.557188 0.000000
vt 0.181246 1.770844 0.000000
vt -0.000000 1.879160 0.000000
vt 0.181246 2.092815 0.000000
vt -0.000000 2.201132 0.000000
vt 0.181246 2.414863 0.000000
vt -0.000000 2.523103 0.000000
vt 0.181246 2.736759 0.000000
vt -0.000000 2.845075 0.000000
vt 0.181246 3.058730 0.000000
vt -0.000000 3.167046 0.000000
vt 0.181246 3.380702 0.000000
vt -0.000000 3.489018 0.000000
vt 0.181246 3.702673 0.000000
vt -0.000000 3.810990 0.000000
vt 0.181246 4.024645 0.000000
vt -0.000000 4.132961 0.000000
vt 0.181246 4.346617 0.000000
vt -0.000000 4.454933 0.000000
vt 0.181246 4.668588 0.000000
vt -0.000000 4.776905 0.000000
vt 0.181246 4.990560 0.000000
vt -0.000000 5.098876 0.000000
vt 0.181246 5.312532 0.000000
vt -0.000000 5.420848 0.000000
vt 0.181246 5.634503 0.000000
vt -0.000000 5.742819 0.000000
vt 0.181246 5.956475 0.000000
vt -0.000000 6.064791 0.000000
vt 0.181246 6.278446 0.000000
vt -0.000000 6.386763 0.000000
vt 0.181246 6.600418 0.000000
vt -0.000000 6.708734 0.000000
vt 0.181246 6.922390 0.000000
vt -0.000000 7.030706 0.000000
vt 0.181246 7.244361 0.000000
vt 0.000000 7.352677 0.000000
vt 0.181246 7.566333 0.000000
vt 0.000000 7.674649 0.000000
vt 0.181246 7.888304 0.000000
vt 0.000000 7.996621 0.000000
vt 0.181246 8.210276 0.000000
vt 0.000000 8.318592 0.000000
vt 0.181246 8.532248 0.000000
vt 0.000000 8.640564 0.000000
vt 0.181246 8.854219 0.000000
vt 0.000000 8.962535 0.000000
vt 0.181246 9.176191 0.000000
vt 0.000000 9.284507 0.000000
vt 0.181246 9.498162 0.000000
vt 0.000000 9.606479 0.000000
vt 0.181246 9.820134 0.000000
vt 0.000000 9.928450 0.000000
vt 0.181246 10.142106 0.000000
vt 0.000000 10.250422 0.000000
vt 0.181246 10.464077 0.000000
vt 0.000000 10.572393 0.000000
vt 0.181246 10.786049 0.000000
vt 0.000000 10.894365 0.000000
vt 0.181246 11.108020 0.000000
vt 0.000000 11.216337 0.000000
vt 0.181246 11.429992 0.000000
vt 0.000000 11.538308 0.000000
vt 0.181246 11.751964 0.000000
vt 0.000000 11.860280 0.000000
vt 0.181246 12.073935 0.000000
vt 0.000000 12.182251 0.000000
vt 0.181246 12.395907 0.000000
vt 0.000000 12.504223 0.000000
vt 0.181246 12.717878 0.000000
vt 0.000000 12.826195 0.000000
vt 0.181246 13.039850 0.000000
vt 0.000000 13.148166 0.000000
vt 0.181246 13.361822 0.000000
vt 0.000000 13.470138 0.000000
vt 0.181246 13.683793 0.000000
vt 0.000000 13.792110 0.000000
vt 0.181246 14.005765 0.000000
vt 0.000000 14.114081 0.000000
vt 0.181246 14.327736 0.000000
vt 0.000000 14.436053 0.000000
vt 0.000000 -14.219420 0.000000
vt 0.181246 -14.327736 0.000000
vt 0.181246 -14.005765 0.000000
vt 0.000000 -13.897449 0.000000
vt 0.181246 -13.683793 0.000000
vt 0.000000 -13.575477 0.000000
vt 0.181246 -13.361822 0.000000
vt 0.000000 -13.253505 0.000000
vt 0.181246 -13.039850 0.000000
vt 0.000000 -12.931534 0.000000
vt 0.181246 -12.717878 0.000000
vt 0.000000 -12.609562 0.000000
vt 0.181246 -12.395907 0.000000
vt 0.000000 -12.287591 0.000000
vt 0.181246 -12.073935 0.000000
vt 0.000000 -11.965619 0.000000
vt 0.181246 -11.751964 0.000000
vt 0.000000 -11.643647 0.000000
vt 0.181246 -11.429992 0.000000
vt 0.000000 -11.321676 0.000000
vt 0.181246 -11.108020 0.000000
vt 0.000000 -10.999704 0.000000
vt 0.181246 -10.786049 0.000000
vt 0.000000 -10.677733 0.000000
vt 0.181246 -10.464077 0.000000
vt 0.000000 -10.355761 0.000000
vt 0.181246 -10.142106 0.000000
vt 0.000000 -10.033789 0.000000
vt 0.181246 -9.820134 0.000000
vt 0.000000 -9.711818 0.000000
vt 0.181246 -9.498162 0.000000
vt 0.000000 -9.389846 0.000000
vt 0.181246 -9.176191 0.000000
vt 0.000000 -9.067875 0.000000
vt 0.181246 -8.854219 0.000000
vt 0.000000 -8.745903 0.000000
vt 0.181246 -8.532248 0.000000
vt 2.356194 -5.225680 0.000000
vt 2.174949 -4.990560 0.000000
vt 1.993703 -4.668588 0.000000
vt 1.812457 -4.346617 0.000000
vt 1.631212 -4.024645 0.000000
vt 1.449966 -3.702673 0.000000
vt 1.268720 -3.380702 0.000000
vt 1.087474 -3.058730 0.000000
vt 0.906229 -2.736759 0.000000
vt 0.724983 -2.414787 0.000000
vt 0.543737 -2.092815 0.000000
vt 0.362491 -1.770844 0.000000
vt 2.356194 -4.843607 0.000000
vt 2.174949 -4.668588 0.000000
vt 1.993703 -4.346617 0.000000
vt 1.812457 -4.024645 0.000000
vt 1.631212 -3.702673 0.000000
vt 1.449966 -3.380702 0.000000
vt 1.268720 -3.058730 0.000000
vt 1.087474 -2.736759 0.000000
vt 0.906229 -2.414787 0.000000
vt 0.724983 -2.092815 0.000000
vt 0.543737 -1.770844 0.000000
vt 0.362491 -1.448872 0.000000
vt 2.356194 -4.461534 0.000000
vt 2.174949 -4.346617 0.000000
vt 1.993703 -4.024645 0.000000
vt 1.812457 -3.702673 0.000000
vt 1.631212 -3.380702 0.000000
vt 1.449966 -3.058730 0.000000
vt 1.268720 -2.736759 0.000000
vt 1.087474 -2.414787 0.000000
vt 0.906229 -2.092815 0.000000
vt 0.724983 -1.770844 0.000000
vt 0.543737 -1.448872 0.000000
vt 0.362491 -1.126901 0.000000
vt 2.356194 -4.079461 0.000000
vt 2.174949 -4.024645 0.000000
vt 1.993703 -3.702673 0.000000
vt 1.812457 -3.380702 0.000000
vt 1.631212 -3.058730 0.000000
vt 1.449966 -2.736759 0.000000
vt 1.268720 -2.414787 0.000000
vt 1.087474 -2.092815 0.000000
vt 0.906229 -1.770844 0.000000
vt 0.724983 -1.448872 0.000000
vt 0.543737 -1.126901 0.000000
vt 0.362491 -0.804929 0.000000
vt 2.356194 -3.697388 0.000000
vt 2.174949 -3.702673 0.000000
vt 1.993703 -3.380702 0.000000
vt 1.812457 -3.058730 0.000000
vt 1.631212 -2.736759 0.000000
vt 1.449966 -2.414787 0.000000
vt 1.268720 -2.092815 0.000000
vt 1.087474 -1.770844 0.000000
vt 0.906229 -1.448872 0.000000
vt 0.724983 -1.126901 0.000000
vt 0.543737 -0.804929 0.000000
vt 0.362491 -0.482957 0.000000
vt 2.174949 -3.380702 0.000000
vt 2.356194 -3.315315 0.000000
vt 2.174949 -3.058730 0.000000
vt 2.356194 -2.933242 0.000000
vt 2.174949 -2.736759 0.000000
vt 2.356194 -2.551169 0.000000
vt 2.174949 -2.414787 0.000000
vt 2.356194 -2.169096 0.000000
vt 2.174949 -2.092815 0.000000
vt 2.356194 -1.787023 0.000000
vt 2.174949 -1.770844 0.000000
vt 2.174949 -1.448872 0.000000
vt 1.993703 -1.448872 0.000000
vt 1.993703 -1.126901 0.000000
vt 1.812457 -1.126901 0.000000
vt 1.812457 -0.804929 0.000000
vt 1.631212 -0.804929 0.000000
vt 1.631212 -0.482957 0.000000
vt 1.449966 -0.482957 0.000000
vt 1.449966 -0.160986 0.000000
vt 1.268720 -0.160986 0.000000
vt 1.268720 0.160986 0.000000
vt 1.087474 0.160986 0.000000
vt 1.087474 0.482957 0.000000
vt 0.906229 0.482957 0.000000
vt 0.906229 0.804929 0.000000
vt 0.724983 0.804929 0.000000
vt 0.724983 1.126901 0.000000
vt 0.543737 1.126901 0.000000
vt 0.543737 1.448872 0.000000
vt 0.362491 1.448872 0.000000
vt 0.362491 1.770844 0.000000
vt 2.356194 -1.404950 0.000000
vt 2.174949 -1.126901 0.000000
vt 1.993703 -0.804929 0.000000
vt 1.812457 -0.482957 0.000000
vt 1.631212 -0.160986 0.000000
vt 1.449966 0.160986 0.000000
vt 1.268720 0.482957 0.000000
vt 1.087474 0.804929 0.000000
vt 0.906229 1.126901 0.000000
vt 0.724983 1.448872 0.000000
vt 0.543737 1.770844 0.000000
vt 0.362491 2.092815 0.000000
vt 2.356194 -1.022877 0.000000
vt 2.174949 -0.804929 0.000000
vt 1.993703 -0.482957 0.000000
vt 1.812457 -0.160986 0.000000
vt 1.631212 0.160986 0.000000
vt 1.449966 0.482957 0.000000
vt 1.268720 0.804929 0.000000
vt 1.087474 1.126901 0.000000
vt 0.906229 1.448872 0.000000
vt 0.724983 1.770844 0.000000
vt 0.543737 2.092815 0.000000
vt 0.362491 2.414940 0.000000
vt 2.356194 -0.640804 0.000000
vt 2.174949 -0.482957 0.000000
vt 1.993703 -0.160986 0.000000
vt 1.812457 0.160986 0.000000
vt 1.631212 0.482957 0.000000
vt 1.449966 0.804929 0.000000
vt 1.268720 1.126901 0.000000
vt 1.087474 1.448872 0.000000
vt 0.906229 1.770844 0.000000
vt 0.724983 2.092815 0.000000
vt 0.543737 2.415016 0.000000
vt 0.362491 2.736759 0.000000
vt 2.356194 -0.258731 0.000000
vt 2.174949 -0.160986 0.000000
vt 1.993703 0.160986 0.000000
vt 1.812457 0.482957 0.000000
vt 1.631212 0.804929 0.000000
vt 1.449966 1.126901 0.000000
vt 1.268720 1.448872 0.000000
vt 1.087474 1.770844 0.000000
vt 0.906229 2.092815 0.000000
vt 0.724983 2.415092 0.000000
vt 0.543737 2.736759 0.000000
vt 0.362491 3.058730 0.000000
vt 2.356194 0.123342 0.000000
vt 2.174949 0.160986 0.000000
vt 1.993703 0.482957 0.000000
vt 1.812457 0.804929 0.000000
vt 1.631212 1.126901 0.000000
vt 1.449966 1.448872 0.000000
vt 1.268720 1.770844 0.000000
vt 1.087474 2.092815 0.000000
vt 0.906229 2.415169 0.000000
vt 0.724983 2.736759 0.000000
vt 0.543737 3.058730 0.000000
vt 0.362491 3.380702 0.000000
vt 2.356194 0.505415 0.000000
vt 2.174949 0.482957 0.000000
vt 1.993703 0.804929 0.000000
vt 1.812457 1.126901 0.000000
vt 1.631212 1.448872 0.000000
vt 1.449966 1.770844 0.000000
vt 1.268720 2.092815 0.000000
vt 1.087474 2.415245 0.000000
vt 0.906229 2.736759 0.000000
vt 0.724983 3.058730 0.000000
vt 0.543737 3.380702 0.000000
vt 0.362491 3.702673 0.000000
vt 2.174949 0.804929 0.000000
vt 2.356194 0.887488 0.000000
vt 2.174949 1.126901 0.000000
vt 2.356194 1.269560 0.000000
vt 2.174949 1.448872 0.000000
vt 2.356194 1.651633 0.000000
vt 2.174949 1.770844 0.000000
vt 2.356194 2.033706 0.000000
vt 2.174949 2.092815 0.000000
vt 2.356194 2.415779 0.000000
vt 2.174949 2.415703 0.000000
vt 2.174949 2.736759 0.000000
vt 1.993703 2.736759 0.000000
vt 1.993703 3.058730 0.000000
vt 1.812457 3.058730 0.000000
vt 1.812457 3.380702 0.000000
vt 1.631212 3.380702 0.000000
vt 1.631212 3.702673 0.000000
vt 1.449966 3.702673 0.000000
vt 1.449966 4.024645 0.000000
vt 1.268720 4.024645 0.000000
vt 1.268720 4.346617 0.000000
vt 1.087474 4.346617 0.000000
vt 1.087474 4.668588 0.000000
vt 0.906229 4.668588 0.000000
vt 0.906229 4.990560 0.000000
vt 0.724983 4.990560 0.000000
vt 0.724983 5.312532 0.000000
vt 0.543737 5.312532 0.000000
vt 0.543737 5.634503 0.000000
vt 0.362491 5.634503 0.000000
vt 0.362491 5.956475 0.000000
vt 2.356194 2.797852 0.000000
vt 2.174949 3.058730 0.000000
vt 1.993703 3.380702 0.000000
vt 1.812457 3.702673 0.000000
vt 1.631212 4.024645 0.000000
vt 1.449966 4.346617 0.000000
vt 1.268720 4.668588 0.000000
vt 1.087474 4.990560 0.000000
vt 0.906229 5.312532 0.000000
vt 0.724983 5.634503 0.000000
vt 0.543737 5.956475 0.000000
vt 0.362491 6.278446 0.000000
vt 2.356194 3.179925 0.000000
vt 2.174949 3.380702 0.000000
vt 1.993703 3.702673 0.000000
vt 1.812457 4.024645 0.000000
vt 1.631212 4.346617 0.000000
vt 1.449966 4.668588 0.000000
vt 1.268720 4.990560 0.000000
vt 1.087474 5.312532 0.000000
vt 0.906229 5.634503 0.000000
vt 0.724983 5.956475 0.000000
vt 0.543737 6.278446 0.000000
vt 0.362491 6.600418 0.000000
vt 2.356194 3.561998 0.000000
vt 2.174949 3.702673 0.000000
vt 1.993703 4.024645 0.000000
vt 1.812457 4.346617 0.000000
vt 1.631212 4.668588 0.000000
vt 1.449966 4.990560 0.000000
vt 1.268720 5.312532 0.000000
vt 1.087474 5.634503 0.000000
vt 0.906229 5.956475 0.000000
vt 0.724983 6.278446 0.000000
vt 0.543737 6.600418 0.000000
vt 0.362491 6.922390 0.000000
vt 2.356194 3.944071 0.000000
vt 2.174949 4.024645 0.000000
vt 1.993703 4.346617 0.000000
vt 1.812457 4.668588 0.000000
vt 1.631212 4.990560 0.000000
vt 1.449966 5.312532 0.000000
vt 1.268720 5.634503 0.000000
vt 1.087474 5.956475 0.000000
vt 0.906229 6.278446 0.000000
vt 0.724983 6.600418 0.000000
vt 0.543737 6.922390 0.000000
vt 0.362491 7.244361 0.000000
vt 2.356194 4.326144 0.000000
vt 2.174949 4.346617 0.000000
vt 1.993703 4.668588 0.000000
vt 1.812457 4.990560 0.000000
vt 1.631212 5.312532 0.000000
vt 1.449966 5.634503 0.000000
vt 1.268720 5.956475 0.000000
vt 1.087474 6.278446 0.000000
vt 0.906229 6.600418 0.000000
vt 0.724983 6.922390 0.000000
vt 0.543737 7.244361 0.000000
vt 0.362491 7.566333 0.000000
vt 2.174949 4.668588 0.000000
vt 2.356194 4.708217 0.000000
vt 2.174949 4.990560 0.000000
vt 2.356194 5.090290 0.000000
vt 2.174949 5.312532 0.000000
vt 2.356194 5.472363 0.000000
vt 2.174949 5.634503 0.000000
vt 2.356194 5.854436 0.000000
vt 2.174949 5.956475 0.000000
vt 2.356194 6.236509 0.000000
vt 2.174949 6.278446 0.000000
vt 2.356194 6.618582 0.000000
vt 2.174949 6.600418 0.000000
vt 2.174949 6.922390 0.000000
vt 1.993703 6.922390 0.000000
vt 1.993703 7.244361 0.000000
vt 1.812457 7.244361 0.000000
vt 1.812457 7.566333 0.000000
vt 1.631212 7.566333 0.000000
vt 1.631212 7.888304 0.000000
vt 1.449966 7.888304 0.000000
vt 1.449966 8.210276 0.000000
vt 1.268720 8.210276 0.000000
vt 1.268720 8.532248 0.000000
vt 1.087474 8.532248 0.000000
vt 1.087474 8.854219 0.000000
vt 0.906229 8.854219 0.000000
vt 0.906229 9.176191 0.000000
vt 0.724983 9.176191 0.000000
vt 0.724983 9.498162 0.000000
vt 0.543737 9.498162 0.000000
vt 0.543737 9.820134 0.000000
vt 0.362491 9.820134 0.000000
vt 0.362491 10.142106 0.000000
vt 2.356194 7.000655 0.000000
vt 2.174949 7.244361 0.000000
vt 1.993703 7.566333 0.000000
vt 1.812457 7.888304 0.000000
vt 1.631212 8.210276 0.000000
vt 1.449966 8.532248 0.000000
vt 1.268720 8.854219 0.000000
vt 1.087474 9.176191 0.000000
vt 0.906229 9.498162 0.000000
vt 0.724983 9.820134 0.000000
vt 0.543737 10.142106 0.000000
vt 0.362491 10.464077 0.000000
vt 2.356194 7.382728 0.000000
vt 2.174949 7.566333 0.000000
vt 1.993703 7.888304 0.000000
vt 1.812457 8.210276 0.000000
vt 1.631212 8.532248 0.000000
vt 1.449966 8.854219 0.000000
vt 1.268720 9.176191 0.000000
vt 1.087474 9.498162 0.000000
vt 0.906229 9.820134 0.000000
vt 0.724983 10.142106 0.000000
vt 0.543737 10.464077 0.000000
vt 0.362491 10.786049 0.000000
vt 2.356194 7.764801 0.000000
vt 2.174949 7.888304 0.000000
vt 1.993703 8.210276 0.000000
vt 1.812457 8.532248 0.000000
vt 1.631212 8.854219 0.000000
vt 1.449966 9.176191 0.000000
vt 1.268720 9.498162 0.000000
vt 1.087474 9.820134 0.000000
vt 0.906229 10.142106 0.000000
vt 0.724983 10.464077 0.000000
vt 0.543737 10.786049 0.000000
vt 0.362491 11.108020 0.000000
vt 2.356194 8.146874 0.000000
vt 2.174949 8.210276 0.000000
vt 1.993703 8.532248 0.000000
vt 1.812457 8.854219 0.000000
vt 1.631212 9.176191 0.000000
vt 1.449966 9.498162 0.000000
vt 1.268720 9.820134 0.000000
vt 1.087474 10.142106 0.000000
vt 0.906229 10.464077 0.000000
vt 0.724983 10.786049 0.000000
vt 0.543737 11.108020 0.000000
vt 0.362491 11.429992 0.000000
vt 2.356194 8.528947 0.000000
vt 2.174949 8.532248 0.000000
vt 1.993703 8.854219 0.000000
vt 1.812457 9.176191 0.000000
vt 1.631212 9.498162 0.000000
vt 1.449966 9.820134 0.000000
vt 1.268720 10.142106 0.000000
vt 1.087474 10.464077 0.000000
vt 0.906229 10.786049 0.000000
vt 0.724983 11.108020 0.000000
vt 0.543737 11.429992 0.000000
vt 0.362491 11.751964 0.000000
vt 2.174949 8.854219 0.000000
vt 2.356194 8.911020 0.000000
vt 2.174949 9.176191 0.000000
vt 2.356194 9.293093 0.000000
vt 2.174949 9.498162 0.000000
vt 2.356194 9.675166 0.000000
vt 2.174949 9.820134 0.000000
vt 2.356194 10.057239 0.000000
vt 2.174949 10.142106 0.000000
vt 2.356194 10.439312 0.000000
vt 2.174949 10.464077 0.000000
vt 2.174949 10.786049 0.000000
vt 1.993703 10.786049 0.000000
vt 1.993703 11.108020 0.000000
vt 1.812457 11.108020 0.000000
vt 1.812457 11.429992 0.000000
vt 1.631212 11.429992 0.000000
vt 1.631212 11.751964 0.000000
vt 1.449966 11.751964 0.000000
vt 1.449966 12.073935 0.000000
vt 1.268720 12.073935 0.000000
vt 1.268720 12.395907 0.000000
vt 1.087474 12.395907 0.000000
vt 1.087474 12.717878 0.000000
vt 0.906229 12.717878 0.000000
vt 0.906229 13.039850 0.000000
vt 0.724983 13.039850 0.000000
vt 0.724983 13.361822 0.000000
vt 0.543737 13.361822 0.000000
vt 0.543737 13.683793 0.000000
vt 0.362491 13.683793 0.000000
vt 0.362491 14.005765 0.000000
vt 2.356194 10.821385 0.000000
vt 2.174949 11.108020 0.000000
vt 1.993703 11.429992 0.000000
vt 1.812457 11.751964 0.000000
vt 1.631212 12.073935 0.000000
vt 1.449966 12.395907 0.000000
vt 1.268720 12.717878 0.000000
vt 1.087474 13.039850 0.000000
vt 0.906229 13.361822 0.000000
vt 0.724983 13.683793 0.000000
vt 0.543737 14.005765 0.000000
vt 0.362491 14.327736 0.000000
vt 0.362491 -14.327736 0.000000
vt 2.356194 11.203458 0.000000
vt 2.174949 11.429992 0.000000
vt 1.993703 11.751964 0.000000
vt 1.812457 12.073935 0.000000
vt 1.631212 12.395907 0.000000
vt 1.449966 12.717878 0.000000
vt 1.268720 13.039850 0.000000
vt 1.087474 13.361822 0.000000
vt 0.906229 13.683793 0.000000
vt 0.724983 14.005765 0.000000
vt 0.543737 14.327736 0.000000
vt 0.543737 -14.327736 0.000000
vt 0.362491 -14.005765 0.000000
vt 2.356194 11.585531 0.000000
vt 2.174949 11.751964 0.000000
vt 1.993703 12.073935 0.000000
vt 1.812457 12.395907 0.000000
vt 1.631212 12.717878 0.000000
vt 1.449966 13.039850 0.000000
vt 1.268720 13.361822 0.000000
vt 1.087474 13.683793 0.000000
vt 0.906229 14.005765 0.000000
vt 0.724983 14.327736 0.000000
vt 0.724983 -14.327736 0.000000
vt 0.543737 -14.005765 0.000000
vt 0.362491 -13.683793 0.000000
vt 2.356194 11.967604 0.000000
vt 2.174949 12.073935 0.000000
vt 1.993703 12.395907 0.000000
vt 1.812457 12.717878 0.000000
vt 1.631212 13.039850 0.000000
vt 1.449966 13.361822 0.000000
vt 1.268720 13.683793 0.000000
vt 1.087474 14.005765 0.000000
vt 0.906229 14.327736 0.000000
vt 0.906229 -14.327736 0.000000
vt 0.724983 -14.005765 0.000000
vt 0.543737 -13.683793 0.000000
vt 0.362491 -13.361822 0.000000
vt 2.356194 12.349677 0.000000
vt 2.174949 12.395907 0.000000
vt 1.993703 12.717878 0.000000
vt 1.812457 13.039850 0.000000
vt 1.631212 13.361822 0.000000
vt 1.449966 13.683793 0.000000
vt 1.268720 14.005765 0.000000
vt 1.087474 14.327736 0.000000
vt 1.087474 -14.327736 0.000000
vt 0.906229 -14.005765 0.000000
vt 0.724983 -13.683793 0.000000
vt 0.543737 -13.361822 0.000000
vt 0.362491 -13.039850 0.000000
vt 2.356194 12.731750 0.000000
vt 2.174949 12.717878 0.000000
vt 1.993703 13.039850 0.000000
vt 1.812457 13.361822 0.000000
vt 1.631212 13.683793 0.000000
vt 1.449966 14.005765 0.000000
vt 1.268720 14.327736 0.000000
vt 1.268720 -14.327736 0.000000
vt 1.087474 -14.005765 0.000000
vt 0.906229 -13.683793 0.000000
vt 0.724983 -13.361822 0.000000
vt 0.543737 -13.039850 0.000000
vt 0.362491 -12.717878 0.000000
vt 2.174949 13.039850 0.000000
vt 2.356194 13.113823 0.000000
vt 2.174949 13.361822 0.000000
vt 2.356194 13.495896 0.000000
vt 2.174949 13.683793 0.000000
vt 2.356194 13.877969 0.000000
vt 2.174949 14.005765 0.000000
vt 2.356194 14.260042 0.000000
vt 2.174949 14.327736 0.000000
vt 2.174949 -14.327736 0.000000
vt 2.356194 -14.395431 0.000000
vt 2.356194 -14.013358 0.000000
vt 2.174949 -14.005765 0.000000
vt 2.174949 -13.683793 0.000000
vt 1.993703 -13.683793 0.000000
vt 1.993703 -13.361822 0.000000
vt 1.812457 -13.361822 0.000000
vt 1.812457 -13.039850 0.000000
vt 1.631212 -13.039850 0.000000
vt 1.631212 -12.717878 0.000000
vt 1.449966 -12.717878 0.000000
vt 1.449966 -12.395907 0.000000
vt 1.268720 -12.395907 0.000000
vt 1.268720 -12.073935 0.000000
vt 1.087474 -12.073935 0.000000
vt 1.087474 -11.751964 0.000000
vt 0.906229 -11.751964 0.000000
vt 0.906229 -11.429992 0.000000
vt 0.724983 -11.429992 0.000000
vt 0.724983 -11.108020 0.000000
vt 0.543737 -11.108020 0.000000
vt 0.543737 -10.786049 0.000000
vt 0.362491 -10.786049 0.000000
vt 0.362491 -10.464077 0.000000
vt 2.356194 -13.631285 0.000000
vt 2.174949 -13.361822 0.000000
vt 1.993703 -13.039850 0.000000
vt 1.812457 -12.717878 0.000000
vt 1.631212 -12.395907 0.000000
vt 1.449966 -12.073935 0.000000
vt 1.268720 -11.751964 0.000000
vt 1.087474 -11.429992 0.000000
vt 0.906229 -11.108020 0.000000
vt 0.724983 -10.786049 0.000000
vt 0.543737 -10.464077 0.000000
vt 0.362491 -10.142106 0.000000
vt 2.356194 -13.249212 0.000000
vt 2.174949 -13.039850 0.000000
vt 1.993703 -12.717878 0.000000
vt 1.812457 -12.395907 0.000000
vt 1.631212 -12.073935 0.000000
vt 1.449966 -11.751964 0.000000
vt 1.268720 -11.429992 0.000000
vt 1.087474 -11.108020 0.000000
vt 0.906229 -10.786049 0.000000
vt 0.724983 -10.464077 0.000000
vt 0.543737 -10.142106 0.000000
vt 0.362491 -9.820134 0.000000
vt 2.356194 -12.867140 0.000000
vt 2.174949 -12.717878 0.000000
vt 1.993703 -12.395907 0.000000
vt 1.812457 -12.073935 0.000000
vt 1.631212 -11.751964 0.000000
vt 1.449966 -11.429992 0.000000
vt 1.268720 -11.108020 0.000000
vt 1.087474 -10.786049 0.000000
vt 0.906229 -10.464077 0.000000
vt 0.724983 -10.142106 0.000000
vt 0.543737 -9.820134 0.000000
vt 0.362491 -9.498162 0.000000
vt 2.356194 -12.485067 0.000000
vt 2.174949 -12.395907 0.000000
vt 1.993703 -12.073935 0.000000
vt 1.812457 -11.751964 0.000000
vt 1.631212 -11.429992 0.000000
vt 1.449966 -11.108020 0.000000
vt 1.268720 -10.786049 0.000000
vt 1.087474 -10.464077 0.000000
vt 0.906229 -10.142106 0.000000
vt 0.724983 -9.820134 0.000000
vt 0.543737 -9.498162 0.000000
vt 0.362491 -9.176191 0.000000
vt 2.356194 -12.102994 0.000000
vt 2.174949 -12.073935 0.000000
vt 1.993703 -11.751964 0.000000
vt 1.812457 -11.429992 0.000000
vt 1.631212 -11.108020 0.000000
vt 1.449966 -10.786049 0.000000
vt 1.268720 -10.464077 0.000000
vt 1.087474 -10.142106 0.000000
vt 0.906229 -9.820134 0.000000
vt 0.724983 -9.498162 0.000000
vt 0.543737 -9.176191 0.000000
vt 0.362491 -8.854219 0.000000
vt 2.174949 -11.751964 0.000000
vt 2.356194 -11.720921 0.000000
vt 2.174949 -11.429992 0.000000
vt 2.356194 -11.338848 0.000000
vt 2.174949 -11.108020 0.000000
vt 2.356194 -10.956775 0.000000
vt 2.174949 -10.786049 0.000000
vt 2.356194 -10.574702 0.000000
vt 2.174949 -10.464077 0.000000
vt 2.356194 -10.192629 0.000000
vt 2.174949 -10.142106 0.000000
vt 2.356194 -9.810556 0.000000
vt 2.174949 -9.820134 0.000000
vt 2.174949 -9.498162 0.000000
vt 1.993703 -9.498162 0.000000
vt 1.993703 -9.176191 0.000000
vt 1.812457 -9.176191 0.000000
vt 1.812457 -8.854219 0.000000
vt 1.631212 -8.854219 0.000000
vt 1.631212 -8.532248 0.000000
vt 1.449966 -8.532248 0.000000
vt 2.356194 -9.428483 0.000000
vt 2.174949 -9.176191 0.000000
vt 1.993703 -8.854219 0.000000
vt 1.812457 -8.532248 0.000000
vt 2.356194 -9.046410 0.000000
vt 2.174949 -8.854219 0.000000
vt 1.993703 -8.532248 0.000000
vt 2.356194 -8.664337 0.000000
vt 2.174949 -8.532248 0.000000
vt 2.356194 -8.282264 0.000000
vt 0.000000 -7.458017 0.000000
vt 0.181246 -7.244361 0.000000
vt 0.000000 -7.136045 0.000000
vt 0.181246 -6.922390 0.000000
vt -0.000000 -6.814073 0.000000
vt 0.181246 -6.600418 0.000000
vt -0.000000 -6.492102 0.000000
vt 0.181246 -6.278446 0.000000
vt -0.000000 -6.170130 0.000000
vt 0.181246 -5.956475 0.000000
vt -0.000000 -5.848158 0.000000
vt 0.181246 -5.634503 0.000000
vt -0.000000 -5.526187 0.000000
vt 0.181246 -5.312532 0.000000
vt -0.000000 -5.204215 0.000000
vt 0.181246 -4.990560 0.000000
vt -0.000000 -4.882244 0.000000
vt 0.181246 -4.668588 0.000000
vt -0.000000 -4.560272 0.000000
vt 0.181246 -4.346617 0.000000
vt -0.000000 -4.238300 0.000000
vt 0.181246 -4.024645 0.000000
vt -0.000000 -3.916329 0.000000
vt 0.181246 -3.702673 0.000000
vt -0.000000 -3.594357 0.000000
vt 0.181246 -3.380702 0.000000
vt -0.000000 -3.272386 0.000000
vt 0.181246 -3.058730 0.000000
vt -0.000000 -2.950414 0.000000
vt 0.181246 -2.736759 0.000000
vt -0.000000 -2.628442 0.000000
vt 0.181246 -2.414787 0.000000
vt -0.000000 -2.306471 0.000000
vt 0.181246 -7.566333 0.000000
vt 0.000000 -7.779988 0.000000
vt 1.993703 14.327736 0.000000
vt 1.993703 14.005765 0.000000
vt 1.993703 13.683793 0.000000
vt 1.993703 13.361822 0.000000
vt 1.812457 14.327736 0.000000
vt 1.812457 14.005765 0.000000
vt 1.812457 13.683793 0.000000
vt 1.993703 -14.327736 0.000000
vt 1.993703 -14.005765 0.000000
vt 1.631212 14.327736 0.000000
vt 1.631212 14.005765 0.000000
vt 1.812457 -14.327736 0.000000
vt 1.812457 -14.005765 0.000000
vt 1.812457 -13.683793 0.000000
vt 1.449966 14.327736 0.000000
vt 1.631212 -14.327736 0.000000
vt 1.631212 -14.005765 0.000000
vt 1.631212 -13.683793 0.000000
vt 1.631212 -13.361822 0.000000
vt 1.449966 -14.327736 0.000000
vt 1.268720 -14.005765 0.000000
vt 1.087474 -13.683793 0.000000
vt 0.906229 -13.361822 0.000000
vt 0.724983 -13.039850 0.000000
vt 0.543737 -12.717878 0.000000
vt 0.362491 -12.395907 0.000000
vt 1.449966 -14.005765 0.000000
vt 1.449966 -13.683793 0.000000
vt 1.449966 -13.361822 0.000000
vt 1.449966 -13.039850 0.000000
vt 1.993703 -6.922390 0.000000
vt 1.993703 -7.244361 0.000000
vt 1.993703 -7.566333 0.000000
vt 1.812457 -6.922390 0.000000
vt 1.812457 -7.244361 0.000000
vt 1.812457 -7.566333 0.000000
vt 1.993703 -6.600418 0.000000
vt 1.993703 -6.278446 0.000000
vt 1.993703 -5.956475 0.000000
vt 1.993703 -5.634503 0.000000
vt 1.631212 -6.922390 0.000000
vt 1.631212 -7.244361 0.000000
vt 1.631212 -7.566333 0.000000
vt 1.812457 -6.600418 0.000000
vt 1.812457 -6.278446 0.000000
vt 1.812457 -5.956475 0.000000
vt 1.812457 -5.634503 0.000000
vt 1.812457 -5.312532 0.000000
vt 1.449966 -6.922390 0.000000
vt 1.449966 -7.244361 0.000000
vt 1.449966 -7.566333 0.000000
vt 1.631212 -6.600418 0.000000
vt 1.631212 -6.278446 0.000000
vt 1.631212 -5.956475 0.000000
vt 1.631212 -5.634503 0.000000
vt 1.631212 -5.312532 0.000000
vt 1.631212 -4.990560 0.000000
vt 1.268720 -6.922390 0.000000
vt 1.268720 -7.244361 0.000000
vt 1.268720 -7.566333 0.000000
vt 1.449966 -6.600418 0.000000
vt 1.449966 -6.278446 0.000000
vt 1.449966 -5.956475 0.000000
vt 1.449966 -5.634503 0.000000
vt 1.449966 -5.312532 0.000000
vt 1.449966 -4.990560 0.000000
vt 1.449966 -4.668588 0.000000
vt 1.087474 -6.922390 0.000000
vt 1.087474 -7.244361 0.000000
vt 1.087474 -7.566333 0.000000
vt 1.268720 -6.600418 0.000000
vt 1.268720 -6.278446 0.000000
vt 1.268720 -5.956475 0.000000
vt 1.268720 -5.634503 0.000000
vt 1.268720 -5.312532 0.000000
vt 1.268720 -4.990560 0.000000
vt 1.268720 -4.668588 0.000000
vt 1.268720 -4.346617 0.000000
vt 0.906229 -6.922390 0.000000
vt 0.906229 -7.244361 0.000000
vt 0.906229 -7.566333 0.000000
vt 1.087474 -6.600418 0.000000
vt 1.087474 -6.278446 0.000000
vt 1.087474 -5.956475 0.000000
vt 1.087474 -5.634503 0.000000
vt 1.087474 -5.312532 0.000000
vt 1.087474 -4.990560 0.000000
vt 1.087474 -4.668588 0.000000
vt 1.087474 -4.346617 0.000000
vt 1.087474 -4.024645 0.000000
vt 0.724983 -6.922390 0.000000
vt 0.724983 -7.244361 0.000000
vt 0.724983 -7.566333 0.000000
vt 0.906229 -6.600418 0.000000
vt 0.906229 -6.278446 0.000000
vt 0.906229 -5.956475 0.000000
vt 0.906229 -5.634503 0.000000
vt 0.906229 -5.312532 0.000000
vt 0.906229 -4.990560 0.000000
vt 0.906229 -4.668588 0.000000
vt 0.906229 -4.346617 0.000000
vt 0.906229 -4.024645 0.000000
vt 0.906229 -3.702673 0.000000
vt 0.543737 -6.922390 0.000000
vt 0.543737 -7.244361 0.000000
vt 0.543737 -7.566333 0.000000
vt 0.724983 -6.600418 0.000000
vt 0.724983 -6.278446 0.000000
vt 0.724983 -5.956475 0.000000
vt 0.724983 -5.634503 0.000000
vt 0.724983 -5.312532 0.000000
vt 0.724983 -4.990560 0.000000
vt 0.724983 -4.668588 0.000000
vt 0.724983 -4.346617 0.000000
vt 0.724983 -4.024645 0.000000
vt 0.724983 -3.702673 0.000000
vt 0.724983 -3.380702 0.000000
vt 0.362491 -6.922390 0.000000
vt 0.362491 -7.244361 0.000000
vt 0.362491 -7.566333 0.000000
vt 0.543737 -6.600418 0.000000
vt 0.543737 -6.278446 0.000000
vt 0.543737 -5.956475 0.000000
vt 0.543737 -5.634503 0.000000
vt 0.543737 -5.312532 0.000000
vt 0.543737 -4.990560 0.000000
vt 0.543737 -4.668588 0.000000
vt 0.543737 -4.346617 0.000000
vt 0.543737 -4.024645 0.000000
vt 0.543737 -3.702673 0.000000
vt 0.543737 -3.380702 0.000000
vt 0.543737 -3.058730 0.000000
vt 0.362491 -6.600418 0.000000
vt 0.362491 -6.278446 0.000000
vt 0.362491 -5.956475 0.000000
vt 0.362491 -5.634503 0.000000
vt 0.362491 -5.312532 0.000000
vt 0.362491 -4.990560 0.000000
vt 0.362491 -4.668588 0.000000
vt 0.362491 -4.346617 0.000000
vt 0.362491 -4.024645 0.000000
vt 0.362491 -3.702673 0.000000
vt 0.362491 -3.380702 0.000000
vt 0.362491 -3.058730 0.000000
vt 0.362491 -2.736759 0.000000
vt 1.993703 -3.058730 0.000000
vt 1.812457 -2.736759 0.000000
vt 1.631212 -2.414787 0.000000
vt 1.449966 -2.092815 0.000000
vt 1.268720 -1.770844 0.000000
vt 1.087474 -1.448872 0.000000
vt 0.906229 -1.126901 0.000000
vt 0.724983 -0.804929 0.000000
vt 0.543737 -0.482957 0.000000
vt 0.362491 -0.160986 0.000000
vt 1.993703 -2.736759 0.000000
vt 1.812457 -2.414787 0.000000
vt 1.631212 -2.092815 0.000000
vt 1.449966 -1.770844 0.000000
vt 1.268720 -1.448872 0.000000
vt 1.087474 -1.126901 0.000000
vt 0.906229 -0.804929 0.000000
vt 0.724983 -0.482957 0.000000
vt 0.543737 -0.160986 0.000000
vt 0.362491 0.160986 0.000000
vt 1.993703 -2.414787 0.000000
vt 1.812457 -2.092815 0.000000
vt 1.631212 -1.770844 0.000000
vt 1.449966 -1.448872 0.000000
vt 1.268720 -1.126901 0.000000
vt 1.087474 -0.804929 0.000000
vt 0.906229 -0.482957 0.000000
vt 0.724983 -0.160986 0.000000
vt 0.543737 0.160986 0.000000
vt 0.362491 0.482957 0.000000
vt 1.993703 -2.092815 0.000000
vt 1.812457 -1.770844 0.000000
vt 1.631212 -1.448872 0.000000
vt 1.449966 -1.126901 0.000000
vt 1.268720 -0.804929 0.000000
vt 1.087474 -0.482957 0.000000
vt 0.906229 -0.160986 0.000000
vt 0.724983 0.160986 0.000000
vt 0.543737 0.482957 0.000000
vt 0.362491 0.804929 0.000000
vt 1.993703 -1.770844 0.000000
vt 1.812457 -1.448872 0.000000
vt 1.631212 -1.126901 0.000000
vt 1.449966 -0.804929 0.000000
vt 1.268720 -0.482957 0.000000
vt 1.087474 -0.160986 0.000000
vt 0.906229 0.160986 0.000000
vt 0.724983 0.482957 0.000000
vt 0.543737 0.804929 0.000000
vt 0.362491 1.126901 0.000000
vt 1.993703 1.126901 0.000000
vt 1.812457 1.448872 0.000000
vt 1.631212 1.770844 0.000000
vt 1.449966 2.092815 0.000000
vt 1.268720 2.415321 0.000000
vt 1.087474 2.736759 0.000000
vt 0.906229 3.058730 0.000000
vt 0.724983 3.380702 0.000000
vt 0.543737 3.702673 0.000000
vt 0.362491 4.024645 0.000000
vt 1.993703 1.448872 0.000000
vt 1.812457 1.770844 0.000000
vt 1.631212 2.092815 0.000000
vt 1.449966 2.415398 0.000000
vt 1.268720 2.736759 0.000000
vt 1.087474 3.058730 0.000000
vt 0.906229 3.380702 0.000000
vt 0.724983 3.702673 0.000000
vt 0.543737 4.024645 0.000000
vt 0.362491 4.346617 0.000000
vt 1.993703 1.770844 0.000000
vt 1.812457 2.092815 0.000000
vt 1.631212 2.415474 0.000000
vt 1.449966 2.736759 0.000000
vt 1.268720 3.058730 0.000000
vt 1.087474 3.380702 0.000000
vt 0.906229 3.702673 0.000000
vt 0.724983 4.024645 0.000000
vt 0.543737 4.346617 0.000000
vt 0.362491 4.668588 0.000000
vt 1.993703 2.092815 0.000000
vt 1.812457 2.415550 0.000000
vt 1.631212 2.736759 0.000000
vt 1.449966 3.058730 0.000000
vt 1.268720 3.380702 0.000000
vt 1.087474 3.702673 0.000000
vt 0.906229 4.024645 0.000000
vt 0.724983 4.346617 0.000000
vt 0.543737 4.668588 0.000000
vt 0.362491 4.990560 0.000000
vt 1.993703 2.415627 0.000000
vt 1.812457 2.736759 0.000000
vt 1.631212 3.058730 0.000000
vt 1.449966 3.380702 0.000000
vt 1.268720 3.702673 0.000000
vt 1.087474 4.024645 0.000000
vt 0.906229 4.346617 0.000000
vt 0.724983 4.668588 0.000000
vt 0.543737 4.990560 0.000000
vt 0.362491 5.312532 0.000000
vt 1.993703 4.990560 0.000000
vt 1.812457 5.312532 0.000000
vt 1.631212 5.634503 0.000000
vt 1.449966 5.956475 0.000000
vt 1.268720 6.278446 0.000000
vt 1.087474 6.600418 0.000000
vt 0.906229 6.922390 0.000000
vt 0.724983 7.244361 0.000000
vt 0.543737 7.566333 0.000000
vt 0.362491 7.888304 0.000000
vt 1.993703 5.312532 0.000000
vt 1.993703 5.634503 0.000000
vt 1.993703 5.956475 0.000000
vt 1.993703 6.278446 0.000000
vt 1.993703 6.600418 0.000000
vt 1.812457 5.634503 0.000000
vt 1.631212 5.956475 0.000000
vt 1.449966 6.278446 0.000000
vt 1.268720 6.600418 0.000000
vt 1.087474 6.922390 0.000000
vt 0.906229 7.244361 0.000000
vt 0.724983 7.566333 0.000000
vt 0.543737 7.888304 0.000000
vt 0.362491 8.210276 0.000000
vt 1.812457 5.956475 0.000000
vt 1.812457 6.278446 0.000000
vt 1.812457 6.600418 0.000000
vt 1.812457 6.922390 0.000000
vt 1.631212 6.278446 0.000000
vt 1.449966 6.600418 0.000000
vt 1.268720 6.922390 0.000000
vt 1.087474 7.244361 0.000000
vt 0.906229 7.566333 0.000000
vt 0.724983 7.888304 0.000000
vt 0.543737 8.210276 0.000000
vt 0.362491 8.532248 0.000000
vt 1.631212 6.600418 0.000000
vt 1.631212 6.922390 0.000000
vt 1.631212 7.244361 0.000000
vt 1.449966 6.922390 0.000000
vt 1.268720 7.244361 0.000000
vt 1.087474 7.566333 0.000000
vt 0.906229 7.888304 0.000000
vt 0.724983 8.210276 0.000000
vt 0.543737 8.532248 0.000000
vt 0.362491 8.854219 0.000000
vt 1.449966 7.244361 0.000000
vt 1.449966 7.566333 0.000000
vt 1.268720 7.566333 0.000000
vt 1.087474 7.888304 0.000000
vt 0.906229 8.210276 0.000000
vt 0.724983 8.532248 0.000000
vt 0.543737 8.854219 0.000000
vt 0.362491 9.176191 0.000000
vt 1.268720 7.888304 0.000000
vt 1.087474 8.210276 0.000000
vt 0.906229 8.532248 0.000000
vt 0.724983 8.854219 0.000000
vt 0.543737 9.176191 0.000000
vt 0.362491 9.498162 0.000000
vt 1.993703 9.176191 0.000000
vt 1.812457 9.498162 0.000000
vt 1.631212 9.820134 0.000000
vt 1.449966 10.142106 0.000000
vt 1.268720 10.464077 0.000000
vt 1.087474 10.786049 0.000000
vt 0.906229 11.108020 0.000000
vt 0.724983 11.429992 0.000000
vt 0.543737 11.751964 0.000000
vt 0.362491 12.073935 0.000000
vt 1.993703 9.498162 0.000000
vt 1.993703 9.820134 0.000000
vt 1.993703 10.142106 0.000000
vt 1.993703 10.464077 0.000000
vt 1.812457 9.820134 0.000000
vt 1.631212 10.142106 0.000000
vt 1.449966 10.464077 0.000000
vt 1.268720 10.786049 0.000000
vt 1.087474 11.108020 0.000000
vt 0.906229 11.429992 0.000000
vt 0.724983 11.751964 0.000000
vt 0.543737 12.073935 0.000000
vt 0.362491 12.395907 0.000000
vt 1.812457 10.142106 0.000000
vt 1.812457 10.464077 0.000000
vt 1.812457 10.786049 0.000000
vt 1.631212 10.464077 0.000000
vt 1.449966 10.786049 0.000000
vt 1.268720 11.108020 0.000000
vt 1.087474 11.429992 0.000000
vt 0.906229 11.751964 0.000000
vt 0.724983 12.073935 0.000000
vt 0.543737 12.395907 0.000000
vt 0.362491 12.717878 0.000000
vt 1.631212 10.786049 0.000000
vt 1.631212 11.108020 0.000000
vt 1.449966 11.108020 0.000000
vt 1.268720 11.429992 0.000000
vt 1.087474 11.751964 0.000000
vt 0.906229 12.073935 0.000000
vt 0.724983 12.395907 0.000000
vt 0.543737 12.717878 0.000000
vt 0.362491 13.039850 0.000000
vt 1.449966 11.429992 0.000000
vt 1.268720 11.751964 0.000000
vt 1.087474 12.073935 0.000000
vt 0.906229 12.395907 0.000000
vt 0.724983 12.717878 0.000000
vt 0.543737 13.039850 0.000000
vt 0.362491 13.361822 0.000000
vt 1.268720 -13.683793 0.000000
vt 1.087474 -13.361822 0.000000
vt 0.906229 -13.039850 0.000000
vt 0.724983 -12.717878 0.000000
vt 0.543737 -12.395907 0.000000
vt 0.362491 -12.073935 0.000000
vt 1.268720 -13.361822 0.000000
vt 1.268720 -13.039850 0.000000
vt 1.268720 -12.717878 0.000000
vt 1.087474 -13.039850 0.000000
vt 0.906229 -12.717878 0.000000
vt 0.724983 -12.395907 0.000000
vt 0.543737 -12.073935 0.000000
vt 0.362491 -11.751964 0.000000
vt 1.087474 -12.717878 0.000000
vt 1.087474 -12.395907 0.000000
vt 0.906229 -12.395907 0.000000
vt 0.724983 -12.073935 0.000000
vt 0.543737 -11.751964 0.000000
vt 0.362491 -11.429992 0.000000
vt 0.906229 -12.073935 0.000000
vt 0.724983 -11.751964 0.000000
vt 0.543737 -11.429992 0.000000
vt 0.362491 -11.108020 0.000000
vt 1.993703 -11.429992 0.000000
vt 1.812457 -11.108020 0.000000
vt 1.631212 -10.786049 0.000000
vt 1.449966 -10.464077 0.000000
vt 1.268720 -10.142106 0.000000
vt 1.087474 -9.820134 0.000000
vt 0.906229 -9.498162 0.000000
vt 0.724983 -9.176191 0.000000
vt 0.543737 -8.854219 0.000000
vt 0.362491 -8.532248 0.000000
vt 1.993703 -11.108020 0.000000
vt 1.993703 -10.786049 0.000000
vt 1.993703 -10.464077 0.000000
vt 1.993703 -10.142106 0.000000
vt 1.993703 -9.820134 0.000000
vt 1.812457 -10.786049 0.000000
vt 1.631212 -10.464077 0.000000
vt 1.449966 -10.142106 0.000000
vt 1.268720 -9.820134 0.000000
vt 1.087474 -9.498162 0.000000
vt 0.906229 -9.176191 0.000000
vt 0.724983 -8.854219 0.000000
vt 0.543737 -8.532248 0.000000
vt 1.812457 -10.464077 0.000000
vt 1.812457 -10.142106 0.000000
vt 1.812457 -9.820134 0.000000
vt 1.812457 -9.498162 0.000000
vt 1.631212 -10.142106 0.000000
vt 1.449966 -9.820134 0.000000
vt 1.268720 -9.498162 0.000000
vt 1.087474 -9.176191 0.000000
vt 0.906229 -8.854219 0.000000
vt 0.724983 -8.532248 0.000000
vt 1.631212 -9.820134 0.000000
vt 1.631212 -9.498162 0.000000
vt 1.631212 -9.176191 0.000000
vt 1.449966 -9.498162 0.000000
vt 1.268720 -9.176191 0.000000
vt 1.087474 -8.854219 0.000000
vt 0.906229 -8.532248 0.000000
vt 1.449966 -9.176191 0.000000
vt 1.449966 -8.854219 0.000000
vt 1.268720 -8.854219 0.000000
vt 1.087474 -8.532248 0.000000
vt 1.268720 -8.532248 0.000000
vt -3.922411 -0.737929 0.000000
vt -4.215203 -0.723867 0.000000
vt -4.236555 -3.623802 0.000000
vt -4.508145 -0.734355 0.000000
vt -4.357334 -3.636084 0.000000
vt -4.799181 -0.769319 0.000000
vt -5.086272 -0.828514 0.000000
vt -5.367402 -0.911524 0.000000
vt -4.473169 -3.672427 0.000000
vt -5.640600 -1.017768 0.000000
vt -5.903950 -1.146499 0.000000
vt -4.579316 -3.731344 0.000000
vt -6.155605 -1.296816 0.000000
vt -6.393798 -1.467663 0.000000
vt -6.616860 -1.657843 0.000000
vt -4.671431 -3.810422 0.000000
vt -6.823226 -1.866021 0.000000
vt -7.011448 -2.090737 0.000000
vt -4.745742 -3.906424 0.000000
vt -7.180207 -2.330415 0.000000
vt -7.328317 -2.583374 0.000000
vt -4.799206 -4.015419 0.000000
vt -7.454742 -2.847839 0.000000
vt -7.558593 -3.121955 0.000000
vt -7.639142 -3.403801 0.000000
vt -4.829636 -4.132945 0.000000
vt -7.695825 -3.691398 0.000000
vt -7.728243 -3.982729 0.000000
vt -4.835785 -4.254192 0.000000
vt -7.736170 -4.275752 0.000000
vt -7.719549 -4.568409 0.000000
vt -7.678497 -4.858650 0.000000
vt -4.817401 -4.374194 0.000000
vt -7.613303 -5.144438 0.000000
vt -7.524424 -5.423768 0.000000
vt -4.775238 -4.488039 0.000000
vt -7.412482 -5.694682 0.000000
vt -7.278264 -5.955278 0.000000
vt -4.711020 -4.591066 0.000000
vt -7.122710 -6.203729 0.000000
vt -6.946912 -6.438292 0.000000
vt -6.752102 -6.657323 0.000000
vt -4.627379 -4.679057 0.000000
vt -6.539648 -6.859283 0.000000
vt -6.311040 -7.042758 0.000000
vt -4.527736 -4.748410 0.000000
vt -6.067880 -7.206460 0.000000
vt -5.811875 -7.349241 0.000000
vt -5.544820 -7.470099 0.000000
vt -4.416173 -4.796286 0.000000
vt -5.268589 -7.568186 0.000000
vt -4.985118 -7.642816 0.000000
vt -4.297256 -4.820724 0.000000
vt -4.696397 -7.693463 0.000000
vt -4.404451 -7.719773 0.000000
vt -4.111327 -7.721561 0.000000
vt -4.175854 -4.820724 0.000000
vt -3.819081 -7.698815 0.000000
vt -3.529763 -7.651694 0.000000
vt -4.056937 -4.796286 0.000000
vt -3.245404 -7.580530 0.000000
vt -2.967996 -7.485820 0.000000
vt -3.945374 -4.748410 0.000000
vt -2.699486 -7.368229 0.000000
vt -2.441758 -7.228582 0.000000
vt -2.196619 -7.067860 0.000000
vt -3.845732 -4.679057 0.000000
vt -1.965789 -6.887188 0.000000
vt -1.750887 -6.687834 0.000000
vt -3.762090 -4.591066 0.000000
vt -1.553419 -6.471197 0.000000
vt -1.374772 -6.238796 0.000000
vt -1.216199 -5.992261 0.000000
vt -3.697872 -4.488039 0.000000
vt -1.078811 -5.733322 0.000000
vt -0.963572 -5.463795 0.000000
vt -3.655709 -4.374194 0.000000
vt -0.871291 -5.185570 0.000000
vt -0.802615 -4.900599 0.000000
vt -0.758025 -4.610880 0.000000
vt -3.637325 -4.254192 0.000000
vt -0.737835 -4.318447 0.000000
vt -0.742186 -4.025350 0.000000
vt -3.643474 -4.132945 0.000000
vt -0.771047 -3.733644 0.000000
vt -0.824216 -3.445377 0.000000
vt -3.673904 -4.015419 0.000000
vt -0.901321 -3.162570 0.000000
vt -1.001820 -2.887207 0.000000
vt -1.125008 -2.621219 0.000000
vt -3.727369 -3.906424 0.000000
vt -1.270021 -2.366472 0.000000
vt -1.435843 -2.124752 0.000000
vt -3.801679 -3.810422 0.000000
vt -1.621309 -1.897757 0.000000
vt -1.825120 -1.687076 0.000000
vt -2.045845 -1.494189 0.000000
vt -3.893794 -3.731344 0.000000
vt -2.281936 -1.320448 0.000000
vt -2.531737 -1.167072 0.000000
vt -3.999942 -3.672427 0.000000
vt -2.793497 -1.035137 0.000000
vt -3.065379 -0.925568 0.000000
vt -4.115776 -3.636084 0.000000
vt -3.345475 -0.839134 0.000000
vt -3.631822 -0.776441 0.000000
vt 0.700000 1.064088 0.000000
vt 0.200000 1.002491 0.000000
vt 0.700000 0.942478 0.000000
vt 0.200000 0.882464 0.000000
vt 0.700000 0.820868 0.000000
vt 0.200000 0.762437 0.000000
vt 0.700000 0.699258 0.000000
vt 0.200000 0.642409 0.000000
vt 0.700000 0.577648 0.000000
vt 0.200000 0.522382 0.000000
vt 0.700000 0.456038 0.000000
vt 0.200000 0.402355 0.000000
vt 0.700000 0.334428 0.000000
vt 0.200000 0.282327 0.000000
vt 0.700000 0.212818 0.000000
vt 0.200000 0.162300 0.000000
vt 0.700000 0.091208 0.000000
vt 0.200000 0.042273 0.000000
vt 0.700000 -0.030403 0.000000
vt 0.200000 -0.077755 0.000000
vt 0.700000 -0.152013 0.000000
vt 0.200000 -0.197782 0.000000
vt 0.700000 -0.273623 0.000000
vt 0.200000 -0.317809 0.000000
vt 0.700000 -0.395233 0.000000
vt 0.200000 -0.437837 0.000000
vt 0.700000 -0.516843 0.000000
vt -0.050000 -0.437837 0.000000
vt -0.700000 -0.516843 0.000000
vt -0.700000 -0.395233 0.000000
vt -0.050000 -0.317809 0.000000
vt -0.700000 -0.273623 0.000000
vt -0.050000 -0.197782 0.000000
vt -0.700000 -0.152013 0.000000
vt -0.050000 -0.077755 0.000000
vt -0.700000 -0.030403 0.000000
vt -0.050000 0.042273 0.000000
vt -0.700000 0.091208 0.000000
vt -0.050000 0.162300 0.000000
vt -0.700000 0.212818 0.000000
vt -0.050000 0.282327 0.000000
vt -0.700000 0.334428 0.000000
vt -0.050000 0.402355 0.000000
vt -0.700000 0.456038 0.000000
vt -0.050000 0.522382 0.000000
vt -0.700000 0.577648 0.000000
vt -0.050000 0.642409 0.000000
vt -0.700000 0.699258 0.000000
vt -0.050000 0.762437 0.000000
vt -0.700000 0.820868 0.000000
vt -0.050000 0.882464 0.000000
vt -0.700000 0.942478 0.000000
vt -0.050000 1.002491 0.000000
vt -0.700000 1.064088 0.000000
vt -0.050000 1.122519 0.000000
vt -0.700000 1.185698 0.000000
vt -0.050000 1.242546 0.000000
vt -0.700000 1.307308 0.000000
vt -0.050000 1.362573 0.000000
vt -0.700000 1.428918 0.000000
vt -0.050000 1.482601 0.000000
vt -0.700000 1.550528 0.000000
vt -0.050000 1.602628 0.000000
vt -0.700000 1.672138 0.000000
vt -0.050000 1.722655 0.000000
vt -0.700000 1.793748 0.000000
vt -0.050000 1.842683 0.000000
vt -0.700000 1.915358 0.000000
vt -0.050000 1.962710 0.000000
vt -0.700000 -1.854553 0.000000
vt -0.050000 -1.807201 0.000000
vt -0.700000 -1.732943 0.000000
vt -0.050000 -1.687174 0.000000
vt -0.700000 -1.611333 0.000000
vt -0.050000 -1.567146 0.000000
vt -0.700000 -1.489723 0.000000
vt -0.050000 -1.447119 0.000000
vt -0.700000 -1.368113 0.000000
vt 0.700000 -1.368113 0.000000
vt 0.700000 -1.246503 0.000000
vt 0.200000 1.122519 0.000000
vt 0.700000 1.185698 0.000000
vt 0.200000 1.242546 0.000000
vt 0.700000 1.307308 0.000000
vt 0.200000 1.362573 0.000000
vt 0.700000 1.428918 0.000000
vt 0.200000 1.482601 0.000000
vt 0.700000 1.550528 0.000000
vt 0.200000 1.602628 0.000000
vt 0.700000 1.672138 0.000000
vt 0.200000 1.722655 0.000000
vt 0.700000 1.793748 0.000000
vt 0.200000 1.842683 0.000000
vt 0.700000 1.915358 0.000000
vt 0.200000 1.962710 0.000000
vt 0.200000 -1.807201 0.000000
vt 0.700000 -1.854553 0.000000
vt 0.700000 -1.732943 0.000000
vt 0.200000 -1.687174 0.000000
vt 0.700000 -1.611333 0.000000
vt 0.200000 -1.567146 0.000000
vt 0.700000 -1.489723 0.000000
vt 0.200000 -1.447119 0.000000
vt -0.700000 -1.246503 0.000000
vt 0.700000 -1.124893 0.000000
vt -0.700000 -1.124893 0.000000
vt 0.700000 -1.003283 0.000000
vt -0.700000 -1.003283 0.000000
vt 0.700000 -0.881673 0.000000
vt -0.700000 -0.881673 0.000000
vt 0.700000 -0.760063 0.000000
vt -0.700000 -0.760063 0.000000
vt 0.700000 -0.638453 0.000000
vt -0.700000 -0.638453 0.000000
vt 0.329093 7.228802 0.000000
vt 2.154686 1.651992 0.000000
vt 3.382037 7.228802 0.000000
vt 2.272124 1.675803 0.000000
vt 2.391951 1.675803 0.000000
vt 0.329093 0.678802 0.000000
vt 1.797245 1.350826 0.000000
vt 1.861965 1.451672 0.000000
vt 1.945433 1.537646 0.000000
vt 1.884824 0.678802 0.000000
vt 1.814257 0.775647 0.000000
vt 1.764341 0.884583 0.000000
vt 1.737068 1.001265 0.000000
vt 1.733526 1.121040 0.000000
vt 1.753855 1.239130 0.000000
vt 2.044322 1.605319 0.000000
vt 2.509389 1.651992 0.000000
vt 2.619753 1.605319 0.000000
vt 2.718641 1.537646 0.000000
vt 2.802110 1.451672 0.000000
vt 2.866830 1.350826 0.000000
vt 3.382037 0.678802 0.000000
vt 2.910220 1.239130 0.000000
vt 2.930549 1.121040 0.000000
vt 2.927006 1.001265 0.000000
vt 2.899733 0.884583 0.000000
vt 2.849818 0.775647 0.000000
vt 2.779251 0.678802 0.000000
vt 1.906744 -4.957284 0.000000
vt 2.059392 -5.165858 0.000000
vt 6.259392 -5.165858 0.000000
vt 2.059392 -8.218802 0.000000
vt 6.259392 -8.218802 0.000000
vt 6.412040 -4.957284 0.000000
vt 1.774740 -4.735069 0.000000
vt 6.544044 -4.735069 0.000000
vt 1.664587 -4.501251 0.000000
vt 6.654197 -4.501251 0.000000
vt 1.577297 -4.257971 0.000000
vt 6.741487 -4.257971 0.000000
vt 1.513669 -4.007459 0.000000
vt 6.805115 -4.007459 0.000000
vt 1.474286 -3.752012 0.000000
vt 6.844498 -3.752012 0.000000
vt 6.859275 -3.493968 0.000000
vt 6.849310 -3.235695 0.000000
vt 6.814696 -2.979557 0.000000
vt 6.755749 -2.727903 0.000000
vt 6.673009 -2.483038 0.000000
vt 6.567234 -2.247207 0.000000
vt 6.439395 -2.022570 0.000000
vt 6.290662 -1.811187 0.000000
vt 6.122398 -1.614993 0.000000
vt 5.936145 -1.435788 0.000000
vt 5.733611 -1.275213 0.000000
vt 5.516650 -1.134739 0.000000
vt 5.287252 -1.015655 0.000000
vt 5.047519 -0.919051 0.000000
vt 4.799646 -0.845812 0.000000
vt 4.545906 -0.796611 0.000000
vt 4.288625 -0.771897 0.000000
vt 4.030159 -0.771897 0.000000
vt 1.459509 -3.493968 0.000000
vt 3.772877 -0.796611 0.000000
vt 3.519138 -0.845812 0.000000
vt 3.271265 -0.919051 0.000000
vt 3.031532 -1.015655 0.000000
vt 2.802133 -1.134739 0.000000
vt 2.585173 -1.275213 0.000000
vt 2.382639 -1.435788 0.000000
vt 2.196386 -1.614993 0.000000
vt 2.028122 -1.811187 0.000000
vt 1.879389 -2.022570 0.000000
vt 1.751549 -2.247207 0.000000
vt 1.645775 -2.483038 0.000000
vt 1.563035 -2.727903 0.000000
vt 1.504088 -2.979557 0.000000
vt 1.469474 -3.235695 0.000000
vt -3.275000 -1.835119 0.000000
vt 3.275000 -1.835119 0.000000
vt 0.000000 -1.576555 0.000000
vt 3.275000 -1.675321 0.000000
vt 3.275000 -1.515523 0.000000
vt 0.000000 -1.317990 0.000000
vt 3.275000 -1.355724 0.000000
vt 3.055813 -1.180822 0.000000
vt 0.000000 -1.059425 0.000000
vt 2.829882 -1.005920 0.000000
vt 2.598157 -0.831017 0.000000
vt 0.000000 -0.800861 0.000000
vt 2.361609 -0.656115 0.000000
vt 0.000000 -0.542296 0.000000
vt 2.121229 -0.481213 0.000000
vt 1.878028 -0.306310 0.000000
vt 0.000000 -0.283731 0.000000
vt 1.633024 -0.131408 0.000000
vt 0.000000 -0.025167 0.000000
vt 1.387245 0.043494 0.000000
vt 0.000000 0.233398 0.000000
vt 1.141723 0.218397 0.000000
vt 0.897487 0.393299 0.000000
vt 0.000000 0.491963 0.000000
vt 0.655562 0.568201 0.000000
vt -3.275000 0.750527 0.000000
vt 0.000000 0.750527 0.000000
vt 0.182691 0.918006 0.000000
vt 0.416963 0.743104 0.000000
vt -0.046273 1.092908 0.000000
vt 0.000000 1.009092 0.000000
vt -3.275000 1.009092 0.000000
vt -0.268966 1.267811 0.000000
vt -3.275000 1.267657 0.000000
vt -0.484455 1.442713 0.000000
vt -3.275000 1.526221 0.000000
vt -0.691837 1.617615 0.000000
vt -3.275000 1.784786 0.000000
vt -0.890241 1.792517 0.000000
vt -1.078835 1.967420 0.000000
vt -3.275000 2.043351 0.000000
vt -1.256827 2.142322 0.000000
vt -3.275000 2.301915 0.000000
vt -1.423472 2.317224 0.000000
vt -1.578070 2.492127 0.000000
vt -3.275000 2.560480 0.000000
vt -1.719973 2.667029 0.000000
vt -3.275000 2.819044 0.000000
vt -1.848584 2.841931 0.000000
vt -1.963366 3.016834 0.000000
vt -3.275000 3.077609 0.000000
vt -2.063836 3.191736 0.000000
vt -3.275000 3.336174 0.000000
vt -2.149574 3.366638 0.000000
vt -2.220218 3.541541 0.000000
vt -3.275000 3.594738 0.000000
vt -2.275473 3.716443 0.000000
vt -3.275000 3.853303 0.000000
vt -2.315108 3.891345 0.000000
vt -2.338955 4.066248 0.000000
vt -3.275000 4.111868 0.000000
vt -2.346916 4.241150 0.000000
vt -3.275000 4.370432 0.000000
vt -2.338955 4.416052 0.000000
vt -3.275000 4.628997 0.000000
vt -2.315108 4.590954 0.000000
vt -2.275474 4.765857 0.000000
vt -3.275000 4.887562 0.000000
vt -2.220218 4.940759 0.000000
vt -3.275000 5.146126 0.000000
vt -2.149574 5.115661 0.000000
vt -2.063837 5.290564 0.000000
vt -3.275000 5.404691 0.000000
vt -1.963367 5.465466 0.000000
vt -3.275000 5.663256 0.000000
vt -1.848585 5.640368 0.000000
vt -1.719973 5.815271 0.000000
vt -3.275000 5.921820 0.000000
vt -1.578070 5.990173 0.000000
vt -3.275000 6.180385 0.000000
vt -1.423472 6.165075 0.000000
vt -1.256828 6.339978 0.000000
vt -3.275000 6.438950 0.000000
vt -1.078835 6.514880 0.000000
vt -3.275000 6.697514 0.000000
vt -0.890241 6.689782 0.000000
vt -0.691838 6.864685 0.000000
vt -3.275000 6.956079 0.000000
vt -0.484456 7.039587 0.000000
vt -3.275000 7.214644 0.000000
vt -0.268967 7.214489 0.000000
vt -0.046273 7.389392 0.000000
vt 0.182690 7.564294 0.000000
vt 0.000000 7.473208 0.000000
vt -3.275000 7.473208 0.000000
vt 0.416963 7.739196 0.000000
vt 0.000000 7.731773 0.000000
vt -3.275000 7.731773 0.000000
vt 0.655562 7.914099 0.000000
vt 0.000000 7.990338 0.000000
vt -3.275000 7.990338 0.000000
vt -3.275000 8.248902 0.000000
vt 0.000000 8.248902 0.000000
vt -3.275000 8.507467 0.000000
vt 0.000000 8.507467 0.000000
vt -3.275000 8.766032 0.000000
vt 0.000000 8.766032 0.000000
vt -3.275000 9.024596 0.000000
vt 0.000000 9.024596 0.000000
vt -3.275000 9.283161 0.000000
vt 0.000000 9.283161 0.000000
vt -3.275000 9.541726 0.000000
vt 0.000000 9.541726 0.000000
vt -3.275000 9.800290 0.000000
vt 0.000000 9.800290 0.000000
vt -3.275000 10.058855 0.000000
vt 0.000000 10.058855 0.000000
vt -3.275000 10.317419 0.000000
vt 3.275000 10.157621 0.000000
vt 3.275000 10.317419 0.000000
vt 0.897487 8.089001 0.000000
vt 1.141722 8.263903 0.000000
vt 1.387244 8.438806 0.000000
vt 1.633023 8.613708 0.000000
vt 1.878027 8.788610 0.000000
vt 2.121229 8.963513 0.000000
vt 2.361608 9.138415 0.000000
vt 2.598156 9.313317 0.000000
vt 2.829882 9.488220 0.000000
vt 3.055812 9.663122 0.000000
vt 3.275000 9.838024 0.000000
vt 3.275000 9.997823 0.000000
vt -3.275000 0.491963 0.000000
vt -3.275000 0.233398 0.000000
vt -3.275000 -0.025167 0.000000
vt -3.275000 -0.283731 0.000000
vt -3.275000 -0.542296 0.000000
vt -3.275000 -0.800861 0.000000
vt -3.275000 -1.059425 0.000000
vt -3.275000 -1.317990 0.000000
vt -3.275000 -1.576555 0.000000
vt -3.382039 -0.678802 0.000000
vt -2.154688 -6.255612 0.000000
vt -0.329095 -0.678802 0.000000
vt -2.044324 -6.302285 0.000000
vt -1.945435 -6.369958 0.000000
vt -3.382039 -7.228802 0.000000
vt -2.866832 -6.556778 0.000000
vt -2.802112 -6.455933 0.000000
vt -2.718643 -6.369958 0.000000
vt -2.779253 -7.228802 0.000000
vt -2.849820 -7.131958 0.000000
vt -2.899735 -7.023022 0.000000
vt -2.927008 -6.906339 0.000000
vt -2.930550 -6.786564 0.000000
vt -2.910221 -6.668474 0.000000
vt -2.619754 -6.302285 0.000000
vt -2.509390 -6.255612 0.000000
vt -2.391953 -6.231801 0.000000
vt -2.272125 -6.231801 0.000000
vt -1.861966 -6.455933 0.000000
vt -1.797246 -6.556778 0.000000
vt -0.329095 -7.228802 0.000000
vt -1.753857 -6.668474 0.000000
vt -1.733528 -6.786564 0.000000
vt -1.737070 -6.906339 0.000000
vt -1.764343 -7.023022 0.000000
vt -1.814258 -7.131958 0.000000
vt -1.884825 -7.228802 0.000000
vt 0.175344 -0.489534 0.000000
vt 0.078640 -0.616721 0.000000
vt 0.328640 -0.702920 0.000000
vt 0.078640 -2.172451 0.000000
vt 0.328640 -2.172451 0.000000
vt 0.438409 -0.548171 0.000000
vt 0.345363 -0.219134 0.000000
vt 0.264355 -0.356851 0.000000
vt 0.538004 -0.386687 0.000000
vt 0.627013 -0.219134 0.000000
vt 8.096927 1.218296 0.000000
vt 7.827932 1.139141 0.000000
vt 8.096927 0.936646 0.000000
vt 7.803236 0.859701 0.000000
vt 7.550663 1.070246 0.000000
vt 7.501733 0.793687 0.000000
vt 7.266283 1.011900 0.000000
vt 7.193625 0.738869 0.000000
vt 6.975983 0.964348 0.000000
vt 6.880150 0.695466 0.000000
vt 6.680981 0.927789 0.000000
vt 6.562563 0.663653 0.000000
vt 6.382516 0.902376 0.000000
vt 6.242140 0.643557 0.000000
vt 6.081839 0.888217 0.000000
vt 5.920165 0.635259 0.000000
vt 5.780212 0.885370 0.000000
vt 5.597929 0.638793 0.000000
vt 5.478899 0.893848 0.000000
vt 5.276725 0.654143 0.000000
vt 5.179165 0.913614 0.000000
vt 4.957842 0.681249 0.000000
vt 4.882267 0.944587 0.000000
vt 4.642558 0.720001 0.000000
vt 4.589450 0.986636 0.000000
vt 4.332138 0.770245 0.000000
vt 4.301944 1.039584 0.000000
vt 4.027828 0.831778 0.000000
vt 4.020952 1.103210 0.000000
vt 3.730846 0.904354 0.000000
vt 3.747656 1.177247 0.000000
vt 3.442386 0.987683 0.000000
vt 3.483200 1.261384 0.000000
vt 3.163603 1.081428 0.000000
vt 3.228695 1.355268 0.000000
vt 2.895615 1.185216 0.000000
vt 2.985207 1.458505 0.000000
vt 2.639499 1.298629 0.000000
vt 2.753759 1.570663 0.000000
vt 2.396281 1.421212 0.000000
vt 2.535320 1.691271 0.000000
vt 2.166936 1.552474 0.000000
vt 2.330808 1.819822 0.000000
vt 1.952384 1.691889 0.000000
vt 2.141081 1.955778 0.000000
vt 1.753487 1.838896 0.000000
vt 1.966934 2.098569 0.000000
vt 1.571041 1.992907 0.000000
vt 1.809097 2.247595 0.000000
vt 1.405779 2.153304 0.000000
vt 1.668233 2.402231 0.000000
vt 1.258362 2.319443 0.000000
vt 1.544933 2.561829 0.000000
vt 1.129384 2.490659 0.000000
vt 1.439713 2.725718 0.000000
vt 1.019360 2.666263 0.000000
vt 1.353016 2.893213 0.000000
vt 0.928733 2.845553 0.000000
vt 1.285205 3.063609 0.000000
vt 0.857865 3.027809 0.000000
vt 1.236564 3.236193 0.000000
vt 0.807041 3.212299 0.000000
vt 1.207298 3.410240 0.000000
vt 0.776465 3.398285 0.000000
vt 1.197529 3.585020 0.000000
vt 0.766259 3.585019 0.000000
vt 0.776465 3.771754 0.000000
vt 1.207298 3.759800 0.000000
vt 0.807041 3.957739 0.000000
vt 1.236564 3.933846 0.000000
vt 0.857865 4.142230 0.000000
vt 1.285205 4.106430 0.000000
vt 0.928733 4.324486 0.000000
vt 1.353016 4.276826 0.000000
vt 1.019360 4.503775 0.000000
vt 1.439713 4.444321 0.000000
vt 1.129384 4.679380 0.000000
vt 1.544933 4.608211 0.000000
vt 1.258362 4.850595 0.000000
vt 1.668233 4.767808 0.000000
vt 1.405779 5.016735 0.000000
vt 1.809097 4.922444 0.000000
vt 1.571041 5.177132 0.000000
vt 1.966934 5.071470 0.000000
vt 1.753487 5.331143 0.000000
vt 2.141081 5.214261 0.000000
vt 1.952384 5.478150 0.000000
vt 2.330809 5.350217 0.000000
vt 2.166936 5.617565 0.000000
vt 2.535321 5.478768 0.000000
vt 2.396281 5.748827 0.000000
vt 2.753759 5.599376 0.000000
vt 2.639499 5.871410 0.000000
vt 2.985208 5.711534 0.000000
vt 2.895615 5.984823 0.000000
vt 3.228695 5.814771 0.000000
vt 3.163603 6.088610 0.000000
vt 3.483201 5.908655 0.000000
vt 3.442386 6.182356 0.000000
vt 3.747656 5.992792 0.000000
vt 3.730846 6.265684 0.000000
vt 4.020953 6.066829 0.000000
vt 4.027828 6.338261 0.000000
vt 4.301944 6.130455 0.000000
vt 4.332138 6.399794 0.000000
vt 4.589451 6.183403 0.000000
vt 4.642558 6.450038 0.000000
vt 4.882268 6.225452 0.000000
vt 4.957842 6.488790 0.000000
vt 5.179166 6.256425 0.000000
vt 5.276725 6.515896 0.000000
vt 5.478900 6.276191 0.000000
vt 5.597929 6.531246 0.000000
vt 5.780213 6.284669 0.000000
vt 5.920165 6.534779 0.000000
vt 6.081840 6.281822 0.000000
vt 6.242140 6.526481 0.000000
vt 6.382517 6.267663 0.000000
vt 6.562563 6.506386 0.000000
vt 6.680982 6.242250 0.000000
vt 6.880150 6.474573 0.000000
vt 6.975983 6.205691 0.000000
vt 7.193625 6.431170 0.000000
vt 7.266283 6.158139 0.000000
vt 7.501733 6.376351 0.000000
vt 7.550664 6.099793 0.000000
vt 7.803236 6.310337 0.000000
vt 7.827933 6.030898 0.000000
vt 8.096927 6.233392 0.000000
vt 8.096927 5.951743 0.000000
vt 0.377013 -2.172451 0.000000
vt 0.627013 -2.172451 0.000000
vt 0.377013 -0.702920 0.000000
vt 0.627013 -0.616721 0.000000
vt 0.530308 -0.489534 0.000000
vt 0.441297 -0.356850 0.000000
vt 0.360289 -0.219134 0.000000
vt 0.267243 -0.548171 0.000000
vt 0.167648 -0.386687 0.000000
vt 0.078640 -0.219134 0.000000
vt -2.684435 -7.503802 0.000000
vt -2.755002 -7.406958 0.000000
vt -3.287221 -7.503802 0.000000
vt -2.804917 -7.298022 0.000000
vt -2.832190 -7.181339 0.000000
vt -2.835733 -7.061564 0.000000
vt -2.815404 -6.943474 0.000000
vt -2.772014 -6.831778 0.000000
vt -3.287221 -0.703802 0.000000
vt -2.707294 -6.730933 0.000000
vt -2.623825 -6.644958 0.000000
vt -2.524936 -6.577285 0.000000
vt -2.414572 -6.530612 0.000000
vt -2.297135 -6.506801 0.000000
vt -2.177307 -6.506801 0.000000
vt -2.059870 -6.530612 0.000000
vt -0.634839 -0.703802 0.000000
vt -1.949506 -6.577285 0.000000
vt -1.850617 -6.644958 0.000000
vt -1.767149 -6.730933 0.000000
vt -1.702429 -6.831778 0.000000
vt -0.320477 -7.503802 0.000000
vt -1.659039 -6.943474 0.000000
vt -1.638710 -7.061564 0.000000
vt -1.642252 -7.181339 0.000000
vt -1.669525 -7.298022 0.000000
vt -1.719440 -7.406958 0.000000
vt -1.790008 -7.503802 0.000000
vt -0.320477 -0.703802 0.000000
vt -0.743802 -0.143802 0.000000
vt -0.864581 -0.156084 0.000000
vt -0.623023 -0.156084 0.000000
vt -0.507189 -0.192427 0.000000
vt -0.980416 -0.192427 0.000000
vt -0.401041 -0.251344 0.000000
vt -1.086563 -0.251344 0.000000
vt -0.308926 -0.330422 0.000000
vt -1.178678 -0.330422 0.000000
vt -0.234616 -0.426424 0.000000
vt -1.252989 -0.426424 0.000000
vt -0.181151 -0.535419 0.000000
vt -1.306453 -0.535419 0.000000
vt -0.150721 -0.652945 0.000000
vt -1.336883 -0.652945 0.000000
vt -0.144572 -0.774192 0.000000
vt -1.343032 -0.774192 0.000000
vt -0.162956 -0.894194 0.000000
vt -1.324648 -0.894194 0.000000
vt -0.205119 -1.008039 0.000000
vt -1.282485 -1.008039 0.000000
vt -0.269337 -1.111066 0.000000
vt -1.218268 -1.111066 0.000000
vt -0.352979 -1.199057 0.000000
vt -1.134626 -1.199057 0.000000
vt -0.452621 -1.268410 0.000000
vt -1.034983 -1.268410 0.000000
vt -0.564184 -1.316286 0.000000
vt -0.923420 -1.316286 0.000000
vt -0.683101 -1.340724 0.000000
vt -0.804503 -1.340724 0.000000
vt 0.298802 -0.084081 0.000000
vt 0.048802 -0.084081 0.000000
vt 0.298802 -0.686867 0.000000
vt 0.048802 -0.686867 0.000000
vt -0.953802 -4.943802 0.000000
vt -0.703802 -5.193802 0.000000
vt -0.953802 -0.743802 0.000000
vt -0.703802 -0.493802 0.000000
vt -7.503802 -0.493802 0.000000
vt -7.503802 -4.943802 0.000000
vt -7.503802 -5.193802 0.000000
vt -7.503802 -0.743802 0.000000
vt 0.298802 -0.084081 0.000000
vt 0.048802 -0.084081 0.000000
vt 0.298802 -0.686867 0.000000
vt 0.048802 -0.686867 0.000000
vt -0.700000 -1.064088 0.000000
vt 0.700000 -1.003283 0.000000
vt -0.700000 -0.942478 0.000000
vt 0.700000 -0.881673 0.000000
vt -0.700000 -0.820868 0.000000
vt 0.700000 -0.760063 0.000000
vt -0.700000 -0.699258 0.000000
vt 0.700000 -0.638453 0.000000
vt -0.700000 -0.577648 0.000000
vt 0.700000 -0.516843 0.000000
vt -0.700000 -0.456038 0.000000
vt -0.200000 -0.437837 0.000000
vt -0.700000 -0.334428 0.000000
vt -0.200000 -0.317809 0.000000
vt -0.700000 -0.212818 0.000000
vt -0.200000 -0.197782 0.000000
vt -0.700000 -0.091208 0.000000
vt -0.200000 -0.077755 0.000000
vt -0.700000 0.030403 0.000000
vt -0.200000 0.042273 0.000000
vt -0.700000 0.152013 0.000000
vt -0.200000 0.162300 0.000000
vt -0.700000 0.273623 0.000000
vt -0.200000 0.282327 0.000000
vt -0.700000 0.395233 0.000000
vt -0.200000 0.402355 0.000000
vt -0.700000 0.516843 0.000000
vt -0.200000 0.522382 0.000000
vt -0.700000 0.638453 0.000000
vt -0.200000 0.642409 0.000000
vt -0.700000 0.760063 0.000000
vt -0.200000 0.762437 0.000000
vt -0.700000 0.881673 0.000000
vt -0.200000 0.882464 0.000000
vt -0.200000 1.002491 0.000000
vt 0.700000 -1.124893 0.000000
vt -0.700000 -1.185698 0.000000
vt 0.700000 -1.246503 0.000000
vt -0.700000 -1.307308 0.000000
vt 0.700000 -1.368113 0.000000
vt -0.700000 -1.428918 0.000000
vt 0.050000 -1.447119 0.000000
vt -0.200000 -1.447119 0.000000
vt -0.700000 -1.550528 0.000000
vt -0.200000 -1.567146 0.000000
vt -0.700000 -1.672138 0.000000
vt -0.200000 -1.687174 0.000000
vt -0.700000 -1.793748 0.000000
vt -0.200000 -1.807201 0.000000
vt -0.200000 1.962710 0.000000
vt -0.700000 1.976163 0.000000
vt -0.700000 1.854553 0.000000
vt -0.200000 1.842683 0.000000
vt -0.700000 1.732943 0.000000
vt -0.200000 1.722655 0.000000
vt -0.700000 1.611333 0.000000
vt -0.200000 1.602628 0.000000
vt -0.700000 1.489723 0.000000
vt -0.200000 1.482601 0.000000
vt -0.700000 1.368113 0.000000
vt -0.200000 1.362573 0.000000
vt -0.700000 1.246503 0.000000
vt -0.200000 1.242546 0.000000
vt -0.700000 1.124893 0.000000
vt -0.200000 1.122519 0.000000
vt -0.700000 1.003283 0.000000
vt 0.700000 -1.489723 0.000000
vt 0.050000 -1.567146 0.000000
vt 0.700000 -1.611333 0.000000
vt 0.050000 -1.687174 0.000000
vt 0.700000 -1.732943 0.000000
vt 0.050000 -1.807201 0.000000
vt 0.700000 -1.854553 0.000000
vt 0.700000 1.915358 0.000000
vt 0.050000 1.962710 0.000000
vt 0.050000 1.842683 0.000000
vt 0.700000 1.793748 0.000000
vt 0.050000 1.722655 0.000000
vt 0.700000 1.672138 0.000000
vt 0.050000 1.602628 0.000000
vt 0.700000 1.550528 0.000000
vt 0.050000 1.482601 0.000000
vt 0.700000 1.428918 0.000000
vt 0.050000 1.362573 0.000000
vt 0.700000 1.307308 0.000000
vt 0.050000 1.242546 0.000000
vt 0.700000 1.185698 0.000000
vt 0.050000 1.122519 0.000000
vt 0.700000 1.064088 0.000000
vt 0.050000 1.002491 0.000000
vt 0.700000 0.942478 0.000000
vt 0.050000 0.882464 0.000000
vt 0.700000 0.820868 0.000000
vt 0.050000 0.762437 0.000000
vt 0.700000 0.699258 0.000000
vt 0.050000 0.642409 0.000000
vt 0.700000 0.577648 0.000000
vt 0.050000 0.522382 0.000000
vt 0.700000 0.456038 0.000000
vt 0.050000 0.402355 0.000000
vt 0.700000 0.334428 0.000000
vt 0.050000 0.282327 0.000000
vt 0.700000 0.212818 0.000000
vt 0.050000 0.162300 0.000000
vt 0.700000 0.091208 0.000000
vt 0.050000 0.042273 0.000000
vt 0.700000 -0.030403 0.000000
vt 0.050000 -0.077755 0.000000
vt 0.700000 -0.152013 0.000000
vt 0.050000 -0.197782 0.000000
vt 0.700000 -0.273623 0.000000
vt 0.050000 -0.317809 0.000000
vt 0.700000 -0.395233 0.000000
vt 0.050000 -0.437837 0.000000
vt 1.790008 0.703802 0.000000
vt 1.719440 0.800647 0.000000
vt 0.320477 0.703802 0.000000
vt 1.669525 0.909583 0.000000
vt 1.642252 1.026265 0.000000
vt 1.638710 1.146040 0.000000
vt 1.659039 1.264130 0.000000
vt 1.702429 1.375826 0.000000
vt 0.634839 7.503802 0.000000
vt 1.767149 1.476672 0.000000
vt 1.850617 1.562646 0.000000
vt 1.949506 1.630319 0.000000
vt 2.059870 1.676992 0.000000
vt 3.287221 7.503802 0.000000
vt 2.177307 1.700803 0.000000
vt 2.297135 1.700803 0.000000
vt 2.414572 1.676992 0.000000
vt 2.524936 1.630319 0.000000
vt 2.623825 1.562646 0.000000
vt 2.707294 1.476672 0.000000
vt 2.772014 1.375826 0.000000
vt 3.287221 0.703802 0.000000
vt 2.815404 1.264130 0.000000
vt 2.835733 1.146040 0.000000
vt 2.832190 1.026265 0.000000
vt 2.804917 0.909583 0.000000
vt 2.755002 0.800647 0.000000
vt 2.684435 0.703802 0.000000
vt 0.320477 7.503802 0.000000
vt 0.743802 1.343802 0.000000
vt 0.623023 1.331520 0.000000
vt 0.864581 1.331520 0.000000
vt 0.980416 1.295177 0.000000
vt 0.507189 1.295177 0.000000
vt 1.086563 1.236260 0.000000
vt 0.401041 1.236260 0.000000
vt 1.178678 1.157182 0.000000
vt 0.308926 1.157182 0.000000
vt 1.252989 1.061181 0.000000
vt 0.234616 1.061181 0.000000
vt 1.306453 0.952185 0.000000
vt 0.181151 0.952185 0.000000
vt 1.336883 0.834659 0.000000
vt 0.150721 0.834659 0.000000
vt 1.343032 0.713413 0.000000
vt 0.144572 0.713413 0.000000
vt 1.324648 0.593411 0.000000
vt 0.162956 0.593411 0.000000
vt 1.282485 0.479566 0.000000
vt 0.205119 0.479566 0.000000
vt 1.218268 0.376539 0.000000
vt 0.269337 0.376539 0.000000
vt 1.134626 0.288547 0.000000
vt 0.352979 0.288547 0.000000
vt 1.034983 0.219194 0.000000
vt 0.452621 0.219194 0.000000
vt 0.923420 0.171319 0.000000
vt 0.564184 0.171319 0.000000
vt 0.804503 0.146881 0.000000
vt 0.683101 0.146881 0.000000
vt -3.400000 -7.732286 0.000000
vt -3.400000 -7.922046 0.000000
vt 0.000000 -7.898497 0.000000
vt -3.160689 -8.108905 0.000000
vt 0.000000 -8.171363 0.000000
vt -2.915011 -8.295765 0.000000
vt 0.000000 -8.444229 0.000000
vt -2.663952 -8.482624 0.000000
vt -2.408520 -8.669484 0.000000
vt 0.000000 -8.717095 0.000000
vt -2.149737 -8.856343 0.000000
vt 0.000000 -8.989961 0.000000
vt -1.888643 -9.043202 0.000000
vt 0.000000 -9.262827 0.000000
vt -1.626284 -9.230062 0.000000
vt -1.363713 -9.416921 0.000000
vt -0.000000 -9.535693 0.000000
vt -1.101983 -9.603781 0.000000
vt 0.000000 -9.808559 0.000000
vt -0.842144 -9.790640 0.000000
vt -0.585237 -9.977500 0.000000
vt -0.332294 -10.164359 0.000000
vt 0.000000 -10.081425 0.000000
vt 3.400000 -10.025738 0.000000
vt 3.400000 -9.758441 0.000000
vt 3.400000 -9.491143 0.000000
vt 3.400000 -9.223846 0.000000
vt 3.400000 -8.956549 0.000000
vt 3.400000 -8.689252 0.000000
vt 3.400000 -8.421954 0.000000
vt 3.400000 -8.154657 0.000000
vt 3.400000 -7.887360 0.000000
vt 0.000000 -7.625632 0.000000
vt 3.400000 -7.620063 0.000000
vt -3.400000 -7.352766 0.000000
vt 3.400000 -7.352766 0.000000
vt -0.084329 -10.351218 0.000000
vt 0.000000 -10.354291 0.000000
vt 3.400000 -10.293035 0.000000
vt 0.157664 -10.538078 0.000000
vt 3.400000 -10.560332 0.000000
vt 0.392713 -10.724937 0.000000
vt 3.400000 -10.827629 0.000000
vt 0.619877 -10.911797 0.000000
vt 3.400000 -11.094927 0.000000
vt 0.838244 -11.098656 0.000000
vt 1.046938 -11.285516 0.000000
vt 3.400000 -11.362224 0.000000
vt 1.245123 -11.472375 0.000000
vt 3.400000 -11.629521 0.000000
vt 1.432003 -11.659234 0.000000
vt 1.606828 -11.846094 0.000000
vt 3.400000 -11.896818 0.000000
vt 1.768898 -12.032953 0.000000
vt 3.400000 -12.164116 0.000000
vt 1.917562 -12.219813 0.000000
vt 3.400000 -12.431413 0.000000
vt 2.052225 -12.406672 0.000000
vt 2.172346 -12.593531 0.000000
vt 3.400000 -12.698710 0.000000
vt 2.277443 -12.780391 0.000000
vt 3.400000 -12.966007 0.000000
vt 2.367095 -12.967250 0.000000
vt 2.440942 -13.154110 0.000000
vt 3.400000 -13.233304 0.000000
vt 2.498688 -13.340969 0.000000
vt 3.400000 -13.500602 0.000000
vt 2.540101 -13.527829 0.000000
vt 2.565016 -13.714688 0.000000
vt 3.400000 -13.767899 0.000000
vt 2.573332 -13.901547 0.000000
vt 3.400000 -14.035196 0.000000
vt 2.565016 -14.088407 0.000000
vt 3.400000 -14.302493 0.000000
vt 2.540101 -14.275266 0.000000
vt 2.498688 -14.462126 0.000000
vt 3.400000 -14.569791 0.000000
vt 2.440942 -14.648985 0.000000
vt 3.400000 -14.837088 0.000000
vt 2.367095 -14.835845 0.000000
vt 2.277443 -15.022704 0.000000
vt 3.400000 -15.104385 0.000000
vt 2.172346 -15.209563 0.000000
vt 3.400000 -15.371682 0.000000
vt 2.052225 -15.396423 0.000000
vt 1.917562 -15.583282 0.000000
vt 3.400000 -15.638979 0.000000
vt 1.768898 -15.770142 0.000000
vt 3.400000 -15.906277 0.000000
vt 1.606828 -15.957001 0.000000
vt 3.400000 -16.173574 0.000000
vt 1.432003 -16.143861 0.000000
vt 1.245123 -16.330720 0.000000
vt 3.400000 -16.440871 0.000000
vt 1.046938 -16.517579 0.000000
vt 3.400000 -16.708168 0.000000
vt 0.838244 -16.704439 0.000000
vt 0.619877 -16.891298 0.000000
vt 3.400000 -16.975466 0.000000
vt 0.392713 -17.078158 0.000000
vt 3.400000 -17.242763 0.000000
vt 0.157664 -17.265017 0.000000
vt 0.000000 -17.448804 0.000000
vt -0.084329 -17.451877 0.000000
vt -0.332294 -17.638736 0.000000
vt -0.585237 -17.825595 0.000000
vt 0.000000 -17.721670 0.000000
vt 3.400000 -17.510060 0.000000
vt -0.842144 -18.012455 0.000000
vt 0.000000 -17.994536 0.000000
vt 3.400000 -17.777357 0.000000
vt -1.101983 -18.199314 0.000000
vt 0.000000 -18.267402 0.000000
vt 3.400000 -18.044654 0.000000
vt 3.400000 -18.311952 0.000000
vt 0.000000 -18.540268 0.000000
vt 3.400000 -18.579249 0.000000
vt 0.000000 -18.813134 0.000000
vt 3.400000 -18.846546 0.000000
vt 0.000000 -19.086000 0.000000
vt 3.400000 -19.113843 0.000000
vt 0.000000 -19.358866 0.000000
vt 3.400000 -19.381140 0.000000
vt 0.000000 -19.631732 0.000000
vt 3.400000 -19.648438 0.000000
vt 0.000000 -19.904598 0.000000
vt 3.400000 -19.915735 0.000000
vt 0.000000 -20.177463 0.000000
vt 3.400000 -20.183032 0.000000
vt 3.400000 -20.450329 0.000000
vt -3.400000 -20.260569 0.000000
vt -3.400000 -20.450329 0.000000
vt -1.363713 -18.386174 0.000000
vt -1.626284 -18.573033 0.000000
vt -1.888643 -18.759893 0.000000
vt -2.149737 -18.946752 0.000000
vt -2.408520 -19.133611 0.000000
vt -2.663952 -19.320471 0.000000
vt -2.915011 -19.507330 0.000000
vt -3.160689 -19.694190 0.000000
vt -3.400000 -19.881049 0.000000
vt -3.400000 -20.070809 0.000000
vt -3.400000 -7.542526 0.000000
vt 6.520502 -5.796182 0.000000
vt 6.696594 -5.580414 0.000000
vt 6.520502 -5.481819 0.000000
vt 6.852940 -5.349935 0.000000
vt 6.672220 -5.261864 0.000000
vt 6.988317 -5.106548 0.000000
vt 6.803413 -5.029082 0.000000
vt 7.101667 -4.852154 0.000000
vt 6.913005 -4.785384 0.000000
vt 7.192104 -4.588743 0.000000
vt 7.000096 -4.532770 0.000000
vt 7.258922 -4.318374 0.000000
vt 7.063972 -4.273311 0.000000
vt 7.301597 -4.043159 0.000000
vt 7.104108 -4.009137 0.000000
vt 7.319796 -3.765251 0.000000
vt 7.120176 -3.742414 0.000000
vt 7.313377 -3.486821 0.000000
vt 7.112044 -3.475332 0.000000
vt 7.282391 -3.210046 0.000000
vt 7.079778 -3.210082 0.000000
vt 7.227078 -2.937091 0.000000
vt 7.023643 -2.948839 0.000000
vt 7.147873 -2.670087 0.000000
vt 6.944100 -2.693747 0.000000
vt 7.045393 -2.411124 0.000000
vt 6.841801 -2.446900 0.000000
vt 6.920440 -2.162224 0.000000
vt 6.717585 -2.210321 0.000000
vt 6.773991 -1.925334 0.000000
vt 6.572472 -1.985952 0.000000
vt 6.607190 -1.702305 0.000000
vt 6.407653 -1.775635 0.000000
vt 6.421342 -1.494881 0.000000
vt 6.224479 -1.581094 0.000000
vt 6.217899 -1.304683 0.000000
vt 6.024453 -1.403925 0.000000
vt 5.998452 -1.133198 0.000000
vt 5.809217 -1.245583 0.000000
vt 5.764715 -0.981767 0.000000
vt 5.580536 -1.107366 0.000000
vt 5.518516 -0.851573 0.000000
vt 5.340286 -0.990409 0.000000
vt 5.261780 -0.743634 0.000000
vt 5.090439 -0.895670 0.000000
vt 4.996514 -0.658793 0.000000
vt 4.833045 -0.823927 0.000000
vt 4.724790 -0.597715 0.000000
vt 4.570215 -0.775769 0.000000
vt 4.448733 -0.560876 0.000000
vt 4.304105 -0.751591 0.000000
vt 4.170502 -0.548564 0.000000
vt 4.036899 -0.751591 0.000000
vt 3.892271 -0.560876 0.000000
vt 3.770790 -0.775769 0.000000
vt 3.616214 -0.597715 0.000000
vt 3.507959 -0.823927 0.000000
vt 3.344491 -0.658793 0.000000
vt 3.250565 -0.895670 0.000000
vt 3.079224 -0.743634 0.000000
vt 3.000718 -0.990409 0.000000
vt 2.822488 -0.851573 0.000000
vt 2.760468 -1.107366 0.000000
vt 2.576289 -0.981767 0.000000
vt 2.531787 -1.245583 0.000000
vt 2.342553 -1.133198 0.000000
vt 2.316551 -1.403925 0.000000
vt 2.123105 -1.304683 0.000000
vt 2.116525 -1.581094 0.000000
vt 1.919662 -1.494881 0.000000
vt 1.933351 -1.775635 0.000000
vt 1.733814 -1.702305 0.000000
vt 1.768532 -1.985952 0.000000
vt 1.567013 -1.925334 0.000000
vt 1.623419 -2.210321 0.000000
vt 1.420564 -2.162224 0.000000
vt 1.499203 -2.446900 0.000000
vt 1.295611 -2.411124 0.000000
vt 1.396904 -2.693747 0.000000
vt 1.193131 -2.670087 0.000000
vt 1.317361 -2.948839 0.000000
vt 1.113926 -2.937091 0.000000
vt 1.261226 -3.210082 0.000000
vt 1.058613 -3.210046 0.000000
vt 1.228960 -3.475332 0.000000
vt 1.027627 -3.486821 0.000000
vt 1.220828 -3.742414 0.000000
vt 1.021208 -3.765251 0.000000
vt 1.236896 -4.009137 0.000000
vt 1.039407 -4.043159 0.000000
vt 1.277033 -4.273311 0.000000
vt 1.082082 -4.318374 0.000000
vt 1.340908 -4.532770 0.000000
vt 1.148900 -4.588743 0.000000
vt 1.427999 -4.785384 0.000000
vt 1.239337 -4.852154 0.000000
vt 1.537591 -5.029082 0.000000
vt 1.352687 -5.106548 0.000000
vt 1.668784 -5.261864 0.000000
vt 1.488064 -5.349935 0.000000
vt 1.820502 -5.481819 0.000000
vt 1.644410 -5.580414 0.000000
vt 1.820502 -5.796182 0.000000
vt -0.650000 -2.574664 0.000000
vt 0.650000 -2.508849 0.000000
vt -0.650000 -2.295447 0.000000
vt 0.650000 -2.230088 0.000000
vt -0.650000 -2.016853 0.000000
vt 0.650000 -1.951327 0.000000
vt -0.650000 -1.738258 0.000000
vt 0.650000 -1.672566 0.000000
vt -0.650000 -1.459664 0.000000
vt 0.650000 -1.393805 0.000000
vt -0.650000 -1.181070 0.000000
vt 0.650000 -1.115044 0.000000
vt -0.650000 -0.902475 0.000000
vt 0.650000 -0.836283 0.000000
vt -0.650000 -0.623881 0.000000
vt 0.650000 -0.557522 0.000000
vt -0.650000 -0.345286 0.000000
vt 0.650000 -0.278761 0.000000
vt -0.650000 -0.066692 0.000000
vt 0.650000 -0.000000 0.000000
vt -0.650000 0.211903 0.000000
vt 0.650000 0.278761 0.000000
vt -0.650000 0.490497 0.000000
vt 0.650000 0.557522 0.000000
vt -0.650000 0.769092 0.000000
vt 0.650000 0.836283 0.000000
vt -0.650000 1.047686 0.000000
vt 0.650000 1.115044 0.000000
vt -0.650000 1.326281 0.000000
vt 0.650000 1.393805 0.000000
vt -0.650000 1.604875 0.000000
vt 0.650000 1.672566 0.000000
vt -0.650000 1.883469 0.000000
vt 0.650000 1.951327 0.000000
vt -0.650000 2.162064 0.000000
vt 0.650000 2.230088 0.000000
vt -0.650000 2.440658 0.000000
vt 0.650000 2.508849 0.000000
vt -0.650000 2.719253 0.000000
vt 0.650000 2.787610 0.000000
vt -0.650000 2.997847 0.000000
vt 0.650000 3.066371 0.000000
vt -0.650000 3.276442 0.000000
vt 0.650000 3.345132 0.000000
vt -0.650000 3.555036 0.000000
vt 0.650000 3.623893 0.000000
vt -0.650000 3.833631 0.000000
vt 0.650000 3.902655 0.000000
vt -0.650000 4.112225 0.000000
vt 0.650000 4.181416 0.000000
vt -0.650000 4.390820 0.000000
vt 0.650000 4.460177 0.000000
vt -0.650000 4.669414 0.000000
vt 0.650000 4.738938 0.000000
vt -0.650000 4.948008 0.000000
vt 0.650000 5.017699 0.000000
vt -0.650000 5.226603 0.000000
vt 0.650000 5.296460 0.000000
vt -0.650000 5.505197 0.000000
vt 0.650000 5.575221 0.000000
vt -0.650000 5.783792 0.000000
vt 0.650000 5.853982 0.000000
vt -0.650000 6.062386 0.000000
vt 0.650000 6.132743 0.000000
vt -0.650000 6.340981 0.000000
vt 0.650000 6.411504 0.000000
vt -0.650000 6.619575 0.000000
vt 0.650000 6.690265 0.000000
vt -0.650000 6.898170 0.000000
vt 0.650000 6.969026 0.000000
vt -0.650000 7.176764 0.000000
vt 0.650000 7.247787 0.000000
vt -0.650000 7.455359 0.000000
vt 0.650000 7.526548 0.000000
vt -0.650000 7.733953 0.000000
vt 0.650000 7.805309 0.000000
vt -0.650000 8.012547 0.000000
vt 0.650000 8.084070 0.000000
vt -0.650000 8.291142 0.000000
vt 0.650000 8.362831 0.000000
vt -0.650000 8.569736 0.000000
vt 0.650000 8.641592 0.000000
vt -0.650000 8.848331 0.000000
vt 0.650000 8.920353 0.000000
vt -0.650000 9.126925 0.000000
vt 0.650000 9.199114 0.000000
vt -0.650000 9.405520 0.000000
vt 0.650000 9.477875 0.000000
vt -0.650000 9.684114 0.000000
vt 0.650000 9.756636 0.000000
vt -0.650000 -10.107920 0.000000
vt 0.650000 -10.035397 0.000000
vt -0.650000 -9.829325 0.000000
vt 0.650000 -9.756636 0.000000
vt -0.650000 -9.550731 0.000000
vt 0.650000 -9.477875 0.000000
vt -0.650000 -9.272136 0.000000
vt 0.650000 -9.199114 0.000000
vt -0.650000 -8.993542 0.000000
vt 0.650000 -8.920353 0.000000
vt -0.650000 -8.714947 0.000000
vt 0.650000 -8.641592 0.000000
vt -0.650000 -8.436353 0.000000
vt 0.650000 -8.362831 0.000000
vt -0.650000 -8.157758 0.000000
vt 0.650000 -8.084070 0.000000
vt -0.650000 -7.879164 0.000000
vt 0.650000 -7.805309 0.000000
vt -0.650000 -7.600569 0.000000
vt 0.650000 -7.526548 0.000000
vt -0.650000 -7.321353 0.000000
vt 0.650000 -7.247787 0.000000
vt -0.650000 -7.042136 0.000000
vt 0.650000 -6.969026 0.000000
vt -0.650000 -6.762919 0.000000
vt 0.650000 -6.690265 0.000000
vt -0.650000 -6.483702 0.000000
vt 0.650000 -6.411504 0.000000
vt -0.650000 -6.204485 0.000000
vt 0.650000 -6.132743 0.000000
vt -0.650000 -5.925268 0.000000
vt 0.650000 -5.853982 0.000000
vt -0.650000 -5.646051 0.000000
vt 0.650000 -5.575221 0.000000
vt -0.650000 -5.366834 0.000000
vt 0.650000 -5.296460 0.000000
vt -0.650000 -5.087617 0.000000
vt 0.650000 -5.017699 0.000000
vt -0.650000 -4.808400 0.000000
vt 0.650000 -4.738938 0.000000
vt -0.650000 -4.529183 0.000000
vt 0.650000 -4.460177 0.000000
vt -0.650000 -4.249966 0.000000
vt 0.650000 -4.181416 0.000000
vt -0.650000 -3.970749 0.000000
vt 0.650000 -3.902655 0.000000
vt -0.650000 -3.691532 0.000000
vt 0.650000 -3.623893 0.000000
vt -0.650000 -3.412315 0.000000
vt 0.650000 -3.345132 0.000000
vt -0.650000 -3.133098 0.000000
vt 0.650000 -3.066371 0.000000
vt -0.650000 -2.853881 0.000000
vt 0.650000 -2.787610 0.000000
vt 5.193802 -0.289040 0.000000
vt 4.998886 -0.488837 0.000000
vt 5.193802 -2.941423 0.000000
vt 4.787048 -0.670595 0.000000
vt 4.559952 -0.832886 0.000000
vt 4.319381 -0.974437 0.000000
vt 4.067224 -1.094135 0.000000
vt 3.805460 -1.191042 0.000000
vt 3.536145 -1.264395 0.000000
vt 3.261395 -1.313620 0.000000
vt 2.983365 -1.338329 0.000000
vt 2.704239 -1.338329 0.000000
vt 0.493802 -2.941423 0.000000
vt 2.426210 -1.313620 0.000000
vt 2.151459 -1.264395 0.000000
vt 1.882144 -1.191042 0.000000
vt 1.620381 -1.094135 0.000000
vt 1.368223 -0.974437 0.000000
vt 1.127652 -0.832886 0.000000
vt 0.900556 -0.670595 0.000000
vt 0.688718 -0.488837 0.000000
vt 0.493802 -0.289040 0.000000
vt 0.683802 -10.473802 0.000000
vt 0.836885 -5.584467 0.000000
vt 0.683802 -0.973802 0.000000
vt 0.861514 -5.306887 0.000000
vt 0.910579 -5.032571 0.000000
vt 7.283802 -10.473802 0.000000
vt 1.884509 -10.008684 0.000000
vt 1.785030 -10.033203 0.000000
vt 1.682574 -10.033203 0.000000
vt 7.283802 -0.973802 0.000000
vt 7.133802 -5.723802 0.000000
vt 7.121476 -6.002199 0.000000
vt 7.084593 -6.278418 0.000000
vt 6.083095 -1.438920 0.000000
vt 6.182574 -1.414401 0.000000
vt 6.285030 -1.414401 0.000000
vt 2.146452 -2.288011 0.000000
vt 2.572392 -2.907702 0.000000
vt 2.158802 -2.186302 0.000000
vt 2.826802 -2.793981 0.000000
vt 2.158802 -1.836302 0.000000
vt 3.090268 -2.703190 0.000000
vt 2.146452 -1.734593 0.000000
vt 3.360726 -2.636040 0.000000
vt 2.110121 -1.638795 0.000000
vt 3.636061 -2.593055 0.000000
vt 3.914118 -2.574573 0.000000
vt 2.110121 -2.383809 0.000000
vt 2.329028 -3.043462 0.000000
vt 2.051919 -2.468129 0.000000
vt 1.975230 -2.536070 0.000000
vt 2.098614 -3.200200 0.000000
vt 1.884509 -2.583684 0.000000
vt 1.785030 -2.608203 0.000000
vt 1.882955 -3.376689 0.000000
vt 1.682574 -2.608203 0.000000
vt 1.683738 -3.571546 0.000000
vt 1.583095 -2.583684 0.000000
vt 1.492375 -2.536070 0.000000
vt 1.502522 -3.783248 0.000000
vt 1.415685 -2.468129 0.000000
vt 1.340725 -4.010138 0.000000
vt 1.357483 -2.383809 0.000000
vt 1.199614 -4.250439 0.000000
vt 1.321152 -2.288011 0.000000
vt 1.080293 -4.502271 0.000000
vt 0.983696 -4.763664 0.000000
vt 1.308802 -2.186302 0.000000
vt 1.308802 -1.836302 0.000000
vt 1.321152 -1.734593 0.000000
vt 1.357483 -1.638795 0.000000
vt 1.415685 -1.554475 0.000000
vt 1.492375 -1.486534 0.000000
vt 1.583095 -1.438920 0.000000
vt 1.682574 -1.414401 0.000000
vt 1.785030 -1.414401 0.000000
vt 1.884509 -1.438920 0.000000
vt 5.992375 -1.486534 0.000000
vt 1.975230 -1.486534 0.000000
vt 5.915685 -1.554475 0.000000
vt 2.051919 -1.554475 0.000000
vt 1.308802 -9.611302 0.000000
vt 1.308802 -9.261302 0.000000
vt 1.321152 -9.159593 0.000000
vt 1.080293 -6.945333 0.000000
vt 1.199614 -7.197165 0.000000
vt 1.357483 -9.063795 0.000000
vt 1.340725 -7.437466 0.000000
vt 1.415685 -8.979475 0.000000
vt 1.502522 -7.664356 0.000000
vt 1.492375 -8.911534 0.000000
vt 1.683738 -7.876058 0.000000
vt 1.583095 -8.863920 0.000000
vt 1.682574 -8.839401 0.000000
vt 1.882955 -8.070916 0.000000
vt 1.785030 -8.839401 0.000000
vt 2.098614 -8.247404 0.000000
vt 1.884509 -8.863920 0.000000
vt 1.975230 -8.911534 0.000000
vt 2.329028 -8.404142 0.000000
vt 2.051919 -8.979475 0.000000
vt 2.110121 -9.063795 0.000000
vt 2.572392 -8.539902 0.000000
vt 2.146452 -9.159593 0.000000
vt 2.158802 -9.261302 0.000000
vt 2.826802 -8.653623 0.000000
vt 2.158802 -9.611302 0.000000
vt 3.090268 -8.744414 0.000000
vt 2.146452 -9.713011 0.000000
vt 3.360726 -8.811564 0.000000
vt 2.110121 -9.808809 0.000000
vt 3.636061 -8.854549 0.000000
vt 3.914118 -8.873031 0.000000
vt 2.051919 -9.893129 0.000000
vt 5.915685 -9.893129 0.000000
vt 5.992375 -9.961070 0.000000
vt 1.975230 -9.961070 0.000000
vt 6.083095 -10.008684 0.000000
vt 1.583095 -10.008684 0.000000
vt 1.492375 -9.961070 0.000000
vt 1.415685 -9.893129 0.000000
vt 1.357483 -9.808809 0.000000
vt 1.321152 -9.713011 0.000000
vt 6.658802 -1.836302 0.000000
vt 6.658802 -2.186302 0.000000
vt 6.646452 -2.288011 0.000000
vt 6.830437 -4.375035 0.000000
vt 6.700093 -4.128727 0.000000
vt 6.610121 -2.383809 0.000000
vt 6.548491 -3.894903 0.000000
vt 6.551919 -2.468129 0.000000
vt 6.376816 -3.675392 0.000000
vt 6.475230 -2.536070 0.000000
vt 6.384509 -2.583684 0.000000
vt 6.186413 -3.471913 0.000000
vt 6.285030 -2.608203 0.000000
vt 6.182574 -2.608203 0.000000
vt 5.978772 -3.286058 0.000000
vt 6.083095 -2.583684 0.000000
vt 5.755517 -3.119282 0.000000
vt 5.992375 -2.536070 0.000000
vt 5.915685 -2.468129 0.000000
vt 5.518397 -2.972890 0.000000
vt 5.857483 -2.383809 0.000000
vt 5.821152 -2.288011 0.000000
vt 5.269265 -2.848027 0.000000
vt 5.808802 -2.186302 0.000000
vt 5.010074 -2.745671 0.000000
vt 5.808802 -1.836302 0.000000
vt 4.742850 -2.666623 0.000000
vt 5.821152 -1.734593 0.000000
vt 4.469686 -2.611501 0.000000
vt 5.857483 -1.638795 0.000000
vt 4.192719 -2.580738 0.000000
vt 6.384509 -1.438920 0.000000
vt 6.475230 -1.486534 0.000000
vt 6.551919 -1.554475 0.000000
vt 6.610121 -1.638795 0.000000
vt 6.646452 -1.734593 0.000000
vt 5.821152 -9.159593 0.000000
vt 5.269265 -8.599577 0.000000
vt 5.808802 -9.261302 0.000000
vt 5.010074 -8.701933 0.000000
vt 5.808802 -9.611302 0.000000
vt 4.742850 -8.780981 0.000000
vt 5.821152 -9.713011 0.000000
vt 4.469686 -8.836103 0.000000
vt 5.857483 -9.808809 0.000000
vt 4.192719 -8.866866 0.000000
vt 5.518397 -8.474715 0.000000
vt 5.857483 -9.063795 0.000000
vt 5.915685 -8.979475 0.000000
vt 5.755517 -8.328322 0.000000
vt 5.992375 -8.911534 0.000000
vt 6.083095 -8.863920 0.000000
vt 5.978772 -8.161546 0.000000
vt 6.182574 -8.839401 0.000000
vt 6.186413 -7.975691 0.000000
vt 6.285030 -8.839401 0.000000
vt 6.384509 -8.863920 0.000000
vt 6.376816 -7.772212 0.000000
vt 6.475230 -8.911534 0.000000
vt 6.551919 -8.979475 0.000000
vt 6.548491 -7.552701 0.000000
vt 6.610121 -9.063795 0.000000
vt 6.700093 -7.318877 0.000000
vt 6.646452 -9.159593 0.000000
vt 6.830437 -7.072569 0.000000
vt 6.938501 -6.815705 0.000000
vt 7.023442 -6.550296 0.000000
vt 6.658802 -9.261302 0.000000
vt 6.658802 -9.611302 0.000000
vt 6.646452 -9.713011 0.000000
vt 6.610121 -9.808809 0.000000
vt 6.551919 -9.893129 0.000000
vt 6.475230 -9.961070 0.000000
vt 6.384509 -10.008684 0.000000
vt 6.285030 -10.033203 0.000000
vt 6.182574 -10.033203 0.000000
vt 0.983696 -6.683940 0.000000
vt 0.910579 -6.415033 0.000000
vt 0.861514 -6.140717 0.000000
vt 0.836885 -5.863137 0.000000
vt 6.938501 -4.631899 0.000000
vt 7.023442 -4.897308 0.000000
vt 7.084593 -5.169186 0.000000
vt 7.121476 -5.445405 0.000000
vt -0.973802 -0.053802 0.000000
vt -10.473802 -0.053802 0.000000
vt -0.973802 -0.353802 0.000000
vt -10.473802 -0.353802 0.000000
vt 0.683802 -0.973802 0.000000
vt 1.884509 -1.438920 0.000000
vt 7.283802 -0.973802 0.000000
vt 6.083095 -1.438920 0.000000
vt 6.182574 -1.414401 0.000000
vt 0.683802 -10.473802 0.000000
vt 1.321152 -2.288011 0.000000
vt 1.308802 -2.186302 0.000000
vt 1.308802 -1.836302 0.000000
vt 7.283802 -10.473802 0.000000
vt 6.083095 -10.008684 0.000000
vt 1.884509 -10.008684 0.000000
vt 1.785030 -10.033203 0.000000
vt 6.646452 -2.288011 0.000000
vt 6.646452 -9.159593 0.000000
vt 6.658802 -9.261302 0.000000
vt 6.658802 -1.836302 0.000000
vt 6.658802 -2.186302 0.000000
vt 6.610121 -2.383809 0.000000
vt 6.610121 -9.063795 0.000000
vt 6.551919 -2.468129 0.000000
vt 6.551919 -8.979475 0.000000
vt 6.475230 -2.536070 0.000000
vt 6.475230 -8.911534 0.000000
vt 6.384509 -2.583684 0.000000
vt 6.384509 -8.863920 0.000000
vt 6.285030 -2.608203 0.000000
vt 6.285030 -8.839401 0.000000
vt 6.182574 -2.608203 0.000000
vt 6.182574 -8.839401 0.000000
vt 6.083095 -8.863920 0.000000
vt 6.083095 -2.583684 0.000000
vt 5.992375 -8.911534 0.000000
vt 5.992375 -2.536070 0.000000
vt 5.915685 -8.979475 0.000000
vt 5.915685 -2.468129 0.000000
vt 2.051919 -8.979475 0.000000
vt 2.051919 -2.468129 0.000000
vt 1.975230 -2.536070 0.000000
vt 5.857483 -2.383809 0.000000
vt 2.110121 -2.383809 0.000000
vt 5.821152 -2.288011 0.000000
vt 2.146452 -2.288011 0.000000
vt 5.808802 -2.186302 0.000000
vt 2.158802 -2.186302 0.000000
vt 5.808802 -1.836302 0.000000
vt 2.158802 -1.836302 0.000000
vt 5.821152 -1.734593 0.000000
vt 2.146452 -1.734593 0.000000
vt 5.857483 -1.638795 0.000000
vt 2.110121 -1.638795 0.000000
vt 5.915685 -1.554475 0.000000
vt 2.051919 -1.554475 0.000000
vt 5.992375 -1.486534 0.000000
vt 1.975230 -1.486534 0.000000
vt 6.285030 -1.414401 0.000000
vt 6.384509 -1.438920 0.000000
vt 6.475230 -1.486534 0.000000
vt 6.551919 -1.554475 0.000000
vt 6.610121 -1.638795 0.000000
vt 6.646452 -1.734593 0.000000
vt 5.821152 -9.159593 0.000000
vt 2.158802 -9.261302 0.000000
vt 5.808802 -9.261302 0.000000
vt 2.158802 -9.611302 0.000000
vt 5.808802 -9.611302 0.000000
vt 2.146452 -9.713011 0.000000
vt 5.821152 -9.713011 0.000000
vt 2.110121 -9.808809 0.000000
vt 5.857483 -9.808809 0.000000
vt 2.051919 -9.893129 0.000000
vt 5.915685 -9.893129 0.000000
vt 1.975230 -9.961070 0.000000
vt 5.992375 -9.961070 0.000000
vt 2.146452 -9.159593 0.000000
vt 5.857483 -9.063795 0.000000
vt 2.110121 -9.063795 0.000000
vt 6.658802 -9.611302 0.000000
vt 6.646452 -9.713011 0.000000
vt 6.610121 -9.808809 0.000000
vt 6.551919 -9.893129 0.000000
vt 6.475230 -9.961070 0.000000
vt 6.384509 -10.008684 0.000000
vt 6.285030 -10.033203 0.000000
vt 6.182574 -10.033203 0.000000
vt 1.975230 -8.911534 0.000000
vt 1.884509 -2.583684 0.000000
vt 1.884509 -8.863920 0.000000
vt 1.785030 -2.608203 0.000000
vt 1.785030 -8.839401 0.000000
vt 1.682574 -2.608203 0.000000
vt 1.682574 -8.839401 0.000000
vt 1.583095 -8.863920 0.000000
vt 1.583095 -2.583684 0.000000
vt 1.492375 -8.911534 0.000000
vt 1.492375 -2.536070 0.000000
vt 1.415685 -8.979475 0.000000
vt 1.415685 -2.468129 0.000000
vt 1.357483 -2.383809 0.000000
vt 1.357483 -9.063795 0.000000
vt 1.321152 -9.159593 0.000000
vt 1.308802 -9.261302 0.000000
vt 1.308802 -9.611302 0.000000
vt 1.321152 -9.713011 0.000000
vt 1.357483 -9.808809 0.000000
vt 1.415685 -9.893129 0.000000
vt 1.492375 -9.961070 0.000000
vt 1.583095 -10.008684 0.000000
vt 1.682574 -10.033203 0.000000
vt 1.321152 -1.734593 0.000000
vt 1.357483 -1.638795 0.000000
vt 1.415685 -1.554475 0.000000
vt 1.492375 -1.486534 0.000000
vt 1.583095 -1.438920 0.000000
vt 1.682574 -1.414401 0.000000
vt 1.785030 -1.414401 0.000000
vt 0.053802 0.683802 0.000000
vt 0.353802 0.683802 0.000000
vt 0.053802 7.283802 0.000000
vt 0.353802 7.283802 0.000000
vt 10.473802 0.353802 0.000000
vt 0.973802 0.353802 0.000000
vt 10.473802 0.053802 0.000000
vt 0.973802 0.053802 0.000000
vt -0.053802 -0.683802 0.000000
vt -0.353802 -0.683802 0.000000
vt -0.053802 -7.283802 0.000000
vt -0.353802 -7.283802 0.000000
vt 0.058802 0.353802 0.000000
vt 0.058802 0.053802 0.000000
vt 0.408802 0.353802 0.000000
vt 0.408802 0.053802 0.000000
vt -0.150000 -1.335177 0.000000
vt 0.150000 -1.335177 0.000000
vt -0.150000 -1.232471 0.000000
vt 0.150000 -1.232471 0.000000
vt -0.150000 -1.129765 0.000000
vt 0.150000 -1.129765 0.000000
vt -0.150000 -1.027059 0.000000
vt 0.150000 -1.027059 0.000000
vt -0.150000 -0.924353 0.000000
vt 0.150000 -0.924353 0.000000
vt -0.150000 -0.821647 0.000000
vt 0.150000 -0.821647 0.000000
vt -0.150000 -0.718941 0.000000
vt 0.150000 -0.718941 0.000000
vt -0.150000 -0.616235 0.000000
vt 0.150000 -0.616235 0.000000
vt -0.150000 -0.513530 0.000000
vt 0.150000 -0.513530 0.000000
vt -0.150000 -0.410824 0.000000
vt 0.150000 -0.410824 0.000000
vt -0.150000 -0.308118 0.000000
vt 0.150000 -0.308118 0.000000
vt -0.150000 -0.205412 0.000000
vt 0.150000 -0.205412 0.000000
vt -0.150000 -0.102706 0.000000
vt 0.150000 -0.102706 0.000000
vt -0.150000 -0.000000 0.000000
vt 0.150000 -0.000000 0.000000
vt -0.408802 -0.053802 0.000000
vt -0.408802 -0.353802 0.000000
vt -0.058802 -0.053802 0.000000
vt -0.058802 -0.353802 0.000000
vt -0.150000 0.000000 0.000000
vt 0.150000 0.000000 0.000000
vt -0.150000 0.102706 0.000000
vt 0.150000 0.102706 0.000000
vt -0.150000 0.205412 0.000000
vt 0.150000 0.205412 0.000000
vt -0.150000 0.308118 0.000000
vt 0.150000 0.308118 0.000000
vt -0.150000 0.410824 0.000000
vt 0.150000 0.410824 0.000000
vt -0.150000 0.513530 0.000000
vt 0.150000 0.513530 0.000000
vt -0.150000 0.616235 0.000000
vt 0.150000 0.616235 0.000000
vt -0.150000 0.718941 0.000000
vt 0.150000 0.718941 0.000000
vt -0.150000 0.821647 0.000000
vt 0.150000 0.821647 0.000000
vt -0.150000 0.924353 0.000000
vt 0.150000 0.924353 0.000000
vt -0.150000 1.027059 0.000000
vt 0.150000 1.027059 0.000000
vt -0.150000 1.129765 0.000000
vt 0.150000 1.129765 0.000000
vt -0.150000 1.232471 0.000000
vt 0.150000 1.232471 0.000000
vt -0.150000 1.335177 0.000000
vt 0.150000 1.335177 0.000000
vt -0.150000 -0.000000 0.000000
vt 0.150000 -0.000000 0.000000
vt -0.150000 0.102706 0.000000
vt 0.150000 0.102706 0.000000
vt -0.150000 0.205412 0.000000
vt 0.150000 0.205412 0.000000
vt -0.150000 0.308118 0.000000
vt 0.150000 0.308118 0.000000
vt -0.150000 0.410824 0.000000
vt 0.150000 0.410824 0.000000
vt -0.150000 0.513530 0.000000
vt 0.150000 0.513530 0.000000
vt -0.150000 0.616235 0.000000
vt 0.150000 0.616235 0.000000
vt -0.150000 0.718941 0.000000
vt 0.150000 0.718941 0.000000
vt -0.150000 0.821647 0.000000
vt 0.150000 0.821647 0.000000
vt -0.150000 0.924353 0.000000
vt 0.150000 0.924353 0.000000
vt -0.150000 1.027059 0.000000
vt 0.150000 1.027059 0.000000
vt -0.150000 1.129765 0.000000
vt 0.150000 1.129765 0.000000
vt -0.150000 1.232471 0.000000
vt 0.150000 1.232471 0.000000
vt -0.150000 1.335177 0.000000
vt 0.150000 1.335177 0.000000
vt -0.408802 -0.053802 0.000000
vt -0.408802 -0.353802 0.000000
vt -0.058802 -0.053802 0.000000
vt -0.058802 -0.353802 0.000000
vt -0.150000 -1.335177 0.000000
vt 0.150000 -1.335177 0.000000
vt -0.150000 -1.232471 0.000000
vt 0.150000 -1.232471 0.000000
vt -0.150000 -1.129765 0.000000
vt 0.150000 -1.129765 0.000000
vt -0.150000 -1.027059 0.000000
vt 0.150000 -1.027059 0.000000
vt -0.150000 -0.924353 0.000000
vt 0.150000 -0.924353 0.000000
vt -0.150000 -0.821647 0.000000
vt 0.150000 -0.821647 0.000000
vt -0.150000 -0.718941 0.000000
vt 0.150000 -0.718941 0.000000
vt -0.150000 -0.616235 0.000000
vt 0.150000 -0.616235 0.000000
vt -0.150000 -0.513530 0.000000
vt 0.150000 -0.513530 0.000000
vt -0.150000 -0.410824 0.000000
vt 0.150000 -0.410824 0.000000
vt -0.150000 -0.308118 0.000000
vt 0.150000 -0.308118 0.000000
vt -0.150000 -0.205412 0.000000
vt 0.150000 -0.205412 0.000000
vt -0.150000 -0.102706 0.000000
vt 0.150000 -0.102706 0.000000
vt -0.150000 -0.000000 0.000000
vt 0.150000 -0.000000 0.000000
vt 0.058802 0.353802 0.000000
vt 0.058802 0.053802 0.000000
vt 0.408802 0.353802 0.000000
vt 0.408802 0.053802 0.000000
vt -0.150000 -1.335177 0.000000
vt 0.150000 -1.335177 0.000000
vt -0.150000 -1.232471 0.000000
vt 0.150000 -1.232471 0.000000
vt -0.150000 -1.129765 0.000000
vt 0.150000 -1.129765 0.000000
vt -0.150000 -1.027059 0.000000
vt 0.150000 -1.027059 0.000000
vt -0.150000 -0.924353 0.000000
vt 0.150000 -0.924353 0.000000
vt -0.150000 -0.821647 0.000000
vt 0.150000 -0.821647 0.000000
vt -0.150000 -0.718941 0.000000
vt 0.150000 -0.718941 0.000000
vt -0.150000 -0.616235 0.000000
vt 0.150000 -0.616235 0.000000
vt -0.150000 -0.513530 0.000000
vt 0.150000 -0.513530 0.000000
vt -0.150000 -0.410824 0.000000
vt 0.150000 -0.410824 0.000000
vt -0.150000 -0.308118 0.000000
vt 0.150000 -0.308118 0.000000
vt -0.150000 -0.205412 0.000000
vt 0.150000 -0.205412 0.000000
vt -0.150000 -0.102706 0.000000
vt 0.150000 -0.102706 0.000000
vt -0.150000 -0.000000 0.000000
vt 0.150000 -0.000000 0.000000
vt 0.058802 0.353802 0.000000
vt 0.058802 0.053802 0.000000
vt 0.408802 0.353802 0.000000
vt 0.408802 0.053802 0.000000
vt -0.150000 -0.000000 0.000000
vt 0.150000 -0.000000 0.000000
vt -0.150000 0.102706 0.000000
vt 0.150000 0.102706 0.000000
vt -0.150000 0.205412 0.000000
vt 0.150000 0.205412 0.000000
vt -0.150000 0.308118 0.000000
vt 0.150000 0.308118 0.000000
vt -0.150000 0.410824 0.000000
vt 0.150000 0.410824 0.000000
vt -0.150000 0.513530 0.000000
vt 0.150000 0.513530 0.000000
vt -0.150000 0.616235 0.000000
vt 0.150000 0.616235 0.000000
vt -0.150000 0.718941 0.000000
vt 0.150000 0.718941 0.000000
vt -0.150000 0.821647 0.000000
vt 0.150000 0.821647 0.000000
vt -0.150000 0.924353 0.000000
vt 0.150000 0.924353 0.000000
vt -0.150000 1.027059 0.000000
vt 0.150000 1.027059 0.000000
vt -0.150000 1.129765 0.000000
vt 0.150000 1.129765 0.000000
vt -0.150000 1.232471 0.000000
vt 0.150000 1.232471 0.000000
vt -0.150000 1.335177 0.000000
vt 0.150000 1.335177 0.000000
vt -0.408802 -0.053802 0.000000
vt -0.408802 -0.353802 0.000000
vt -0.058802 -0.053802 0.000000
vt -0.058802 -0.353802 0.000000
vt -0.408802 -0.053802 0.000000
vt -0.408802 -0.353802 0.000000
vt -0.058802 -0.053802 0.000000
vt -0.058802 -0.353802 0.000000
vt -0.150000 0.000000 0.000000
vt 0.150000 0.000000 0.000000
vt -0.150000 0.102706 0.000000
vt 0.150000 0.102706 0.000000
vt -0.150000 0.205412 0.000000
vt 0.150000 0.205412 0.000000
vt -0.150000 0.308118 0.000000
vt 0.150000 0.308118 0.000000
vt -0.150000 0.410824 0.000000
vt 0.150000 0.410824 0.000000
vt -0.150000 0.513530 0.000000
vt 0.150000 0.513530 0.000000
vt -0.150000 0.616235 0.000000
vt 0.150000 0.616235 0.000000
vt -0.150000 0.718941 0.000000
vt 0.150000 0.718941 0.000000
vt -0.150000 0.821647 0.000000
vt 0.150000 0.821647 0.000000
vt -0.150000 0.924353 0.000000
vt 0.150000 0.924353 0.000000
vt -0.150000 1.027059 0.000000
vt 0.150000 1.027059 0.000000
vt -0.150000 1.129765 0.000000
vt 0.150000 1.129765 0.000000
vt -0.150000 1.232471 0.000000
vt 0.150000 1.232471 0.000000
vt -0.150000 1.335177 0.000000
vt 0.150000 1.335177 0.000000
vt 0.058802 0.353802 0.000000
vt 0.058802 0.053802 0.000000
vt 0.408802 0.353802 0.000000
vt 0.408802 0.053802 0.000000
vt -0.150000 -1.335177 0.000000
vt 0.150000 -1.335177 0.000000
vt -0.150000 -1.232471 0.000000
vt 0.150000 -1.232471 0.000000
vt -0.150000 -1.129765 0.000000
vt 0.150000 -1.129765 0.000000
vt -0.150000 -1.027059 0.000000
vt 0.150000 -1.027059 0.000000
vt -0.150000 -0.924353 0.000000
vt 0.150000 -0.924353 0.000000
vt -0.150000 -0.821647 0.000000
vt 0.150000 -0.821647 0.000000
vt -0.150000 -0.718941 0.000000
vt 0.150000 -0.718941 0.000000
vt -0.150000 -0.616235 0.000000
vt 0.150000 -0.616235 0.000000
vt -0.150000 -0.513530 0.000000
vt 0.150000 -0.513530 0.000000
vt -0.150000 -0.410824 0.000000
vt 0.150000 -0.410824 0.000000
vt -0.150000 -0.308118 0.000000
vt 0.150000 -0.308118 0.000000
vt -0.150000 -0.205412 0.000000
vt 0.150000 -0.205412 0.000000
vt -0.150000 -0.102706 0.000000
vt 0.150000 -0.102706 0.000000
vt -0.150000 -0.000000 0.000000
vt 0.150000 -0.000000 0.000000
vn 99.999998 -0.017565 0.000000
vn 99.999998 -0.017565 0.000000
vn 99.999998 -0.017565 0.000000
vn 99.999998 -0.017565 0.000000
vn 99.999998 -0.017565 0.000000
vn 99.999998 -0.017565 0.000000
vn 99.999998 -0.017565 0.000000
vn 99.999998 -0.017565 0.000000
vn 99.999998 -0.017565 0.000000
vn 99.999998 -0.017565 0.000000
vn 99.999998 -0.017565 0.000000
vn 99.999998 -0.017565 0.000000
vn 99.999998 -0.017565 0.000000
vn 99.999998 -0.017565 0.000000
vn 99.999998 -0.017565 0.000000
vn 99.999998 -0.017565 0.000000
vn 99.999998 -0.017565 0.000000
vn 99.999998 -0.017565 0.000000
vn 99.999998 -0.017565 0.000000
vn 99.999998 -0.017565 0.000000
vn 99.999998 -0.017565 0.000000
vn 99.999998 -0.017565 0.000000
vn 99.999998 -0.017565 0.000000
vn 99.999998 -0.017565 0.000000
vn 99.999998 -0.017565 0.000000
vn 99.999998 -0.017565 0.000000
vn 99.999998 -0.017565 0.000000
vn 99.999998 -0.017565 0.000000
vn 99.999998 -0.017565 0.000000
vn 99.999998 -0.017565 0.000000
vn 99.999998 -0.017565 0.000000
vn 99.999998 -0.017565 0.000000
vn 99.999998 -0.017565 0.000000
vn 99.999998 -0.017565 0.000000
vn 99.999998 -0.017565 0.000000
vn 99.999998 -0.017565 0.000000
vn 99.999998 -0.017565 0.000000
vn 99.999998 -0.017565 0.000000
vn 99.999998 -0.017565 0.000000
vn 99.999998 -0.017565 0.000000
vn 99.999998 -0.017565 0.000000
vn 99.999998 -0.017565 0.000000
vn 99.999998 -0.017565 0.000000
vn 99.999998 -0.017565 0.000000
vn 99.999998 -0.017565 0.000000
vn 99.999998 -0.017565 0.000000
vn 99.999998 -0.017565 0.000000
vn 99.999998 -0.017565 0.000000
vn 99.999998 -0.017565 0.000000
vn 99.999998 -0.017565 0.000000
vn 99.999998 -0.017565 0.000000
vn 99.999998 -0.017565 0.000000
vn 99.999998 -0.017565 0.000000
vn 99.999998 -0.017565 0.000000
vn 99.999998 -0.017565 0.000000
vn 99.999998 -0.017565 0.000000
vn 99.999998 -0.017565 0.000000
vn 99.999998 -0.017565 0.000000
vn 99.999998 -0.017565 0.000000
vn 99.999998 -0.017565 0.000000
vn 99.999998 -0.017565 0.000000
vn 99.999998 -0.017565 0.000000
vn 99.999998 -0.017565 0.000000
vn 99.999998 -0.017565 0.000000
vn 99.999998 -0.017565 0.000000
vn 99.999998 -0.017565 0.000000
vn 99.999998 -0.017565 0.000000
vn 99.999998 -0.017565 0.000000
vn 99.999998 -0.017565 0.000000
vn 99.999998 -0.017565 0.000000
vn 99.999998 -0.017565 0.000000
vn 99.999998 -0.017565 0.000000
vn 99.999998 -0.017565 0.000000
vn 99.999998 -0.017565 0.000000
vn 99.999998 -0.017565 0.000000
vn 99.999998 -0.017565 0.000000
vn 99.999998 -0.017565 0.000000
vn 99.999998 -0.017565 0.000000
vn 99.999998 -0.017565 0.000000
vn 99.999998 -0.017565 0.000000
vn 99.999998 -0.017565 0.000000
vn 99.999998 -0.017565 0.000000
vn 99.999998 -0.017565 0.000000
vn 99.999998 -0.017565 0.000000
vn 99.999998 -0.017565 0.000000
vn 99.999998 -0.017565 0.000000
vn 99.999998 -0.017565 0.000000
vn 99.999998 -0.017565 0.000000
vn 99.999998 -0.017565 0.000000
vn 99.999998 -0.017565 0.000000
vn 99.999998 -0.017565 0.000000
vn 99.999998 -0.017565 0.000000
vn 99.999998 -0.017565 0.000000
vn 99.999998 -0.017565 0.000000
vn 99.999998 -0.017565 0.000000
vn 99.999998 -0.017565 0.000000
vn 99.999998 -0.017565 0.000000
vn 99.999998 -0.017565 0.000000
vn 99.999998 -0.017565 0.000000
vn 99.999998 -0.017565 0.000000
vn 99.999998 -0.017565 0.000000
vn 99.999998 -0.017565 0.000000
vn 99.999998 -0.017565 0.000000
vn 99.999998 -0.017565 0.000000
vn 99.999998 -0.017565 0.000000
vn 99.999998 -0.017565 0.000000
vn 99.999998 -0.017565 -0.000000
vn 99.270923 0.195292 12.051791
vn 99.270774 -0.655359 12.036776
vn 99.999998 -0.017565 0.000000
vn 99.270625 -1.502831 11.961794
vn 99.999998 -0.017565 0.000000
vn 99.270477 -2.342904 11.827219
vn 99.999998 -0.017565 0.000000
vn 99.270332 -3.171391 11.633722
vn 99.999998 -0.017565 0.000000
vn 99.270190 -3.981692 11.383127
vn 99.270050 -4.777177 11.074104
vn 97.092798 -7.888167 22.600121
vn 97.092520 -9.467127 21.986723
vn 93.499574 -11.680014 33.487414
vn 93.499163 -14.019025 32.578726
vn 88.542916 -15.301926 43.886252
vn 88.542378 -18.366494 42.695658
vn 82.295103 -18.701066 53.645001
vn 82.294445 -22.446139 52.189991
vn 74.847242 -21.827841 62.621368
vn 74.846474 -26.198468 60.923276
vn 66.307939 -24.636626 70.684467
vn 66.307073 -29.568764 68.768163
vn 56.801718 -27.086427 77.716731
vn 56.800766 -32.507881 75.610255
vn 46.467199 -29.141481 83.615630
vn 46.466175 -34.972960 81.349780
vn 35.455084 -30.771777 88.295157
vn 35.454003 -36.928055 85.903041
vn 23.925954 -31.953499 91.687091
vn 23.924832 -38.344655 89.203643
vn 12.047930 -32.669364 93.741986
vn 12.046782 -39.202104 91.203454
vn -0.006362 -36.220956 93.209669
vn -0.007501 -42.705643 90.422497
vn 99.999998 -0.017565 -0.000000
vn 99.271221 1.889181 11.901921
vn 99.271072 1.044883 12.006764
vn 97.094551 2.092094 23.838443
vn 97.094254 0.405301 23.927839
vn 93.502172 3.108798 35.322503
vn 93.501733 0.609400 35.454966
vn 88.546321 4.080168 46.291482
vn 88.545745 0.804613 46.465079
vn 82.299265 4.992040 56.585427
vn 82.298561 0.988092 56.797627
vn 74.852100 5.831117 66.054229
vn 74.851279 1.157163 66.301938
vn 66.313424 6.585164 74.559811
vn 66.312497 1.309360 74.839417
vn 56.807748 7.243184 81.978144
vn 56.806729 1.442463 82.285569
vn 46.473687 7.795582 88.201050
vn 46.472591 1.554532 88.531812
vn 35.461936 8.234302 93.137787
vn 35.460778 1.643933 93.487062
vn 23.933069 8.552948 96.716365
vn 23.931867 1.709361 97.079060
vn 12.055205 8.746873 98.884601
vn 12.053976 1.749863 99.255426
vn 0.000930 5.292345 99.859857
vn -0.000310 -1.764848 99.984425
vn 99.271367 2.723981 11.737783
vn 99.999998 -0.017565 -0.000000
vn 99.271512 3.545123 11.515167
vn 99.999998 -0.017565 -0.000000
vn 99.271653 4.348517 11.235184
vn 99.999998 -0.017565 -0.000000
vn 99.271790 5.130159 10.899228
vn 99.999998 -0.017565 -0.000000
vn 99.271923 5.886157 10.508972
vn 99.999998 -0.017565 -0.000000
vn 99.272050 6.612743 10.066361
vn 99.272172 7.306298 9.573600
vn 97.096734 14.523619 19.007595
vn 97.096963 15.828175 17.934563
vn 93.505747 23.462172 26.574457
vn 93.506066 25.278222 24.852105
vn 88.551424 33.134041 32.569627
vn 88.551813 35.348894 30.150159
vn 82.305978 43.214066 36.854721
vn 82.306416 45.706078 33.713621
vn 74.860448 53.358096 39.355138
vn 82.306812 47.957100 30.425407
vn 74.860910 55.987724 35.513644
vn 82.307170 49.995491 26.944030
vn 74.861328 58.365283 31.452747
vn 74.861692 60.438508 27.256445
vn 66.324250 68.224166 30.766167
vn 66.324602 70.224405 25.876246
vn 56.820038 77.214215 28.450804
vn 56.820357 79.028742 22.932620
vn 46.487254 85.030334 24.673420
vn 46.487522 86.558942 18.613432
vn 35.476545 91.406159 19.655251
vn 35.476748 92.564914 13.158156
vn 23.948451 96.123745 13.663724
vn 23.948578 96.848117 6.848923
vn 12.071061 99.021487 7.002465
vn 12.071105 99.268769 0.000000
vn 0.017554 99.937705 3.529146
vn 0.017554 99.937705 -3.529146
vn 12.071061 99.021487 -7.002465
vn 0.017467 99.439820 -10.569857
vn 12.070931 98.280875 -13.970044
vn 0.017292 98.446531 -17.557909
vn 12.070715 97.050623 -20.868025
vn 0.017032 96.962787 -24.458489
vn 12.070414 95.336858 -27.662043
vn 0.016686 94.995979 -31.237218
vn 12.070030 93.148119 -34.318250
vn 0.016258 92.555905 -37.860324
vn 12.069564 90.495311 -40.803485
vn 0.015748 89.654723 -44.294812
vn 12.069019 87.391649 -47.085439
vn 0.015160 86.306885 -50.508626
vn 12.068397 83.852595 -53.132815
vn 0.014496 82.529071 -56.470808
vn 12.067702 79.895782 -58.915487
vn 0.013761 78.340101 -62.151656
vn 12.066937 75.540921 -64.404645
vn 0.012956 73.760845 -67.522867
vn 12.066106 70.809709 -69.572942
vn 0.012087 68.814116 -72.557682
vn 12.065213 65.725716 -74.394630
vn 0.011158 63.524559 -77.231019
vn 12.064262 60.314269 -78.845688
vn 0.010173 57.918525 -81.519595
vn 12.063259 54.602330 -82.903940
vn 0.009138 52.023944 -85.402044
vn 12.062208 48.618354 -86.549170
vn 0.008057 45.870183 -88.859025
vn 12.061114 42.392154 -89.763215
vn 0.006936 39.487898 -91.873314
vn 12.059984 35.954747 -92.530065
vn 0.005780 32.908887 -94.429895
vn 12.058821 29.338205 -94.835935
vn 0.004596 26.165925 -96.516032
vn 12.057634 22.575491 -96.669337
vn 0.003389 19.292606 -98.121330
vn 12.056426 15.700296 -98.021137
vn 0.002165 12.323173 -99.237792
vn 12.055205 8.746873 -98.884601
vn 0.000930 5.292345 -99.859857
vn 12.053976 1.749863 -99.255426
vn -0.000310 -1.764848 -99.984425
vn 12.052745 -5.255875 -99.131766
vn -0.001548 -8.813249 -99.610876
vn 12.051519 -12.235440 -98.514237
vn -0.002778 -15.817743 -98.741071
vn 12.050304 -19.154059 -97.405915
vn -0.003995 -22.743433 -97.379342
vn 12.049105 -25.977263 -95.812321
vn -0.005192 -29.555817 -95.532474
vn 12.047930 -32.671061 -93.741395
vn -0.006362 -36.220956 -93.209669
vn 12.046782 -39.202104 -91.203454
vn -0.007501 -42.705643 -90.422497
vn 12.045669 -45.537854 -88.211142
vn -0.008603 -48.977573 -87.184845
vn 12.044596 -51.646748 -84.779367
vn -0.009662 -55.005499 -83.512843
vn 12.043569 -57.498351 -80.925225
vn -0.010672 -60.759391 -79.424784
vn 12.042591 -63.063510 -76.667918
vn -0.011630 -66.210582 -74.941034
vn 12.041669 -68.314501 -72.028655
vn -0.012530 -71.331916 -70.083933
vn 12.040806 -73.225163 -67.030549
vn -0.013367 -76.097878 -64.877676
vn 12.040008 -77.771031 -61.698500
vn -0.014137 -80.484723 -59.348202
vn 12.039277 -81.929459 -56.059072
vn -0.014837 -84.470598 -53.523059
vn 12.038618 -85.679728 -50.140361
vn -0.015464 -88.035645 -47.431266
vn 12.038035 -89.003156 -43.971853
vn -0.016013 -91.162102 -41.103173
vn 12.037529 -91.883186 -37.584280
vn -0.016482 -93.834395 -34.570306
vn 12.037103 -94.305468 -31.009463
vn -0.016869 -96.039209 -27.865212
vn 12.036760 -96.257936 -24.280159
vn -0.017173 -97.765561 -21.021294
vn 12.036502 -97.730862 -17.429892
vn -0.017390 -99.004850 -14.072650
vn 12.036328 -98.716909 -10.492791
vn -0.017521 -99.750901 -7.053896
vn 12.036242 -99.211164 -3.503415
vn -0.017565 -99.999998 0.000000
vn 12.036242 -99.211164 3.503415
vn -0.017521 -99.750901 7.053896
vn 12.036328 -98.716909 10.492791
vn -0.017390 -99.004850 14.072650
vn 12.036502 -97.730862 17.429892
vn -0.017173 -97.765561 21.021294
vn 12.036760 -96.257936 24.280159
vn -0.016869 -96.039209 27.865212
vn 12.037103 -94.305468 31.009463
vn -0.016482 -93.834395 34.570306
vn 12.037529 -91.883186 37.584280
vn -0.016013 -91.162102 41.103173
vn 12.038035 -89.003156 43.971853
vn -0.015464 -88.035645 47.431266
vn 12.038618 -85.679728 50.140361
vn -0.014837 -84.470598 53.523059
vn 12.039277 -81.929459 56.059072
vn -0.014137 -80.484723 59.348202
vn 12.040008 -77.771031 61.698500
vn -0.013367 -76.097878 64.877676
vn 12.040806 -73.225163 67.030549
vn -0.012530 -71.331916 70.083933
vn 12.041669 -68.314501 72.028655
vn -0.011630 -66.210582 74.941034
vn 12.042591 -63.063510 76.667918
vn -0.010672 -60.759391 79.424784
vn 12.043569 -57.498351 80.925225
vn -0.009662 -55.005499 83.512843
vn 12.044596 -51.646748 84.779367
vn -0.008603 -48.977573 87.184845
vn 12.045669 -45.537854 88.211142
vn 99.999998 -0.017565 -0.000000
vn 99.272288 7.963367 9.033143
vn 97.097179 17.053790 16.772183
vn 93.506363 26.968256 23.005941
vn 88.552171 37.387563 27.580485
vn 88.552494 39.227730 24.892589
vn 88.552787 40.896651 22.042408
vn 82.307482 51.771521 23.349264
vn 74.862003 62.210566 22.924353
vn 66.324892 71.874732 20.857410
vn 56.820607 80.449501 17.300186
vn 46.487715 87.656278 12.460712
vn 35.476871 93.262484 6.595507
vn 23.948621 97.089977 0.000000
vn 99.999998 -0.017565 -0.000000
vn 99.272396 8.580675 8.447685
vn 97.097379 18.194359 15.526244
vn 93.506636 28.523853 21.045163
vn 93.506882 29.926952 18.995802
vn 93.507106 31.201446 16.819359
vn 88.553043 42.349588 19.101597
vn 82.307748 53.289556 19.638172
vn 74.862260 63.672628 18.478053
vn 66.325119 73.166925 15.734665
vn 56.820786 81.469416 11.581564
vn 46.487831 88.316873 6.245915
vn 35.476912 93.495394 0.000000
vn 23.948578 96.848117 -6.848923
vn 99.999998 -0.017565 -0.000000
vn 99.272497 9.155149 7.820140
vn 97.097564 19.244200 14.202954
vn 97.097730 20.190427 12.820980
vn 97.097881 21.051254 11.351045
vn 93.507301 32.310103 14.575386
vn 88.553261 43.591465 16.065622
vn 82.307968 54.542033 15.829244
vn 74.862461 64.817411 13.939696
vn 66.325282 74.094546 10.533530
vn 56.820894 82.083404 5.805243
vn 46.487870 88.537438 0.000000
vn 35.476871 93.262484 -6.595507
vn 23.948451 96.123745 -13.663724
vn 99.999998 -0.017565 -0.000000
vn 99.272590 9.683924 7.153635
vn 99.272674 10.160162 6.458126
vn 99.272750 10.594087 5.717207
vn 97.098012 21.799464 9.836633
vn 93.507467 33.257711 12.258799
vn 88.553441 44.616093 12.949610
vn 82.308140 55.522713 11.941456
vn 74.862606 65.639211 9.331893
vn 66.325380 74.652974 5.279917
vn 56.820930 82.288407 0.000000
vn 46.487831 88.316873 -6.245915
vn 35.476748 92.564914 -13.158156
vn 23.948240 94.920468 -20.410454
vn 99.999998 -0.017565 -0.000000
vn 99.999998 -0.017565 -0.000000
vn 99.272816 10.970940 4.954440
vn 99.999998 -0.017565 -0.000000
vn 99.272873 11.293049 4.166990
vn 99.999998 -0.017565 -0.000000
vn 99.272919 11.558810 3.358780
vn 99.999998 -0.017565 -0.000000
vn 99.272956 11.766899 2.533837
vn 99.999998 -0.017565 -0.000000
vn 99.272982 11.916279 1.696270
vn 99.272998 12.006205 0.850253
vn 97.098373 23.854898 1.688108
vn 97.098384 23.914511 -0.000000
vn 93.507851 35.444065 -0.000000
vn 93.507836 35.355733 -2.501346
vn 88.553744 46.341002 -3.278109
vn 88.553683 45.994295 -6.539886
vn 82.308264 56.226709 -7.994176
vn 82.308140 55.522713 -11.941456
vn 74.862461 64.817411 -13.939696
vn 74.862260 63.672628 -18.478053
vn 66.324892 71.874732 -20.857410
vn 66.324602 70.224405 -25.876246
vn 56.820038 77.214215 -28.450804
vn 56.819652 75.014961 -33.827248
vn 46.486495 80.711870 -36.395052
vn 46.486009 77.943529 -41.998300
vn 35.474947 82.308529 -44.349004
vn 35.474361 78.975153 -50.044929
vn 23.945972 82.011833 -51.967776
vn 23.945292 78.141780 -57.623651
vn 99.999998 -0.017565 -0.000000
vn 99.273003 12.036231 -0.000000
vn 97.098373 23.854898 -1.688108
vn 93.507790 35.091180 -4.990230
vn 88.553582 45.418368 -9.769083
vn 82.307968 54.542033 -15.829244
vn 74.862003 62.210566 -22.924353
vn 66.324250 68.224166 -30.766167
vn 56.819200 72.441937 -39.035167
vn 46.485454 74.786837 -47.392315
vn 35.473707 75.248295 -55.491533
vn 23.944544 73.882408 -62.992449
vn 99.999998 -0.017565 0.000000
vn 99.272998 12.006205 -0.850253
vn 97.098342 23.676357 -3.367806
vn 93.507712 34.651722 -7.454254
vn 88.553441 44.616093 -12.949610
vn 82.307748 53.289556 -19.638172
vn 74.861692 60.438508 -27.256445
vn 66.323839 65.883979 -35.502812
vn 56.818685 69.507961 -44.048614
vn 46.484834 71.257520 -52.550223
vn 35.472986 71.146523 -60.661681
vn 23.943731 69.254937 -68.047421
vn 99.999998 -0.017565 0.000000
vn 99.272982 11.916279 -1.696270
vn 97.098290 23.379775 -5.030725
vn 93.507605 34.039549 -9.881140
vn 88.553261 43.591465 -16.065622
vn 82.307482 51.771521 -23.349264
vn 74.861328 58.365283 -31.452747
vn 66.323371 63.215503 -40.062585
vn 56.818109 66.227651 -48.842613
vn 46.484152 67.373161 -57.446329
vn 35.472203 66.690271 -65.529615
vn 23.942858 64.282420 -72.763384
vn 99.999998 -0.017565 0.000000
vn 99.272956 11.766899 -2.533837
vn 97.098217 22.966632 -6.668582
vn 93.507467 33.257711 -12.258799
vn 88.553043 42.349588 -19.101597
vn 82.307170 49.995491 -26.944030
vn 74.860913 56.001220 -35.492353
vn 66.322847 60.232033 -44.422767
vn 56.817474 62.617347 -53.393281
vn 46.483411 63.153112 -62.056240
vn 35.471362 61.901741 -70.071084
vn 23.941928 58.989630 -77.116844
vn 99.999998 -0.017565 0.000000
vn 99.272919 11.558810 -3.358780
vn 97.098125 22.438986 -8.273216
vn 93.507301 32.310103 -14.575386
vn 88.552787 40.896651 -22.042408
vn 82.306814 47.970313 -30.404563
vn 74.860448 53.358096 -39.355138
vn 66.322270 56.948431 -48.561638
vn 56.816785 58.695038 -57.677946
vn 46.482614 58.618396 -66.356990
vn 35.470467 56.804789 -74.263463
vn 23.940947 53.402936 -81.086111
vn 99.999998 -0.017565 0.000000
vn 99.272873 11.293049 -4.166990
vn 97.098012 21.799464 -9.836633
vn 93.507106 31.201446 -16.819359
vn 88.552496 39.239891 -24.873406
vn 82.306416 45.706078 -33.713621
vn 74.859937 50.449079 -43.021857
vn 66.321643 53.381058 -52.458577
vn 56.816045 54.480263 -61.675262
vn 46.481766 53.791606 -70.327153
vn 35.469522 51.424807 -78.085865
vn 23.939919 47.550170 -84.651412
vn 99.272816 10.970940 -4.954440
vn 99.999998 -0.017565 0.000000
vn 99.272750 10.594087 -5.717207
vn 99.999998 -0.017565 0.000000
vn 99.272674 10.164368 -6.451492
vn 99.999998 -0.017565 0.000000
vn 99.272590 9.683924 -7.153635
vn 99.999998 -0.017565 0.000000
vn 99.272497 9.155149 -7.820140
vn 99.999998 -0.017565 0.000000
vn 99.272396 8.580675 -8.447685
vn 99.272288 7.963367 -9.033143
vn 97.096963 15.828175 -17.934563
vn 97.096734 14.523619 -19.007595
vn 93.505407 21.529153 -28.164416
vn 93.505049 19.488795 -29.614062
vn 88.550091 25.546777 -38.810353
vn 88.549599 22.745460 -40.516818
vn 82.303272 27.807977 -49.526637
vn 82.302647 24.245115 -51.365833
vn 74.856048 28.305932 -59.961207
vn 74.855293 24.005789 -61.809443
vn 66.317027 27.100127 -69.768439
vn 66.316151 22.111199 -71.507084
vn 56.810746 24.313983 -78.621685
vn 56.809762 18.707501 -80.141627
vn 46.475854 20.130147 -86.225125
vn 46.474777 13.997753 -87.430876
vn 35.463086 14.783618 -92.324505
vn 35.461936 8.234302 -93.137787
vn 23.933069 8.552948 -96.716365
vn 23.931867 1.709361 -97.079060
vn 99.999998 -0.017565 0.000000
vn 99.272172 7.306298 -9.573600
vn 97.096492 13.146623 -19.985931
vn 93.504673 17.351263 -30.916172
vn 88.549087 19.830749 -42.021430
vn 82.301999 20.561392 -52.949127
vn 74.854516 19.585985 -63.349748
vn 66.315255 17.012057 -72.889484
vn 56.808760 13.007769 -81.262308
vn 46.473687 7.795582 -88.201050
vn 35.460778 1.643933 -93.487062
vn 23.930663 -5.142763 -96.958111
vn 99.999998 -0.017565 0.000000
vn 99.272050 6.612743 -10.066361
vn 97.096239 11.704046 -20.864699
vn 93.504283 15.127206 -32.064259
vn 88.548558 16.817164 -43.316693
vn 82.301334 16.775162 -54.268631
vn 74.853723 15.068538 -64.574448
vn 66.314344 11.828103 -73.908753
vn 56.807748 7.243184 -81.978144
vn 46.472591 1.554532 -88.531812
vn 35.459619 -4.954658 -93.370588
vn 23.929464 -11.969287 -96.354122
vn 99.999998 -0.017565 0.000000
vn 99.271923 5.886157 -10.508972
vn 97.095975 10.203075 -21.639520
vn 93.503879 12.827704 -33.052604
vn 88.548014 13.719720 -44.396154
vn 82.300655 12.905287 -55.317771
vn 74.852916 10.475956 -65.477441
vn 66.313424 6.585164 -74.559811
vn 56.806729 1.442463 -82.285569
vn 46.471493 -4.694302 -88.421512
vn 35.458464 -11.528595 -92.788948
vn 23.928276 -18.736202 -95.270102
vn 99.999998 -0.017565 0.000000
vn 99.271790 5.130159 -10.899228
vn 97.095703 8.651187 -22.306534
vn 93.503464 10.464214 -33.876282
vn 88.547458 10.553847 -45.254437
vn 82.299964 8.971046 -56.091321
vn 74.852100 5.831117 -66.054229
vn 66.312497 1.309360 -74.839417
vn 56.805709 -4.365493 -82.183051
vn 46.470400 -10.919790 -87.870701
vn 35.457320 -18.045129 -91.745037
vn 23.927104 -25.409795 -93.711451
vn 99.999998 -0.017565 0.000000
vn 99.271653 4.348517 -11.235184
vn 97.095423 7.056115 -22.862418
vn 93.503039 8.048509 -34.531191
vn 88.546892 7.335319 -45.887263
vn 82.299265 4.992040 -56.585427
vn 74.851279 1.157163 -66.301938
vn 66.311569 -3.973025 -74.746176
vn 56.804692 -10.151750 -81.671102
vn 46.469316 -17.090917 -86.882123
vn 35.456191 -24.471794 -90.244057
vn 23.925954 -31.956818 -91.685934
vn 99.271512 3.545123 -11.515167
vn 99.999998 -0.017565 0.000000
vn 99.271367 2.723981 -11.737783
vn 99.999998 -0.017565 0.000000
vn 99.271221 1.889181 -11.901921
vn 99.999998 -0.017565 0.000000
vn 99.271072 1.044883 -12.006764
vn 99.999998 -0.017565 0.000000
vn 99.270923 0.195292 -12.051791
vn 99.999998 -0.017565 -0.000000
vn 99.270774 -0.655359 -12.036776
vn 99.999998 -0.017565 -0.000000
vn 99.270625 -1.502831 -11.961794
vn 99.270477 -2.342904 -11.827219
vn 97.093369 -4.634078 -23.481971
vn 97.093080 -6.278970 -23.097798
vn 93.499993 -9.294989 -34.225056
vn 93.499573 -11.686076 -33.485302
vn 88.542915 -15.309075 -43.883760
vn 88.542378 -18.366494 -42.695658
vn 82.294445 -22.446139 -52.189991
vn 82.293808 -26.071689 -50.477679
vn 74.845731 -30.430705 -58.924433
vn 74.845014 -34.511404 -56.632031
vn 66.305425 -38.952129 -63.924348
vn 66.304650 -43.364286 -61.018293
vn 56.798101 -47.675990 -67.089311
vn 56.797291 -52.289665 -63.559883
vn 46.462436 -56.256366 -68.384671
vn 46.461614 -60.940037 -64.246637
vn 35.449186 -64.348545 -67.842612
vn 35.448374 -68.973817 -63.134977
vn 23.918986 -71.621693 -65.560775
vn 23.918205 -76.067884 -60.345642
vn 99.999998 -0.017565 -0.000000
vn 99.270332 -3.171391 -11.633722
vn 97.092797 -7.892667 -22.598553
vn 93.499163 -14.019025 -32.578726
vn 88.541857 -21.332490 -41.294848
vn 82.293194 -29.567424 -48.513891
vn 74.844327 -38.420234 -54.057491
vn 66.303913 -47.560463 -57.808248
vn 56.796526 -56.642885 -59.713802
vn 46.460844 -65.320148 -59.788529
vn 35.447622 -73.255496 -58.112808
vn 23.917491 -80.135130 -54.829869
vn 99.999998 -0.017565 -0.000000
vn 99.270189 -3.984165 -11.382266
vn 97.092520 -9.467127 -21.986723
vn 93.498766 -16.282215 -31.509844
vn 88.541355 -24.192285 -39.688309
vn 82.292606 -32.915928 -46.308408
vn 74.843674 -42.137722 -51.213639
vn 66.303217 -51.519753 -54.310205
vn 56.795811 -60.713964 -55.570230
vn 46.460132 -69.374878 -55.032558
vn 35.446934 -77.172251 -52.801123
vn 23.916847 -83.803168 -49.040937
vn 99.999998 -0.017565 -0.000000
vn 99.270050 -4.777177 -11.074104
vn 97.092252 -10.994508 -21.265357
vn 93.498382 -18.464368 -30.283982
vn 88.540873 -26.931634 -37.884045
vn 82.292047 -36.100518 -43.872219
vn 74.843058 -45.645347 -48.114643
vn 66.302567 -55.222433 -50.541592
vn 56.795149 -64.482618 -51.149810
vn 46.459481 -73.084026 -50.002417
vn 35.446313 -80.704568 -47.226386
vn 23.916276 -87.053723 -43.007686
vn 99.999998 -0.017565 -0.000000
vn 99.269915 -5.546477 -10.710772
vn 97.091993 -12.467199 -20.438047
vn 93.498015 -20.554616 -28.907247
vn 88.540416 -29.536888 -35.891044
vn 82.291519 -39.105329 -41.217461
vn 74.842482 -48.925635 -44.775943
vn 66.301965 -58.650056 -46.521182
vn 56.794544 -67.930072 -46.474564
vn 46.458893 -76.429115 -44.723167
vn 35.445764 -83.834851 -41.416369
vn 23.915781 -89.870602 -36.760172
vn 99.999998 -0.017565 -0.000000
vn 99.269784 -6.288231 -10.294079
vn 97.091746 -13.877865 -19.508916
vn 93.497666 -22.542543 -27.386497
vn 88.539984 -31.995067 -33.719236
vn 82.291025 -41.915392 -38.357360
vn 74.841949 -51.962244 -41.214171
vn 66.301414 -61.785545 -42.269007
vn 56.793997 -71.039152 -41.567784
vn 46.458372 -79.393478 -39.221108
vn 35.445287 -86.547503 -35.400018
vn 23.915365 -92.239772 -30.329521
vn 99.269660 -6.998744 -9.826101
vn 99.999998 -0.017565 -0.000000
vn 99.269541 -7.674476 -9.309171
vn 99.999998 -0.017565 -0.000000
vn 99.269429 -8.312062 -8.745862
vn 99.999998 -0.017565 -0.000000
vn 99.269324 -8.908324 -8.138982
vn 99.999998 -0.017565 -0.000000
vn 99.269227 -9.460293 -7.491554
vn 99.999998 -0.017565 -0.000000
vn 99.269139 -9.965217 -6.806804
vn 99.999998 -0.017565 -0.000000
vn 99.269059 -10.420582 -6.088142
vn 99.268988 -10.824120 -5.339150
vn 97.090412 -21.472834 -10.600442
vn 97.090290 -22.167133 -9.060569
vn 93.495858 -32.837200 -13.425456
vn 93.495706 -33.702462 -11.076870
vn 88.537847 -44.162386 -14.516659
vn 88.537686 -45.076407 -11.366427
vn 82.288710 -55.095597 -13.894005
vn 82.288562 -55.938460 -9.974029
vn 74.839607 -65.295273 -11.643048
vn 74.839491 -65.953945 -7.009112
vn 66.299191 -74.443422 -7.911652
vn 66.299125 -74.816094 -2.641604
vn 56.792027 -82.257097 -2.904431
vn 56.792027 -82.257097 2.904431
vn 46.456773 -88.498606 3.124904
vn 46.456850 -88.057751 9.359144
vn 35.444157 -92.984076 9.882988
vn 35.444320 -92.055334 16.416930
vn 23.914776 -95.590058 17.047708
vn 23.915029 -94.149428 23.747770
vn 99.999998 -0.017565 -0.000000
vn 99.268926 -11.173819 -4.563558
vn 97.090187 -22.751080 -7.475556
vn 93.495583 -34.399902 -8.673100
vn 88.537565 -45.765937 -8.159567
vn 82.288463 -56.502712 -6.004363
vn 74.839433 -66.284104 -2.340257
vn 66.299125 -74.816094 2.641604
vn 56.792099 -81.847346 8.698822
vn 46.457005 -87.178237 15.546757
vn 35.444563 -90.668009 22.869085
vn 23.915365 -92.239772 30.329521
vn 99.999998 -0.017565 -0.000000
vn 99.268875 -11.467937 -3.765231
vn 97.090104 -23.221768 -5.853300
vn 93.495491 -34.926045 -6.226120
vn 88.537484 -46.227542 -4.912058
vn 82.288413 -56.785543 -2.004784
vn 74.839433 -66.284104 2.340257
vn 66.299191 -74.443422 7.911652
vn 56.792243 -81.029885 14.449876
vn 46.457236 -85.864447 21.656916
vn 35.444886 -88.829012 29.207306
vn 23.915781 -89.870602 36.760172
vn 99.999998 -0.017565 -0.000000
vn 99.268833 -11.705009 -2.948145
vn 97.090042 -23.576852 -4.201883
vn 93.495429 -35.278270 -3.748123
vn 88.537443 -46.458920 -1.640076
vn 82.288413 -56.785543 2.004784
vn 74.839491 -65.953945 7.009112
vn 66.299321 -73.699935 13.142284
vn 56.792457 -79.808787 20.128942
vn 46.457542 -84.122925 27.659183
vn 35.445287 -86.547503 35.400018
vn 23.916276 -87.053723 43.007686
vn 99.999998 -0.017565 -0.000000
vn 99.268802 -11.883855 -2.116372
vn 97.090000 -23.814561 -2.529532
vn 93.495398 -35.454822 -1.251453
vn 88.537443 -46.458920 1.640076
vn 82.288463 -56.502712 6.004363
vn 74.839607 -65.295273 11.643048
vn 66.299516 -72.589336 18.307442
vn 56.792741 -78.190136 25.707726
vn 46.457921 -81.962347 33.523652
vn 35.445764 -83.834851 41.416369
vn 23.916847 -83.803168 49.040937
vn 99.999998 -0.017565 -0.000000
vn 99.268781 -12.003583 -1.274055
vn 97.089979 -23.933713 -0.844580
vn 93.495398 -35.454822 1.251453
vn 88.537484 -46.227542 4.912058
vn 82.288562 -55.938460 9.974029
vn 74.839780 -64.311369 16.218978
vn 66.299775 -71.117159 23.381393
vn 56.793094 -76.181995 31.158436
vn 46.458372 -79.393478 39.221108
vn 35.446313 -80.704568 47.226386
vn 23.917491 -80.135130 54.829869
vn 99.268770 -12.063596 -0.425392
vn 99.999998 -0.017565 -0.000000
vn 99.268770 -12.063596 0.425392
vn 99.999998 -0.017565 0.000000
vn 99.268781 -12.003583 1.274055
vn 99.999998 -0.017565 0.000000
vn 99.268802 -11.883855 2.116372
vn 99.999998 -0.017565 0.000000
vn 99.268833 -11.705009 2.948145
vn 99.999998 -0.017565 0.000000
vn 99.268875 -11.467937 3.765231
vn 99.268926 -11.173819 4.563558
vn 97.090290 -22.167133 9.060569
vn 97.090412 -21.472834 10.600442
vn 93.496039 -31.808427 15.707157
vn 93.496247 -30.621267 17.910606
vn 88.538556 -40.124363 23.472529
vn 88.538864 -38.368725 26.243293
vn 82.290150 -46.896312 32.079075
vn 82.290568 -44.516706 35.306165
vn 74.841949 -51.962244 41.214171
vn 74.842482 -48.925635 44.775943
vn 66.302567 -55.222433 50.541592
vn 66.303217 -51.519753 54.310205
vn 56.796526 -56.642885 59.713802
vn 56.797291 -52.289665 63.559883
vn 46.462436 -56.256366 68.384671
vn 46.463308 -51.292470 72.182017
vn 35.450976 -54.160990 76.222145
vn 35.451944 -48.649461 79.852299
vn 23.922694 -50.516426 82.920416
vn 23.923743 -44.541482 86.276943
vn 99.999998 -0.017565 0.000000
vn 99.268988 -10.824120 5.339150
vn 97.090552 -20.671644 12.087505
vn 93.496482 -29.281636 20.024825
vn 88.539206 -36.422014 28.883315
vn 82.291025 -41.915392 38.357360
vn 74.843058 -45.645347 48.114643
vn 66.303913 -47.560463 57.808248
vn 56.798101 -47.675990 67.089311
vn 46.464225 -46.073078 75.619755
vn 35.452955 -42.895594 83.084632
vn 99.999998 -0.017565 0.000000
vn 99.269059 -10.420582 6.088142
vn 97.090711 -19.767554 13.514349
vn 93.496743 -27.796206 22.039281
vn 88.539580 -34.293927 31.379441
vn 82.291519 -39.105329 41.217461
vn 74.843674 -42.137722 51.213639
vn 66.304650 -43.364286 61.018293
vn 56.798953 -42.824845 70.284505
vn 46.465182 -40.624192 78.680759
vn 99.999998 -0.017565 0.000000
vn 99.269139 -9.965217 6.806804
vn 97.090887 -18.765068 14.873865
vn 93.497029 -26.172380 23.943939
vn 88.539984 -31.995067 33.719236
vn 82.292047 -36.100518 43.872219
vn 74.844327 -38.420234 54.057491
vn 66.305425 -38.952129 63.924348
vn 56.799843 -37.760398 73.129544
vn 99.999998 -0.017565 0.000000
vn 99.269227 -9.460293 7.491554
vn 97.091080 -17.669180 16.159280
vn 93.497337 -24.418246 25.729309
vn 88.540416 -29.536888 35.891044
vn 82.292606 -32.915928 46.308408
vn 74.845014 -34.511404 56.632031
vn 66.306234 -34.345972 66.511935
vn 99.999998 -0.017565 0.000000
vn 99.269324 -8.908324 8.138982
vn 97.091288 -16.485351 17.364190
vn 93.497666 -22.542543 27.386497
vn 88.540873 -26.931634 37.884045
vn 82.293194 -29.567424 48.513891
vn 74.845731 -30.430705 58.924433
vn 99.999998 -0.017565 0.000000
vn 99.269429 -8.312062 8.745862
vn 97.091510 -15.219477 18.482593
vn 93.498015 -20.554616 28.907247
vn 88.541355 -24.192285 39.688309
vn 82.293808 -26.071689 50.477679
vn 99.269541 -7.674476 9.309171
vn 99.999998 -0.017565 0.000000
vn 99.269660 -6.998744 9.826101
vn 99.999998 -0.017565 0.000000
vn 99.269784 -6.288231 10.294079
vn 99.999998 -0.017565 0.000000
vn 99.269915 -5.546477 10.710772
vn 99.999998 -0.017565 0.000000
vn 0.017467 99.439820 10.569857
vn 12.070931 98.280875 13.970044
vn 23.948240 94.920468 20.410454
vn 35.476261 89.791992 26.054426
vn 46.486911 83.078067 30.610486
vn 56.819652 75.014961 33.827248
vn 66.323839 65.883979 35.502812
vn 66.323368 63.202446 40.083184
vn 66.322847 60.232033 44.422767
vn 74.859937 50.449079 43.021857
vn 82.305503 40.506691 39.812211
vn 88.551006 30.754039 34.826835
vn 93.505407 21.529153 28.164416
vn 97.096492 13.146623 19.985931
vn 0.017292 98.446531 17.557909
vn 12.070715 97.050623 20.868025
vn 23.947945 93.244281 27.055499
vn 35.475899 87.730455 32.323798
vn 46.486495 80.711870 36.395052
vn 56.819200 72.441937 39.035167
vn 56.818683 69.495998 44.067488
vn 56.818109 66.227651 48.842613
vn 66.322270 56.948431 48.561638
vn 74.859382 47.288662 46.474244
vn 82.304992 37.597442 42.571360
vn 88.550561 28.220744 36.910537
vn 93.505049 19.488795 29.614062
vn 97.096239 11.704046 20.864699
vn 0.017032 96.962787 24.458489
vn 12.070414 95.336858 27.662043
vn 23.947569 91.103534 33.565756
vn 35.475460 85.231818 38.432134
vn 46.486009 77.943529 41.998300
vn 46.485452 74.776541 47.408561
vn 46.484834 71.257520 52.550223
vn 56.817474 62.617347 53.393281
vn 66.321643 53.381058 52.458577
vn 74.858786 43.892590 49.695098
vn 82.304448 34.500812 45.118420
vn 88.550091 25.546777 38.810353
vn 93.504673 17.351263 30.916172
vn 97.095975 10.203075 21.639520
vn 0.016686 94.995979 31.237218
vn 12.070030 93.148119 34.318250
vn 23.947113 88.508894 39.908789
vn 35.474947 82.308529 44.349004
vn 35.474360 78.966999 50.057796
vn 35.473707 75.248295 55.491533
vn 46.484152 67.373161 57.446329
vn 56.816785 58.695038 57.677946
vn 66.320970 49.547685 56.094170
vn 74.858151 40.277781 52.668374
vn 82.303874 31.232229 47.440702
vn 88.549599 22.745460 40.516818
vn 93.504283 15.127206 32.064259
vn 97.095703 8.651187 22.306534
vn 0.016258 92.555905 37.860324
vn 12.069564 90.495311 40.803485
vn 23.946580 85.473285 46.052999
vn 23.945971 82.006188 51.976683
vn 23.945292 78.141780 57.623651
vn 35.472986 71.146523 60.661681
vn 46.483411 63.153112 62.056240
vn 56.816045 54.480263 61.675262
vn 66.320253 45.467409 59.450304
vn 74.857481 36.462245 55.379258
vn 82.303272 27.807977 49.526637
vn 88.549087 19.830749 42.021430
vn 93.503879 12.827704 33.052604
vn 97.095423 7.056115 22.862418
vn 0.015748 89.654723 44.294812
vn 12.069019 87.391649 47.085439
vn 12.068396 83.849710 53.137369
vn 12.067702 79.895782 58.915487
vn 23.944544 73.882408 62.992449
vn 35.472203 66.690271 65.529615
vn 46.482614 58.618396 66.356990
vn 56.815257 49.994020 65.365316
vn 66.319497 41.160560 62.510261
vn 74.856778 32.464991 57.814246
vn 82.302647 24.245115 51.365833
vn 88.548558 16.817164 43.316693
vn 93.503464 10.464214 33.876282
vn 97.095136 5.425805 23.304402
vn 0.015160 86.306885 50.508626
vn 0.014496 82.529071 56.470808
vn 0.013761 78.340101 62.151656
vn 12.066937 75.540921 64.404645
vn 23.943731 69.254937 68.047421
vn 35.471362 61.901741 70.071084
vn 46.481766 53.791606 70.327153
vn 56.814425 45.258661 68.729722
vn 66.318704 36.648592 65.258794
vn 74.856048 28.305932 59.961207
vn 82.301999 20.561392 52.949127
vn 88.548014 13.719720 44.396154
vn 93.503039 8.048509 34.531191
vn 97.094845 3.768379 23.630285
vn 0.012956 73.760845 67.522867
vn 12.066106 70.809709 69.572942
vn 23.942858 64.282420 72.763384
vn 35.470467 56.804789 74.263463
vn 46.480872 48.696788 73.946950
vn 56.813554 40.297774 71.751721
vn 66.317880 31.953985 67.682211
vn 74.855293 24.005789 61.809443
vn 82.301334 16.775162 54.268631
vn 88.547458 10.553847 45.254437
vn 93.502608 5.592625 35.014066
vn 0.012087 68.814116 72.557682
vn 12.065213 65.725716 74.394630
vn 23.941928 58.989630 77.116844
vn 35.469522 51.424807 78.085865
vn 46.479934 43.359324 77.198347
vn 56.812647 35.136077 74.416256
vn 66.317027 27.100127 69.768439
vn 74.854516 19.585985 63.349748
vn 82.300655 12.905287 55.317771
vn 88.546892 7.335319 45.887263
vn 0.011158 63.524559 77.231019
vn 12.064262 60.314269 78.845688
vn 23.940947 53.402936 81.086111
vn 35.468532 45.788598 81.519246
vn 46.478959 37.805806 80.065145
vn 56.811710 29.799284 76.710053
vn 66.316151 22.111199 71.507084
vn 74.853723 15.068538 64.574448
vn 82.299964 8.971046 56.091321
vn 0.010173 57.918525 81.519595
vn 12.063259 54.602330 82.903940
vn 23.939919 47.550170 84.651412
vn 35.467502 39.924241 84.546503
vn 46.477950 32.063901 82.533063
vn 56.810746 24.313983 78.621685
vn 66.315255 17.012057 72.889484
vn 74.852916 10.475956 65.477441
vn 0.009138 52.023944 85.402044
vn 12.062208 48.618354 86.549170
vn 23.938849 41.460491 87.794984
vn 35.466437 33.860953 87.152554
vn 46.476913 26.162214 84.589805
vn 56.809762 18.707501 80.141627
vn 66.314344 11.828103 73.908753
vn 0.008057 45.870183 88.859025
vn 12.061114 42.392154 89.763215
vn 23.937743 35.164237 90.501165
vn 35.465342 27.628941 89.324415
vn 46.475854 20.130147 86.225125
vn 56.808760 13.007769 81.262308
vn 0.006936 39.487898 91.873314
vn 12.059984 35.954747 92.530065
vn 23.936607 28.692775 92.756474
vn 35.464223 21.259251 91.051266
vn 46.474777 13.997753 87.430876
vn 0.005780 32.908887 94.429895
vn 12.058821 29.338205 94.835935
vn 23.935445 22.078347 94.549675
vn 35.463086 14.783618 92.324505
vn 0.004596 26.165925 96.516032
vn 12.057634 22.575491 96.669337
vn 23.934264 15.353904 95.871834
vn 0.003389 19.292606 98.121330
vn 12.056426 15.700296 98.021137
vn 0.002165 12.323172 99.237792
vn 12.052745 -5.255875 99.131766
vn -0.001548 -8.813249 99.610876
vn 12.051519 -12.235440 98.514237
vn -0.002778 -15.817743 98.741071
vn 12.050304 -19.154059 97.405915
vn -0.003995 -22.743433 97.379342
vn 12.049105 -25.977263 95.812321
vn -0.005192 -29.555817 95.532474
vn 88.553764 46.456763 -0.000000
vn 93.507836 35.355733 2.501346
vn 88.553744 46.341002 3.278109
vn 93.507790 35.091180 4.990230
vn 88.553683 45.994295 6.539886
vn 93.507712 34.651722 7.454254
vn 88.553582 45.418368 9.769083
vn 93.507605 34.039549 9.881140
vn 82.308363 56.792018 -0.000000
vn 82.308339 56.650515 4.007070
vn 82.308264 56.226709 7.994176
vn 82.308339 56.650515 -4.007070
vn 74.862692 66.133935 -4.677598
vn 74.862721 66.299117 -0.000000
vn 66.325380 74.652974 -5.279917
vn 66.325412 74.839426 -0.000000
vn 56.820894 82.083404 -5.805243
vn 74.862692 66.133935 4.677598
vn 97.093958 -1.283596 23.898028
vn 97.093662 -2.966183 23.749158
vn 97.093369 -4.634078 23.481971
vn 97.093080 -6.278970 23.097798
vn 93.501293 -1.893115 35.410793
vn 93.500855 -4.386281 35.190206
vn 93.500421 -6.857676 34.794303
vn 93.499993 -9.294989 34.225056
vn 88.545169 -2.475029 46.407190
vn 88.544595 -5.742417 46.118102
vn 88.544026 -8.981274 45.599256
vn 88.543465 -12.175465 44.853236
vn 82.297857 -3.020851 56.726864
vn 82.297156 -7.014816 56.373491
vn 82.296460 -10.973905 55.739268
vn 82.295774 -14.878395 54.827355
vn 74.850457 -3.522622 66.219334
vn 74.849638 -8.184923 65.806829
vn 74.848826 -12.806512 65.066477
vn 74.848026 -17.364366 64.001967
vn 66.311569 -3.973025 74.746176
vn 66.310645 -9.235675 74.280554
vn 66.309728 -14.452371 73.444870
vn 66.308825 -19.597124 72.243287
vn 56.805709 -4.365493 82.183051
vn 56.804692 -10.151750 81.671102
vn 56.803685 -15.887482 80.752271
vn 56.802691 -21.544112 79.431137
vn 46.471493 -4.694302 88.421512
vn 46.470400 -10.919790 87.870701
vn 46.469316 -17.090917 86.882123
vn 46.468247 -23.176939 85.460702
vn 35.459619 -4.954658 93.370588
vn 35.458464 -11.528595 92.788948
vn 35.457320 -18.045129 91.745037
vn 35.456191 -24.471794 90.244057
vn 23.930663 -5.142763 96.958111
vn 23.929464 -11.969287 96.354122
vn 23.928276 -18.736202 95.270102
vn 23.927104 -25.409795 93.711451
vn 97.098125 22.438986 8.273216
vn 97.098217 22.966632 6.668582
vn 97.098290 23.379775 5.030725
vn 97.098342 23.676357 3.367806
vn 74.862606 65.639211 -9.331893
vn 66.325282 74.094546 -10.533530
vn 56.820786 81.469416 -11.581564
vn 46.487715 87.656278 -12.460712
vn 66.325119 73.166925 -15.734665
vn 56.820607 80.449501 -17.300186
vn 46.487522 86.558942 -18.613432
vn 35.476545 91.406159 -19.655251
vn 56.820357 79.028742 -22.932620
vn 46.487254 85.030334 -24.673420
vn 35.476261 89.791992 -26.054426
vn 23.947945 93.244281 -27.055499
vn 46.486911 83.078067 -30.610486
vn 35.475899 87.730455 -32.323798
vn 23.947569 91.103534 -33.565756
vn 97.097881 21.051254 -11.351045
vn 93.506884 29.937263 -18.979538
vn 88.552171 37.387563 -27.580485
vn 82.305978 43.214066 -36.854721
vn 74.859382 47.288662 -46.474244
vn 66.320970 49.547685 -56.094170
vn 56.815257 49.994020 -65.365316
vn 46.480872 48.696788 -73.946950
vn 35.468532 45.788598 -81.519246
vn 23.938849 41.460491 -87.794984
vn 35.475460 85.231818 -38.432134
vn 23.947113 88.508894 -39.908789
vn 23.946580 85.473285 -46.052999
vn 97.097731 20.198083 -12.808906
vn 93.506636 28.523853 -21.045163
vn 88.551813 35.348894 -30.150159
vn 82.305503 40.506691 -39.812211
vn 74.858786 43.892590 -49.695098
vn 66.320253 45.467409 -59.450304
vn 56.814425 45.258661 -68.729722
vn 46.479934 43.359324 -77.198347
vn 35.467502 39.924241 -84.546503
vn 23.937743 35.164237 -90.501165
vn 97.097564 19.244200 -14.202954
vn 93.506363 26.968256 -23.005941
vn 88.551424 33.134041 -32.569627
vn 82.304992 37.597442 -42.571360
vn 74.858151 40.277781 -52.668374
vn 66.319497 41.160560 -62.510261
vn 56.813554 40.297774 -71.751721
vn 46.478959 37.805806 -80.065145
vn 35.466437 33.860953 -87.152554
vn 23.936607 28.692775 -92.756474
vn 97.097379 18.194359 -15.526244
vn 93.506066 25.278222 -24.852105
vn 88.551006 30.754039 -34.826835
vn 82.304448 34.500812 -45.118420
vn 74.857481 36.462245 -55.379258
vn 66.318704 36.648592 -65.258794
vn 56.812647 35.136077 -74.416256
vn 46.477950 32.063901 -82.533063
vn 35.465342 27.628941 -89.324415
vn 23.935445 22.078347 -94.549675
vn 97.097179 17.053790 -16.772183
vn 93.505747 23.462172 -26.574457
vn 88.550561 28.220744 -36.910537
vn 82.303874 31.232229 -47.440702
vn 74.856778 32.464991 -57.814246
vn 66.317880 31.953985 -67.682211
vn 56.811710 29.799284 -76.710053
vn 46.476913 26.162214 -84.589805
vn 35.464223 21.259251 -91.051266
vn 23.934264 15.353904 -95.871834
vn 97.095136 5.425805 -23.304402
vn 93.502608 5.592625 -35.014066
vn 88.546321 4.080168 -46.291482
vn 82.298561 0.988092 -56.797627
vn 74.850457 -3.522622 -66.219334
vn 66.310645 -9.235675 -74.280554
vn 56.803685 -15.887482 -80.752271
vn 46.468247 -23.176939 -85.460702
vn 35.455083 -30.776572 -88.293486
vn 23.924832 -38.344655 -89.203643
vn 97.094845 3.768379 -23.630285
vn 97.094551 2.092094 -23.838443
vn 97.094254 0.405301 -23.927839
vn 97.093958 -1.283596 -23.898028
vn 97.093662 -2.966183 -23.749158
vn 93.502172 3.108798 -35.322503
vn 88.545745 0.804613 -46.465079
vn 82.297857 -3.020851 -56.726864
vn 74.849638 -8.184923 -65.806829
vn 66.309728 -14.452371 -73.444870
vn 56.802691 -21.544112 -79.431137
vn 46.467198 -29.147535 -83.613520
vn 35.454003 -36.928055 -85.903041
vn 23.923743 -44.541482 -86.276943
vn 93.501733 0.609400 -35.454966
vn 93.501293 -1.893115 -35.410793
vn 93.500855 -4.386281 -35.190206
vn 93.500421 -6.857676 -34.794303
vn 88.545169 -2.475029 -46.407190
vn 82.297156 -7.014816 -56.373491
vn 74.848826 -12.806512 -65.066477
vn 66.308825 -19.597124 -72.243287
vn 56.801717 -27.093461 -77.714280
vn 46.466175 -34.972960 -81.349780
vn 35.452955 -42.895594 -83.084632
vn 23.922694 -50.516426 -82.920416
vn 88.544595 -5.742417 -46.118102
vn 88.544026 -8.981274 -45.599256
vn 88.543465 -12.175465 -44.853236
vn 82.296460 -10.973905 -55.739268
vn 74.848026 -17.364366 -64.001967
vn 66.307938 -24.644303 -70.681792
vn 56.800766 -32.507881 -75.610255
vn 46.465182 -40.624192 -78.680759
vn 35.451944 -48.649461 -79.852299
vn 23.921688 -56.239721 -79.150784
vn 82.295774 -14.878395 -54.827355
vn 82.295102 -18.708834 -53.642295
vn 74.847240 -21.835776 -62.618603
vn 66.307073 -29.568764 -68.768163
vn 56.799843 -37.760398 -73.129544
vn 46.464225 -46.073078 -75.619755
vn 35.450976 -54.160990 -76.222145
vn 23.920732 -61.682854 -74.986826
vn 74.846474 -26.198468 -60.923276
vn 66.306234 -34.345972 -66.511935
vn 56.798953 -42.824845 -70.284505
vn 46.463308 -51.292470 -72.182017
vn 35.450055 -59.402723 -72.212257
vn 23.919830 -66.818707 -70.449288
vn 97.091510 -15.219477 -18.482593
vn 93.497337 -24.418246 -25.729309
vn 88.539580 -34.293927 -31.379441
vn 82.290568 -44.516706 -35.306165
vn 74.841461 -54.740045 -37.447072
vn 66.300917 -64.613279 -37.806249
vn 56.793513 -73.794369 -36.453916
vn 46.457921 -81.962347 -33.523652
vn 35.444886 -88.829012 -29.207306
vn 23.915029 -94.149428 -23.747770
vn 97.091288 -16.485351 -17.364190
vn 97.091080 -17.669180 -16.159280
vn 97.090887 -18.765068 -14.873865
vn 97.090711 -19.767554 -13.514349
vn 97.090552 -20.671644 -12.087505
vn 93.497029 -26.172380 -23.943939
vn 88.539206 -36.422014 -28.883315
vn 82.290150 -46.896312 -32.079075
vn 74.841021 -57.245199 -33.493414
vn 66.300477 -67.119172 -33.155143
vn 56.793094 -76.181995 -31.158436
vn 46.457542 -84.122925 -27.659183
vn 35.444563 -90.668009 -22.869085
vn 23.914776 -95.590058 -17.047708
vn 93.496743 -27.796206 -22.039281
vn 93.496482 -29.281636 -20.024825
vn 93.496247 -30.621267 -17.910606
vn 93.496039 -31.808427 -15.707157
vn 88.538864 -38.368725 -26.243293
vn 82.289774 -49.042355 -28.692170
vn 74.840631 -59.465226 -29.372894
vn 66.300096 -69.290738 -28.338860
vn 56.792741 -78.190136 -25.707726
vn 46.457236 -85.864447 -21.656916
vn 35.444320 -92.055334 -16.416930
vn 23.914607 -96.554483 -10.262716
vn 88.538556 -40.124363 -23.472529
vn 88.538283 -41.680180 -20.584826
vn 88.538046 -43.028427 -17.594570
vn 82.289439 -50.944143 -25.162321
vn 74.840293 -61.389066 -25.106039
vn 66.299775 -71.117159 -23.381393
vn 56.792457 -79.808787 -20.128942
vn 46.457005 -87.178237 -15.546757
vn 35.444157 -92.984076 -9.882988
vn 23.914522 -97.037900 -3.426596
vn 82.289150 -52.592203 -21.507115
vn 82.288907 -53.978322 -17.744762
vn 74.840009 -63.007134 -20.714107
vn 66.299516 -72.589336 -18.307442
vn 56.792243 -81.029885 -14.449876
vn 46.456850 -88.057751 -9.359144
vn 35.444075 -93.449606 -3.299809
vn 23.914522 -97.037900 3.426596
vn 74.839780 -64.311369 -16.218978
vn 66.299321 -73.699935 -13.142284
vn 56.792099 -81.847346 -8.698822
vn 46.456773 -88.498606 -3.124904
vn 35.444075 -93.449606 3.299809
vn 23.914607 -96.554483 10.262716
vn 97.089979 -23.933713 0.844580
vn 93.495429 -35.278270 3.748123
vn 88.537565 -45.765937 8.159567
vn 82.288710 -55.095597 13.894005
vn 74.840009 -63.007134 20.714107
vn 66.300096 -69.290738 28.338860
vn 56.793513 -73.794369 36.453916
vn 46.458893 -76.429115 44.723167
vn 35.446934 -77.172251 52.801123
vn 23.918205 -76.067884 60.345642
vn 97.090000 -23.814561 2.529532
vn 93.495491 -34.926045 6.226120
vn 88.537686 -45.076407 11.366427
vn 82.288907 -53.978322 17.744762
vn 74.840293 -61.389066 25.106039
vn 66.300477 -67.119172 33.155143
vn 56.793997 -71.039152 41.567784
vn 46.459481 -73.084026 50.002417
vn 35.447622 -73.255496 58.112808
vn 23.918986 -71.621693 65.560775
vn 97.090042 -23.576852 4.201883
vn 93.495583 -34.399902 8.673100
vn 88.537847 -44.162386 14.516659
vn 82.289150 -52.592203 21.507115
vn 74.840631 -59.465226 29.372894
vn 66.300917 -64.613279 37.806249
vn 56.794544 -67.930072 46.474564
vn 46.460132 -69.374878 55.032558
vn 35.448374 -68.973817 63.134977
vn 23.919830 -66.818707 70.449288
vn 97.090104 -23.221768 5.853300
vn 93.495706 -33.702462 11.076870
vn 88.538046 -43.028427 17.594570
vn 82.289439 -50.944143 25.162321
vn 74.841021 -57.245199 33.493414
vn 66.301414 -61.785545 42.269007
vn 56.795149 -64.482618 51.149810
vn 46.460844 -65.320148 59.788529
vn 35.449186 -64.348545 67.842612
vn 23.920732 -61.682854 74.986826
vn 97.090187 -22.751080 7.475556
vn 93.495858 -32.837200 13.425456
vn 88.538283 -41.680180 20.584826
vn 82.289774 -49.042355 28.692170
vn 74.841461 -54.740045 37.447072
vn 66.301965 -58.650056 46.521182
vn 56.795811 -60.713964 55.570230
vn 46.461614 -60.940037 64.246637
vn 35.450055 -59.402723 72.212257
vn 23.921688 -56.239721 79.150784
vn 97.091746 -13.877865 19.508916
vn 93.498382 -18.464368 30.283982
vn 88.541857 -21.332490 41.294848
vn 97.091993 -12.467199 20.438047
vn 93.498766 -16.282215 31.509844
vn 97.092252 -10.994508 21.265357
vn -0.001346 -7.662313 99.706013
vn -0.000310 -1.764848 99.984425
vn -0.000107 -0.610069 99.998139
vn 0.000930 5.292345 99.859857
vn 0.001132 6.445216 99.792080
vn 0.002165 12.323172 99.237792
vn 0.002366 13.468390 99.088861
vn 0.003389 19.292606 98.121330
vn 0.003588 20.424466 97.891987
vn 0.004596 26.165925 96.516032
vn 0.004792 27.278788 96.207420
vn 0.005780 32.908887 94.429895
vn 0.005972 33.997208 94.043553
vn 0.006936 39.487898 91.873314
vn 0.007122 40.546256 91.411165
vn 0.008057 45.870183 88.859025
vn 0.008237 46.893305 88.323371
vn 0.009138 52.023944 85.402044
vn 0.009311 53.006733 84.795555
vn 0.010173 57.918525 81.519595
vn 0.010338 58.856085 80.845292
vn 0.011158 63.524559 77.231019
vn 0.011314 64.412218 76.492261
vn 0.012087 68.814116 72.557682
vn 0.012234 69.647454 71.758150
vn 0.012956 73.760845 67.522867
vn 0.013092 74.535709 66.666543
vn 0.013761 78.340101 62.151656
vn 0.013886 79.052631 61.242807
vn 0.014496 82.529071 56.470808
vn 0.014610 83.175716 55.513962
vn 0.015160 86.306885 50.508626
vn 0.015261 86.884425 49.508550
vn 0.015748 89.654723 44.294812
vn 0.015837 90.160279 43.256488
vn 0.016258 92.555905 37.860324
vn 0.016333 92.986960 36.788925
vn 0.016686 94.995979 31.237218
vn 0.016748 95.350384 30.138082
vn 0.017032 96.962787 24.458489
vn 0.017080 97.238778 23.337091
vn 0.017292 98.446531 17.557909
vn 0.017327 98.642732 16.419837
vn 0.017467 99.439820 10.569857
vn 0.017487 99.555254 9.420780
vn 0.017554 99.937705 3.529146
vn 0.017560 99.971796 2.374789
vn 0.017554 99.937705 -3.529146
vn 0.017546 99.890284 -4.683033
vn 0.017467 99.439820 -10.569857
vn 0.017444 99.311124 -11.717525
vn 0.017292 98.446531 -17.557909
vn 0.017255 98.237200 -18.693640
vn 0.017032 96.962787 -24.458489
vn 0.016981 96.673864 -25.576625
vn 0.016686 94.995979 -31.237218
vn 0.016622 94.628903 -32.332188
vn 0.016258 92.555905 -37.860324
vn 0.016180 92.112506 -38.926674
vn 0.015748 89.654723 -44.294812
vn 0.015657 89.137209 -45.327229
vn 0.015160 86.306885 -50.508626
vn 0.015056 85.717835 -51.501966
vn 0.014496 82.529071 -56.470808
vn 0.014381 81.871419 -57.420123
vn 0.013761 78.340101 -62.151656
vn 0.013634 77.617124 -63.052215
vn 0.012956 73.760845 -67.522867
vn 0.012818 72.976144 -68.370185
vn 0.012087 68.814116 -72.557682
vn 0.011939 67.971601 -73.347538
vn 0.011158 63.524559 -77.231019
vn 0.011001 62.628427 -77.959477
vn 0.010173 57.918525 -81.519595
vn 0.010007 56.973240 -82.183026
vn 0.009138 52.023944 -85.402044
vn 0.008964 51.034217 -85.997143
vn 0.008057 45.870183 -88.859025
vn 0.007876 44.840943 -89.382827
vn 0.006936 39.487898 -91.873314
vn 0.006749 38.424274 -92.323210
vn 0.005780 32.908887 -94.429895
vn 0.005589 31.816177 -94.803644
vn 0.004596 26.165925 -96.516032
vn 0.004400 25.049573 -96.811770
vn 0.003190 18.158174 -98.337585
vn 0.001963 11.176311 -99.373488
vn 0.000727 4.138769 -99.914316
vn -0.000513 -2.919392 -99.957377
vn -0.001750 -9.963009 -99.502454
vn -0.002979 -16.956991 -98.551816
vn -0.004192 -23.866494 -97.110197
vn -0.005192 -29.555817 -95.532474
vn -0.005385 -30.657095 -95.184781
vn -0.006362 -36.220956 -93.209669
vn -0.006551 -37.294964 -92.785158
vn -0.007501 -42.705643 -90.422497
vn -0.007684 -43.747032 -89.923285
vn -0.008603 -48.977573 -87.184845
vn -0.008779 -49.981154 -86.613418
vn -0.009662 -55.005499 -83.512843
vn -0.009831 -55.966272 -82.872047
vn -0.010672 -60.759391 -79.424784
vn -0.010833 -61.672570 -78.717813
vn -0.011630 -66.210582 -74.941034
vn -0.011781 -67.071617 -74.171410
vn -0.012530 -71.331916 -70.083933
vn -0.012671 -72.136518 -69.255488
vn -0.013367 -76.097878 -64.877676
vn -0.013497 -76.842037 -63.994540
vn -0.014137 -80.484723 -59.348202
vn -0.014257 -81.164734 -58.414773
vn -0.014837 -84.470598 -53.523059
vn -0.014945 -85.083072 -52.543988
vn -0.015464 -88.035645 -47.431266
vn -0.015559 -88.577530 -46.411431
vn -0.016013 -91.162102 -41.103173
vn -0.016095 -91.630700 -40.047654
vn -0.016482 -93.834395 -34.570306
vn -0.016551 -94.227370 -33.484362
vn -0.016869 -96.039209 -27.865212
vn -0.016925 -96.354604 -26.754253
vn -0.017173 -97.765561 -21.021294
vn -0.017214 -98.001804 -19.890855
vn -0.017390 -99.004850 -14.072650
vn -0.017418 -99.160764 -12.928362
vn -0.017521 -99.750901 -7.053896
vn -0.017534 -99.825710 -5.901461
vn -0.017564 -99.993330 1.154842
vn -0.017521 -99.750901 7.053896
vn -0.017506 -99.662788 8.205390
vn -0.017390 -99.004850 14.072650
vn -0.017361 -98.835731 15.215060
vn -0.017173 -97.765561 21.021294
vn -0.017129 -97.516279 22.148930
vn -0.016869 -96.039209 27.865212
vn -0.016812 -95.711006 28.972454
vn -0.016482 -93.834395 34.570306
vn -0.016411 -93.428905 35.651639
vn -0.016013 -91.162102 41.103173
vn -0.015928 -90.681347 42.153210
vn -0.015464 -88.035645 47.431266
vn -0.015366 -87.482018 48.444775
vn -0.014837 -84.470598 53.523059
vn -0.014728 -83.846859 54.494991
vn -0.014137 -80.484723 59.348202
vn -0.014016 -79.793979 60.273716
vn -0.013367 -76.097878 64.877676
vn -0.013234 -75.343569 65.752160
vn -0.012530 -71.331916 70.083933
vn -0.012387 -70.517801 70.903030
vn -0.011630 -66.210582 74.941034
vn -0.011477 -65.340717 75.700664
vn -0.010672 -60.759391 79.424784
vn -0.010511 -59.838109 80.121162
vn -0.009662 -55.005499 83.512843
vn -0.009492 -54.037390 84.142500
vn -0.008603 -48.977573 87.184845
vn -0.008426 -47.967460 87.744645
vn -0.007501 -42.705643 90.422497
vn -0.007317 -41.658559 90.909650
vn -0.006362 -36.220956 93.209669
vn -0.006173 -35.142116 93.621748
vn -0.005192 -29.555817 95.532474
vn -0.004997 -28.450598 95.867426
vn -0.003995 -22.743433 97.379342
vn -0.003797 -21.617340 97.635499
vn -0.002778 -15.817743 98.741071
vn -0.002578 -14.676385 98.917156
vn -0.001548 -8.813249 99.610876
vn -99.999998 0.017565 0.000000
vn -99.270998 -0.620485 12.036776
vn -99.999998 0.017565 0.000000
vn -99.270849 0.230166 12.051791
vn -99.999998 0.017565 -0.000000
vn -99.270699 1.079757 12.006764
vn -99.999998 0.017565 -0.000000
vn -99.270551 1.924055 11.901921
vn -99.270404 2.758855 11.737783
vn -97.093515 3.802488 23.630285
vn -97.093224 5.459915 23.304402
vn -93.500638 5.625473 35.014066
vn -93.500206 8.081356 34.531191
vn -88.544310 7.366425 45.887263
vn -88.543745 10.584954 45.254437
vn -82.296807 8.999958 56.091321
vn -82.296116 12.934199 55.317771
vn -74.849231 10.502251 65.477441
vn -74.848425 15.094834 64.574448
vn -66.310185 11.851398 73.908753
vn -66.309275 17.035352 72.889484
vn -56.804187 13.027725 81.262308
vn -56.803186 18.727457 80.141627
vn -46.469856 14.014079 87.430876
vn -46.468779 20.146473 86.225125
vn -35.457890 14.796075 92.324505
vn -35.456753 21.271708 91.051266
vn -23.928868 15.362312 95.871834
vn -23.927687 22.086754 94.549675
vn -12.050910 15.704531 98.021137
vn -12.049702 22.579725 96.669337
vn -99.271147 -1.467957 11.961794
vn -99.999998 0.017565 0.000000
vn -99.271294 -2.308030 11.827219
vn -99.999998 0.017565 0.000000
vn -99.271440 -3.136517 11.633722
vn -99.999998 0.017565 0.000000
vn -99.271583 -3.949291 11.382266
vn -99.271722 -4.742303 11.074104
vn -97.095840 -9.433018 21.986723
vn -97.096108 -10.960399 21.265357
vn -93.504480 -16.249367 31.509844
vn -93.504863 -18.431521 30.283982
vn -88.549848 -24.161179 39.688309
vn -88.550329 -26.900528 37.884045
vn -82.304164 -32.887016 46.308408
vn -82.304724 -36.071607 43.872219
vn -74.858473 -42.111427 51.213639
vn -74.859089 -45.619052 48.114643
vn -66.321312 -51.496458 54.310205
vn -66.321963 -55.199138 50.541592
vn -56.817137 -60.694007 55.570230
vn -56.817798 -64.462661 51.149810
vn -46.484501 -69.358552 55.032558
vn -46.485152 -73.067701 50.002417
vn -35.474042 -77.159793 52.801123
vn -35.474663 -80.692111 47.226386
vn -23.946285 -83.794761 49.040937
vn -23.946856 -87.045316 43.007686
vn -12.069301 -88.998922 43.971853
vn -12.069807 -91.878951 37.584280
vn -12.070232 -94.301234 31.009463
vn -12.070575 -96.253702 24.280159
vn -12.070834 -97.726628 17.429892
vn -0.017361 -98.835731 15.215060
vn -12.071007 -98.712675 10.492791
vn -0.017506 -99.662788 8.205390
vn -12.071094 -99.206929 3.503415
vn -0.017564 -99.993330 1.154842
vn -12.071094 -99.206929 -3.503415
vn -0.017534 -99.825710 -5.901461
vn -12.071007 -98.712675 -10.492791
vn -0.017418 -99.160764 -12.928362
vn -12.070834 -97.726628 -17.429892
vn -12.070575 -96.253702 -24.280159
vn -12.070232 -94.301234 -31.009463
vn -12.069807 -91.878951 -37.584280
vn -12.069301 -88.998922 -43.971853
vn -12.068717 -85.674655 -50.141795
vn -12.068058 -81.925224 -56.059072
vn -12.067328 -77.766797 -61.698500
vn -12.066530 -73.220928 -67.030549
vn -12.065667 -68.310267 -72.028655
vn -12.064745 -63.059276 -76.667918
vn -12.063767 -57.494116 -80.925225
vn -12.062739 -51.642514 -84.779367
vn -12.061666 -45.533620 -88.211142
vn -12.060553 -39.197870 -91.203454
vn -12.059406 -32.666827 -93.741395
vn -12.058230 -25.973029 -95.812321
vn -12.057032 -19.149824 -97.405915
vn -12.055817 -12.231205 -98.514237
vn -12.054591 -5.251641 -99.131766
vn -12.053360 1.754098 -99.255426
vn -12.052131 8.751108 -98.884601
vn -12.050910 15.704531 -98.021137
vn -12.049702 22.579725 -96.669337
vn -12.048514 29.342439 -94.835935
vn -12.047352 35.958982 -92.530065
vn -12.046221 42.396388 -89.763215
vn -12.045128 48.622589 -86.549170
vn -12.044077 54.606565 -82.903940
vn -12.043073 60.318504 -78.845688
vn -12.042123 65.729950 -74.394630
vn -12.041230 70.813943 -69.572942
vn -12.040399 75.545156 -64.404645
vn -12.039634 79.900016 -58.915487
vn -12.038939 83.856830 -53.132815
vn -12.038317 87.395883 -47.085439
vn -12.037772 90.499545 -40.803485
vn -12.037306 93.152354 -34.318250
vn -12.036921 95.341092 -27.662043
vn -12.036620 97.054857 -20.868025
vn 0.017255 98.237200 -18.693640
vn -12.036404 98.285110 -13.970044
vn 0.017444 99.311124 -11.717525
vn -12.036274 99.025722 -7.002465
vn 0.017546 99.890284 -4.683033
vn -12.036231 99.273003 -0.000000
vn 0.017560 99.971796 2.374789
vn -12.036274 99.025722 7.002465
vn 0.017487 99.555254 9.420780
vn -12.036404 98.285110 13.970044
vn 0.017327 98.642732 16.419837
vn -12.036620 97.054857 20.868025
vn -12.036921 95.341092 27.662043
vn -12.037306 93.152354 34.318250
vn -12.037772 90.499545 40.803485
vn -12.038317 87.395883 47.085439
vn -12.038939 83.856830 53.132815
vn -12.039634 79.900016 58.915487
vn -12.040399 75.545156 64.404645
vn -12.041230 70.813943 69.572942
vn -12.042123 65.729950 74.394630
vn -12.043073 60.318504 78.845688
vn -12.044077 54.606565 82.903940
vn -12.045128 48.622589 86.549170
vn -12.046221 42.396388 89.763215
vn -12.047352 35.958982 92.530065
vn -12.048514 29.342439 94.835935
vn -99.999998 0.017565 0.000000
vn -99.271857 -5.511602 10.710772
vn -97.096367 -12.433090 20.438047
vn -93.505230 -20.521768 28.907247
vn -88.550787 -29.505781 35.891044
vn -82.305252 -39.076418 41.217461
vn -74.859665 -48.899340 44.775943
vn -66.322565 -58.626760 46.521182
vn -56.818404 -67.910116 46.474564
vn -46.485740 -76.412789 44.723167
vn -35.475213 -83.822394 41.416369
vn -23.947351 -89.862195 36.760172
vn -99.999998 0.017565 0.000000
vn -99.271987 -6.253356 10.294079
vn -97.096615 -13.843756 19.508916
vn -93.505580 -22.509695 27.386497
vn -88.551218 -31.963961 33.719236
vn -82.305745 -41.886480 38.357360
vn -74.860199 -51.935949 41.214171
vn -66.323115 -61.762249 42.269007
vn -56.818950 -71.019196 41.567784
vn -46.486261 -79.377152 39.221108
vn -35.475689 -86.535046 35.400018
vn -23.947767 -92.231365 30.329521
vn -99.999998 0.017565 0.000000
vn -99.272112 -6.963870 9.826101
vn -97.096851 -15.185367 18.482593
vn -93.505909 -24.385398 25.729309
vn -88.551622 -34.262821 31.379441
vn -82.306202 -44.487794 35.306165
vn -74.860686 -54.713749 37.447072
vn -66.323612 -64.589984 37.806249
vn -56.819434 -73.774412 36.453916
vn -46.486712 -81.946021 33.523652
vn -35.476090 -88.816554 29.207306
vn -23.948103 -94.141021 23.747770
vn -99.999998 0.017565 0.000000
vn -99.272231 -7.639602 9.309171
vn -97.097073 -16.451241 17.364190
vn -93.506217 -26.139533 23.943939
vn -88.551996 -36.390907 28.883315
vn -82.306620 -46.867400 32.079075
vn -74.861127 -57.218904 33.493414
vn -66.324052 -67.095876 33.155143
vn -56.819853 -76.162039 31.158436
vn -46.487091 -84.106599 27.659183
vn -35.476413 -90.655552 22.869085
vn -23.948356 -95.581650 17.047708
vn -99.999998 0.017565 0.000000
vn -99.272343 -8.277188 8.745862
vn -97.097281 -17.635071 16.159280
vn -93.506502 -27.763359 22.039281
vn -88.552338 -38.337619 26.243293
vn -82.306997 -49.013443 28.692170
vn -74.861516 -59.438931 29.372894
vn -66.324434 -69.267442 28.338860
vn -56.820206 -78.170180 25.707726
vn -46.487397 -85.848121 21.656916
vn -35.476657 -92.042877 16.416930
vn -23.948525 -96.546076 10.262716
vn -99.272448 -8.873450 8.138982
vn -99.999998 0.017565 0.000000
vn -99.272545 -9.425419 7.491554
vn -99.999998 0.017565 0.000000
vn -99.272633 -9.930343 6.806804
vn -99.999998 0.017565 0.000000
vn -99.272713 -10.385708 6.088142
vn -99.999998 0.017565 0.000000
vn -99.272784 -10.789246 5.339150
vn -99.999998 0.017565 0.000000
vn -99.272846 -11.138945 4.563558
vn -99.272897 -11.433063 3.765231
vn -97.098173 -22.716971 7.475556
vn -97.098256 -23.187659 5.853300
vn -93.507662 -34.367054 8.673100
vn -93.507755 -34.893197 6.226120
vn -88.553637 -45.734831 8.159567
vn -88.553718 -46.196435 4.912058
vn -82.308308 -56.473800 6.004363
vn -82.308357 -56.756631 2.004784
vn -74.862714 -66.257809 2.340257
vn -74.862714 -66.257809 -2.340257
vn -66.325404 -74.792798 -2.641604
vn -66.325339 -74.420126 -7.911652
vn -56.820849 -81.827389 -8.698822
vn -56.820705 -81.009929 -14.449876
vn -46.487628 -87.161911 -15.546757
vn -46.487397 -85.848121 -21.656916
vn -35.476413 -90.655552 -22.869085
vn -35.476090 -88.816554 -29.207306
vn -23.947767 -92.231365 -30.329521
vn -23.947351 -89.862195 -36.760172
vn -99.999998 0.017565 0.000000
vn -99.272939 -11.670135 2.948145
vn -97.098319 -23.542742 4.201883
vn -93.507817 -35.245423 3.748123
vn -88.553759 -46.427814 1.640076
vn -82.308357 -56.756631 -2.004784
vn -74.862656 -65.927650 -7.009112
vn -66.325208 -73.676639 -13.142284
vn -56.820491 -79.788831 -20.128942
vn -46.487091 -84.106599 -27.659183
vn -35.475689 -86.535046 -35.400018
vn -23.946856 -87.045316 -43.007686
vn -99.999998 0.017565 0.000000
vn -99.272970 -11.848981 2.116372
vn -97.098360 -23.780452 2.529532
vn -93.507848 -35.421975 1.251453
vn -88.553759 -46.427814 -1.640076
vn -82.308308 -56.473800 -6.004363
vn -74.862541 -65.268978 -11.643048
vn -66.325013 -72.566040 -18.307442
vn -56.820206 -78.170180 -25.707726
vn -46.486712 -81.946021 -33.523652
vn -35.475213 -83.822394 -41.416369
vn -23.946285 -83.793119 -49.043742
vn -99.999998 0.017565 0.000000
vn -99.272991 -11.968709 1.274055
vn -97.098381 -23.899603 0.844580
vn -93.507848 -35.421975 -1.251453
vn -88.553718 -46.196435 -4.912058
vn -82.308208 -55.909548 -9.974029
vn -74.862368 -64.285073 -16.218978
vn -66.324755 -71.093863 -23.381393
vn -56.819853 -76.162039 -31.158436
vn -46.486261 -79.377152 -39.221108
vn -35.474662 -80.689740 -47.230438
vn -23.945641 -80.126723 -54.829869
vn -99.999998 0.017565 0.000000
vn -99.273002 -12.028722 0.425392
vn -97.098381 -23.899603 -0.844580
vn -93.507817 -35.245423 -3.748123
vn -88.553637 -45.734831 -8.159567
vn -82.308060 -55.066685 -13.894005
vn -74.862139 -62.980838 -20.714107
vn -66.324434 -69.267442 -28.338860
vn -56.819434 -73.774412 -36.453916
vn -46.485739 -76.409794 -44.728284
vn -35.474042 -77.159793 -52.801123
vn -23.944927 -76.059477 -60.345642
vn -99.999998 0.017565 -0.000000
vn -99.273002 -12.028722 -0.425392
vn -97.098360 -23.780452 -2.529532
vn -93.507755 -34.893197 -6.226120
vn -88.553516 -45.045301 -11.366427
vn -82.307864 -53.949411 -17.744762
vn -74.861854 -61.362770 -25.106039
vn -66.324052 -67.095876 -33.155143
vn -56.818950 -71.015717 -41.573729
vn -46.485152 -73.067701 -50.002417
vn -35.473354 -73.243039 -58.112808
vn -23.944146 -71.613286 -65.560775
vn -99.999998 0.017565 -0.000000
vn -99.272991 -11.968709 -1.274055
vn -97.098319 -23.542742 -4.201883
vn -93.507662 -34.367054 -8.673100
vn -88.553356 -44.131279 -14.516659
vn -82.307621 -52.563291 -21.507115
vn -74.861516 -59.438931 -29.372894
vn -66.323611 -64.586186 -37.812737
vn -56.818404 -67.910116 -46.474564
vn -46.484501 -69.358552 -55.032558
vn -35.472602 -68.961360 -63.134977
vn -23.943302 -66.810299 -70.449288
vn -99.272970 -11.848981 -2.116372
vn -99.999998 0.017565 -0.000000
vn -99.272939 -11.670135 -2.948145
vn -99.999998 0.017565 -0.000000
vn -99.272897 -11.433063 -3.765231
vn -99.999998 0.017565 -0.000000
vn -99.272846 -11.138945 -4.563558
vn -99.999998 0.017565 -0.000000
vn -99.272784 -10.789246 -5.339150
vn -99.999998 0.017565 -0.000000
vn -99.272713 -10.384485 -6.090231
vn -99.272633 -9.930343 -6.806804
vn -97.097649 -19.733445 -13.514349
vn -97.097473 -18.730959 -14.873865
vn -93.506502 -27.763359 -22.039281
vn -93.506217 -26.139533 -23.943939
vn -88.551622 -34.262821 -31.379441
vn -88.551218 -31.963961 -33.719236
vn -82.305252 -39.076418 -41.217461
vn -82.304724 -36.071607 -43.872219
vn -74.858473 -42.111427 -51.213639
vn -74.857820 -38.393939 -54.057491
vn -66.319880 -43.340991 -61.018293
vn -66.319105 -38.928833 -63.924348
vn -56.813994 -42.804888 -70.284505
vn -56.813105 -37.740442 -73.129544
vn -46.479451 -40.607867 -78.680759
vn -46.478458 -34.956634 -81.349780
vn -35.466974 -36.915597 -85.903041
vn -35.465893 -30.764115 -88.293486
vn -23.937179 -31.948411 -91.685934
vn -23.936029 -25.401387 -93.711451
vn -99.999998 0.017565 -0.000000
vn -99.272545 -9.425419 -7.491554
vn -97.097281 -17.635071 -16.159280
vn -93.505909 -24.385398 -25.729309
vn -88.550787 -29.505781 -35.891044
vn -82.304164 -32.887016 -46.308408
vn -74.857133 -34.485108 -56.632031
vn -66.318296 -34.322677 -66.511935
vn -56.812182 -32.487925 -75.610255
vn -46.477435 -29.131209 -83.613520
vn -35.464786 -24.459336 -90.244057
vn -23.934856 -18.727795 -95.270102
vn -99.999998 0.017565 -0.000000
vn -99.272448 -8.873450 -8.138982
vn -97.097073 -16.451241 -17.364190
vn -93.505580 -22.509695 -27.386497
vn -88.550329 -26.900528 -37.884045
vn -82.303576 -29.538513 -48.513891
vn -74.856417 -30.404410 -58.924433
vn -66.317457 -29.545468 -68.768163
vn -56.811231 -27.073505 -77.714280
vn -46.476386 -23.160613 -85.460702
vn -35.463657 -18.032672 -91.745037
vn -23.933668 -11.960880 -96.354122
vn -99.999998 0.017565 -0.000000
vn -99.272343 -8.277188 -8.745862
vn -97.096851 -15.185367 -18.482593
vn -93.505230 -20.521768 -28.907247
vn -88.549848 -24.161179 -39.688309
vn -82.302962 -26.042778 -50.477679
vn -74.855673 -26.172172 -60.923276
vn -66.316592 -24.621008 -70.681792
vn -56.810256 -21.524156 -79.431137
vn -46.475317 -17.074592 -86.882123
vn -35.462512 -11.516138 -92.788948
vn -23.932469 -5.134356 -96.958111
vn -99.999998 0.017565 -0.000000
vn -99.272231 -7.639602 -9.309171
vn -97.096615 -13.843756 -19.508916
vn -93.504863 -18.431521 -30.283982
vn -88.549346 -21.301384 -41.294848
vn -82.302325 -22.417227 -52.189991
vn -74.854907 -21.809481 -62.618603
vn -66.315705 -19.573828 -72.243287
vn -56.809263 -15.867526 -80.752271
vn -46.474233 -10.903464 -87.870701
vn -35.461357 -4.942200 -93.370588
vn -23.931265 1.717768 -97.079060
vn -99.999998 0.017565 -0.000000
vn -99.272112 -6.963870 -9.826101
vn -97.096367 -12.433090 -20.438047
vn -93.504480 -16.249367 -31.509844
vn -88.548825 -18.335388 -42.695658
vn -82.301669 -18.679923 -53.642295
vn -74.854121 -17.338070 -64.001967
vn -66.314801 -14.429075 -73.444870
vn -56.808255 -10.131794 -81.671102
vn -46.473140 -4.677976 -88.421512
vn -35.460198 1.656390 -93.487062
vn -23.930063 8.561356 -96.716365
vn -99.271987 -6.253356 -10.294079
vn -99.999998 0.017565 -0.000000
vn -99.271857 -5.511602 -10.710772
vn -99.999998 0.017565 -0.000000
vn -99.271722 -4.742303 -11.074104
vn -99.999998 0.017565 -0.000000
vn -99.271583 -3.949291 -11.382266
vn -99.999998 0.017565 -0.000000
vn -99.271440 -3.136517 -11.633722
vn -99.999998 0.017565 -0.000000
vn -99.271294 -2.308030 -11.827219
vn -99.999998 0.017565 -0.000000
vn -99.271147 -1.467957 -11.961794
vn -99.270998 -0.620485 -12.036776
vn -97.094403 -1.249486 -23.898028
vn -97.094106 0.439410 -23.927839
vn -93.501513 0.642247 -35.454966
vn -93.501074 3.141645 -35.322503
vn -88.544882 4.111274 -46.291482
vn -88.544310 7.366425 -45.887263
vn -82.296807 8.999958 -56.091321
vn -82.296116 12.934199 -55.317771
vn -74.848425 15.094834 -64.574448
vn -74.847631 19.612280 -63.349748
vn -66.308379 22.134495 -71.507084
vn -66.307503 27.123423 -69.768439
vn -56.801238 29.819240 -76.710053
vn -56.800300 35.156033 -74.416256
vn -46.465674 37.822132 -80.065145
vn -46.464699 43.375650 -77.198347
vn -35.452444 45.801055 -81.519246
vn -35.451454 51.437264 -78.085865
vn -23.922185 53.411343 -81.086111
vn -23.921204 58.998037 -77.116844
vn -99.999998 0.017565 -0.000000
vn -99.270849 0.230166 -12.051791
vn -97.093810 2.126203 -23.838443
vn -93.500638 5.625473 -35.014066
vn -88.543745 10.584954 -45.254437
vn -82.295436 16.804074 -54.268631
vn -74.846855 24.032084 -61.809443
vn -66.306650 31.977281 -67.682211
vn -56.799394 40.317731 -71.751721
vn -46.463761 48.713114 -73.946950
vn -35.450509 56.817246 -74.263463
vn -23.920274 64.290827 -72.763384
vn -99.999998 0.017565 0.000000
vn -99.270699 1.079757 -12.006764
vn -97.093515 3.802488 -23.630285
vn -93.500206 8.081356 -34.531191
vn -88.543189 13.750826 -44.396154
vn -82.294771 20.590304 -52.949127
vn -74.846099 28.332227 -59.961207
vn -66.305825 36.671888 -65.258794
vn -56.798522 45.278617 -68.729722
vn -46.462867 53.807932 -70.327153
vn -35.449614 61.914199 -70.071084
vn -23.919401 69.263344 -68.047421
vn -99.999998 0.017565 0.000000
vn -99.270551 1.924055 -11.901921
vn -97.093224 5.459915 -23.304402
vn -93.499782 10.497061 -33.876282
vn -88.542645 16.848271 -43.316693
vn -82.294124 24.274026 -51.365833
vn -74.845369 32.491286 -57.814246
vn -66.305033 41.183855 -62.510261
vn -56.797691 50.013977 -65.365316
vn -46.462019 58.634722 -66.356990
vn -35.448773 66.702729 -65.529615
vn -23.918588 73.890815 -62.992449
vn -99.999998 0.017565 0.000000
vn -99.270404 2.758855 -11.737783
vn -97.092938 7.090225 -22.862418
vn -93.499367 12.860552 -33.052604
vn -88.542115 19.861855 -42.021430
vn -82.293498 27.836889 -49.526637
vn -74.844667 36.488541 -55.379258
vn -66.304276 45.490705 -59.450304
vn -56.796903 54.500219 -61.675262
vn -46.461222 63.169438 -62.056240
vn -35.447990 71.158980 -60.661681
vn -23.917840 78.150187 -57.623651
vn -99.999998 0.017565 0.000000
vn -99.270260 3.579997 -11.515167
vn -97.092658 8.685297 -22.306534
vn -93.498963 15.160053 -32.064259
vn -88.541603 22.776566 -40.516818
vn -82.292897 31.261141 -47.440702
vn -74.843997 40.304077 -52.668374
vn -66.303560 49.570980 -56.094170
vn -56.796162 58.714994 -57.677946
vn -46.460481 67.389487 -57.446329
vn -35.447270 75.260752 -55.491533
vn -23.917160 82.020240 -51.967776
vn -99.270119 4.383391 -11.235184
vn -99.999998 0.017565 0.000000
vn -99.269982 5.165033 -10.899228
vn -99.999998 0.017565 0.000000
vn -99.269849 5.921031 -10.508972
vn -99.999998 0.017565 0.000000
vn -99.269721 6.647617 -10.066361
vn -99.999998 0.017565 0.000000
vn -99.269599 7.341172 -9.573600
vn -99.999998 0.017565 0.000000
vn -99.269484 7.998241 -9.033143
vn -99.269376 8.615549 -8.447685
vn -97.091182 17.087900 -16.772183
vn -97.090981 18.228469 -15.526244
vn -93.496883 27.001103 -23.005941
vn -93.496610 28.556700 -21.045163
vn -88.539031 37.418669 -27.580485
vn -88.538706 39.270998 -24.873406
vn -82.289957 47.999225 -30.404563
vn -82.289601 50.024402 -26.944030
vn -74.840819 58.391579 -31.452747
vn -74.840455 60.464803 -27.256445
vn -66.300279 68.247461 -30.766167
vn -66.299928 70.247701 -25.876246
vn -56.792909 77.234171 -28.450804
vn -56.792591 79.048698 -22.932620
vn -46.457379 85.046659 -24.673420
vn -46.457111 86.575268 -18.613432
vn -35.444431 91.418616 -19.655251
vn -35.444228 92.577371 -13.158156
vn -23.914681 96.132152 -13.663724
vn -23.914554 96.856525 -6.848923
vn -99.999998 0.017565 0.000000
vn -99.269275 9.190023 -7.820140
vn -97.090797 19.278310 -14.202954
vn -93.496361 29.970111 -18.979538
vn -88.538415 40.927757 -22.042408
vn -82.289289 51.800432 -23.349264
vn -74.840144 62.236861 -22.924353
vn -66.299638 71.898028 -20.857410
vn -56.792341 80.469457 -17.300186
vn -46.456918 87.672603 -12.460712
vn -35.444105 93.274941 -6.595507
vn -23.914511 97.098384 -0.000000
vn -99.999998 0.017565 0.000000
vn -99.269182 9.718798 -7.153635
vn -97.090629 20.232192 -12.808906
vn -93.496139 31.234294 -16.819359
vn -88.538160 42.380695 -19.101597
vn -82.289022 53.318468 -19.638172
vn -74.839887 63.698923 -18.478053
vn -66.299411 73.190221 -15.734665
vn -56.792162 81.489372 -11.581564
vn -46.456802 88.333199 -6.245915
vn -35.444065 93.507851 -0.000000
vn -23.914554 96.856525 6.848923
vn -99.999998 0.017565 0.000000
vn -99.269097 10.199243 -6.451492
vn -97.090480 21.085364 -11.351045
vn -93.495945 32.342951 -14.575386
vn -88.537942 43.622571 -16.065622
vn -82.288802 54.570945 -15.829244
vn -74.839686 64.843706 -13.939696
vn -66.299248 74.117842 -10.533530
vn -56.792054 82.103360 -5.805243
vn -46.456763 88.553764 -0.000000
vn -35.444105 93.274941 6.595507
vn -23.914681 96.132152 13.663724
vn -99.999998 0.017565 0.000000
vn -99.269022 10.628961 -5.717207
vn -97.090348 21.833574 -9.836633
vn -93.495778 33.290559 -12.258799
vn -88.537762 44.647199 -12.949610
vn -82.288630 55.551624 -11.941456
vn -74.839542 65.665507 -9.331893
vn -66.299150 74.676269 -5.279917
vn -56.792018 82.308363 -0.000000
vn -46.456802 88.333199 6.245915
vn -35.444228 92.577371 13.158156
vn -23.914892 94.928875 20.410454
vn -99.999998 0.017565 0.000000
vn -99.268956 11.005814 -4.954440
vn -97.090236 22.473095 -8.273216
vn -93.495641 34.072397 -9.881140
vn -88.537621 45.449475 -9.769083
vn -82.288507 56.255621 -7.994176
vn -74.839455 66.160230 -4.677598
vn -66.299117 74.862721 -0.000000
vn -56.792054 82.103360 5.805243
vn -46.456918 87.672603 12.460712
vn -35.444431 91.418616 19.655251
vn -23.915187 93.252688 27.055499
vn -99.999998 0.017565 0.000000
vn -99.268899 11.327923 -4.166990
vn -97.090143 23.000742 -6.668582
vn -93.495533 34.684569 -7.454254
vn -88.537520 46.025401 -6.539886
vn -82.288432 56.679426 -4.007070
vn -74.839426 66.325412 -0.000000
vn -66.299150 74.676269 5.279917
vn -56.792162 81.489372 11.581564
vn -46.457111 86.575268 18.613432
vn -35.444715 89.804449 26.054426
vn -23.915563 91.111942 33.565756
vn -99.268852 11.593684 -3.358780
vn -99.999998 0.017565 0.000000
vn -99.268816 11.801773 -2.533837
vn -99.999998 0.017565 0.000000
vn -99.268790 11.951153 -1.696270
vn -99.999998 0.017565 0.000000
vn -99.268774 12.041079 -0.850253
vn -99.999998 0.017565 0.000000
vn -99.268769 12.071105 -0.000000
vn -99.999998 0.017565 -0.000000
vn -99.268774 12.041079 0.850253
vn -99.268790 11.951153 1.696270
vn -97.090018 23.710466 3.367805
vn -97.090071 23.413885 5.030725
vn -93.495533 34.684569 7.454254
vn -93.495641 34.072397 9.881140
vn -88.537762 44.647199 12.949610
vn -88.537942 43.622571 16.065622
vn -82.289022 53.318468 19.638172
vn -82.289289 51.800432 23.349264
vn -74.840455 60.464803 27.256445
vn -74.840819 58.391579 31.452747
vn -66.300690 65.907274 35.502812
vn -66.301159 63.238799 40.062585
vn -56.794263 69.527918 44.048614
vn -56.794839 66.247607 48.842613
vn -46.459799 71.273846 52.550223
vn -46.460481 67.389487 57.446329
vn -35.447990 71.158980 60.661681
vn -35.448773 66.702729 65.529615
vn -23.919401 69.263344 68.047421
vn -23.920274 64.290827 72.763384
vn -99.999998 0.017565 -0.000000
vn -99.268816 11.801773 2.533837
vn -97.090143 23.000742 6.668582
vn -93.495778 33.290559 12.258799
vn -88.538160 42.380695 19.101597
vn -82.289601 50.024402 26.944030
vn -74.841235 56.027515 35.492353
vn -66.301683 60.255328 44.422767
vn -56.795473 62.637304 53.393281
vn -46.461222 63.169438 62.056240
vn -35.449614 61.914199 70.071084
vn -23.921204 58.998037 77.116844
vn -99.999998 0.017565 -0.000000
vn -99.268852 11.593684 3.358780
vn -97.090236 22.473095 8.273216
vn -93.495945 32.342951 14.575386
vn -88.538415 40.927757 22.042408
vn -82.289957 47.999225 30.404563
vn -74.841699 53.384391 39.355138
vn -66.302260 56.971727 48.561638
vn -56.796162 58.714994 57.677946
vn -46.462019 58.634722 66.356990
vn -35.450509 56.817246 74.263463
vn -23.922185 53.411343 81.086111
vn -99.999998 0.017565 -0.000000
vn -99.268899 11.327923 4.166990
vn -97.090348 21.833574 9.836633
vn -93.496139 31.234294 16.819359
vn -88.538706 39.270998 24.873406
vn -82.290354 45.734990 33.713621
vn -74.842210 50.475375 43.021857
vn -66.302886 53.404354 52.458577
vn -56.796903 54.500219 61.675262
vn -46.462867 53.807932 70.327153
vn -35.451454 51.437264 78.085865
vn -23.923213 47.558578 84.651412
vn -99.999998 0.017565 -0.000000
vn -99.268956 11.005814 4.954440
vn -97.090480 21.085364 11.351045
vn -93.496361 29.970111 18.979538
vn -88.539031 37.418669 27.580485
vn -82.290792 43.242977 36.854721
vn -74.842765 47.314957 46.474244
vn -66.303560 49.570980 56.094170
vn -56.797691 50.013977 65.365316
vn -46.463761 48.713114 73.946950
vn -35.452444 45.801055 81.519246
vn -23.924283 41.468898 87.794984
vn -99.999998 0.017565 -0.000000
vn -99.269022 10.628961 5.717207
vn -97.090629 20.232192 12.808906
vn -93.496610 28.556700 21.045163
vn -88.539389 35.380000 30.150159
vn -82.291268 40.535603 39.812211
vn -74.843362 43.918885 49.695098
vn -66.304276 45.490705 59.450304
vn -56.798522 45.278617 68.729722
vn -46.464699 43.375650 77.198347
vn -35.453474 39.936699 84.546503
vn -23.925389 35.172644 90.501165
vn -99.269097 10.199243 6.451492
vn -99.999998 0.017565 -0.000000
vn -99.269182 9.718798 7.153635
vn -99.999998 0.017565 -0.000000
vn -99.269275 9.190023 7.820140
vn -99.999998 0.017565 -0.000000
vn -99.269376 8.615549 8.447685
vn -99.999998 0.017565 -0.000000
vn -99.269484 7.998241 9.033143
vn -99.999998 0.017565 -0.000000
vn -99.269599 7.341172 9.573600
vn -99.999998 0.017565 -0.000000
vn -99.269721 6.647617 10.066361
vn -99.269849 5.921031 10.508972
vn -97.092121 11.738155 20.864699
vn -97.092385 10.237184 21.639520
vn -93.498963 15.160053 32.064259
vn -93.499367 12.860552 33.052604
vn -88.542645 16.848271 43.316693
vn -88.543189 13.750826 44.396154
vn -82.295436 16.804074 54.268631
vn -99.999998 0.017565 -0.000000
vn -99.269982 5.165033 10.899228
vn -97.092658 8.685297 22.306534
vn -93.499782 10.497061 33.876282
vn -99.999998 0.017565 -0.000000
vn -99.270119 4.383391 11.235184
vn -97.092938 7.090225 22.862418
vn -99.999998 0.017565 -0.000000
vn -99.270260 3.579997 11.515167
vn -99.999998 0.017565 -0.000000
vn -12.053360 1.754098 99.255426
vn -12.054591 -5.251641 99.131766
vn -12.055817 -12.231205 98.514237
vn -12.057032 -19.149824 97.405915
vn -12.058230 -25.973029 95.812321
vn -12.059406 -32.666827 93.741395
vn -12.060553 -39.197870 91.203454
vn -12.061666 -45.533620 88.211142
vn -12.062739 -51.642514 84.779367
vn -12.063767 -57.494116 80.925225
vn -12.064745 -63.059276 76.667918
vn -12.065667 -68.310267 72.028655
vn -12.066530 -73.220928 67.030549
vn -12.067328 -77.766797 61.698500
vn -12.068058 -81.925224 56.059072
vn -12.068717 -85.675494 50.140361
vn -12.052131 8.751108 98.884601
vn -97.089977 23.948621 -0.000000
vn -97.089987 23.889008 -1.688108
vn -97.090018 23.710466 -3.367805
vn -97.090071 23.413885 -5.030725
vn -93.495394 35.476912 -0.000000
vn -93.495410 35.388581 -2.501346
vn -93.495456 35.124027 -4.990230
vn -97.089987 23.889008 1.688108
vn -88.537438 46.487870 -0.000000
vn -88.537459 46.372108 -3.278109
vn -93.495410 35.388581 2.501346
vn -93.495456 35.124027 4.990230
vn -82.288407 56.820930 -0.000000
vn -88.537459 46.372108 3.278109
vn -88.537520 46.025401 6.539886
vn -88.537621 45.449475 9.769083
vn -74.839455 66.160230 4.677598
vn -66.299248 74.117842 10.533530
vn -56.792341 80.469457 17.300186
vn -46.457379 85.046659 24.673420
vn -35.445077 87.742912 32.323798
vn -23.916019 88.517301 39.908789
vn -82.288432 56.679426 4.007070
vn -82.288507 56.255621 7.994176
vn -82.288630 55.551624 11.941456
vn -82.288802 54.570945 15.829244
vn -97.094403 -1.249486 23.898028
vn -97.094106 0.439410 23.927839
vn -97.093810 2.126203 23.838443
vn -93.501952 -1.860268 35.410793
vn -93.501513 0.642247 35.454966
vn -93.501074 3.141645 35.322503
vn -97.094698 -2.932074 23.749158
vn -97.094991 -4.599968 23.481971
vn -97.095280 -6.244861 23.097798
vn -97.095564 -7.858557 22.598553
vn -88.546033 -2.443922 46.407190
vn -88.545457 0.835719 46.465079
vn -88.544882 4.111274 46.291482
vn -93.502390 -4.353434 35.190206
vn -93.502824 -6.824829 34.794303
vn -93.503253 -9.262141 34.225056
vn -93.503673 -11.653228 33.485302
vn -93.504082 -13.986178 32.578726
vn -82.298913 -2.991939 56.726864
vn -82.298209 1.017004 56.797627
vn -82.297506 5.020952 56.585427
vn -88.546607 -5.711311 46.118102
vn -88.547176 -8.950168 45.599256
vn -88.547737 -12.144359 44.853236
vn -88.548288 -15.277969 43.883760
vn -88.548825 -18.335388 42.695658
vn -88.549346 -21.301384 41.294848
vn -74.851690 -3.496326 66.219334
vn -74.850868 1.183458 66.301938
vn -74.850047 5.857413 66.054229
vn -82.299615 -6.985904 56.373491
vn -82.300310 -10.944994 55.739268
vn -82.300996 -14.849484 54.827355
vn -82.301669 -18.679923 53.642295
vn -82.302325 -22.417227 52.189991
vn -82.302962 -26.042778 50.477679
vn -82.303576 -29.538513 48.513891
vn -66.312961 -3.949730 74.746176
vn -66.312033 1.332656 74.839417
vn -66.311106 6.608459 74.559811
vn -74.852509 -8.158627 65.806829
vn -74.853321 -12.780217 65.066477
vn -74.854121 -17.338070 64.001967
vn -74.854907 -21.809481 62.618603
vn -74.855673 -26.172172 60.923276
vn -74.856417 -30.404410 58.924433
vn -74.857133 -34.485108 56.632031
vn -74.857820 -38.393939 54.057491
vn -56.807239 -4.345537 82.183051
vn -56.806219 1.462420 82.285569
vn -56.805200 7.263140 81.978144
vn -66.313885 -9.212379 74.280554
vn -66.314801 -14.429075 73.444870
vn -66.315705 -19.573828 72.243287
vn -66.316592 -24.621008 70.681792
vn -66.317457 -29.545468 68.768163
vn -66.318296 -34.322677 66.511935
vn -66.319105 -38.928833 63.924348
vn -66.319880 -43.340991 61.018293
vn -66.320617 -47.537167 57.808248
vn -46.473140 -4.677976 88.421512
vn -46.472042 1.570858 88.531812
vn -46.470946 7.811907 88.201050
vn -56.808255 -10.131794 81.671102
vn -56.809263 -15.867526 80.752271
vn -56.810256 -21.524156 79.431137
vn -56.811231 -27.073505 77.714280
vn -56.812182 -32.487925 75.610255
vn -56.813105 -37.740442 73.129544
vn -56.813994 -42.804888 70.284505
vn -56.814846 -47.656033 67.089311
vn -56.815657 -52.269709 63.559883
vn -56.816421 -56.622929 59.713802
vn -35.461357 -4.942200 93.370588
vn -35.460198 1.656390 93.487062
vn -35.459041 8.246760 93.137787
vn -46.474233 -10.903464 87.870701
vn -46.475317 -17.074592 86.882123
vn -46.476386 -23.160613 85.460702
vn -46.477435 -29.131209 83.613520
vn -46.478458 -34.956634 81.349780
vn -46.479451 -40.607867 78.680759
vn -46.480408 -46.056752 75.619755
vn -46.481325 -51.276144 72.182017
vn -46.482197 -56.240040 68.384671
vn -46.483019 -60.923711 64.246637
vn -46.483789 -65.303822 59.788529
vn -23.932469 -5.134356 96.958111
vn -23.931265 1.717768 97.079060
vn -23.930063 8.561356 96.716365
vn -35.462512 -11.516138 92.788948
vn -35.463657 -18.032672 91.745037
vn -35.464786 -24.459336 90.244057
vn -35.465893 -30.764115 88.293486
vn -35.466974 -36.915597 85.903041
vn -35.468022 -42.883137 83.084632
vn -35.469032 -48.637004 79.852299
vn -35.470000 -54.148533 76.222145
vn -35.470921 -59.390265 72.212257
vn -35.471790 -64.336088 67.842612
vn -35.472602 -68.961360 63.134977
vn -35.473354 -73.243039 58.112808
vn -23.933668 -11.960880 96.354122
vn -23.934856 -18.727795 95.270102
vn -23.936029 -25.401387 93.711451
vn -23.937179 -31.948411 91.685934
vn -23.938301 -38.336248 89.203643
vn -23.939389 -44.533075 86.276943
vn -23.940439 -50.508019 82.920416
vn -23.941444 -56.231314 79.150784
vn -23.942400 -61.674447 74.986826
vn -23.943302 -66.810299 70.449288
vn -23.944146 -71.613286 65.560775
vn -23.944927 -76.059477 60.345642
vn -23.945641 -80.126723 54.829869
vn -97.097473 -18.730959 14.873865
vn -93.506763 -29.248788 20.024825
vn -88.552646 -40.093256 23.472529
vn -82.307331 -50.915232 25.162321
vn -74.861854 -61.362770 25.106039
vn -66.324755 -71.093863 23.381393
vn -56.820491 -79.788831 20.128942
vn -46.487628 -87.161911 15.546757
vn -35.476820 -92.971618 9.882988
vn -23.948610 -97.029493 3.426596
vn -97.097649 -19.733445 13.514349
vn -93.506999 -30.588420 17.910606
vn -88.552920 -41.649074 20.584826
vn -82.307621 -52.563291 21.507115
vn -74.862139 -62.980838 20.714107
vn -66.325013 -72.566040 18.307442
vn -56.820705 -81.009929 14.449876
vn -46.487782 -88.041425 9.359144
vn -35.476902 -93.437148 3.299809
vn -23.948610 -97.029493 -3.426596
vn -97.097808 -20.637535 12.087505
vn -93.507207 -31.775579 15.707157
vn -88.553156 -42.997321 17.594570
vn -82.307864 -53.949411 17.744762
vn -74.862368 -64.285073 16.218978
vn -66.325208 -73.676639 13.142284
vn -56.820849 -81.827389 8.698822
vn -46.487860 -88.482280 3.124904
vn -35.476902 -93.437148 -3.299809
vn -23.948525 -96.546076 -10.262716
vn -97.097949 -21.438725 10.600442
vn -93.507388 -32.804353 13.425456
vn -88.553356 -44.131279 14.516659
vn -82.308060 -55.066685 13.894005
vn -74.862541 -65.268978 11.643048
vn -66.325339 -74.420126 7.911652
vn -56.820921 -82.237140 2.904431
vn -46.487860 -88.482280 -3.124904
vn -35.476820 -92.971618 -9.882988
vn -23.948356 -95.581650 -17.047708
vn -97.098071 -22.133023 9.060569
vn -93.507540 -33.669615 11.076870
vn -88.553516 -45.045301 11.366427
vn -82.308208 -55.909548 9.974029
vn -74.862656 -65.927650 7.009112
vn -66.325404 -74.792798 2.641604
vn -56.820921 -82.237140 -2.904431
vn -46.487782 -88.041425 -9.359144
vn -35.476657 -92.042877 -16.416930
vn -23.948103 -94.141021 -23.747770
vn -97.098256 -23.187659 -5.853300
vn -93.507540 -33.669615 -11.076870
vn -88.553156 -42.997321 -17.594570
vn -82.307331 -50.915232 -25.162321
vn -74.861126 -57.214979 -33.500120
vn -66.323115 -61.762249 -42.269007
vn -56.817798 -64.462661 -51.149810
vn -46.483789 -65.303822 -59.788529
vn -35.471790 -64.336088 -67.842612
vn -23.942400 -61.674447 -74.986826
vn -97.098173 -22.716971 -7.475556
vn -93.507388 -32.804353 -13.425456
vn -88.552920 -41.649074 -20.584826
vn -82.306996 -49.009601 -28.698735
vn -74.860686 -54.713749 -37.447072
vn -66.322565 -58.626760 -46.521182
vn -56.817137 -60.694007 -55.570230
vn -46.483019 -60.923711 -64.246637
vn -35.470921 -59.390265 -72.212257
vn -23.941444 -56.231314 -79.150784
vn -97.098071 -22.133023 -9.060569
vn -93.507207 -31.775579 -15.707157
vn -88.552646 -40.089720 -23.478571
vn -82.306620 -46.867400 -32.079075
vn -74.860199 -51.935949 -41.214171
vn -66.321963 -55.199138 -50.541592
vn -56.816421 -56.622929 -59.713802
vn -46.482197 -56.240040 -68.384671
vn -35.470000 -54.148533 -76.222145
vn -23.940439 -50.508019 -82.920416
vn -97.097949 -21.438725 -10.600442
vn -93.506998 -30.585421 -17.915728
vn -88.552338 -38.337619 -26.243293
vn -82.306202 -44.487794 -35.306165
vn -74.859665 -48.899340 -44.775943
vn -66.321312 -51.496458 -54.310205
vn -56.815657 -52.269709 -63.559883
vn -46.481325 -51.276144 -72.182017
vn -35.469032 -48.637004 -79.852299
vn -23.939389 -44.533075 -86.276943
vn -97.097808 -20.635309 -12.091308
vn -93.506763 -29.248788 -20.024825
vn -88.551996 -36.390907 -28.883315
vn -82.305745 -41.886480 -38.357360
vn -74.859089 -45.619052 -48.114643
vn -66.320617 -47.537167 -57.808248
vn -56.814846 -47.656033 -67.089311
vn -46.480408 -46.056752 -75.619755
vn -35.468022 -42.883137 -83.084632
vn -23.938301 -38.336248 -89.203643
vn -97.096108 -10.960399 -21.265357
vn -93.504082 -13.986178 -32.578726
vn -88.548288 -15.277969 -43.883760
vn -82.300996 -14.849484 -54.827355
vn -74.853321 -12.780217 -65.066477
vn -66.313885 -9.212379 -74.280554
vn -56.807239 -4.345537 -82.183051
vn -46.472042 1.570858 -88.531812
vn -35.459041 8.246760 -93.137787
vn -23.928868 15.362312 -95.871834
vn -97.095840 -9.433018 -21.986723
vn -97.095564 -7.858557 -22.598553
vn -97.095280 -6.244861 -23.097798
vn -97.094991 -4.599968 -23.481971
vn -97.094698 -2.932074 -23.749158
vn -93.503673 -11.653228 -33.485302
vn -88.547737 -12.144359 -44.853236
vn -82.300310 -10.944994 -55.739268
vn -74.852509 -8.158627 -65.806829
vn -66.312961 -3.949730 -74.746176
vn -56.806219 1.462420 -82.285569
vn -46.470946 7.811907 -88.201050
vn -35.457890 14.796075 -92.324505
vn -23.927687 22.086754 -94.549675
vn -93.503253 -9.262141 -34.225056
vn -93.502824 -6.824829 -34.794303
vn -93.502390 -4.353434 -35.190206
vn -93.501952 -1.860268 -35.410793
vn -88.547176 -8.950168 -45.599256
vn -82.299615 -6.985904 -56.373491
vn -74.851690 -3.496326 -66.219334
vn -66.312033 1.332656 -74.839417
vn -56.805200 7.263140 -81.978144
vn -46.469856 14.014079 -87.430876
vn -35.456753 21.271708 -91.051266
vn -23.926525 28.701183 -92.756474
vn -88.546607 -5.711311 -46.118102
vn -88.546033 -2.443922 -46.407190
vn -88.545457 0.835719 -46.465079
vn -82.298913 -2.991939 -56.726864
vn -74.850868 1.183458 -66.301938
vn -66.311106 6.608459 -74.559811
vn -56.804187 13.027725 -81.262308
vn -46.468779 20.146473 -86.225125
vn -35.455634 27.641398 -89.324415
vn -23.925389 35.172644 -90.501165
vn -82.298209 1.017004 -56.797627
vn -82.297506 5.020952 -56.585427
vn -74.850047 5.857413 -66.054229
vn -66.310185 11.851398 -73.908753
vn -56.803186 18.727457 -80.141627
vn -46.467720 26.178540 -84.589805
vn -35.454539 33.873411 -87.152554
vn -23.924283 41.468898 -87.794984
vn -74.849231 10.502251 -65.477441
vn -66.309275 17.035352 -72.889484
vn -56.802201 24.333939 -78.621685
vn -46.466683 32.080226 -82.533063
vn -35.453474 39.936699 -84.546503
vn -23.923213 47.558578 -84.651412
vn -97.092385 10.237184 -21.639520
vn -93.498572 17.384110 -30.916172
vn -88.541111 25.577883 -38.810353
vn -82.292323 34.529724 -45.118420
vn -74.843362 43.918885 -49.695098
vn -66.302886 53.404354 -52.458577
vn -56.795473 62.637304 -53.393281
vn -46.459799 71.273846 -52.550223
vn -35.446615 78.987610 -50.044929
vn -23.916552 85.481693 -46.052999
vn -97.092121 11.738155 -20.864699
vn -97.091868 13.180732 -19.985931
vn -97.091626 14.557729 -19.007595
vn -97.091397 15.862284 -17.934563
vn -93.498197 19.521643 -29.614062
vn -88.540641 28.251850 -36.910537
vn -82.291779 37.626354 -42.571360
vn -74.842765 47.314957 -46.474244
vn -66.302260 56.971727 -48.561638
vn -56.794839 66.247607 -48.842613
vn -46.459179 74.803163 -47.392315
vn -35.446029 82.320987 -44.349004
vn -23.916019 88.517301 -39.908789
vn -93.497838 21.562001 -28.164416
vn -93.497499 23.495020 -26.574457
vn -93.497180 25.311070 -24.852105
vn -88.540196 30.785145 -34.826835
vn -82.291268 40.535603 -39.812211
vn -74.842210 50.475375 -43.021857
vn -66.301683 60.255328 -44.422767
vn -56.794263 69.527918 -44.048614
vn -46.458624 77.959855 -41.998300
vn -35.445516 85.244275 -38.432134
vn -23.915563 91.111942 -33.565756
vn -88.539778 33.165147 -32.569627
vn -88.539389 35.380000 -30.150159
vn -82.290792 43.242977 -36.854721
vn -74.841699 53.384391 -39.355138
vn -66.301159 63.238799 -40.062585
vn -56.793748 72.461894 -39.035167
vn -46.458138 80.728196 -36.395052
vn -35.445077 87.742912 -32.323798
vn -23.915187 93.252688 -27.055499
vn -82.290354 45.734990 -33.713621
vn -74.841235 56.027515 -35.492353
vn -66.300690 65.907274 -35.502812
vn -56.793296 75.034918 -33.827248
vn -46.457722 83.094393 -30.610486
vn -35.444715 89.804449 -26.054426
vn -23.914892 94.928875 -20.410454
vn -74.839542 65.665507 9.331893
vn -66.299411 73.190221 15.734665
vn -56.792591 79.048698 22.932620
vn -46.457722 83.094393 30.610486
vn -35.445516 85.244275 38.432134
vn -23.916552 85.481693 46.052999
vn -74.839686 64.843706 13.939696
vn -74.839887 63.698923 18.478053
vn -74.840144 62.236861 22.924353
vn -66.299638 71.898028 20.857410
vn -56.792909 77.234171 28.450804
vn -46.458138 80.728196 36.395052
vn -35.446029 82.320987 44.349004
vn -23.917160 82.020240 51.967776
vn -66.299928 70.247701 25.876246
vn -66.300279 68.247461 30.766167
vn -56.793296 75.034918 33.827248
vn -46.458624 77.959855 41.998300
vn -35.446615 78.987610 50.044929
vn -23.917840 78.150187 57.623651
vn -56.793748 72.461894 39.035167
vn -46.459179 74.803163 47.392315
vn -35.447270 75.260752 55.491533
vn -23.918588 73.890815 62.992449
vn -97.090797 19.278310 14.202954
vn -93.496883 27.001103 23.005941
vn -88.539778 33.165147 32.569627
vn -82.291779 37.626354 42.571360
vn -74.843997 40.304077 52.668374
vn -66.305033 41.183855 62.510261
vn -56.799394 40.317731 71.751721
vn -46.465674 37.822132 80.065145
vn -35.454539 33.873411 87.152554
vn -23.926525 28.701183 92.756474
vn -97.090981 18.228469 15.526244
vn -97.091182 17.087900 16.772183
vn -97.091397 15.862284 17.934563
vn -97.091626 14.557729 19.007595
vn -97.091868 13.180732 19.985931
vn -93.497180 25.311070 24.852105
vn -88.540196 30.785145 34.826835
vn -82.292323 34.529724 45.118420
vn -74.844667 36.488541 55.379258
vn -66.305825 36.671888 65.258794
vn -56.800300 35.156033 74.416256
vn -46.466683 32.080226 82.533063
vn -35.455634 27.641398 89.324415
vn -93.497499 23.495020 26.574457
vn -93.497838 21.562001 28.164416
vn -93.498197 19.521643 29.614062
vn -93.498572 17.384110 30.916172
vn -88.540641 28.251850 36.910537
vn -82.292897 31.261141 47.440702
vn -74.845369 32.491286 57.814246
vn -66.306650 31.977281 67.682211
vn -56.801238 29.819240 76.710053
vn -46.467720 26.178540 84.589805
vn -88.541111 25.577883 38.810353
vn -88.541603 22.776566 40.516818
vn -88.542115 19.861855 42.021430
vn -82.293498 27.836889 49.526637
vn -74.846099 28.332227 59.961207
vn -66.307503 27.123423 69.768439
vn -56.802201 24.333939 78.621685
vn -82.294124 24.274026 51.365833
vn -82.294771 20.590304 52.949127
vn -74.846855 24.032084 61.809443
vn -66.308379 22.134495 71.507084
vn -74.847631 19.612280 63.349748
vn -99.999998 0.017565 0.000000
vn -99.999998 0.017565 0.000000
vn -99.999998 0.017565 0.000000
vn -99.999998 0.017565 0.000000
vn -99.999998 0.017565 0.000000
vn -99.999998 0.017565 0.000000
vn -99.999998 0.017565 0.000000
vn -99.999998 0.017565 0.000000
vn -99.999998 0.017565 0.000000
vn -99.999998 0.017565 0.000000
vn -99.999998 0.017565 0.000000
vn -99.999998 0.017565 0.000000
vn -99.999998 0.017565 0.000000
vn -99.999998 0.017565 0.000000
vn -99.999998 0.017565 0.000000
vn -99.999998 0.017565 0.000000
vn -99.999998 0.017565 0.000000
vn -99.999998 0.017565 0.000000
vn -99.999998 0.017565 0.000000
vn -99.999998 0.017565 0.000000
vn -99.999998 0.017565 0.000000
vn -99.999998 0.017565 0.000000
vn -99.999998 0.017565 0.000000
vn -99.999998 0.017565 0.000000
vn -99.999998 0.017565 0.000000
vn -99.999998 0.017565 0.000000
vn -99.999998 0.017565 0.000000
vn -99.999998 0.017565 0.000000
vn -99.999998 0.017565 0.000000
vn -99.999998 0.017565 0.000000
vn -99.999998 0.017565 0.000000
vn -99.999998 0.017565 0.000000
vn -99.999998 0.017565 0.000000
vn -99.999998 0.017565 0.000000
vn -99.999998 0.017565 0.000000
vn -99.999998 0.017565 0.000000
vn -99.999998 0.017565 0.000000
vn -99.999998 0.017565 0.000000
vn -99.999998 0.017565 0.000000
vn -99.999998 0.017565 0.000000
vn -99.999998 0.017565 0.000000
vn -99.999998 0.017565 0.000000
vn -99.999998 0.017565 0.000000
vn -99.999998 0.017565 0.000000
vn -99.999998 0.017565 0.000000
vn -99.999998 0.017565 0.000000
vn -99.999998 0.017565 0.000000
vn -99.999998 0.017565 0.000000
vn -99.999998 0.017565 0.000000
vn -99.999998 0.017565 0.000000
vn -99.999998 0.017565 0.000000
vn -99.999998 0.017565 0.000000
vn -99.999998 0.017565 0.000000
vn -99.999998 0.017565 0.000000
vn -99.999998 0.017565 0.000000
vn -99.999998 0.017565 0.000000
vn -99.999998 0.017565 0.000000
vn -99.999998 0.017565 0.000000
vn -99.999998 0.017565 0.000000
vn -99.999998 0.017565 0.000000
vn -99.999998 0.017565 0.000000
vn -99.999998 0.017565 0.000000
vn -99.999998 0.017565 0.000000
vn -99.999998 0.017565 0.000000
vn -99.999998 0.017565 0.000000
vn -99.999998 0.017565 0.000000
vn -99.999998 0.017565 0.000000
vn -99.999998 0.017565 0.000000
vn -99.999998 0.017565 0.000000
vn -99.999998 0.017565 0.000000
vn -99.999998 0.017565 0.000000
vn -99.999998 0.017565 0.000000
vn -99.999998 0.017565 0.000000
vn -99.999998 0.017565 0.000000
vn -99.999998 0.017565 0.000000
vn -99.999998 0.017565 0.000000
vn -99.999998 0.017565 0.000000
vn -99.999998 0.017565 0.000000
vn -99.999998 0.017565 0.000000
vn -99.999998 0.017565 0.000000
vn -99.999998 0.017565 0.000000
vn -99.999998 0.017565 0.000000
vn -99.999998 0.017565 0.000000
vn -99.999998 0.017565 0.000000
vn -99.999998 0.017565 0.000000
vn -99.999998 0.017565 0.000000
vn -99.999998 0.017565 0.000000
vn -99.999998 0.017565 0.000000
vn -99.999998 0.017565 0.000000
vn -99.999998 0.017565 0.000000
vn -99.999998 0.017565 0.000000
vn -99.999998 0.017565 0.000000
vn -99.999998 0.017565 0.000000
vn -99.999998 0.017565 0.000000
vn -99.999998 0.017565 0.000000
vn -99.999998 0.017565 0.000000
vn -99.999998 0.017565 0.000000
vn -99.999998 0.017565 0.000000
vn -99.999998 0.017565 0.000000
vn -99.999998 0.017565 0.000000
vn -99.999998 0.017565 0.000000
vn -99.999998 0.017565 0.000000
vn -99.999998 0.017565 0.000000
vn -99.999998 0.017565 0.000000
vn -99.999998 0.017565 0.000000
vn -99.999998 0.017565 0.000000
vn 0.003536 20.129852 97.952994
vn 0.001754 9.985608 99.500189
vn 0.000000 0.000000 100.000000
vn -0.001754 -9.985608 99.500189
vn -0.003536 -20.129852 97.952994
vn -0.005192 -29.558549 95.531629
vn -0.006927 -39.435585 91.895781
vn -0.008423 -47.952549 87.752795
vn -0.010034 -57.126821 82.076344
vn -0.011318 -64.433964 76.473944
vn -0.012731 -72.479278 68.896692
vn -0.013761 -78.345433 62.144934
vn -0.014907 -84.864424 52.896401
vn -0.015656 -89.132099 45.337277
vn -0.016472 -93.775212 34.730525
vn -0.016926 -96.363735 26.721345
vn -0.017363 -98.846831 15.142778
vn -0.017522 -99.751909 7.039633
vn -0.017543 -99.871649 -5.064917
vn -0.017418 -99.161482 -12.922855
vn -0.017004 -96.807710 -25.065253
vn -0.016619 -94.616005 -32.369915
vn -0.015770 -89.780453 -44.039415
vn -0.015158 -86.296773 -50.525902
vn -0.013890 -79.077572 -61.210598
vn -0.013092 -74.535598 -66.666667
vn -0.011441 -65.137247 -75.875812
vn -0.013092 -74.535598 -66.666667
vn -0.011441 -65.137247 -75.875812
vn -0.013890 -79.077572 -61.210598
vn -0.015158 -86.296773 -50.525902
vn -0.015770 -89.780453 -44.039415
vn -0.016619 -94.616005 -32.369915
vn -0.017004 -96.807710 -25.065253
vn -0.017418 -99.161482 -12.922855
vn -0.017543 -99.871649 -5.064917
vn -0.017522 -99.751909 7.039633
vn -0.017363 -98.846831 15.142778
vn -0.016926 -96.363735 26.721345
vn -0.016472 -93.775212 34.730525
vn -0.015656 -89.132099 45.337277
vn -0.014907 -84.864424 52.896401
vn -0.013761 -78.345433 62.144934
vn -0.012731 -72.479278 68.896692
vn -0.011318 -64.433964 76.473944
vn -0.010034 -57.126821 82.076344
vn -0.008423 -47.952549 87.752795
vn -0.006927 -39.435585 91.895781
vn -0.005192 -29.558549 95.531629
vn -0.003536 -20.129852 97.952994
vn -0.001754 -9.985608 99.500189
vn -0.000000 -0.000000 100.000000
vn 0.001754 9.985608 99.500189
vn 0.003536 20.129852 97.952994
vn 0.005192 29.558549 95.531629
vn 0.006927 39.435585 91.895781
vn 0.008423 47.952549 87.752795
vn 0.010034 57.126821 82.076344
vn 0.011318 64.433964 76.473944
vn 0.012731 72.479278 68.896692
vn 0.013761 78.345433 62.144934
vn 0.014907 84.864424 52.896401
vn 0.015656 89.132099 45.337277
vn 0.016472 93.775212 34.730525
vn 0.016926 96.363735 26.721345
vn 0.017363 98.846831 15.142778
vn 0.017522 99.751909 7.039633
vn 0.017543 99.871649 -5.064917
vn 0.017418 99.161482 -12.922855
vn 0.017004 96.807710 -25.065253
vn 0.016619 94.616005 -32.369915
vn 0.015770 89.780453 -44.039415
vn 0.015158 86.296773 -50.525902
vn 0.013890 79.077572 -61.210598
vn 0.013092 74.535598 -66.666667
vn 0.011441 65.137247 -75.875812
vn 0.011441 65.137247 -75.875812
vn 0.008524 48.530196 -87.434662
vn 0.005192 29.558549 95.531629
vn 0.006927 39.435585 91.895781
vn 0.008423 47.952549 87.752795
vn 0.010034 57.126821 82.076344
vn 0.011318 64.433964 76.473944
vn 0.012731 72.479278 68.896692
vn 0.013761 78.345433 62.144934
vn 0.014907 84.864424 52.896401
vn 0.015656 89.132099 45.337277
vn 0.016472 93.775212 34.730525
vn 0.016926 96.363735 26.721345
vn 0.017363 98.846831 15.142778
vn 0.017522 99.751909 7.039633
vn 0.017543 99.871649 -5.064917
vn 0.017418 99.161482 -12.922855
vn 0.017004 96.807710 -25.065253
vn 0.016619 94.616005 -32.369915
vn 0.015770 89.780453 -44.039415
vn 0.015158 86.296773 -50.525902
vn 0.013890 79.077572 -61.210598
vn 0.013092 74.535598 -66.666667
vn 0.008524 48.530196 -87.434662
vn 0.005258 29.936312 -95.413926
vn 0.005258 29.936312 -95.413926
vn 0.001777 10.116832 -99.486932
vn 0.001777 10.116832 -99.486932
vn -0.001777 -10.116832 -99.486932
vn -0.001777 -10.116832 -99.486932
vn -0.005258 -29.936312 -95.413926
vn -0.005258 -29.936312 -95.413926
vn -0.008524 -48.530196 -87.434662
vn -0.008524 -48.530196 -87.434662
vn 99.999998 -0.017565 0.000000
vn 99.999998 -0.017565 0.000000
vn 99.999998 -0.017565 0.000000
vn 99.999998 -0.017565 0.000000
vn 99.999998 -0.017565 0.000000
vn 99.999998 -0.017565 0.000000
vn 99.999998 -0.017565 0.000000
vn 99.999998 -0.017565 0.000000
vn 99.999998 -0.017565 0.000000
vn 99.999998 -0.017565 0.000000
vn 99.999998 -0.017565 0.000000
vn 99.999998 -0.017565 0.000000
vn 99.999998 -0.017565 0.000000
vn 99.999998 -0.017565 0.000000
vn 99.999998 -0.017565 0.000000
vn 99.999998 -0.017565 0.000000
vn 99.999998 -0.017565 0.000000
vn 99.999998 -0.017565 0.000000
vn 99.999998 -0.017565 0.000000
vn 99.999998 -0.017565 0.000000
vn 99.999998 -0.017565 0.000000
vn 99.999998 -0.017565 0.000000
vn 99.999998 -0.017565 0.000000
vn 99.999998 -0.017565 0.000000
vn 99.999998 -0.017565 0.000000
vn 99.999998 -0.017565 0.000000
vn 99.999998 -0.017565 0.000000
vn 99.999998 -0.017565 0.000000
vn 0.000000 0.000000 -100.000000
vn 0.000000 0.000000 -100.000000
vn 0.000000 0.000000 -100.000000
vn 0.000000 0.000000 -100.000000
vn 0.000000 0.000000 -100.000000
vn 0.000000 0.000000 -100.000000
vn 0.000000 0.000000 -100.000000
vn 0.000000 0.000000 -100.000000
vn 0.000000 0.000000 -100.000000
vn 0.000000 0.000000 -100.000000
vn 0.000000 0.000000 -100.000000
vn 0.000000 0.000000 -100.000000
vn 0.000000 0.000000 -100.000000
vn 0.000000 0.000000 -100.000000
vn 0.000000 0.000000 -100.000000
vn 0.000000 0.000000 -100.000000
vn 0.000000 0.000000 -100.000000
vn 0.000000 0.000000 -100.000000
vn 0.000000 0.000000 -100.000000
vn 0.000000 0.000000 -100.000000
vn 0.000000 0.000000 -100.000000
vn 0.000000 0.000000 -100.000000
vn 0.000000 0.000000 -100.000000
vn 0.000000 0.000000 -100.000000
vn 0.000000 0.000000 -100.000000
vn 0.000000 0.000000 -100.000000
vn 0.000000 0.000000 -100.000000
vn 0.000000 0.000000 -100.000000
vn 0.000000 0.000000 -100.000000
vn 0.000000 0.000000 -100.000000
vn 0.000000 0.000000 -100.000000
vn 0.000000 0.000000 -100.000000
vn 0.000000 0.000000 -100.000000
vn 0.000000 0.000000 -100.000000
vn 0.000000 0.000000 -100.000000
vn 0.000000 0.000000 -100.000000
vn 0.000000 0.000000 -100.000000
vn 0.000000 0.000000 -100.000000
vn 0.000000 0.000000 -100.000000
vn 0.000000 0.000000 -100.000000
vn 0.000000 0.000000 -100.000000
vn 0.000000 0.000000 -100.000000
vn 0.000000 0.000000 -100.000000
vn 0.000000 0.000000 -100.000000
vn 0.000000 0.000000 -100.000000
vn 0.000000 0.000000 -100.000000
vn 0.000000 0.000000 -100.000000
vn 0.000000 0.000000 -100.000000
vn 0.000000 0.000000 -100.000000
vn 0.000000 0.000000 -100.000000
vn -77.788817 -62.840273 0.000000
vn -77.788817 -62.840273 0.000000
vn -83.441079 -55.114303 0.000000
vn -81.369621 -58.129035 0.000000
vn -84.665486 -53.214241 0.000000
vn -88.328698 -46.883272 0.000000
vn -87.664870 -48.113101 0.000000
vn -90.595522 -42.337352 0.000000
vn -92.406884 -38.222609 0.000000
vn -93.146145 -36.384003 0.000000
vn -95.306038 -30.278030 0.000000
vn -95.638265 -29.211679 0.000000
vn -97.066141 -24.045046 0.000000
vn -97.993231 -19.933057 0.000000
vn -98.419071 -17.711199 0.000000
vn -99.359151 -11.303056 0.000000
vn -99.450199 -10.471771 0.000000
vn -99.882440 -4.847499 0.000000
vn -99.995818 -0.914523 0.000000
vn -99.986741 1.628392 0.000000
vn -99.625089 8.651105 0.000000
vn -99.671617 8.097453 0.000000
vn -98.938390 14.532546 0.000000
vn -98.341409 18.137456 0.000000
vn -97.790137 20.906678 0.000000
vn -96.156541 27.457598 0.000000
vn -96.156541 27.457598 0.000000
vn -94.269535 33.365473 0.000000
vn -96.231672 27.193111 0.000000
vn -91.911955 39.397875 0.000000
vn -93.090507 36.526121 0.000000
vn -93.090507 36.526121 0.000000
vn -89.168823 45.265009 0.000000
vn -89.171404 45.259925 0.000000
vn -86.051644 50.942266 0.000000
vn -84.435145 53.578972 0.000000
vn -82.573496 56.405830 0.000000
vn -78.925135 61.407028 0.000000
vn -78.748969 61.632783 0.000000
vn -74.594104 66.601198 0.000000
vn -72.691864 68.672359 0.000000
vn -70.126333 71.290234 0.000000
vn -65.792455 75.308385 0.000000
vn -65.364394 75.680222 0.000000
vn -60.328265 79.752745 0.000000
vn -58.290133 81.254295 0.000000
vn -55.039071 83.490722 0.000000
vn -50.253647 86.455601 0.000000
vn -49.518999 86.878471 0.000000
vn -43.791204 89.901782 0.000000
vn -41.756644 90.864639 0.000000
vn -37.879714 92.547973 0.000000
vn -32.876988 94.441006 0.000000
vn -31.809325 94.805943 0.000000
vn -25.605503 96.666221 0.000000
vn -23.696052 97.151928 0.000000
vn -19.294271 98.121002 0.000000
vn -14.297968 98.972562 0.000000
vn -12.902103 99.164186 0.000000
vn -6.455813 99.791395 0.000000
vn -4.768860 99.886225 0.000000
vn 0.017558 99.999998 0.000000
vn 4.803950 99.884544 0.000000
vn 6.490854 99.789122 0.000000
vn 14.332737 98.967533 0.000000
vn 12.936924 99.159649 0.000000
vn 19.328725 98.114221 0.000000
vn 23.730180 97.143598 0.000000
vn 25.639446 96.657223 0.000000
vn 32.910163 94.429451 0.000000
vn 31.842614 94.794767 0.000000
vn 37.912209 92.534666 0.000000
vn 41.788562 90.849965 0.000000
vn 43.822770 89.886399 0.000000
vn 50.284016 86.437941 0.000000
vn 49.549503 86.861077 0.000000
vn 55.068386 83.471390 0.000000
vn 58.318674 81.233812 0.000000
vn 60.356267 79.731556 0.000000
vn 65.818907 75.285267 0.000000
vn 65.390966 75.657264 0.000000
vn 70.151362 71.265605 0.000000
vn 72.715985 68.646818 0.000000
vn 74.617487 66.575000 0.000000
vn 78.946702 61.379298 0.000000
vn 78.770607 61.605126 0.000000
vn 82.593299 56.376830 0.000000
vn 84.453963 53.549306 0.000000
vn 86.069528 50.912045 0.000000
vn 89.187298 45.228596 0.000000
vn 89.184713 45.233694 0.000000
vn 91.925785 39.365595 0.000000
vn 94.281246 33.332366 0.000000
vn 93.103333 36.493416 0.000000
vn 93.103333 36.493416 0.000000
vn 96.241216 27.159314 0.000000
vn 96.166181 27.423816 0.000000
vn 96.166181 27.423816 0.000000
vn 97.797473 20.872334 0.000000
vn 98.347774 18.102907 0.000000
vn 98.347774 18.102907 0.000000
vn 99.628122 8.616106 0.000000
vn 99.628122 8.616106 0.000000
vn 99.995491 -0.949652 0.000000
vn 99.995491 -0.949652 0.000000
vn 99.446514 -10.506707 0.000000
vn 99.446514 -10.506707 0.000000
vn 97.986222 -19.967481 0.000000
vn 97.986222 -19.967481 0.000000
vn 95.627997 -29.245275 0.000000
vn 95.627997 -29.245275 0.000000
vn 92.393450 -38.255069 0.000000
vn 92.393450 -38.255069 0.000000
vn 88.312222 -46.914299 0.000000
vn 88.312222 -46.914299 0.000000
vn 83.421712 -55.143612 0.000000
vn 83.421712 -55.143612 0.000000
vn 77.766736 -62.867597 0.000000
vn 81.349196 -58.157616 0.000000
vn 77.766736 -62.867597 0.000000
vn 98.943488 14.497799 0.000000
vn 99.674455 8.062448 0.000000
vn 99.987307 1.593276 0.000000
vn 99.880731 -4.882579 0.000000
vn 99.355175 -11.337952 0.000000
vn 98.412844 -17.745765 0.000000
vn 97.057689 -24.079138 0.000000
vn 95.295397 -30.311504 0.000000
vn 93.133359 -36.416719 0.000000
vn 90.580645 -42.369173 0.000000
vn 87.647965 -48.143892 0.000000
vn 84.646788 -53.243978 0.000000
vn -98.341409 18.137456 0.000000
vn -99.625089 8.651105 0.000000
vn -99.995818 -0.914523 0.000000
vn -99.450199 -10.471771 0.000000
vn -97.993231 -19.933057 0.000000
vn -95.638265 -29.211679 0.000000
vn -92.406884 -38.222609 0.000000
vn -88.328698 -46.883272 0.000000
vn -83.441079 -55.114303 0.000000
vn -99.999998 0.017565 0.000000
vn -99.999998 0.017565 0.000000
vn -99.999998 0.017565 0.000000
vn -99.999998 0.017565 0.000000
vn -99.999998 0.017565 0.000000
vn -99.999998 0.017565 0.000000
vn -99.999998 0.017565 0.000000
vn -99.999998 0.017565 0.000000
vn -99.999998 0.017565 0.000000
vn -99.999998 0.017565 0.000000
vn -99.999998 0.017565 0.000000
vn -99.999998 0.017565 0.000000
vn -99.999998 0.017565 0.000000
vn -99.999998 0.017565 0.000000
vn -99.999998 0.017565 0.000000
vn -99.999998 0.017565 0.000000
vn -99.999998 0.017565 0.000000
vn -99.999998 0.017565 0.000000
vn -99.999998 0.017565 0.000000
vn -99.999998 0.017565 0.000000
vn -99.999998 0.017565 0.000000
vn -99.999998 0.017565 0.000000
vn -99.999998 0.017565 0.000000
vn -99.999998 0.017565 0.000000
vn -99.999998 0.017565 0.000000
vn -99.999998 0.017565 0.000000
vn -99.999998 0.017565 0.000000
vn -99.999998 0.017565 0.000000
vn 0.000000 0.000000 -100.000000
vn 0.000000 0.000000 -100.000000
vn 0.000000 0.000000 -100.000000
vn 0.000000 0.000000 -100.000000
vn 0.000000 0.000000 -100.000000
vn 0.000000 0.000000 -100.000000
vn 0.000000 0.000000 -100.000000
vn 0.000000 0.000000 -100.000000
vn 0.000000 0.000000 -100.000000
vn 0.000000 0.000000 -100.000000
vn -0.014313 -81.484148 -57.968383
vn -0.014313 -81.484148 -57.968383
vn -0.014313 -81.484148 -57.968383
vn -0.014313 -81.484148 -57.968383
vn -0.014313 -81.484148 -57.968383
vn -0.014313 -81.484148 -57.968383
vn -0.014313 -81.484148 -57.968383
vn -0.014313 -81.484148 -57.968383
vn -0.014313 -81.484148 -57.968383
vn -0.014313 -81.484148 -57.968383
vn -0.014313 -81.484148 -57.968383
vn -0.014313 -81.484148 -57.968383
vn -0.014313 -81.484148 -57.968383
vn -0.014313 -81.484148 -57.968383
vn -0.014313 -81.484148 -57.968383
vn -0.014313 -81.484148 -57.968383
vn -0.014313 -81.484148 -57.968383
vn -0.014313 -81.484148 -57.968383
vn -0.014313 -81.484148 -57.968383
vn -0.014313 -81.484148 -57.968383
vn -0.014313 -81.484148 -57.968383
vn -0.014313 -81.484148 -57.968383
vn -0.014313 -81.484148 -57.968383
vn -0.014313 -81.484148 -57.968383
vn -0.014313 -81.484148 -57.968383
vn -0.014313 -81.484148 -57.968383
vn -0.014313 -81.484148 -57.968383
vn -0.014313 -81.484148 -57.968383
vn -0.014313 -81.484148 -57.968383
vn -0.014313 -81.484148 -57.968383
vn -0.014313 -81.484148 -57.968383
vn -0.014313 -81.484148 -57.968383
vn -0.014313 -81.484148 -57.968383
vn -0.014313 -81.484148 -57.968383
vn -0.014313 -81.484148 -57.968383
vn -0.014313 -81.484148 -57.968383
vn -0.014313 -81.484148 -57.968383
vn -0.014313 -81.484148 -57.968383
vn -0.014313 -81.484148 -57.968383
vn -0.014313 -81.484148 -57.968383
vn -0.014313 -81.484148 -57.968383
vn -0.014313 -81.484148 -57.968383
vn -0.014313 -81.484148 -57.968383
vn -0.014313 -81.484148 -57.968383
vn -0.014313 -81.484148 -57.968383
vn -0.014313 -81.484148 -57.968383
vn -0.014313 -81.484148 -57.968383
vn -0.014313 -81.484148 -57.968383
vn -0.014313 -81.484148 -57.968383
vn -0.014313 -81.484148 -57.968383
vn -0.014313 -81.484148 -57.968383
vn -0.014313 -81.484148 -57.968383
vn -0.014313 -81.484148 -57.968383
vn -0.014313 -81.484148 -57.968383
vn -0.014313 -81.484148 -57.968383
vn -0.014313 -81.484148 -57.968383
vn -0.014313 -81.484148 -57.968383
vn -0.014313 -81.484148 -57.968383
vn -0.014313 -81.484148 -57.968383
vn -0.014313 -81.484148 -57.968383
vn -0.014313 -81.484148 -57.968383
vn -0.014313 -81.484148 -57.968383
vn -0.014313 -81.484148 -57.968383
vn -0.014313 -81.484148 -57.968383
vn -0.014313 -81.484148 -57.968383
vn -0.014313 -81.484148 -57.968383
vn -0.014313 -81.484148 -57.968383
vn -0.014313 -81.484148 -57.968383
vn -0.014313 -81.484148 -57.968383
vn -0.014313 -81.484148 -57.968383
vn -0.014313 -81.484148 -57.968383
vn -0.014313 -81.484148 -57.968383
vn -0.014313 -81.484148 -57.968383
vn -0.014313 -81.484148 -57.968383
vn -0.014313 -81.484148 -57.968383
vn -0.014313 -81.484148 -57.968383
vn -0.014313 -81.484148 -57.968383
vn -0.014313 -81.484148 -57.968383
vn -0.014313 -81.484148 -57.968383
vn -0.014313 -81.484148 -57.968383
vn -0.014313 -81.484148 -57.968383
vn -0.014313 -81.484148 -57.968383
vn -0.014313 -81.484148 -57.968383
vn -0.014313 -81.484148 -57.968383
vn -0.014313 -81.484148 -57.968383
vn -0.014313 -81.484148 -57.968383
vn -0.014313 -81.484148 -57.968383
vn -0.014313 -81.484148 -57.968383
vn -0.014313 -81.484148 -57.968383
vn -0.014313 -81.484148 -57.968383
vn -0.014313 -81.484148 -57.968383
vn -0.014313 -81.484148 -57.968383
vn -0.014313 -81.484148 -57.968383
vn -0.014313 -81.484148 -57.968383
vn -0.014313 -81.484148 -57.968383
vn -0.014313 -81.484148 -57.968383
vn -0.014313 -81.484148 -57.968383
vn -0.014313 -81.484148 -57.968383
vn -0.014313 -81.484148 -57.968383
vn -0.014313 -81.484148 -57.968383
vn -0.014313 -81.484148 -57.968383
vn -0.014313 -81.484148 -57.968383
vn -0.014313 -81.484148 -57.968383
vn -0.014313 -81.484148 -57.968383
vn -0.014313 -81.484148 -57.968383
vn -0.014313 -81.484148 -57.968383
vn -0.014313 -81.484148 -57.968383
vn -0.014313 -81.484148 -57.968383
vn -0.014313 -81.484148 -57.968383
vn -0.014313 -81.484148 -57.968383
vn -0.014313 -81.484148 -57.968383
vn -0.014313 -81.484148 -57.968383
vn -0.014313 -81.484148 -57.968383
vn -0.014313 -81.484148 -57.968383
vn -0.014313 -81.484148 -57.968383
vn -0.014313 -81.484148 -57.968383
vn -0.014313 -81.484148 -57.968383
vn -0.014313 -81.484148 -57.968383
vn -0.014313 -81.484148 -57.968383
vn -0.014313 -81.484148 -57.968383
vn -0.014313 -81.484148 -57.968383
vn -0.014313 -81.484148 -57.968383
vn -0.014313 -81.484148 -57.968383
vn -0.014313 -81.484148 -57.968383
vn -0.014313 -81.484148 -57.968383
vn -0.014313 -81.484148 -57.968383
vn -0.014313 -81.484148 -57.968383
vn -0.014313 -81.484148 -57.968383
vn -0.014313 -81.484148 -57.968383
vn -0.014313 -81.484148 -57.968383
vn 0.000000 0.000000 -100.000000
vn 0.000000 0.000000 -100.000000
vn 0.000000 0.000000 -100.000000
vn 0.000000 0.000000 -100.000000
vn 0.000000 0.000000 -100.000000
vn 0.000000 0.000000 -100.000000
vn 0.000000 0.000000 -100.000000
vn 0.000000 0.000000 -100.000000
vn 0.000000 0.000000 -100.000000
vn 0.000000 0.000000 -100.000000
vn -99.999998 0.017565 0.000000
vn -99.999998 0.017565 0.000000
vn -99.999998 0.017565 0.000000
vn -99.999998 0.017565 0.000000
vn -99.999998 0.017565 0.000000
vn -99.999998 0.017565 0.000000
vn -99.999998 0.017565 0.000000
vn -99.999998 0.017565 0.000000
vn -99.999998 0.017565 0.000000
vn -99.999998 0.017565 0.000000
vn -99.999998 0.017565 0.000000
vn -99.999998 0.017565 0.000000
vn -99.999998 0.017565 0.000000
vn -99.999998 0.017565 0.000000
vn -99.999998 0.017565 0.000000
vn -99.999998 0.017565 0.000000
vn -99.999998 0.017565 0.000000
vn -99.999998 0.017565 0.000000
vn -99.999998 0.017565 0.000000
vn -99.999998 0.017565 0.000000
vn -99.999998 0.017565 0.000000
vn -99.999998 0.017565 0.000000
vn -99.999998 0.017565 0.000000
vn -99.999998 0.017565 0.000000
vn -99.999998 0.017565 0.000000
vn -99.999998 0.017565 0.000000
vn -99.999998 0.017565 0.000000
vn -99.999998 0.017565 0.000000
vn -99.999998 0.017565 0.000000
vn -99.999998 0.017565 0.000000
vn -99.999998 0.017565 0.000000
vn -99.999998 0.017565 0.000000
vn -99.999998 0.017565 0.000000
vn -99.999998 0.017565 0.000000
vn -99.999998 0.017565 0.000000
vn -99.999998 0.017565 0.000000
vn -99.999998 0.017565 0.000000
vn -99.999998 0.017565 0.000000
vn -99.999998 0.017565 0.000000
vn -99.999998 0.017565 0.000000
vn -99.999998 0.017565 0.000000
vn -99.999998 0.017565 0.000000
vn -99.999998 0.017565 0.000000
vn -99.999998 0.017565 0.000000
vn -99.999998 0.017565 0.000000
vn -99.999998 0.017565 0.000000
vn -99.999998 0.017565 0.000000
vn -99.999998 0.017565 0.000000
vn -99.999998 0.017565 0.000000
vn -99.999998 0.017565 0.000000
vn -99.999998 0.017565 0.000000
vn -99.999998 0.017565 0.000000
vn -99.999998 0.017565 0.000000
vn -99.999998 0.017565 0.000000
vn -99.999998 0.017565 0.000000
vn -99.999998 0.017565 0.000000
vn -99.999998 0.017565 0.000000
vn -99.999998 0.017565 0.000000
vn -99.999998 0.017565 0.000000
vn -99.999998 0.017565 0.000000
vn 0.000000 0.000000 -100.000000
vn 0.000000 0.000000 -100.000000
vn 0.000000 0.000000 -100.000000
vn 0.000000 0.000000 -100.000000
vn 0.017565 99.999998 0.000000
vn 0.017565 99.999998 0.000000
vn 0.017565 99.999998 0.000000
vn 0.017565 99.999998 0.000000
vn 0.017565 99.999998 0.000000
vn 0.017565 99.999998 0.000000
vn 0.017565 99.999998 0.000000
vn 0.017565 99.999998 0.000000
vn 0.000000 0.000000 -100.000000
vn 0.000000 0.000000 -100.000000
vn 0.000000 0.000000 -100.000000
vn 0.000000 0.000000 -100.000000
vn 0.003536 20.129852 -97.952994
vn 0.001777 10.116832 -99.486932
vn -0.000000 -0.000000 -100.000000
vn -0.001777 -10.116832 -99.486932
vn -0.003536 -20.129852 -97.952994
vn -0.005258 -29.936312 -95.413926
vn -0.006927 -39.435585 -91.895781
vn -0.008524 -48.530196 -87.434662
vn -0.010034 -57.126821 -82.076344
vn -0.011441 -65.137247 -75.875812
vn -0.012731 -72.479278 -68.896692
vn -0.013092 -74.535598 -66.666667
vn -0.014907 -84.864424 -52.896401
vn -0.015158 -86.296773 -50.525902
vn -0.016472 -93.775212 -34.730525
vn -0.016619 -94.616005 -32.369915
vn -0.017363 -98.846831 -15.142778
vn -0.017418 -99.161482 -12.922855
vn -0.017543 -99.871649 5.064917
vn -0.017522 -99.751909 7.039633
vn -0.017004 -96.807710 25.065253
vn -0.016926 -96.363735 26.721345
vn -0.015770 -89.780453 44.039415
vn -0.015656 -89.132099 45.337277
vn -0.013890 -79.077572 61.210598
vn -0.013761 -78.345433 62.144934
vn -0.011441 -65.137247 75.875812
vn -0.011318 -64.433964 76.473944
vn -0.008524 -48.530196 87.434662
vn -0.008423 -47.952549 87.752795
vn -0.005258 -29.936312 95.413926
vn -0.005192 -29.558549 95.531629
vn -0.001777 -10.116832 99.486932
vn -0.001754 -9.985608 99.500189
vn 0.001754 9.985608 99.500189
vn 0.005258 29.936312 -95.413926
vn 0.006927 39.435585 -91.895781
vn 0.008524 48.530196 -87.434662
vn 0.010034 57.126821 -82.076344
vn 0.011441 65.137247 -75.875812
vn 0.012731 72.479278 -68.896692
vn 0.013092 74.535598 -66.666667
vn 0.013092 74.535598 -66.666667
vn 0.014907 84.864424 -52.896401
vn 0.015158 86.296773 -50.525902
vn 0.016472 93.775212 -34.730525
vn 0.016619 94.616005 -32.369915
vn 0.017363 98.846831 -15.142778
vn 0.017418 99.161482 -12.922855
vn 0.017543 99.871649 5.064917
vn 0.017522 99.751909 7.039633
vn 0.017004 96.807710 25.065253
vn 0.016926 96.363735 26.721345
vn 0.015770 89.780453 44.039415
vn 0.015656 89.132099 45.337277
vn 0.013890 79.077572 61.210598
vn 0.013761 78.345433 62.144934
vn 0.011441 65.137247 75.875812
vn 0.011318 64.433964 76.473944
vn 0.008524 48.530196 87.434662
vn 0.008423 47.952549 87.752795
vn 0.005258 29.936312 95.413926
vn 0.005192 29.558549 95.531629
vn 0.001777 10.116832 99.486932
vn 0.013890 79.077572 -61.210598
vn 0.015158 86.296773 -50.525902
vn 0.015770 89.780453 -44.039415
vn 0.016619 94.616005 -32.369915
vn 0.017004 96.807710 -25.065253
vn 0.017418 99.161482 -12.922855
vn 0.017543 99.871649 -5.064917
vn 0.017522 99.751909 7.039633
vn 0.017363 98.846831 15.142778
vn 0.016926 96.363735 26.721345
vn 0.016472 93.775212 34.730525
vn 0.015656 89.132099 45.337277
vn 0.014907 84.864424 52.896401
vn 0.013761 78.345433 62.144934
vn 0.012731 72.479278 68.896692
vn 0.011318 64.433964 76.473944
vn 0.010034 57.126821 82.076344
vn 0.008423 47.952549 87.752795
vn 0.006927 39.435585 91.895781
vn 0.005192 29.558549 95.531629
vn 0.003536 20.129852 97.952994
vn 0.001754 9.985608 99.500189
vn 0.000000 0.000000 100.000000
vn -0.001754 -9.985608 99.500189
vn -0.003536 -20.129852 97.952994
vn -0.005192 -29.558549 95.531629
vn -0.006927 -39.435585 91.895781
vn -0.008423 -47.952549 87.752795
vn -0.010034 -57.126821 82.076344
vn -0.011318 -64.433964 76.473944
vn -0.012731 -72.479278 68.896692
vn -0.013761 -78.345433 62.144934
vn -0.014907 -84.864424 52.896401
vn -0.015656 -89.132099 45.337277
vn -0.016472 -93.775212 34.730525
vn -0.016926 -96.363735 26.721345
vn -0.017363 -98.846831 15.142778
vn -0.017522 -99.751909 7.039633
vn -0.017543 -99.871649 -5.064917
vn -0.017418 -99.161482 -12.922855
vn -0.017004 -96.807710 -25.065253
vn -0.016619 -94.616005 -32.369915
vn -0.015770 -89.780453 -44.039415
vn -0.015158 -86.296773 -50.525902
vn -0.013890 -79.077572 -61.210598
vn -0.013092 -74.535598 -66.666667
vn 99.999998 -0.017565 0.000000
vn 99.999998 -0.017565 0.000000
vn 99.999998 -0.017565 0.000000
vn 99.999998 -0.017565 0.000000
vn 99.999998 -0.017565 0.000000
vn 99.999998 -0.017565 0.000000
vn 99.999998 -0.017565 0.000000
vn 99.999998 -0.017565 0.000000
vn 99.999998 -0.017565 0.000000
vn 99.999998 -0.017565 0.000000
vn 99.999998 -0.017565 0.000000
vn 99.999998 -0.017565 0.000000
vn 99.999998 -0.017565 0.000000
vn 99.999998 -0.017565 0.000000
vn 99.999998 -0.017565 0.000000
vn 99.999998 -0.017565 0.000000
vn 99.999998 -0.017565 0.000000
vn 99.999998 -0.017565 0.000000
vn 99.999998 -0.017565 0.000000
vn 99.999998 -0.017565 0.000000
vn 99.999998 -0.017565 0.000000
vn 99.999998 -0.017565 0.000000
vn 99.999998 -0.017565 0.000000
vn 99.999998 -0.017565 0.000000
vn 99.999998 -0.017565 0.000000
vn 99.999998 -0.017565 0.000000
vn 99.999998 -0.017565 0.000000
vn 99.999998 -0.017565 0.000000
vn 99.999998 -0.017565 0.000000
vn 99.999998 -0.017565 0.000000
vn 99.999998 -0.017565 0.000000
vn 99.999998 -0.017565 0.000000
vn 99.999998 -0.017565 0.000000
vn 99.999998 -0.017565 0.000000
vn 99.999998 -0.017565 0.000000
vn 99.999998 -0.017565 0.000000
vn 99.999998 -0.017565 0.000000
vn 99.999998 -0.017565 0.000000
vn 99.999998 -0.017565 0.000000
vn 99.999998 -0.017565 0.000000
vn 99.999998 -0.017565 0.000000
vn 99.999998 -0.017565 0.000000
vn 99.999998 -0.017565 0.000000
vn 99.999998 -0.017565 0.000000
vn 99.999998 -0.017565 0.000000
vn 99.999998 -0.017565 0.000000
vn 99.999998 -0.017565 0.000000
vn 99.999998 -0.017565 0.000000
vn 99.999998 -0.017565 0.000000
vn 99.999998 -0.017565 0.000000
vn 99.999998 -0.017565 0.000000
vn 99.999998 -0.017565 0.000000
vn 99.999998 -0.017565 0.000000
vn 99.999998 -0.017565 0.000000
vn 99.999998 -0.017565 0.000000
vn 99.999998 -0.017565 0.000000
vn 99.999998 -0.017565 0.000000
vn 99.999998 -0.017565 0.000000
vn 99.999998 -0.017565 0.000000
vn 99.999998 -0.017565 0.000000
vn -86.749379 49.744801 -0.000000
vn -89.767617 44.065575 -0.000000
vn -89.413007 44.780734 -0.000000
vn -92.376937 38.294929 -0.000000
vn -93.166961 36.330666 -0.000000
vn -94.615742 32.370686 -0.000000
vn -96.124377 27.569986 -0.000000
vn -96.475054 26.316608 -0.000000
vn -97.947416 20.156977 -0.000000
vn -98.259969 18.573595 -0.000000
vn -99.026921 13.916499 -0.000000
vn -99.555480 9.418407 -0.000000
vn -99.709240 7.620203 -0.000000
vn -99.999833 0.182695 -0.000000
vn -99.991636 1.293343 -0.000000
vn -99.872977 -5.038704 0.000000
vn -99.589229 -9.054579 0.000000
vn -99.353738 -11.350542 0.000000
vn -98.327179 -18.214439 0.000000
vn -98.436002 -17.616854 0.000000
vn -97.123450 -23.812506 0.000000
vn -95.421347 -29.912649 0.000000
vn -96.224473 -27.218574 0.000000
vn -96.721102 -25.397411 0.000000
vn -98.622424 -16.541388 0.000000
vn -99.714606 -7.549653 0.000000
vn -99.988689 1.504023 -0.000000
vn -99.442423 10.545359 -0.000000
vn -98.080289 19.500177 -0.000000
vn -95.913464 28.295007 -0.000000
vn -92.959725 36.857693 -0.000000
vn -89.243306 45.117983 -0.000000
vn -84.894609 52.847945 -0.000000
vn -84.794697 53.008106 -0.000000
vn -79.650398 60.463329 -0.000000
vn -79.650398 60.463329 -0.000000
vn -93.336519 -35.892816 0.000000
vn -93.299088 -35.990002 0.000000
vn -94.026240 -34.045063 0.000000
vn -90.877328 -41.729021 0.000000
vn -90.559947 -42.413395 0.000000
vn -88.053639 -47.397855 0.000000
vn -86.350663 -50.433749 0.000000
vn -84.876776 -52.876582 0.000000
vn -81.432922 -58.040325 0.000000
vn -81.359482 -58.143226 0.000000
vn -77.515863 -63.176664 0.000000
vn -75.847071 -65.170713 0.000000
vn -73.361337 -67.956708 0.000000
vn -69.638939 -71.766414 0.000000
vn -68.912567 -72.464185 0.000000
vn -64.187396 -76.681016 0.000000
vn -62.859461 -77.773313 0.000000
vn -59.204777 -80.590287 0.000000
vn -55.564257 -83.142127 0.000000
vn -53.984693 -84.176320 0.000000
vn -47.813181 -87.828809 0.000000
vn -48.548083 -87.424731 0.000000
vn -42.916752 -90.322491 0.000000
vn -39.669826 -91.794907 0.000000
vn -37.113287 -92.857977 0.000000
vn -31.201003 -95.007881 0.000000
vn -31.160964 -95.021020 0.000000
vn -25.083658 -96.802945 0.000000
vn -22.476194 -97.441371 0.000000
vn -18.905744 -98.196603 0.000000
vn -13.566981 -99.075411 0.000000
vn -12.652001 -99.196406 0.000000
vn -6.347513 -99.798342 0.000000
vn -4.546459 -99.896595 0.000000
vn -0.017565 -99.999998 0.000000
vn 4.511365 -99.898186 0.000000
vn 6.312453 -99.800566 0.000000
vn 13.532175 -99.080171 0.000000
vn 12.617153 -99.200844 0.000000
vn 18.871246 -98.203239 0.000000
vn 22.441961 -97.449261 0.000000
vn 25.049649 -96.811751 0.000000
vn 31.167625 -95.018836 0.000000
vn 31.127581 -95.031962 0.000000
vn 37.080663 -92.871010 0.000000
vn 39.637576 -91.808837 0.000000
vn 42.885019 -90.337562 0.000000
vn 47.782324 -87.845600 0.000000
vn 48.517368 -87.441781 0.000000
vn 53.955119 -84.195280 0.000000
vn 55.535046 -83.161642 0.000000
vn 59.176462 -80.611081 0.000000
vn 62.832135 -77.795391 0.000000
vn 64.160454 -76.703560 0.000000
vn 69.613723 -71.790874 0.000000
vn 68.887106 -72.488389 0.000000
vn 73.337460 -67.982476 0.000000
vn 75.824172 -65.197354 0.000000
vn 77.493665 -63.203892 0.000000
vn 81.412527 -58.068929 0.000000
vn 81.339051 -58.171804 0.000000
vn 84.858195 -52.906396 0.000000
vn 86.332940 -50.464081 0.000000
vn 88.036983 -47.428786 0.000000
vn 90.545041 -42.445206 0.000000
vn 90.862663 -41.760944 0.000000
vn 93.286439 -36.022775 0.000000
vn 93.323904 -35.925603 0.000000
vn 95.410832 -29.946169 0.000000
vn 97.115079 -23.846624 0.000000
vn 96.214905 -27.252376 0.000000
vn 94.014274 -34.078092 0.000000
vn 98.429807 -17.651433 0.000000
vn 98.320775 -18.248981 0.000000
vn 96.712174 -25.431387 0.000000
vn 99.349744 -11.385444 0.000000
vn 99.586042 -9.089564 0.000000
vn 98.616607 -16.576033 0.000000
vn 99.711948 -7.584682 0.000000
vn 99.999891 0.147565 0.000000
vn 99.989211 1.468897 0.000000
vn 99.558783 9.383432 0.000000
vn 99.446121 10.510424 0.000000
vn 98.266488 18.539075 0.000000
vn 98.087134 19.465720 0.000000
vn 96.134056 27.536216 0.000000
vn 95.923398 28.261310 0.000000
vn 93.179719 36.297934 0.000000
vn 92.972668 36.825033 0.000000
vn 89.428733 44.749320 0.000000
vn 89.259150 45.086629 0.000000
vn 84.913169 52.818119 0.000000
vn 84.813314 52.978314 0.000000
vn 79.671634 60.435344 0.000000
vn 83.391710 55.188973 0.000000
vn 79.671634 60.435344 0.000000
vn 99.871200 -5.073790 0.000000
vn 99.992084 1.258216 0.000000
vn 99.711911 7.585174 0.000000
vn 99.031804 13.881710 0.000000
vn 97.954491 20.122567 0.000000
vn 96.484294 26.282715 0.000000
vn 94.627108 32.337446 0.000000
vn 92.390384 38.262475 0.000000
vn 89.783092 44.034037 0.000000
vn 86.766849 49.714323 0.000000
vn -83.372316 55.218266 -0.000000
vn 0.000000 0.000000 -100.000000
vn 0.000000 0.000000 -100.000000
vn 0.000000 0.000000 -100.000000
vn 0.000000 0.000000 -100.000000
vn 0.000000 0.000000 -100.000000
vn 0.000000 0.000000 -100.000000
vn 0.000000 0.000000 -100.000000
vn 0.000000 0.000000 -100.000000
vn 0.000000 0.000000 -100.000000
vn 0.000000 0.000000 -100.000000
vn 0.000000 0.000000 -100.000000
vn 0.000000 0.000000 -100.000000
vn 0.000000 0.000000 -100.000000
vn 0.000000 0.000000 -100.000000
vn 0.000000 0.000000 -100.000000
vn 0.000000 0.000000 -100.000000
vn 0.000000 0.000000 -100.000000
vn 0.000000 0.000000 -100.000000
vn 0.000000 0.000000 -100.000000
vn 0.000000 0.000000 -100.000000
vn 0.000000 0.000000 -100.000000
vn 0.000000 0.000000 -100.000000
vn 0.000000 0.000000 -100.000000
vn 0.000000 0.000000 -100.000000
vn 0.000000 0.000000 -100.000000
vn 0.000000 0.000000 -100.000000
vn 0.000000 0.000000 -100.000000
vn 0.000000 0.000000 -100.000000
vn 0.000000 0.000000 -100.000000
vn 0.000000 0.000000 -100.000000
vn 0.000000 0.000000 -100.000000
vn 0.000000 0.000000 -100.000000
vn 0.000000 0.000000 -100.000000
vn 0.000000 0.000000 -100.000000
vn 0.000000 0.000000 -100.000000
vn 0.000000 0.000000 -100.000000
vn 0.000000 0.000000 -100.000000
vn 0.000000 0.000000 -100.000000
vn 0.000000 0.000000 -100.000000
vn 0.000000 0.000000 -100.000000
vn 0.000000 0.000000 -100.000000
vn 0.000000 0.000000 -100.000000
vn 0.000000 0.000000 -100.000000
vn 0.000000 0.000000 -100.000000
vn 0.000000 0.000000 -100.000000
vn 0.000000 0.000000 -100.000000
vn 0.000000 0.000000 -100.000000
vn 0.000000 0.000000 -100.000000
vn 0.000000 0.000000 -100.000000
vn 0.000000 0.000000 -100.000000
vn 0.000000 0.000000 -100.000000
vn 0.000000 0.000000 -100.000000
vn 0.000000 0.000000 -100.000000
vn 0.000000 0.000000 -100.000000
vn 0.000000 0.000000 -100.000000
vn 0.000000 0.000000 -100.000000
vn 0.000000 0.000000 -100.000000
vn 0.000000 0.000000 -100.000000
vn 0.000000 0.000000 -100.000000
vn 0.000000 0.000000 -100.000000
vn 0.000000 0.000000 -100.000000
vn 0.000000 0.000000 -100.000000
vn 0.000000 0.000000 -100.000000
vn 0.000000 0.000000 -100.000000
vn 0.000000 0.000000 -100.000000
vn 0.000000 0.000000 -100.000000
vn 0.000000 0.000000 -100.000000
vn 0.000000 0.000000 -100.000000
vn 0.000000 0.000000 -100.000000
vn 0.000000 0.000000 -100.000000
vn 0.000000 0.000000 -100.000000
vn 0.000000 0.000000 -100.000000
vn 0.000000 0.000000 -100.000000
vn 0.000000 0.000000 -100.000000
vn 0.000000 0.000000 -100.000000
vn 0.000000 0.000000 -100.000000
vn 0.000000 0.000000 -100.000000
vn 0.000000 0.000000 -100.000000
vn 0.000000 0.000000 -100.000000
vn 0.000000 0.000000 -100.000000
vn 0.000000 0.000000 -100.000000
vn 0.000000 0.000000 -100.000000
vn 0.000000 0.000000 -100.000000
vn 0.000000 0.000000 -100.000000
vn 0.000000 0.000000 -100.000000
vn 0.000000 0.000000 -100.000000
vn 0.000000 0.000000 -100.000000
vn 0.000000 0.000000 -100.000000
vn 0.000000 0.000000 -100.000000
vn 0.000000 0.000000 -100.000000
vn 0.000000 0.000000 -100.000000
vn 0.000000 0.000000 -100.000000
vn 0.000000 0.000000 -100.000000
vn 0.000000 0.000000 -100.000000
vn 0.000000 0.000000 -100.000000
vn 0.000000 0.000000 -100.000000
vn 0.000000 0.000000 -100.000000
vn 0.000000 0.000000 -100.000000
vn 0.000000 0.000000 -100.000000
vn 0.000000 0.000000 -100.000000
vn 0.000000 0.000000 -100.000000
vn 0.000000 0.000000 -100.000000
vn 0.000000 0.000000 -100.000000
vn 68.428171 72.921776 0.000000
vn 69.936726 71.476250 0.000000
vn 74.614870 66.577933 0.000000
vn 75.980130 65.015536 0.000000
vn 80.203895 59.727173 0.000000
vn 81.428886 58.045987 0.000000
vn 85.165965 52.409525 0.000000
vn 86.240350 50.622149 0.000000
vn 89.462292 44.682192 0.000000
vn 90.376867 42.802124 0.000000
vn 93.059291 36.605577 0.000000
vn 93.806063 34.647115 0.000000
vn 95.928845 28.242816 0.000000
vn 96.501099 26.220945 0.000000
vn 98.048522 19.659281 0.000000
vn 98.440883 17.589561 0.000000
vn 99.401753 10.922069 0.000000
vn 99.610233 8.820514 0.000000
vn 99.977959 2.099479 0.000000
vn 99.999998 -0.017565 0.000000
vn 99.772636 -6.739523 0.000000
vn 99.607128 -8.855507 0.000000
vn 98.787389 -15.525842 0.000000
vn 98.434697 -17.624142 0.000000
vn 97.029920 -24.190795 0.000000
vn 96.491881 -26.254844 0.000000
vn 94.513968 -32.666648 0.000000
vn 93.793885 -34.680067 0.000000
vn 91.259198 -40.887146 0.000000
vn 90.361825 -42.833871 0.000000
vn 87.291055 -48.788029 0.000000
vn 86.222561 -50.652442 0.000000
vn 82.640556 -56.307535 0.000000
vn 81.408489 -58.074589 0.000000
vn 77.344055 -63.386884 0.000000
vn 75.957285 -65.042224 0.000000
vn 71.442955 -69.970738 0.000000
vn 69.911612 -71.500815 0.000000
vn 64.983385 -76.007629 0.000000
vn 63.318786 -77.399815 0.000000
vn 58.015839 -81.450368 0.000000
vn 56.230405 -82.693057 0.000000
vn 50.594782 -86.256409 0.000000
vn 48.701944 -87.339113 0.000000
vn 42.778225 -90.388182 0.000000
vn 40.792325 -91.301622 0.000000
vn 34.627271 -93.813390 0.000000
vn 32.563450 -94.549573 0.000000
vn 26.205635 -96.505257 0.000000
vn 24.079722 -97.057545 0.000000
vn 17.579149 -98.442742 0.000000
vn 15.407538 -98.805910 0.000000
vn 8.815246 -99.610699 0.000000
vn 6.614769 -99.780984 0.000000
vn -0.017565 -99.999998 0.000000
vn -2.229769 -99.975138 0.000000
vn -8.850239 -99.607596 0.000000
vn -11.056857 -99.386850 0.000000
vn -17.613731 -98.436561 0.000000
vn -19.797410 -98.020725 0.000000
vn -26.239535 -96.496045 0.000000
vn -28.383021 -95.887455 0.000000
vn -34.660226 -93.801219 0.000000
vn -36.746497 -93.003736 0.000000
vn -42.809976 -90.373148 0.000000
vn -44.822381 -89.392137 0.000000
vn -50.625081 -86.238629 0.000000
vn -52.547469 -85.080923 0.000000
vn -58.044449 -81.429982 0.000000
vn -59.861303 -80.103835 0.000000
vn -65.010083 -75.984796 0.000000
vn -66.706640 -74.499827 0.000000
vn -71.467532 -69.945635 0.000000
vn -73.029908 -68.312756 0.000000
vn -77.366319 -63.359709 0.000000
vn -78.781617 -61.591045 0.000000
vn -82.660332 -56.278499 0.000000
vn -83.916754 -54.387301 0.000000
vn -87.308189 -48.757360 0.000000
vn -88.395128 -46.757902 0.000000
vn -91.273556 -40.855084 0.000000
vn -92.181690 -38.762559 0.000000
vn -94.525438 -32.633443 0.000000
vn -95.246806 -30.463847 0.000000
vn -97.038413 -24.156707 0.000000
vn -97.566486 -21.926714 0.000000
vn -98.792837 -15.491137 0.000000
vn -99.122576 -13.217975 0.000000
vn -99.774997 -6.704472 0.000000
vn -99.902898 -4.405787 0.000000
vn -99.977215 2.134601 -0.000000
vn -99.901344 4.440883 -0.000000
vn -99.397909 10.956988 -0.000000
vn -99.117927 13.252796 -0.000000
vn -98.041610 19.693724 -0.000000
vn -97.558777 21.960988 -0.000000
vn -95.918917 28.276514 -0.000000
vn -95.236098 30.497306 -0.000000
vn -93.046426 36.638267 -0.000000
vn -92.168067 38.794941 -0.000000
vn -89.446590 44.713617 -0.000000
vn -88.378696 46.788952 -0.000000
vn -85.147549 52.439441 -0.000000
vn -83.897642 54.416777 -0.000000
vn -80.182908 59.755345 -0.000000
vn -78.759975 61.618717 -0.000000
vn -74.591477 66.604141 -0.000000
vn -73.005905 68.338407 -0.000000
vn -68.402549 72.945811 -0.000000
vn -66.680464 74.523256 -0.000000
vn -61.676527 78.714713 -0.000000
vn -59.833158 80.124860 -0.000000
vn -54.466224 83.865550 -0.000000
vn -52.517577 85.099378 -0.000000
vn -46.828253 88.357878 -0.000000
vn -44.790975 89.407878 -0.000000
vn -38.822590 92.156424 -0.000000
vn -36.713822 93.016640 -0.000000
vn -30.512093 95.231361 -0.000000
vn -28.349334 95.897421 -0.000000
vn -21.962016 97.558546 -0.000000
vn -19.762974 98.027674 -0.000000
vn -13.239494 99.119704 -0.000000
vn -11.021942 99.390728 -0.000000
vn -4.413016 99.902579 -0.000000
vn -2.194648 99.975915 -0.000000
vn 4.448112 99.901023 0.000000
vn 6.649822 99.778654 0.000000
vn 13.274314 99.115047 0.000000
vn 15.442248 98.800491 0.000000
vn 21.996287 97.550824 0.000000
vn 24.113817 97.049079 0.000000
vn 30.545546 95.220637 0.000000
vn 32.596664 94.538127 0.000000
vn 38.854962 92.142780 0.000000
vn 40.824397 91.287286 0.000000
vn 46.859291 88.341422 0.000000
vn 48.732623 87.321999 0.000000
vn 54.495682 83.846411 0.000000
vn 56.259451 82.673298 0.000000
vn 61.704176 78.693041 0.000000
vn 63.345973 77.377566 0.000000
vn 0.000000 0.000000 100.000000
vn 0.000000 0.000000 100.000000
vn 0.000000 0.000000 100.000000
vn 0.000000 0.000000 100.000000
vn 0.000000 0.000000 100.000000
vn 0.000000 0.000000 100.000000
vn 0.000000 0.000000 100.000000
vn 0.000000 0.000000 100.000000
vn 0.000000 0.000000 100.000000
vn 0.000000 0.000000 100.000000
vn 0.000000 0.000000 100.000000
vn 0.000000 0.000000 100.000000
vn 0.000000 0.000000 100.000000
vn 0.000000 0.000000 100.000000
vn 0.000000 0.000000 100.000000
vn 0.000000 0.000000 100.000000
vn 0.000000 0.000000 100.000000
vn 0.000000 0.000000 100.000000
vn 0.000000 0.000000 100.000000
vn 0.000000 0.000000 100.000000
vn 0.000000 0.000000 100.000000
vn 0.000000 0.000000 100.000000
vn 0.000000 0.000000 -100.000000
vn 0.000000 0.000000 -100.000000
vn 0.000000 0.000000 -100.000000
vn 0.000000 0.000000 -100.000000
vn 0.000000 0.000000 -100.000000
vn 0.000000 0.000000 -100.000000
vn 0.000000 0.000000 -100.000000
vn 0.000000 0.000000 -100.000000
vn 0.000000 0.000000 -100.000000
vn 0.000000 0.000000 -100.000000
vn 0.000000 0.000000 -100.000000
vn 0.000000 0.000000 -100.000000
vn 0.000000 0.000000 -100.000000
vn 0.000000 0.000000 -100.000000
vn 0.000000 0.000000 -100.000000
vn 0.000000 0.000000 -100.000000
vn 0.000000 0.000000 -100.000000
vn 0.000000 0.000000 -100.000000
vn 0.000000 0.000000 -100.000000
vn 0.000000 0.000000 -100.000000
vn 0.000000 0.000000 -100.000000
vn 0.000000 0.000000 -100.000000
vn 0.000000 0.000000 -100.000000
vn 0.000000 0.000000 -100.000000
vn 0.000000 0.000000 -100.000000
vn 0.000000 0.000000 -100.000000
vn 0.000000 0.000000 -100.000000
vn 0.000000 0.000000 -100.000000
vn 0.000000 0.000000 -100.000000
vn 0.000000 0.000000 -100.000000
vn 0.000000 0.000000 -100.000000
vn 0.000000 0.000000 -100.000000
vn 0.000000 0.000000 -100.000000
vn 0.000000 0.000000 -100.000000
vn 0.000000 0.000000 -100.000000
vn 0.000000 0.000000 -100.000000
vn 0.000000 0.000000 -100.000000
vn 0.000000 0.000000 -100.000000
vn 0.000000 0.000000 -100.000000
vn 0.000000 0.000000 -100.000000
vn 0.000000 0.000000 -100.000000
vn 0.000000 0.000000 -100.000000
vn 0.000000 0.000000 -100.000000
vn 0.000000 0.000000 -100.000000
vn 0.000000 0.000000 -100.000000
vn 0.000000 0.000000 -100.000000
vn 0.000000 0.000000 -100.000000
vn 0.000000 0.000000 -100.000000
vn 0.000000 0.000000 -100.000000
vn 0.000000 0.000000 -100.000000
vn 0.000000 0.000000 -100.000000
vn 0.000000 0.000000 -100.000000
vn 0.000000 0.000000 -100.000000
vn 0.000000 0.000000 -100.000000
vn 0.000000 0.000000 -100.000000
vn 0.000000 0.000000 -100.000000
vn 0.000000 0.000000 -100.000000
vn 0.000000 0.000000 -100.000000
vn 0.000000 0.000000 -100.000000
vn 0.000000 0.000000 -100.000000
vn 0.000000 0.000000 -100.000000
vn 0.000000 0.000000 -100.000000
vn 0.000000 0.000000 -100.000000
vn 0.000000 0.000000 -100.000000
vn 0.000000 0.000000 -100.000000
vn 0.000000 0.000000 -100.000000
vn 0.000000 0.000000 -100.000000
vn 0.000000 0.000000 -100.000000
vn 0.000000 0.000000 -100.000000
vn 0.000000 0.000000 -100.000000
vn 0.000000 0.000000 -100.000000
vn 0.000000 0.000000 -100.000000
vn 0.000000 0.000000 -100.000000
vn 0.000000 0.000000 -100.000000
vn 0.000000 0.000000 -100.000000
vn 0.000000 0.000000 -100.000000
vn 0.000000 0.000000 -100.000000
vn 0.000000 0.000000 -100.000000
vn 0.000000 0.000000 -100.000000
vn 0.000000 0.000000 -100.000000
vn 0.000000 0.000000 -100.000000
vn 0.000000 0.000000 -100.000000
vn 0.000000 0.000000 -100.000000
vn 0.000000 0.000000 -100.000000
vn 0.000000 0.000000 -100.000000
vn 0.000000 0.000000 -100.000000
vn 0.000000 0.000000 -100.000000
vn 0.000000 0.000000 -100.000000
vn 0.000000 0.000000 -100.000000
vn 0.000000 0.000000 -100.000000
vn 0.000000 0.000000 -100.000000
vn 0.000000 0.000000 -100.000000
vn 0.000000 0.000000 -100.000000
vn 0.000000 0.000000 -100.000000
vn 0.000000 0.000000 -100.000000
vn 0.000000 0.000000 -100.000000
vn 0.000000 0.000000 -100.000000
vn 0.000000 0.000000 -100.000000
vn 0.000000 0.000000 -100.000000
vn 0.000000 0.000000 -100.000000
vn 0.000000 0.000000 -100.000000
vn 0.000000 0.000000 -100.000000
vn 0.000000 0.000000 -100.000000
vn 0.000000 0.000000 -100.000000
vn 0.000000 0.000000 -100.000000
vn 0.000000 0.000000 -100.000000
vn 0.000000 0.000000 -100.000000
vn 0.000000 0.000000 -100.000000
vn 0.000000 0.000000 -100.000000
vn 0.000000 0.000000 -100.000000
vn 0.000000 0.000000 -100.000000
vn 0.000000 0.000000 -100.000000
vn 0.000000 0.000000 -100.000000
vn 0.000000 0.000000 -100.000000
vn 0.000000 0.000000 -100.000000
vn 0.000000 0.000000 -100.000000
vn 0.000000 0.000000 -100.000000
vn 0.000000 0.000000 -100.000000
vn 0.000000 0.000000 -100.000000
vn 0.000000 0.000000 -100.000000
vn 0.000000 0.000000 -100.000000
vn 0.000000 0.000000 -100.000000
vn 0.000000 0.000000 -100.000000
vn 0.000000 0.000000 -100.000000
vn 0.000000 0.000000 -100.000000
vn 0.000000 0.000000 -100.000000
vn 0.000000 0.000000 -100.000000
vn 0.000000 0.000000 -100.000000
vn 0.000000 0.000000 -100.000000
vn 0.000000 0.000000 -100.000000
vn 0.000000 0.000000 -100.000000
vn 0.000000 0.000000 -100.000000
vn 0.000000 0.000000 -100.000000
vn 0.000000 0.000000 -100.000000
vn 0.000000 0.000000 -100.000000
vn 0.000000 0.000000 -100.000000
vn 0.000000 0.000000 -100.000000
vn 0.000000 0.000000 -100.000000
vn 0.000000 0.000000 -100.000000
vn 0.000000 0.000000 -100.000000
vn 0.000000 0.000000 -100.000000
vn 0.000000 0.000000 -100.000000
vn 0.000000 0.000000 -100.000000
vn 0.000000 0.000000 -100.000000
vn 0.000000 0.000000 -100.000000
vn 0.000000 0.000000 -100.000000
vn 0.000000 0.000000 -100.000000
vn 0.000000 0.000000 -100.000000
vn 0.000000 0.000000 -100.000000
vn 0.000000 0.000000 -100.000000
vn 0.000000 0.000000 -100.000000
vn 0.000000 0.000000 -100.000000
vn 0.000000 0.000000 -100.000000
vn 0.000000 0.000000 -100.000000
vn 0.000000 0.000000 -100.000000
vn 0.000000 0.000000 -100.000000
vn 0.000000 0.000000 -100.000000
vn 0.000000 0.000000 -100.000000
vn 0.000000 0.000000 -100.000000
vn 0.000000 0.000000 -100.000000
vn 0.000000 0.000000 -100.000000
vn 0.000000 0.000000 -100.000000
vn 0.000000 0.000000 -100.000000
vn 0.000000 0.000000 -100.000000
vn 0.000000 0.000000 -100.000000
vn 0.000000 0.000000 -100.000000
vn 0.000000 0.000000 -100.000000
vn 0.000000 0.000000 -100.000000
vn 0.000000 0.000000 -100.000000
vn 0.000000 0.000000 -100.000000
vn 0.000000 0.000000 -100.000000
vn 0.000000 0.000000 -100.000000
vn 0.000000 0.000000 -100.000000
vn 0.000000 0.000000 -100.000000
vn 0.000000 0.000000 -100.000000
vn 0.000000 0.000000 -100.000000
vn 0.000000 0.000000 -100.000000
vn 0.000000 0.000000 -100.000000
vn 0.000000 0.000000 -100.000000
vn 0.000000 0.000000 -100.000000
vn 0.000000 0.000000 -100.000000
vn 0.000000 0.000000 -100.000000
vn 0.000000 0.000000 -100.000000
vn 0.000000 0.000000 -100.000000
vn 0.000000 0.000000 -100.000000
vn 0.000000 0.000000 -100.000000
vn 0.000000 0.000000 -100.000000
vn -99.999998 0.017565 0.000000
vn -99.999998 0.017565 0.000000
vn -99.999998 0.017565 0.000000
vn -99.999998 0.017565 0.000000
vn 0.000000 0.000000 100.000000
vn 0.000000 0.000000 100.000000
vn 0.000000 0.000000 100.000000
vn 0.000000 0.000000 100.000000
vn 0.000000 0.000000 100.000000
vn 0.000000 0.000000 100.000000
vn 0.000000 0.000000 100.000000
vn 0.000000 0.000000 100.000000
vn 0.000000 0.000000 100.000000
vn 0.000000 0.000000 100.000000
vn 0.000000 0.000000 100.000000
vn 0.000000 0.000000 100.000000
vn 0.000000 0.000000 100.000000
vn 0.000000 0.000000 100.000000
vn 0.000000 0.000000 100.000000
vn 0.000000 0.000000 100.000000
vn 0.000000 0.000000 100.000000
vn 0.000000 0.000000 100.000000
vn 0.000000 0.000000 100.000000
vn 0.000000 0.000000 100.000000
vn 0.000000 0.000000 100.000000
vn 0.000000 0.000000 100.000000
vn 0.000000 0.000000 100.000000
vn 0.000000 0.000000 100.000000
vn 0.000000 0.000000 100.000000
vn 0.000000 0.000000 100.000000
vn 0.000000 0.000000 100.000000
vn 0.000000 0.000000 100.000000
vn 0.000000 0.000000 100.000000
vn 0.000000 0.000000 100.000000
vn 0.000000 0.000000 100.000000
vn 0.000000 0.000000 100.000000
vn 0.000000 0.000000 100.000000
vn 0.000000 0.000000 100.000000
vn 0.000000 0.000000 100.000000
vn 0.000000 0.000000 100.000000
vn 0.000000 0.000000 100.000000
vn 0.000000 0.000000 100.000000
vn 0.000000 0.000000 100.000000
vn 0.000000 0.000000 100.000000
vn 0.000000 0.000000 100.000000
vn 0.000000 0.000000 100.000000
vn 0.000000 0.000000 100.000000
vn 0.000000 0.000000 100.000000
vn 0.000000 0.000000 100.000000
vn 0.000000 0.000000 100.000000
vn 0.000000 0.000000 100.000000
vn 0.000000 0.000000 100.000000
vn 0.000000 0.000000 100.000000
vn 0.000000 0.000000 100.000000
vn 0.000000 0.000000 100.000000
vn 0.000000 0.000000 100.000000
vn 0.000000 0.000000 100.000000
vn 0.000000 0.000000 100.000000
vn 0.000000 0.000000 100.000000
vn 0.000000 0.000000 100.000000
vn 0.000000 0.000000 100.000000
vn 0.000000 0.000000 100.000000
vn 0.000000 0.000000 100.000000
vn 0.000000 0.000000 100.000000
vn 0.000000 0.000000 100.000000
vn 0.000000 0.000000 100.000000
vn 0.000000 0.000000 100.000000
vn 0.000000 0.000000 100.000000
vn 0.000000 0.000000 100.000000
vn 0.000000 0.000000 100.000000
vn 0.000000 0.000000 100.000000
vn 0.000000 0.000000 100.000000
vn 0.000000 0.000000 100.000000
vn 0.000000 0.000000 100.000000
vn 0.000000 0.000000 100.000000
vn 0.000000 0.000000 100.000000
vn 0.000000 0.000000 100.000000
vn 0.000000 0.000000 100.000000
vn 0.000000 0.000000 100.000000
vn 0.000000 0.000000 100.000000
vn 0.000000 0.000000 100.000000
vn 0.000000 0.000000 100.000000
vn 0.000000 0.000000 100.000000
vn 0.000000 0.000000 100.000000
vn 0.000000 0.000000 100.000000
vn 0.000000 0.000000 100.000000
vn 0.000000 0.000000 100.000000
vn 0.000000 0.000000 100.000000
vn 0.000000 0.000000 100.000000
vn 0.000000 0.000000 100.000000
vn 0.000000 0.000000 100.000000
vn 0.000000 0.000000 100.000000
vn 0.000000 0.000000 100.000000
vn 0.000000 0.000000 100.000000
vn 0.000000 0.000000 100.000000
vn 0.000000 0.000000 100.000000
vn 0.000000 0.000000 100.000000
vn 0.000000 0.000000 100.000000
vn 0.000000 0.000000 100.000000
vn 0.000000 0.000000 100.000000
vn 0.000000 0.000000 100.000000
vn 0.000000 0.000000 100.000000
vn 0.000000 0.000000 100.000000
vn 0.000000 0.000000 100.000000
vn 0.000000 0.000000 100.000000
vn 0.000000 0.000000 100.000000
vn 0.000000 0.000000 100.000000
vn 0.000000 0.000000 100.000000
vn 0.000000 0.000000 100.000000
vn 0.000000 0.000000 100.000000
vn 0.000000 0.000000 100.000000
vn 0.000000 0.000000 100.000000
vn 0.000000 0.000000 100.000000
vn 0.000000 0.000000 100.000000
vn 0.000000 0.000000 100.000000
vn 0.000000 0.000000 100.000000
vn 0.000000 0.000000 100.000000
vn 0.000000 0.000000 100.000000
vn 0.000000 0.000000 100.000000
vn 0.000000 0.000000 100.000000
vn -0.017565 -99.999998 0.000000
vn -0.017565 -99.999998 0.000000
vn -0.017565 -99.999998 0.000000
vn -0.017565 -99.999998 0.000000
vn 99.999998 -0.017565 0.000000
vn 99.999998 -0.017565 0.000000
vn 99.999998 -0.017565 0.000000
vn 99.999998 -0.017565 0.000000
vn 0.017565 99.999998 0.000000
vn 0.017565 99.999998 0.000000
vn 0.017565 99.999998 0.000000
vn 0.017565 99.999998 0.000000
vn 99.999998 -0.017565 0.000000
vn 99.999998 -0.017565 0.000000
vn 99.999998 -0.017565 0.000000
vn 99.999998 -0.017565 0.000000
vn 97.089977 -23.948621 0.000000
vn 97.089977 -23.948621 0.000000
vn 88.537438 -46.487870 0.000000
vn 88.537438 -46.487870 0.000000
vn 74.839426 -66.325412 0.000000
vn 74.839426 -66.325412 0.000000
vn 56.792018 -82.308363 0.000000
vn 56.792018 -82.308363 0.000000
vn 35.444065 -93.507851 0.000000
vn 35.444065 -93.507851 0.000000
vn 12.036231 -99.273003 0.000000
vn 12.036231 -99.273003 0.000000
vn -12.071105 -99.268769 0.000000
vn -12.071105 -99.268769 0.000000
vn -35.476912 -93.495394 0.000000
vn -35.476912 -93.495394 0.000000
vn -56.820929 -82.288407 0.000000
vn -56.820930 -82.288407 0.000000
vn -74.862721 -66.299117 0.000000
vn -74.862721 -66.299117 0.000000
vn -88.553764 -46.456764 0.000000
vn -88.553764 -46.456763 0.000000
vn -97.098384 -23.914512 0.000000
vn -97.098384 -23.914511 0.000000
vn -99.999998 0.017565 0.000000
vn -99.999998 0.017565 0.000000
vn -99.999998 0.017565 0.000000
vn -99.999998 0.017565 0.000000
vn -99.999998 0.017565 0.000000
vn -97.089977 23.948621 0.000000
vn -97.089977 23.948621 0.000000
vn -88.537438 46.487870 0.000000
vn -88.537438 46.487870 0.000000
vn -74.839426 66.325412 0.000000
vn -74.839426 66.325412 0.000000
vn -56.792018 82.308363 0.000000
vn -56.792018 82.308363 0.000000
vn -35.444065 93.507851 0.000000
vn -35.444065 93.507851 0.000000
vn -12.036231 99.273003 0.000000
vn -12.036231 99.273003 0.000000
vn 12.071105 99.268769 0.000000
vn 12.071105 99.268769 0.000000
vn 35.476912 93.495394 0.000000
vn 35.476912 93.495394 0.000000
vn 56.820929 82.288407 0.000000
vn 56.820930 82.288407 0.000000
vn 74.862721 66.299117 0.000000
vn 74.862721 66.299117 0.000000
vn 88.553764 46.456764 0.000000
vn 88.553764 46.456763 0.000000
vn 97.098384 23.914512 0.000000
vn 97.098384 23.914511 0.000000
vn 99.999998 -0.017565 0.000000
vn -99.999998 0.017565 0.000000
vn -99.999998 0.017565 0.000000
vn -97.089977 23.948621 0.000000
vn -97.089977 23.948621 0.000000
vn -88.537438 46.487870 0.000000
vn -88.537438 46.487870 0.000000
vn -74.839426 66.325412 0.000000
vn -74.839426 66.325412 0.000000
vn -56.792018 82.308363 0.000000
vn -56.792018 82.308363 0.000000
vn -35.444065 93.507851 0.000000
vn -35.444065 93.507851 0.000000
vn -12.036231 99.273003 0.000000
vn -12.036231 99.273003 0.000000
vn 12.071105 99.268769 0.000000
vn 12.071105 99.268769 0.000000
vn 35.476912 93.495394 0.000000
vn 35.476912 93.495394 0.000000
vn 56.820929 82.288407 0.000000
vn 56.820930 82.288407 0.000000
vn 74.862721 66.299117 0.000000
vn 74.862721 66.299117 0.000000
vn 88.553764 46.456764 0.000000
vn 88.553764 46.456763 0.000000
vn 97.098384 23.914512 0.000000
vn 97.098384 23.914511 0.000000
vn 99.999998 -0.017565 0.000000
vn 99.999998 -0.017565 0.000000
vn -99.999998 0.017565 0.000000
vn -99.999998 0.017565 0.000000
vn 99.999998 -0.017565 0.000000
vn 99.999998 -0.017565 0.000000
vn 97.089977 -23.948621 0.000000
vn 97.089977 -23.948621 0.000000
vn 88.537438 -46.487870 0.000000
vn 88.537438 -46.487870 0.000000
vn 74.839426 -66.325412 0.000000
vn 74.839426 -66.325412 0.000000
vn 56.792018 -82.308363 0.000000
vn 56.792018 -82.308363 0.000000
vn 35.444065 -93.507851 0.000000
vn 35.444065 -93.507851 0.000000
vn 12.036231 -99.273003 0.000000
vn 12.036231 -99.273003 0.000000
vn -12.071105 -99.268769 0.000000
vn -12.071105 -99.268769 0.000000
vn -35.476912 -93.495394 0.000000
vn -35.476912 -93.495394 0.000000
vn -56.820929 -82.288407 0.000000
vn -56.820930 -82.288407 0.000000
vn -74.862721 -66.299117 0.000000
vn -74.862721 -66.299117 0.000000
vn -88.553764 -46.456764 0.000000
vn -88.553764 -46.456763 0.000000
vn -97.098384 -23.914512 0.000000
vn -97.098384 -23.914511 0.000000
vn -99.999998 0.017565 0.000000
vn 99.999998 -0.017565 0.000000
vn 99.999998 -0.017565 0.000000
vn 97.089977 -23.948621 0.000000
vn 97.089977 -23.948621 0.000000
vn 88.537438 -46.487870 0.000000
vn 88.537438 -46.487870 0.000000
vn 74.839426 -66.325412 0.000000
vn 74.839426 -66.325412 0.000000
vn 56.792018 -82.308363 0.000000
vn 56.792018 -82.308363 0.000000
vn 35.444065 -93.507851 0.000000
vn 35.444065 -93.507851 0.000000
vn 12.036231 -99.273003 0.000000
vn 12.036231 -99.273003 0.000000
vn -12.071105 -99.268769 0.000000
vn -12.071105 -99.268769 0.000000
vn -35.476912 -93.495394 0.000000
vn -35.476912 -93.495394 0.000000
vn -56.820929 -82.288407 0.000000
vn -56.820930 -82.288407 0.000000
vn -74.862721 -66.299117 0.000000
vn -74.862721 -66.299117 0.000000
vn -88.553764 -46.456764 0.000000
vn -88.553764 -46.456763 0.000000
vn -97.098384 -23.914512 0.000000
vn -97.098384 -23.914511 0.000000
vn -99.999998 0.017565 0.000000
vn -99.999998 0.017565 0.000000
vn 99.999998 -0.017565 0.000000
vn 99.999998 -0.017565 0.000000
vn -99.999998 0.017565 0.000000
vn -99.999998 0.017565 0.000000
vn -97.089977 23.948621 0.000000
vn -97.089977 23.948621 0.000000
vn -88.537438 46.487870 0.000000
vn -88.537438 46.487870 0.000000
vn -74.839426 66.325412 0.000000
vn -74.839426 66.325412 0.000000
vn -56.792018 82.308363 0.000000
vn -56.792018 82.308363 0.000000
vn -35.444065 93.507851 0.000000
vn -35.444065 93.507851 0.000000
vn -12.036231 99.273003 0.000000
vn -12.036231 99.273003 0.000000
vn 12.071105 99.268769 0.000000
vn 12.071105 99.268769 0.000000
vn 35.476912 93.495394 0.000000
vn 35.476912 93.495394 0.000000
vn 56.820929 82.288407 0.000000
vn 56.820930 82.288407 0.000000
vn 74.862721 66.299117 0.000000
vn 74.862721 66.299117 0.000000
vn 88.553764 46.456764 0.000000
vn 88.553764 46.456763 0.000000
vn 97.098384 23.914512 0.000000
vn 97.098384 23.914511 0.000000
vn 99.999998 -0.017565 0.000000
vn -99.999998 0.017565 0.000000
vn -99.999998 0.017565 0.000000
vn -99.999998 0.017565 0.000000
vn -99.999998 0.017565 0.000000
vn -99.999998 0.017565 0.000000
vn -99.999998 0.017565 0.000000
vn -97.089977 23.948621 0.000000
vn -97.089977 23.948621 0.000000
vn -88.537438 46.487870 0.000000
vn -88.537438 46.487870 0.000000
vn -74.839426 66.325412 0.000000
vn -74.839426 66.325412 0.000000
vn -56.792018 82.308363 0.000000
vn -56.792018 82.308363 0.000000
vn -35.444065 93.507851 0.000000
vn -35.444065 93.507851 0.000000
vn -12.036231 99.273003 0.000000
vn -12.036231 99.273003 0.000000
vn 12.071105 99.268769 0.000000
vn 12.071105 99.268769 0.000000
vn 35.476912 93.495394 0.000000
vn 35.476912 93.495394 0.000000
vn 56.820929 82.288407 0.000000
vn 56.820930 82.288407 0.000000
vn 74.862721 66.299117 0.000000
vn 74.862721 66.299117 0.000000
vn 88.553764 46.456764 0.000000
vn 88.553764 46.456763 0.000000
vn 97.098384 23.914512 0.000000
vn 97.098384 23.914511 0.000000
vn 99.999998 -0.017565 0.000000
vn 99.999998 -0.017565 0.000000
vn 99.999998 -0.017565 0.000000
vn 99.999998 -0.017565 0.000000
vn 99.999998 -0.017565 0.000000
vn 97.089977 -23.948621 0.000000
vn 97.089977 -23.948621 0.000000
vn 88.537438 -46.487870 0.000000
vn 88.537438 -46.487870 0.000000
vn 74.839426 -66.325412 0.000000
vn 74.839426 -66.325412 0.000000
vn 56.792018 -82.308363 0.000000
vn 56.792018 -82.308363 0.000000
vn 35.444065 -93.507851 0.000000
vn 35.444065 -93.507851 0.000000
vn 12.036231 -99.273003 0.000000
vn 12.036231 -99.273003 0.000000
vn -12.071105 -99.268769 0.000000
vn -12.071105 -99.268769 0.000000
vn -35.476912 -93.495394 0.000000
vn -35.476912 -93.495394 0.000000
vn -56.820929 -82.288407 0.000000
vn -56.820930 -82.288407 0.000000
vn -74.862721 -66.299117 0.000000
vn -74.862721 -66.299117 0.000000
vn -88.553764 -46.456764 0.000000
vn -88.553764 -46.456763 0.000000
vn -97.098384 -23.914512 0.000000
vn -97.098384 -23.914511 0.000000
vn -99.999998 0.017565 0.000000
usemtl Aluminum_-_Cast
f 2/1/1 91/2/2 1/3/3
f 1/3/3 91/2/2 92/4/4
f 1/3/3 92/4/4 75/5/5
f 75/5/5 92/4/4 74/6/6
f 74/6/6 92/4/4 93/7/7
f 74/6/6 93/7/7 73/8/8
f 73/8/8 93/7/7 72/9/9
f 72/9/9 93/7/7 71/10/10
f 71/10/10 93/7/7 94/11/11
f 71/10/10 94/11/11 70/12/12
f 70/12/12 94/11/11 69/13/13
f 69/13/13 94/11/11 95/14/14
f 69/13/13 95/14/14 68/15/15
f 68/15/15 95/14/14 67/16/16
f 67/16/16 95/14/14 66/17/17
f 66/17/17 95/14/14 96/18/18
f 66/17/17 96/18/18 65/19/19
f 65/19/19 96/18/18 64/20/20
f 64/20/20 96/18/18 97/21/21
f 64/20/20 97/21/21 63/22/22
f 63/22/22 97/21/21 62/23/23
f 62/23/23 97/21/21 61/24/24
f 61/24/24 97/21/21 98/25/25
f 61/24/24 98/25/25 60/26/26
f 60/26/26 98/25/25 59/27/27
f 59/27/27 98/25/25 99/28/28
f 59/27/27 99/28/28 58/29/29
f 58/29/29 99/28/28 57/30/30
f 57/30/30 99/28/28 100/31/31
f 57/30/30 100/31/31 56/32/32
f 56/32/32 100/31/31 55/33/33
f 55/33/33 100/31/31 54/34/34
f 54/34/34 100/31/31 101/35/35
f 54/34/34 101/35/35 53/36/36
f 53/36/36 101/35/35 52/37/37
f 52/37/37 101/35/35 102/38/38
f 52/37/37 102/38/38 51/39/39
f 51/39/39 102/38/38 50/40/40
f 50/40/40 102/38/38 49/41/41
f 49/41/41 102/38/38 103/42/42
f 49/41/41 103/42/42 48/43/43
f 48/43/43 103/42/42 47/44/44
f 47/44/44 103/42/42 104/45/45
f 47/44/44 104/45/45 46/46/46
f 46/46/46 104/45/45 45/47/47
f 45/47/47 104/45/45 105/48/48
f 45/47/47 105/48/48 44/49/49
f 44/49/49 105/48/48 43/50/50
f 43/50/50 105/48/48 42/51/51
f 42/51/51 105/48/48 106/52/52
f 42/51/51 106/52/52 41/53/53
f 41/53/53 106/52/52 40/54/54
f 40/54/54 106/52/52 76/55/55
f 40/54/54 76/55/55 39/56/56
f 39/56/56 76/55/55 38/57/57
f 38/57/57 76/55/55 37/58/58
f 37/58/58 76/55/55 77/59/59
f 37/58/58 77/59/59 36/60/60
f 36/60/60 77/59/59 35/61/61
f 35/61/61 77/59/59 78/62/62
f 35/61/61 78/62/62 34/63/63
f 34/63/63 78/62/62 33/64/64
f 33/64/64 78/62/62 32/65/65
f 32/65/65 78/62/62 79/66/66
f 32/65/65 79/66/66 31/67/67
f 31/67/67 79/66/66 30/68/68
f 30/68/68 79/66/66 80/69/69
f 30/68/68 80/69/69 29/70/70
f 29/70/70 80/69/69 28/71/71
f 28/71/71 80/69/69 81/72/72
f 28/71/71 81/72/72 27/73/73
f 27/73/73 81/72/72 26/74/74
f 26/74/74 81/72/72 25/75/75
f 25/75/75 81/72/72 82/76/76
f 25/75/75 82/76/76 24/77/77
f 24/77/77 82/76/76 23/78/78
f 23/78/78 82/76/76 83/79/79
f 23/78/78 83/79/79 22/80/80
f 22/80/80 83/79/79 21/81/81
f 21/81/81 83/79/79 20/82/82
f 20/82/82 83/79/79 84/83/83
f 20/82/82 84/83/83 19/84/84
f 19/84/84 84/83/83 18/85/85
f 18/85/85 84/83/83 85/86/86
f 18/85/85 85/86/86 17/87/87
f 17/87/87 85/86/86 16/88/88
f 16/88/88 85/86/86 86/89/89
f 16/88/88 86/89/89 15/90/90
f 15/90/90 86/89/89 14/91/91
f 14/91/91 86/89/89 13/92/92
f 13/92/92 86/89/89 87/93/93
f 13/92/92 87/93/93 12/94/94
f 12/94/94 87/93/93 11/95/95
f 11/95/95 87/93/93 88/96/96
f 11/95/95 88/96/96 10/97/97
f 10/97/97 88/96/96 9/98/98
f 9/98/98 88/96/96 8/99/99
f 8/99/99 88/96/96 89/100/100
f 8/99/99 89/100/100 7/101/101
f 7/101/101 89/100/100 6/102/102
f 6/102/102 89/100/100 90/103/103
f 6/102/102 90/103/103 5/104/104
f 5/104/104 90/103/103 4/105/105
f 4/105/105 90/103/103 3/106/106
f 3/106/106 90/103/103 91/2/2
f 3/106/106 91/2/2 2/1/1
usemtl Rubber_-_Soft
f 75/107/107 222/108/108 1/109/3
f 1/109/3 222/108/108 245/110/109
f 1/109/3 245/110/109 2/111/110
f 2/111/110 245/110/109 1252/112/111
f 2/111/110 1252/112/111 3/113/112
f 3/113/112 1252/112/111 1240/114/113
f 3/113/112 1240/114/113 4/115/114
f 4/115/114 1240/114/113 1216/116/115
f 4/115/114 1216/116/115 5/117/116
f 5/117/116 1216/116/115 1239/118/117
f 5/117/116 1239/118/117 1204/119/118
f 1204/119/118 1239/118/117 1238/120/119
f 1204/119/118 1238/120/119 1205/121/120
f 1205/121/120 1238/120/119 1237/122/121
f 1205/121/120 1237/122/121 1206/123/122
f 1206/123/122 1237/122/121 1236/124/123
f 1206/123/122 1236/124/123 1207/125/124
f 1207/125/124 1236/124/123 1235/126/125
f 1207/125/124 1235/126/125 1208/127/126
f 1208/127/126 1235/126/125 1234/128/127
f 1208/127/126 1234/128/127 1209/129/128
f 1209/129/128 1234/128/127 1233/130/129
f 1209/129/128 1233/130/129 1210/131/130
f 1210/131/130 1233/130/129 1232/132/131
f 1210/131/130 1232/132/131 1211/133/132
f 1211/133/132 1232/132/131 1231/134/133
f 1211/133/132 1231/134/133 1212/135/134
f 1212/135/134 1231/134/133 1230/136/135
f 1212/135/134 1230/136/135 1213/137/136
f 1213/137/136 1230/136/135 1229/138/137
f 1213/137/136 1229/138/137 1214/139/138
f 1214/139/138 1229/138/137 1228/140/139
f 1214/139/138 1228/140/139 1215/141/140
f 1215/141/140 1228/140/139 179/142/141
f 1215/141/140 179/142/141 180/143/142
f 74/144/143 212/145/144 75/107/107
f 75/107/107 212/145/144 246/146/145
f 75/107/107 246/146/145 222/108/108
f 222/108/108 246/146/145 247/147/146
f 222/108/108 247/147/146 223/148/147
f 223/148/147 247/147/146 248/149/148
f 223/148/147 248/149/148 224/150/149
f 224/150/149 248/149/148 249/151/150
f 224/150/149 249/151/150 225/152/151
f 225/152/151 249/151/150 250/153/152
f 225/152/151 250/153/152 226/154/153
f 226/154/153 250/153/152 251/155/154
f 226/154/153 251/155/154 227/156/155
f 227/156/155 251/155/154 252/157/156
f 227/156/155 252/157/156 228/158/157
f 228/158/157 252/157/156 253/159/158
f 228/158/157 253/159/158 229/160/159
f 229/160/159 253/159/158 254/161/160
f 229/160/159 254/161/160 230/162/161
f 230/162/161 254/161/160 255/163/162
f 230/162/161 255/163/162 231/164/163
f 231/164/163 255/163/162 256/165/164
f 231/164/163 256/165/164 232/166/165
f 232/166/165 256/165/164 257/167/166
f 232/166/165 257/167/166 233/168/167
f 233/168/167 257/167/166 173/169/168
f 233/168/167 173/169/168 174/170/169
f 212/145/144 74/144/143 258/171/170
f 258/171/170 74/144/143 73/172/171
f 258/171/170 73/172/171 281/173/172
f 281/173/172 73/172/171 72/174/173
f 281/173/172 72/174/173 293/175/174
f 293/175/174 72/174/173 71/176/175
f 293/175/174 71/176/175 305/177/176
f 305/177/176 71/176/175 70/178/177
f 305/177/176 70/178/177 211/179/178
f 211/179/178 70/178/177 69/180/179
f 211/179/178 69/180/179 351/181/180
f 351/181/180 69/180/179 328/182/181
f 351/181/180 328/182/181 329/183/182
f 329/183/182 328/182/181 353/184/183
f 329/183/182 353/184/183 354/185/184
f 354/185/184 353/184/183 366/186/185
f 354/185/184 366/186/185 367/187/186
f 367/187/186 366/186/185 379/188/187
f 367/187/186 379/188/187 380/189/188
f 380/189/188 379/188/187 392/190/189
f 380/189/188 392/190/189 393/191/190
f 393/191/190 392/190/189 417/192/191
f 393/191/190 417/192/191 416/193/192
f 416/193/192 417/192/191 403/194/193
f 416/193/192 403/194/193 404/195/194
f 404/195/194 403/194/193 427/196/195
f 404/195/194 427/196/195 428/197/196
f 428/197/196 427/196/195 440/198/197
f 428/197/196 440/198/197 441/199/198
f 441/199/198 440/198/197 453/200/199
f 441/199/198 453/200/199 454/201/200
f 454/201/200 453/200/199 466/202/201
f 454/201/200 466/202/201 467/203/202
f 467/203/202 466/202/201 479/204/203
f 467/203/202 479/204/203 480/205/204
f 480/205/204 479/204/203 483/206/205
f 480/205/204 483/206/205 482/207/206
f 482/207/206 483/206/205 207/208/207
f 482/207/206 207/208/207 152/209/208
f 152/209/208 207/208/207 151/210/209
f 151/211/209 207/212/207 504/213/210
f 151/211/209 504/213/210 150/214/211
f 150/214/211 504/213/210 516/215/212
f 150/214/211 516/215/212 149/216/213
f 149/216/213 516/215/212 528/217/214
f 149/216/213 528/217/214 148/218/215
f 148/218/215 528/217/214 539/219/216
f 148/218/215 539/219/216 147/220/217
f 147/220/217 539/219/216 552/221/218
f 147/220/217 552/221/218 146/222/219
f 146/222/219 552/221/218 551/223/220
f 146/222/219 551/223/220 145/224/221
f 145/224/221 551/223/220 575/225/222
f 145/224/221 575/225/222 144/226/223
f 144/226/223 575/225/222 587/227/224
f 144/226/223 587/227/224 143/228/225
f 143/228/225 587/227/224 599/229/226
f 143/228/225 599/229/226 142/230/227
f 142/230/227 599/229/226 611/231/228
f 142/230/227 611/231/228 141/232/229
f 141/232/229 611/231/228 623/233/230
f 141/232/229 623/233/230 140/234/231
f 140/234/231 623/233/230 636/235/232
f 140/234/231 636/235/232 139/236/233
f 139/236/233 636/235/232 635/237/234
f 139/236/233 635/237/234 138/238/235
f 138/238/235 635/237/234 658/239/236
f 138/238/235 658/239/236 137/240/237
f 137/240/237 658/239/236 670/241/238
f 137/240/237 670/241/238 136/242/239
f 136/242/239 670/241/238 682/243/240
f 136/242/239 682/243/240 135/244/241
f 135/244/241 682/243/240 694/245/242
f 135/244/241 694/245/242 134/246/243
f 134/246/243 694/245/242 707/247/244
f 134/246/243 707/247/244 133/248/245
f 133/248/245 707/247/244 706/249/246
f 133/248/245 706/249/246 132/250/247
f 132/250/247 706/249/246 729/251/248
f 132/250/247 729/251/248 131/252/249
f 131/252/249 729/251/248 741/253/250
f 131/252/249 741/253/250 130/254/251
f 130/254/251 741/253/250 753/255/252
f 130/254/251 753/255/252 129/256/253
f 129/256/253 753/255/252 764/257/254
f 129/256/253 764/257/254 128/258/255
f 128/258/255 764/257/254 777/259/256
f 128/258/255 777/259/256 127/260/257
f 127/260/257 777/259/256 776/261/258
f 127/260/257 776/261/258 126/262/259
f 126/262/259 776/261/258 800/263/260
f 126/262/259 800/263/260 125/264/261
f 125/264/261 800/263/260 812/265/262
f 125/264/261 812/265/262 124/266/263
f 124/266/263 812/265/262 824/267/264
f 124/266/263 824/267/264 123/268/265
f 123/268/265 824/267/264 836/269/266
f 123/268/265 836/269/266 122/270/267
f 122/270/267 836/269/266 848/271/268
f 122/270/267 848/271/268 121/272/269
f 121/272/269 848/271/268 861/273/270
f 121/272/269 861/273/270 120/274/271
f 120/274/271 861/273/270 860/275/272
f 120/274/271 860/275/272 119/276/273
f 119/276/273 860/275/272 883/277/274
f 119/276/273 883/277/274 118/278/275
f 118/278/275 883/277/274 895/279/276
f 118/278/275 895/279/276 117/280/277
f 117/280/277 895/279/276 907/281/278
f 117/280/277 907/281/278 116/282/279
f 116/282/279 907/281/278 918/283/280
f 116/282/279 918/283/280 115/284/281
f 115/284/281 918/283/280 931/285/282
f 115/284/281 931/285/282 114/286/283
f 114/286/283 931/285/282 930/287/284
f 114/286/283 930/287/284 113/288/285
f 113/288/285 930/287/284 954/289/286
f 113/288/285 954/289/286 112/290/287
f 112/290/287 954/289/286 966/291/288
f 112/290/287 966/291/288 111/292/289
f 111/292/289 966/291/288 978/293/290
f 111/292/289 978/293/290 110/294/291
f 110/294/291 978/293/290 989/295/292
f 110/294/291 989/295/292 109/296/293
f 109/296/293 989/295/292 1002/297/294
f 109/296/293 1002/297/294 108/298/295
f 108/298/295 1002/297/294 1001/299/296
f 108/298/295 1001/299/296 107/300/297
f 107/300/297 1001/299/296 1025/301/298
f 107/300/297 1025/301/298 195/302/299
f 195/302/299 1025/301/298 1037/303/300
f 195/302/299 1037/303/300 194/304/301
f 194/304/301 1037/303/300 1049/305/302
f 194/304/301 1049/305/302 193/306/303
f 193/306/303 1049/305/302 1061/307/304
f 193/306/303 1061/307/304 192/308/305
f 192/308/305 1061/307/304 1073/309/306
f 192/308/305 1073/309/306 191/310/307
f 191/310/307 1073/309/306 1086/311/308
f 191/310/307 1086/311/308 190/312/309
f 190/312/309 1086/311/308 1085/313/310
f 190/312/309 1085/313/310 189/314/311
f 189/314/311 1085/313/310 1108/315/312
f 189/314/311 1108/315/312 188/316/313
f 188/316/313 1108/315/312 1120/317/314
f 188/316/313 1120/317/314 187/318/315
f 187/318/315 1120/317/314 1132/319/316
f 187/318/315 1132/319/316 186/320/317
f 186/320/317 1132/319/316 1143/321/318
f 186/320/317 1143/321/318 185/322/319
f 185/322/319 1143/321/318 1156/323/320
f 185/322/319 1156/323/320 184/324/321
f 184/324/321 1156/323/320 1155/325/322
f 184/324/321 1155/325/322 183/326/323
f 183/326/323 1155/325/322 1179/327/324
f 183/326/323 1179/327/324 182/328/325
f 182/328/325 1179/327/324 1191/329/326
f 182/328/325 1191/329/326 181/330/327
f 181/330/327 1191/329/326 1203/331/328
f 181/330/327 1203/331/328 180/143/142
f 180/143/142 1203/331/328 1215/141/140
f 69/180/179 68/332/329 328/182/181
f 328/182/181 68/332/329 352/333/330
f 328/182/181 352/333/330 353/184/183
f 353/184/183 352/333/330 365/334/331
f 353/184/183 365/334/331 366/186/185
f 366/186/185 365/334/331 378/335/332
f 366/186/185 378/335/332 379/188/187
f 379/188/187 378/335/332 391/336/333
f 379/188/187 391/336/333 392/190/189
f 392/190/189 391/336/333 418/337/334
f 392/190/189 418/337/334 417/192/191
f 417/192/191 418/337/334 402/338/335
f 417/192/191 402/338/335 403/194/193
f 403/194/193 402/338/335 426/339/336
f 403/194/193 426/339/336 427/196/195
f 427/196/195 426/339/336 439/340/337
f 427/196/195 439/340/337 440/198/197
f 440/198/197 439/340/337 452/341/338
f 440/198/197 452/341/338 453/200/199
f 453/200/199 452/341/338 465/342/339
f 453/200/199 465/342/339 466/202/201
f 466/202/201 465/342/339 478/343/340
f 466/202/201 478/343/340 479/204/203
f 479/204/203 478/343/340 484/344/341
f 479/204/203 484/344/341 483/206/205
f 483/206/205 484/344/341 206/345/342
f 483/206/205 206/345/342 207/208/207
f 207/212/207 206/346/342 504/213/210
f 68/332/329 67/347/343 352/333/330
f 352/333/330 67/347/343 364/348/344
f 352/333/330 364/348/344 365/334/331
f 365/334/331 364/348/344 377/349/345
f 365/334/331 377/349/345 378/335/332
f 378/335/332 377/349/345 390/350/346
f 378/335/332 390/350/346 391/336/333
f 391/336/333 390/350/346 419/351/347
f 391/336/333 419/351/347 418/337/334
f 418/337/334 419/351/347 401/352/348
f 418/337/334 401/352/348 402/338/335
f 402/338/335 401/352/348 425/353/349
f 402/338/335 425/353/349 426/339/336
f 426/339/336 425/353/349 438/354/350
f 426/339/336 438/354/350 439/340/337
f 439/340/337 438/354/350 451/355/351
f 439/340/337 451/355/351 452/341/338
f 452/341/338 451/355/351 464/356/352
f 452/341/338 464/356/352 465/342/339
f 465/342/339 464/356/352 477/357/353
f 465/342/339 477/357/353 478/343/340
f 478/343/340 477/357/353 485/358/354
f 478/343/340 485/358/354 484/344/341
f 484/344/341 485/358/354 205/359/355
f 484/344/341 205/359/355 206/345/342
f 206/346/342 205/360/355 503/361/356
f 206/346/342 503/361/356 504/213/210
f 504/213/210 503/361/356 516/215/212
f 67/347/343 66/362/357 364/348/344
f 364/348/344 66/362/357 376/363/358
f 364/348/344 376/363/358 377/349/345
f 377/349/345 376/363/358 389/364/359
f 377/349/345 389/364/359 390/350/346
f 390/350/346 389/364/359 420/365/360
f 390/350/346 420/365/360 419/351/347
f 419/351/347 420/365/360 400/366/361
f 419/351/347 400/366/361 401/352/348
f 401/352/348 400/366/361 424/367/362
f 401/352/348 424/367/362 425/353/349
f 425/353/349 424/367/362 437/368/363
f 425/353/349 437/368/363 438/354/350
f 438/354/350 437/368/363 450/369/364
f 438/354/350 450/369/364 451/355/351
f 451/355/351 450/369/364 463/370/365
f 451/355/351 463/370/365 464/356/352
f 464/356/352 463/370/365 476/371/366
f 464/356/352 476/371/366 477/357/353
f 477/357/353 476/371/366 486/372/367
f 477/357/353 486/372/367 485/358/354
f 485/358/354 486/372/367 204/373/368
f 485/358/354 204/373/368 205/359/355
f 205/360/355 204/374/368 502/375/369
f 205/360/355 502/375/369 503/361/356
f 503/361/356 502/375/369 515/376/370
f 503/361/356 515/376/370 516/215/212
f 516/215/212 515/376/370 528/217/214
f 66/362/357 65/377/371 376/363/358
f 376/363/358 65/377/371 388/378/372
f 376/363/358 388/378/372 389/364/359
f 389/364/359 388/378/372 421/379/373
f 389/364/359 421/379/373 420/365/360
f 420/365/360 421/379/373 209/380/374
f 420/365/360 209/380/374 400/366/361
f 400/366/361 209/380/374 423/381/375
f 400/366/361 423/381/375 424/367/362
f 424/367/362 423/381/375 436/382/376
f 424/367/362 436/382/376 437/368/363
f 437/368/363 436/382/376 449/383/377
f 437/368/363 449/383/377 450/369/364
f 450/369/364 449/383/377 462/384/378
f 450/369/364 462/384/378 463/370/365
f 463/370/365 462/384/378 475/385/379
f 463/370/365 475/385/379 476/371/366
f 476/371/366 475/385/379 487/386/380
f 476/371/366 487/386/380 486/372/367
f 486/372/367 487/386/380 203/387/381
f 486/372/367 203/387/381 204/373/368
f 204/374/368 203/388/381 501/389/382
f 204/374/368 501/389/382 502/375/369
f 502/375/369 501/389/382 514/390/383
f 502/375/369 514/390/383 515/376/370
f 515/376/370 514/390/383 527/391/384
f 515/376/370 527/391/384 528/217/214
f 528/217/214 527/391/384 539/219/216
f 65/377/371 64/392/385 388/378/372
f 388/378/372 64/392/385 421/379/373
f 421/379/373 64/392/385 209/380/374
f 209/380/374 64/392/385 63/393/386
f 209/380/374 63/393/386 422/394/387
f 422/394/387 63/393/386 62/395/388
f 422/394/387 62/395/388 434/396/389
f 434/396/389 62/395/388 61/397/390
f 434/396/389 61/397/390 446/398/391
f 446/398/391 61/397/390 60/399/392
f 446/398/391 60/399/392 458/400/393
f 458/400/393 60/399/392 59/401/394
f 458/400/393 59/401/394 470/402/395
f 470/402/395 59/401/394 208/403/396
f 470/402/395 208/403/396 492/404/397
f 492/404/397 208/403/396 197/405/398
f 492/404/397 197/405/398 198/406/399
f 198/407/399 197/408/398 495/409/400
f 198/407/399 495/409/400 496/410/401
f 496/410/401 495/409/400 508/411/402
f 496/410/401 508/411/402 509/412/403
f 509/412/403 508/411/402 521/413/404
f 509/412/403 521/413/404 522/414/405
f 522/414/405 521/413/404 533/415/406
f 522/414/405 533/415/406 534/416/407
f 534/416/407 533/415/406 557/417/408
f 534/416/407 557/417/408 556/418/409
f 556/418/409 557/417/408 547/419/410
f 556/418/409 547/419/410 548/420/411
f 548/420/411 547/419/410 572/421/412
f 548/420/411 572/421/412 573/422/413
f 573/422/413 572/421/412 585/423/414
f 573/422/413 585/423/414 586/424/415
f 586/424/415 585/423/414 598/425/416
f 586/424/415 598/425/416 599/229/226
f 599/229/226 598/425/416 611/231/228
f 59/401/394 58/426/417 208/403/396
f 208/403/396 58/426/417 196/427/418
f 208/403/396 196/427/418 197/405/398
f 197/408/398 196/428/418 494/429/419
f 197/408/398 494/429/419 495/409/400
f 495/409/400 494/429/419 507/430/420
f 495/409/400 507/430/420 508/411/402
f 508/411/402 507/430/420 520/431/421
f 508/411/402 520/431/421 521/413/404
f 521/413/404 520/431/421 532/432/422
f 521/413/404 532/432/422 533/415/406
f 533/415/406 532/432/422 558/433/423
f 533/415/406 558/433/423 557/417/408
f 557/417/408 558/433/423 546/434/424
f 557/417/408 546/434/424 547/419/410
f 547/419/410 546/434/424 571/435/425
f 547/419/410 571/435/425 572/421/412
f 572/421/412 571/435/425 584/436/426
f 572/421/412 584/436/426 585/423/414
f 585/423/414 584/436/426 597/437/427
f 585/423/414 597/437/427 598/425/416
f 598/425/416 597/437/427 610/438/428
f 598/425/416 610/438/428 611/231/228
f 611/231/228 610/438/428 623/233/230
f 58/439/417 57/440/429 196/428/418
f 196/428/418 57/440/429 493/441/430
f 196/428/418 493/441/430 494/429/419
f 494/429/419 493/441/430 506/442/431
f 494/429/419 506/442/431 507/430/420
f 507/430/420 506/442/431 519/443/432
f 507/430/420 519/443/432 520/431/421
f 520/431/421 519/443/432 531/444/433
f 520/431/421 531/444/433 532/432/422
f 532/432/422 531/444/433 559/445/434
f 532/432/422 559/445/434 558/433/423
f 558/433/423 559/445/434 545/446/435
f 558/433/423 545/446/435 546/434/424
f 546/434/424 545/446/435 570/447/436
f 546/434/424 570/447/436 571/435/425
f 571/435/425 570/447/436 583/448/437
f 571/435/425 583/448/437 584/436/426
f 584/436/426 583/448/437 596/449/438
f 584/436/426 596/449/438 597/437/427
f 597/437/427 596/449/438 609/450/439
f 597/437/427 609/450/439 610/438/428
f 610/438/428 609/450/439 622/451/440
f 610/438/428 622/451/440 623/233/230
f 623/233/230 622/451/440 636/235/232
f 57/440/429 56/452/441 493/441/430
f 493/441/430 56/452/441 505/453/442
f 493/441/430 505/453/442 506/442/431
f 506/442/431 505/453/442 518/454/443
f 506/442/431 518/454/443 519/443/432
f 519/443/432 518/454/443 530/455/444
f 519/443/432 530/455/444 531/444/433
f 531/444/433 530/455/444 560/456/445
f 531/444/433 560/456/445 559/445/434
f 559/445/434 560/456/445 544/457/446
f 559/445/434 544/457/446 545/446/435
f 545/446/435 544/457/446 569/458/447
f 545/446/435 569/458/447 570/447/436
f 570/447/436 569/458/447 582/459/448
f 570/447/436 582/459/448 583/448/437
f 583/448/437 582/459/448 595/460/449
f 583/448/437 595/460/449 596/449/438
f 596/449/438 595/460/449 608/461/450
f 596/449/438 608/461/450 609/450/439
f 609/450/439 608/461/450 621/462/451
f 609/450/439 621/462/451 622/451/440
f 622/451/440 621/462/451 637/463/452
f 622/451/440 637/463/452 636/235/232
f 636/235/232 637/463/452 635/237/234
f 56/452/441 55/464/453 505/453/442
f 505/453/442 55/464/453 517/465/454
f 505/453/442 517/465/454 518/454/443
f 518/454/443 517/465/454 529/466/455
f 518/454/443 529/466/455 530/455/444
f 530/455/444 529/466/455 561/467/456
f 530/455/444 561/467/456 560/456/445
f 560/456/445 561/467/456 543/468/457
f 560/456/445 543/468/457 544/457/446
f 544/457/446 543/468/457 568/469/458
f 544/457/446 568/469/458 569/458/447
f 569/458/447 568/469/458 581/470/459
f 569/458/447 581/470/459 582/459/448
f 582/459/448 581/470/459 594/471/460
f 582/459/448 594/471/460 595/460/449
f 595/460/449 594/471/460 607/472/461
f 595/460/449 607/472/461 608/461/450
f 608/461/450 607/472/461 620/473/462
f 608/461/450 620/473/462 621/462/451
f 621/462/451 620/473/462 638/474/463
f 621/462/451 638/474/463 637/463/452
f 637/463/452 638/474/463 634/475/464
f 637/463/452 634/475/464 635/237/234
f 635/237/234 634/475/464 658/239/236
f 55/464/453 54/476/465 517/465/454
f 517/465/454 54/476/465 221/477/466
f 517/465/454 221/477/466 529/466/455
f 529/466/455 221/477/466 562/478/467
f 529/466/455 562/478/467 561/467/456
f 561/467/456 562/478/467 542/479/468
f 561/467/456 542/479/468 543/468/457
f 543/468/457 542/479/468 567/480/469
f 543/468/457 567/480/469 568/469/458
f 568/469/458 567/480/469 580/481/470
f 568/469/458 580/481/470 581/470/459
f 581/470/459 580/481/470 593/482/471
f 581/470/459 593/482/471 594/471/460
f 594/471/460 593/482/471 606/483/472
f 594/471/460 606/483/472 607/472/461
f 607/472/461 606/483/472 619/484/473
f 607/472/461 619/484/473 620/473/462
f 620/473/462 619/484/473 639/485/474
f 620/473/462 639/485/474 638/474/463
f 638/474/463 639/485/474 633/486/475
f 638/474/463 633/486/475 634/475/464
f 634/475/464 633/486/475 657/487/476
f 634/475/464 657/487/476 658/239/236
f 658/239/236 657/487/476 670/241/238
f 54/476/465 53/488/477 221/477/466
f 221/477/466 53/488/477 563/489/478
f 221/477/466 563/489/478 562/478/467
f 562/478/467 563/489/478 541/490/479
f 562/478/467 541/490/479 542/479/468
f 542/479/468 541/490/479 566/491/480
f 542/479/468 566/491/480 567/480/469
f 567/480/469 566/491/480 579/492/481
f 567/480/469 579/492/481 580/481/470
f 580/481/470 579/492/481 592/493/482
f 580/481/470 592/493/482 593/482/471
f 593/482/471 592/493/482 605/494/483
f 593/482/471 605/494/483 606/483/472
f 606/483/472 605/494/483 618/495/484
f 606/483/472 618/495/484 619/484/473
f 619/484/473 618/495/484 640/496/485
f 619/484/473 640/496/485 639/485/474
f 639/485/474 640/496/485 632/497/486
f 639/485/474 632/497/486 633/486/475
f 633/486/475 632/497/486 656/498/487
f 633/486/475 656/498/487 657/487/476
f 657/487/476 656/498/487 669/499/488
f 657/487/476 669/499/488 670/241/238
f 670/241/238 669/499/488 682/243/240
f 563/489/478 53/488/477 540/500/489
f 540/500/489 53/488/477 52/501/490
f 540/500/489 52/501/490 564/502/491
f 564/502/491 52/501/490 51/503/492
f 564/502/491 51/503/492 576/504/493
f 576/504/493 51/503/492 50/505/494
f 576/504/493 50/505/494 588/506/495
f 588/506/495 50/505/494 49/507/496
f 588/506/495 49/507/496 600/508/497
f 600/508/497 49/507/496 48/509/498
f 600/508/497 48/509/498 612/510/499
f 612/510/499 48/509/498 220/511/500
f 612/510/499 220/511/500 646/512/501
f 646/512/501 220/511/500 625/513/502
f 646/512/501 625/513/502 626/514/503
f 626/514/503 625/513/502 649/515/504
f 626/514/503 649/515/504 650/516/505
f 650/516/505 649/515/504 662/517/506
f 650/516/505 662/517/506 663/518/507
f 663/518/507 662/517/506 675/519/508
f 663/518/507 675/519/508 676/520/509
f 676/520/509 675/519/508 688/521/510
f 676/520/509 688/521/510 689/522/511
f 689/522/511 688/521/510 712/523/512
f 689/522/511 712/523/512 711/524/513
f 711/524/513 712/523/512 702/525/514
f 711/524/513 702/525/514 703/526/515
f 703/526/515 702/525/514 726/527/516
f 703/526/515 726/527/516 727/528/517
f 727/528/517 726/527/516 739/529/518
f 727/528/517 739/529/518 740/530/519
f 740/530/519 739/529/518 752/531/520
f 740/530/519 752/531/520 753/255/252
f 753/255/252 752/531/520 764/257/254
f 48/509/498 47/532/521 220/511/500
f 220/511/500 47/532/521 624/533/522
f 220/511/500 624/533/522 625/513/502
f 625/513/502 624/533/522 648/534/523
f 625/513/502 648/534/523 649/515/504
f 649/515/504 648/534/523 661/535/524
f 649/515/504 661/535/524 662/517/506
f 662/517/506 661/535/524 674/536/525
f 662/517/506 674/536/525 675/519/508
f 675/519/508 674/536/525 687/537/526
f 675/519/508 687/537/526 688/521/510
f 688/521/510 687/537/526 713/538/527
f 688/521/510 713/538/527 712/523/512
f 712/523/512 713/538/527 701/539/528
f 712/523/512 701/539/528 702/525/514
f 702/525/514 701/539/528 725/540/529
f 702/525/514 725/540/529 726/527/516
f 726/527/516 725/540/529 738/541/530
f 726/527/516 738/541/530 739/529/518
f 739/529/518 738/541/530 751/542/531
f 739/529/518 751/542/531 752/531/520
f 752/531/520 751/542/531 763/543/532
f 752/531/520 763/543/532 764/257/254
f 764/257/254 763/543/532 777/259/256
f 47/532/521 46/544/533 624/533/522
f 624/533/522 46/544/533 647/545/534
f 624/533/522 647/545/534 648/534/523
f 648/534/523 647/545/534 660/546/535
f 648/534/523 660/546/535 661/535/524
f 661/535/524 660/546/535 673/547/536
f 661/535/524 673/547/536 674/536/525
f 674/536/525 673/547/536 686/548/537
f 674/536/525 686/548/537 687/537/526
f 687/537/526 686/548/537 714/549/538
f 687/537/526 714/549/538 713/538/527
f 713/538/527 714/549/538 700/550/539
f 713/538/527 700/550/539 701/539/528
f 701/539/528 700/550/539 724/551/540
f 701/539/528 724/551/540 725/540/529
f 725/540/529 724/551/540 737/552/541
f 725/540/529 737/552/541 738/541/530
f 738/541/530 737/552/541 750/553/542
f 738/541/530 750/553/542 751/542/531
f 751/542/531 750/553/542 762/554/543
f 751/542/531 762/554/543 763/543/532
f 763/543/532 762/554/543 778/555/544
f 763/543/532 778/555/544 777/259/256
f 777/259/256 778/555/544 776/261/258
f 46/544/533 45/556/545 647/545/534
f 647/545/534 45/556/545 659/557/546
f 647/545/534 659/557/546 660/546/535
f 660/546/535 659/557/546 672/558/547
f 660/546/535 672/558/547 673/547/536
f 673/547/536 672/558/547 685/559/548
f 673/547/536 685/559/548 686/548/537
f 686/548/537 685/559/548 715/560/549
f 686/548/537 715/560/549 714/549/538
f 714/549/538 715/560/549 699/561/550
f 714/549/538 699/561/550 700/550/539
f 700/550/539 699/561/550 723/562/551
f 700/550/539 723/562/551 724/551/540
f 724/551/540 723/562/551 736/563/552
f 724/551/540 736/563/552 737/552/541
f 737/552/541 736/563/552 749/564/553
f 737/552/541 749/564/553 750/553/542
f 750/553/542 749/564/553 761/565/554
f 750/553/542 761/565/554 762/554/543
f 762/554/543 761/565/554 779/566/555
f 762/554/543 779/566/555 778/555/544
f 778/555/544 779/566/555 775/567/556
f 778/555/544 775/567/556 776/261/258
f 776/261/258 775/567/556 800/263/260
f 45/556/545 44/568/557 659/557/546
f 659/557/546 44/568/557 671/569/558
f 659/557/546 671/569/558 672/558/547
f 672/558/547 671/569/558 684/570/559
f 672/558/547 684/570/559 685/559/548
f 685/559/548 684/570/559 716/571/560
f 685/559/548 716/571/560 715/560/549
f 715/560/549 716/571/560 698/572/561
f 715/560/549 698/572/561 699/561/550
f 699/561/550 698/572/561 722/573/562
f 699/561/550 722/573/562 723/562/551
f 723/562/551 722/573/562 735/574/563
f 723/562/551 735/574/563 736/563/552
f 736/563/552 735/574/563 748/575/564
f 736/563/552 748/575/564 749/564/553
f 749/564/553 748/575/564 760/576/565
f 749/564/553 760/576/565 761/565/554
f 761/565/554 760/576/565 780/577/566
f 761/565/554 780/577/566 779/566/555
f 779/566/555 780/577/566 774/578/567
f 779/566/555 774/578/567 775/567/556
f 775/567/556 774/578/567 799/579/568
f 775/567/556 799/579/568 800/263/260
f 800/263/260 799/579/568 812/265/262
f 44/568/557 43/580/569 671/569/558
f 671/569/558 43/580/569 683/581/570
f 671/569/558 683/581/570 684/570/559
f 684/570/559 683/581/570 717/582/571
f 684/570/559 717/582/571 716/571/560
f 716/571/560 717/582/571 697/583/572
f 716/571/560 697/583/572 698/572/561
f 698/572/561 697/583/572 721/584/573
f 698/572/561 721/584/573 722/573/562
f 722/573/562 721/584/573 734/585/574
f 722/573/562 734/585/574 735/574/563
f 735/574/563 734/585/574 747/586/575
f 735/574/563 747/586/575 748/575/564
f 748/575/564 747/586/575 759/587/576
f 748/575/564 759/587/576 760/576/565
f 760/576/565 759/587/576 781/588/577
f 760/576/565 781/588/577 780/577/566
f 780/577/566 781/588/577 773/589/578
f 780/577/566 773/589/578 774/578/567
f 774/578/567 773/589/578 798/590/579
f 774/578/567 798/590/579 799/579/568
f 799/579/568 798/590/579 811/591/580
f 799/579/568 811/591/580 812/265/262
f 812/265/262 811/591/580 824/267/264
f 683/581/570 43/580/569 219/592/581
f 219/592/581 43/580/569 42/593/582
f 219/592/581 42/593/582 695/594/583
f 695/594/583 42/593/582 41/595/584
f 695/594/583 41/595/584 718/596/585
f 718/596/585 41/595/584 40/597/586
f 718/596/585 40/597/586 730/598/587
f 730/598/587 40/597/586 39/599/588
f 730/598/587 39/599/588 742/600/589
f 742/600/589 39/599/588 38/601/590
f 742/600/589 38/601/590 218/602/591
f 218/602/591 38/601/590 37/603/592
f 218/602/591 37/603/592 788/604/593
f 788/604/593 37/603/592 765/605/594
f 788/604/593 765/605/594 766/606/595
f 766/606/595 765/605/594 790/607/596
f 766/606/595 790/607/596 791/608/597
f 791/608/597 790/607/596 803/609/598
f 791/608/597 803/609/598 804/610/599
f 804/610/599 803/609/598 816/611/600
f 804/610/599 816/611/600 817/612/601
f 817/612/601 816/611/600 829/613/602
f 817/612/601 829/613/602 830/614/603
f 830/614/603 829/613/602 842/615/604
f 830/614/603 842/615/604 843/616/605
f 843/616/605 842/615/604 866/617/606
f 843/616/605 866/617/606 865/618/607
f 865/618/607 866/617/606 856/619/608
f 865/618/607 856/619/608 857/620/609
f 857/620/609 856/619/608 880/621/610
f 857/620/609 880/621/610 881/622/611
f 881/622/611 880/621/610 893/623/612
f 881/622/611 893/623/612 894/624/613
f 894/624/613 893/623/612 906/625/614
f 894/624/613 906/625/614 907/281/278
f 907/281/278 906/625/614 918/283/280
f 37/603/592 36/626/615 765/605/594
f 765/605/594 36/626/615 789/627/616
f 765/605/594 789/627/616 790/607/596
f 790/607/596 789/627/616 802/628/617
f 790/607/596 802/628/617 803/609/598
f 803/609/598 802/628/617 815/629/618
f 803/609/598 815/629/618 816/611/600
f 816/611/600 815/629/618 828/630/619
f 816/611/600 828/630/619 829/613/602
f 829/613/602 828/630/619 841/631/620
f 829/613/602 841/631/620 842/615/604
f 842/615/604 841/631/620 867/632/621
f 842/615/604 867/632/621 866/617/606
f 866/617/606 867/632/621 855/633/622
f 866/617/606 855/633/622 856/619/608
f 856/619/608 855/633/622 879/634/623
f 856/619/608 879/634/623 880/621/610
f 880/621/610 879/634/623 892/635/624
f 880/621/610 892/635/624 893/623/612
f 893/623/612 892/635/624 905/636/625
f 893/623/612 905/636/625 906/625/614
f 906/625/614 905/636/625 917/637/626
f 906/625/614 917/637/626 918/283/280
f 918/283/280 917/637/626 931/285/282
f 36/626/615 35/638/627 789/627/616
f 789/627/616 35/638/627 801/639/628
f 789/627/616 801/639/628 802/628/617
f 802/628/617 801/639/628 814/640/629
f 802/628/617 814/640/629 815/629/618
f 815/629/618 814/640/629 827/641/630
f 815/629/618 827/641/630 828/630/619
f 828/630/619 827/641/630 840/642/631
f 828/630/619 840/642/631 841/631/620
f 841/631/620 840/642/631 868/643/632
f 841/631/620 868/643/632 867/632/621
f 867/632/621 868/643/632 854/644/633
f 867/632/621 854/644/633 855/633/622
f 855/633/622 854/644/633 878/645/634
f 855/633/622 878/645/634 879/634/623
f 879/634/623 878/645/634 891/646/635
f 879/634/623 891/646/635 892/635/624
f 892/635/624 891/646/635 904/647/636
f 892/635/624 904/647/636 905/636/625
f 905/636/625 904/647/636 916/648/637
f 905/636/625 916/648/637 917/637/626
f 917/637/626 916/648/637 932/649/638
f 917/637/626 932/649/638 931/285/282
f 931/285/282 932/649/638 930/287/284
f 35/638/627 34/650/639 801/639/628
f 801/639/628 34/650/639 813/651/640
f 801/639/628 813/651/640 814/640/629
f 814/640/629 813/651/640 826/652/641
f 814/640/629 826/652/641 827/641/630
f 827/641/630 826/652/641 839/653/642
f 827/641/630 839/653/642 840/642/631
f 840/642/631 839/653/642 869/654/643
f 840/642/631 869/654/643 868/643/632
f 868/643/632 869/654/643 853/655/644
f 868/643/632 853/655/644 854/644/633
f 854/644/633 853/655/644 877/656/645
f 854/644/633 877/656/645 878/645/634
f 878/645/634 877/656/645 890/657/646
f 878/645/634 890/657/646 891/646/635
f 891/646/635 890/657/646 903/658/647
f 891/646/635 903/658/647 904/647/636
f 904/647/636 903/658/647 915/659/648
f 904/647/636 915/659/648 916/648/637
f 916/648/637 915/659/648 933/660/649
f 916/648/637 933/660/649 932/649/638
f 932/649/638 933/660/649 929/661/650
f 932/649/638 929/661/650 930/287/284
f 930/287/284 929/661/650 954/289/286
f 34/650/639 33/662/651 813/651/640
f 813/651/640 33/662/651 825/663/652
f 813/651/640 825/663/652 826/652/641
f 826/652/641 825/663/652 838/664/653
f 826/652/641 838/664/653 839/653/642
f 839/653/642 838/664/653 870/665/654
f 839/653/642 870/665/654 869/654/643
f 869/654/643 870/665/654 852/666/655
f 869/654/643 852/666/655 853/655/644
f 853/655/644 852/666/655 876/667/656
f 853/655/644 876/667/656 877/656/645
f 877/656/645 876/667/656 889/668/657
f 877/656/645 889/668/657 890/657/646
f 890/657/646 889/668/657 902/669/658
f 890/657/646 902/669/658 903/658/647
f 903/658/647 902/669/658 914/670/659
f 903/658/647 914/670/659 915/659/648
f 915/659/648 914/670/659 934/671/660
f 915/659/648 934/671/660 933/660/649
f 933/660/649 934/671/660 928/672/661
f 933/660/649 928/672/661 929/661/650
f 929/661/650 928/672/661 953/673/662
f 929/661/650 953/673/662 954/289/286
f 954/289/286 953/673/662 966/291/288
f 33/662/651 32/674/663 825/663/652
f 825/663/652 32/674/663 837/675/664
f 825/663/652 837/675/664 838/664/653
f 838/664/653 837/675/664 871/676/665
f 838/664/653 871/676/665 870/665/654
f 870/665/654 871/676/665 851/677/666
f 870/665/654 851/677/666 852/666/655
f 852/666/655 851/677/666 875/678/667
f 852/666/655 875/678/667 876/667/656
f 876/667/656 875/678/667 888/679/668
f 876/667/656 888/679/668 889/668/657
f 889/668/657 888/679/668 901/680/669
f 889/668/657 901/680/669 902/669/658
f 902/669/658 901/680/669 913/681/670
f 902/669/658 913/681/670 914/670/659
f 914/670/659 913/681/670 935/682/671
f 914/670/659 935/682/671 934/671/660
f 934/671/660 935/682/671 927/683/672
f 934/671/660 927/683/672 928/672/661
f 928/672/661 927/683/672 952/684/673
f 928/672/661 952/684/673 953/673/662
f 953/673/662 952/684/673 965/685/674
f 953/673/662 965/685/674 966/291/288
f 966/291/288 965/685/674 978/293/290
f 837/675/664 32/674/663 217/686/675
f 217/686/675 32/674/663 31/687/676
f 217/686/675 31/687/676 849/688/677
f 849/688/677 31/687/676 30/689/678
f 849/688/677 30/689/678 872/690/679
f 872/690/679 30/689/678 29/691/680
f 872/690/679 29/691/680 884/692/681
f 884/692/681 29/691/680 28/693/682
f 884/692/681 28/693/682 896/694/683
f 896/694/683 28/693/682 27/695/684
f 896/694/683 27/695/684 216/696/685
f 216/696/685 27/695/684 26/697/686
f 216/696/685 26/697/686 942/698/687
f 942/698/687 26/697/686 919/699/688
f 942/698/687 919/699/688 920/700/689
f 920/700/689 919/699/688 944/701/690
f 920/700/689 944/701/690 945/702/691
f 945/702/691 944/701/690 957/703/692
f 945/702/691 957/703/692 958/704/693
f 958/704/693 957/703/692 970/705/694
f 958/704/693 970/705/694 971/706/695
f 971/706/695 970/705/694 982/707/696
f 971/706/695 982/707/696 983/708/697
f 983/708/697 982/707/696 1008/709/698
f 983/708/697 1008/709/698 1007/710/699
f 1007/710/699 1008/709/698 996/711/700
f 1007/710/699 996/711/700 997/712/701
f 997/712/701 996/711/700 1021/713/702
f 997/712/701 1021/713/702 1022/714/703
f 1022/714/703 1021/713/702 1034/715/704
f 1022/714/703 1034/715/704 1035/716/705
f 1035/716/705 1034/715/704 1047/717/706
f 1035/716/705 1047/717/706 1048/718/707
f 1048/718/707 1047/717/706 1060/719/708
f 1048/718/707 1060/719/708 1061/307/304
f 1061/307/304 1060/719/708 1073/309/306
f 26/697/686 25/720/709 919/699/688
f 919/699/688 25/720/709 943/721/710
f 919/699/688 943/721/710 944/701/690
f 944/701/690 943/721/710 956/722/711
f 944/701/690 956/722/711 957/703/692
f 957/703/692 956/722/711 969/723/712
f 957/703/692 969/723/712 970/705/694
f 970/705/694 969/723/712 981/724/713
f 970/705/694 981/724/713 982/707/696
f 982/707/696 981/724/713 1009/725/714
f 982/707/696 1009/725/714 1008/709/698
f 1008/709/698 1009/725/714 995/726/715
f 1008/709/698 995/726/715 996/711/700
f 996/711/700 995/726/715 1020/727/716
f 996/711/700 1020/727/716 1021/713/702
f 1021/713/702 1020/727/716 1033/728/717
f 1021/713/702 1033/728/717 1034/715/704
f 1034/715/704 1033/728/717 1046/729/718
f 1034/715/704 1046/729/718 1047/717/706
f 1047/717/706 1046/729/718 1059/730/719
f 1047/717/706 1059/730/719 1060/719/708
f 1060/719/708 1059/730/719 1072/731/720
f 1060/719/708 1072/731/720 1073/309/306
f 1073/309/306 1072/731/720 1086/311/308
f 25/720/709 24/732/721 943/721/710
f 943/721/710 24/732/721 955/733/722
f 943/721/710 955/733/722 956/722/711
f 956/722/711 955/733/722 968/734/723
f 956/722/711 968/734/723 969/723/712
f 969/723/712 968/734/723 980/735/724
f 969/723/712 980/735/724 981/724/713
f 981/724/713 980/735/724 1010/736/725
f 981/724/713 1010/736/725 1009/725/714
f 1009/725/714 1010/736/725 994/737/726
f 1009/725/714 994/737/726 995/726/715
f 995/726/715 994/737/726 1019/738/727
f 995/726/715 1019/738/727 1020/727/716
f 1020/727/716 1019/738/727 1032/739/728
f 1020/727/716 1032/739/728 1033/728/717
f 1033/728/717 1032/739/728 1045/740/729
f 1033/728/717 1045/740/729 1046/729/718
f 1046/729/718 1045/740/729 1058/741/730
f 1046/729/718 1058/741/730 1059/730/719
f 1059/730/719 1058/741/730 1071/742/731
f 1059/730/719 1071/742/731 1072/731/720
f 1072/731/720 1071/742/731 1087/743/732
f 1072/731/720 1087/743/732 1086/311/308
f 1086/311/308 1087/743/732 1085/313/310
f 24/732/721 23/744/733 955/733/722
f 955/733/722 23/744/733 967/745/734
f 955/733/722 967/745/734 968/734/723
f 968/734/723 967/745/734 979/746/735
f 968/734/723 979/746/735 980/735/724
f 980/735/724 979/746/735 1011/747/736
f 980/735/724 1011/747/736 1010/736/725
f 1010/736/725 1011/747/736 993/748/737
f 1010/736/725 993/748/737 994/737/726
f 994/737/726 993/748/737 1018/749/738
f 994/737/726 1018/749/738 1019/738/727
f 1019/738/727 1018/749/738 1031/750/739
f 1019/738/727 1031/750/739 1032/739/728
f 1032/739/728 1031/750/739 1044/751/740
f 1032/739/728 1044/751/740 1045/740/729
f 1045/740/729 1044/751/740 1057/752/741
f 1045/740/729 1057/752/741 1058/741/730
f 1058/741/730 1057/752/741 1070/753/742
f 1058/741/730 1070/753/742 1071/742/731
f 1071/742/731 1070/753/742 1088/754/743
f 1071/742/731 1088/754/743 1087/743/732
f 1087/743/732 1088/754/743 1084/755/744
f 1087/743/732 1084/755/744 1085/313/310
f 1085/313/310 1084/755/744 1108/315/312
f 23/744/733 22/756/745 967/745/734
f 967/745/734 22/756/745 215/757/746
f 967/745/734 215/757/746 979/746/735
f 979/746/735 215/757/746 1012/758/747
f 979/746/735 1012/758/747 1011/747/736
f 1011/747/736 1012/758/747 992/759/748
f 1011/747/736 992/759/748 993/748/737
f 993/748/737 992/759/748 1017/760/749
f 993/748/737 1017/760/749 1018/749/738
f 1018/749/738 1017/760/749 1030/761/750
f 1018/749/738 1030/761/750 1031/750/739
f 1031/750/739 1030/761/750 1043/762/751
f 1031/750/739 1043/762/751 1044/751/740
f 1044/751/740 1043/762/751 1056/763/752
f 1044/751/740 1056/763/752 1057/752/741
f 1057/752/741 1056/763/752 1069/764/753
f 1057/752/741 1069/764/753 1070/753/742
f 1070/753/742 1069/764/753 1089/765/754
f 1070/753/742 1089/765/754 1088/754/743
f 1088/754/743 1089/765/754 1083/766/755
f 1088/754/743 1083/766/755 1084/755/744
f 1084/755/744 1083/766/755 1107/767/756
f 1084/755/744 1107/767/756 1108/315/312
f 1108/315/312 1107/767/756 1120/317/314
f 22/756/745 21/768/757 215/757/746
f 215/757/746 21/768/757 1013/769/758
f 215/757/746 1013/769/758 1012/758/747
f 1012/758/747 1013/769/758 991/770/759
f 1012/758/747 991/770/759 992/759/748
f 992/759/748 991/770/759 1016/771/760
f 992/759/748 1016/771/760 1017/760/749
f 1017/760/749 1016/771/760 1029/772/761
f 1017/760/749 1029/772/761 1030/761/750
f 1030/761/750 1029/772/761 1042/773/762
f 1030/761/750 1042/773/762 1043/762/751
f 1043/762/751 1042/773/762 1055/774/763
f 1043/762/751 1055/774/763 1056/763/752
f 1056/763/752 1055/774/763 1068/775/764
f 1056/763/752 1068/775/764 1069/764/753
f 1069/764/753 1068/775/764 1090/776/765
f 1069/764/753 1090/776/765 1089/765/754
f 1089/765/754 1090/776/765 1082/777/766
f 1089/765/754 1082/777/766 1083/766/755
f 1083/766/755 1082/777/766 1106/778/767
f 1083/766/755 1106/778/767 1107/767/756
f 1107/767/756 1106/778/767 1119/779/768
f 1107/767/756 1119/779/768 1120/317/314
f 1120/317/314 1119/779/768 1132/319/316
f 1013/769/758 21/768/757 990/780/769
f 990/780/769 21/768/757 20/781/770
f 990/780/769 20/781/770 1014/782/771
f 1014/782/771 20/781/770 19/783/772
f 1014/782/771 19/783/772 1026/784/773
f 1026/784/773 19/783/772 18/785/774
f 1026/784/773 18/785/774 1038/786/775
f 1038/786/775 18/785/774 17/787/776
f 1038/786/775 17/787/776 1050/788/777
f 1050/788/777 17/787/776 16/789/778
f 1050/788/777 16/789/778 1062/790/779
f 1062/790/779 16/789/778 214/791/780
f 1062/790/779 214/791/780 1096/792/781
f 1096/792/781 214/791/780 1075/793/782
f 1096/792/781 1075/793/782 1076/794/783
f 1076/794/783 1075/793/782 1099/795/784
f 1076/794/783 1099/795/784 1100/796/785
f 1100/796/785 1099/795/784 1112/797/786
f 1100/796/785 1112/797/786 1113/798/787
f 1113/798/787 1112/797/786 1125/799/788
f 1113/798/787 1125/799/788 1126/800/789
f 1126/800/789 1125/799/788 1137/801/790
f 1126/800/789 1137/801/790 1138/802/791
f 1138/802/791 1137/801/790 1161/803/792
f 1138/802/791 1161/803/792 1160/804/793
f 1160/804/793 1161/803/792 1151/805/794
f 1160/804/793 1151/805/794 1152/806/795
f 1152/806/795 1151/805/794 1176/807/796
f 1152/806/795 1176/807/796 1177/808/797
f 1177/808/797 1176/807/796 1189/809/798
f 1177/808/797 1189/809/798 1190/810/799
f 1190/810/799 1189/809/798 1202/811/800
f 1190/810/799 1202/811/800 1203/331/328
f 1203/331/328 1202/811/800 1215/141/140
f 16/789/778 15/812/801 214/791/780
f 214/791/780 15/812/801 1074/813/802
f 214/791/780 1074/813/802 1075/793/782
f 1075/793/782 1074/813/802 1098/814/803
f 1075/793/782 1098/814/803 1099/795/784
f 1099/795/784 1098/814/803 1111/815/804
f 1099/795/784 1111/815/804 1112/797/786
f 1112/797/786 1111/815/804 1124/816/805
f 1112/797/786 1124/816/805 1125/799/788
f 1125/799/788 1124/816/805 1136/817/806
f 1125/799/788 1136/817/806 1137/801/790
f 1137/801/790 1136/817/806 1162/818/807
f 1137/801/790 1162/818/807 1161/803/792
f 1161/803/792 1162/818/807 1150/819/808
f 1161/803/792 1150/819/808 1151/805/794
f 1151/805/794 1150/819/808 1175/820/809
f 1151/805/794 1175/820/809 1176/807/796
f 1176/807/796 1175/820/809 1188/821/810
f 1176/807/796 1188/821/810 1189/809/798
f 1189/809/798 1188/821/810 1201/822/811
f 1189/809/798 1201/822/811 1202/811/800
f 1202/811/800 1201/822/811 1214/139/138
f 1202/811/800 1214/139/138 1215/141/140
f 15/812/801 14/823/812 1074/813/802
f 1074/813/802 14/823/812 1097/824/813
f 1074/813/802 1097/824/813 1098/814/803
f 1098/814/803 1097/824/813 1110/825/814
f 1098/814/803 1110/825/814 1111/815/804
f 1111/815/804 1110/825/814 1123/826/815
f 1111/815/804 1123/826/815 1124/816/805
f 1124/816/805 1123/826/815 1135/827/816
f 1124/816/805 1135/827/816 1136/817/806
f 1136/817/806 1135/827/816 1163/828/817
f 1136/817/806 1163/828/817 1162/818/807
f 1162/818/807 1163/828/817 1149/829/818
f 1162/818/807 1149/829/818 1150/819/808
f 1150/819/808 1149/829/818 1174/830/819
f 1150/819/808 1174/830/819 1175/820/809
f 1175/820/809 1174/830/819 1187/831/820
f 1175/820/809 1187/831/820 1188/821/810
f 1188/821/810 1187/831/820 1200/832/821
f 1188/821/810 1200/832/821 1201/822/811
f 1201/822/811 1200/832/821 1213/137/136
f 1201/822/811 1213/137/136 1214/139/138
f 14/823/812 13/833/822 1097/824/813
f 1097/824/813 13/833/822 1109/834/823
f 1097/824/813 1109/834/823 1110/825/814
f 1110/825/814 1109/834/823 1122/835/824
f 1110/825/814 1122/835/824 1123/826/815
f 1123/826/815 1122/835/824 1134/836/825
f 1123/826/815 1134/836/825 1135/827/816
f 1135/827/816 1134/836/825 1164/837/826
f 1135/827/816 1164/837/826 1163/828/817
f 1163/828/817 1164/837/826 1148/838/827
f 1163/828/817 1148/838/827 1149/829/818
f 1149/829/818 1148/838/827 1173/839/828
f 1149/829/818 1173/839/828 1174/830/819
f 1174/830/819 1173/839/828 1186/840/829
f 1174/830/819 1186/840/829 1187/831/820
f 1187/831/820 1186/840/829 1199/841/830
f 1187/831/820 1199/841/830 1200/832/821
f 1200/832/821 1199/841/830 1212/135/134
f 1200/832/821 1212/135/134 1213/137/136
f 13/833/822 12/842/831 1109/834/823
f 1109/834/823 12/842/831 1121/843/832
f 1109/834/823 1121/843/832 1122/835/824
f 1122/835/824 1121/843/832 1133/844/833
f 1122/835/824 1133/844/833 1134/836/825
f 1134/836/825 1133/844/833 1165/845/834
f 1134/836/825 1165/845/834 1164/837/826
f 1164/837/826 1165/845/834 1147/846/835
f 1164/837/826 1147/846/835 1148/838/827
f 1148/838/827 1147/846/835 1172/847/836
f 1148/838/827 1172/847/836 1173/839/828
f 1173/839/828 1172/847/836 1185/848/837
f 1173/839/828 1185/848/837 1186/840/829
f 1186/840/829 1185/848/837 1198/849/838
f 1186/840/829 1198/849/838 1199/841/830
f 1199/841/830 1198/849/838 1211/133/132
f 1199/841/830 1211/133/132 1212/135/134
f 12/842/831 11/850/839 1121/843/832
f 1121/843/832 11/850/839 213/851/840
f 1121/843/832 213/851/840 1133/844/833
f 1133/844/833 213/851/840 1166/852/841
f 1133/844/833 1166/852/841 1165/845/834
f 1165/845/834 1166/852/841 1146/853/842
f 1165/845/834 1146/853/842 1147/846/835
f 1147/846/835 1146/853/842 1171/854/843
f 1147/846/835 1171/854/843 1172/847/836
f 1172/847/836 1171/854/843 1184/855/844
f 1172/847/836 1184/855/844 1185/848/837
f 1185/848/837 1184/855/844 1197/856/845
f 1185/848/837 1197/856/845 1198/849/838
f 1198/849/838 1197/856/845 1210/131/130
f 1198/849/838 1210/131/130 1211/133/132
f 11/850/839 10/857/846 213/851/840
f 213/851/840 10/857/846 1167/858/847
f 213/851/840 1167/858/847 1166/852/841
f 1166/852/841 1167/858/847 1145/859/848
f 1166/852/841 1145/859/848 1146/853/842
f 1146/853/842 1145/859/848 1170/860/849
f 1146/853/842 1170/860/849 1171/854/843
f 1171/854/843 1170/860/849 1183/861/850
f 1171/854/843 1183/861/850 1184/855/844
f 1184/855/844 1183/861/850 1196/862/851
f 1184/855/844 1196/862/851 1197/856/845
f 1197/856/845 1196/862/851 1209/129/128
f 1197/856/845 1209/129/128 1210/131/130
f 1167/858/847 10/857/846 1144/863/852
f 1144/863/852 10/857/846 9/864/853
f 1144/863/852 9/864/853 1168/865/854
f 1168/865/854 9/864/853 8/866/855
f 1168/865/854 8/866/855 1180/867/856
f 1180/867/856 8/866/855 7/868/857
f 1180/867/856 7/868/857 1192/869/858
f 1192/869/858 7/868/857 6/870/859
f 1192/869/858 6/870/859 1204/119/118
f 1204/119/118 6/870/859 5/117/116
f 152/209/208 153/871/860 482/207/206
f 482/207/206 153/871/860 481/872/861
f 482/207/206 481/872/861 480/205/204
f 480/205/204 481/872/861 468/873/862
f 480/205/204 468/873/862 467/203/202
f 467/203/202 468/873/862 455/874/863
f 467/203/202 455/874/863 454/201/200
f 454/201/200 455/874/863 442/875/864
f 454/201/200 442/875/864 441/199/198
f 441/199/198 442/875/864 429/876/865
f 441/199/198 429/876/865 428/197/196
f 428/197/196 429/876/865 405/877/866
f 428/197/196 405/877/866 404/195/194
f 404/195/194 405/877/866 415/878/867
f 404/195/194 415/878/867 416/193/192
f 416/193/192 415/878/867 394/879/868
f 416/193/192 394/879/868 393/191/190
f 393/191/190 394/879/868 381/880/869
f 393/191/190 381/880/869 380/189/188
f 380/189/188 381/880/869 368/881/870
f 380/189/188 368/881/870 367/187/186
f 367/187/186 368/881/870 355/882/871
f 367/187/186 355/882/871 354/185/184
f 354/185/184 355/882/871 330/883/872
f 354/185/184 330/883/872 329/183/182
f 329/183/182 330/883/872 350/884/873
f 329/183/182 350/884/873 351/181/180
f 351/181/180 350/884/873 211/179/178
f 153/871/860 154/885/874 481/872/861
f 481/872/861 154/885/874 469/886/875
f 481/872/861 469/886/875 468/873/862
f 468/873/862 469/886/875 456/887/876
f 468/873/862 456/887/876 455/874/863
f 455/874/863 456/887/876 443/888/877
f 455/874/863 443/888/877 442/875/864
f 442/875/864 443/888/877 430/889/878
f 442/875/864 430/889/878 429/876/865
f 429/876/865 430/889/878 406/890/879
f 429/876/865 406/890/879 405/877/866
f 405/877/866 406/890/879 414/891/880
f 405/877/866 414/891/880 415/878/867
f 415/878/867 414/891/880 395/892/881
f 415/878/867 395/892/881 394/879/868
f 394/879/868 395/892/881 382/893/882
f 394/879/868 382/893/882 381/880/869
f 381/880/869 382/893/882 369/894/883
f 381/880/869 369/894/883 368/881/870
f 368/881/870 369/894/883 356/895/884
f 368/881/870 356/895/884 355/882/871
f 355/882/871 356/895/884 331/896/885
f 355/882/871 331/896/885 330/883/872
f 330/883/872 331/896/885 349/897/886
f 330/883/872 349/897/886 350/884/873
f 350/884/873 349/897/886 317/898/887
f 350/884/873 317/898/887 211/179/178
f 211/179/178 317/898/887 305/177/176
f 154/885/874 155/899/888 469/886/875
f 469/886/875 155/899/888 457/900/889
f 469/886/875 457/900/889 456/887/876
f 456/887/876 457/900/889 444/901/890
f 456/887/876 444/901/890 443/888/877
f 443/888/877 444/901/890 431/902/891
f 443/888/877 431/902/891 430/889/878
f 430/889/878 431/902/891 407/903/892
f 430/889/878 407/903/892 406/890/879
f 406/890/879 407/903/892 413/904/893
f 406/890/879 413/904/893 414/891/880
f 414/891/880 413/904/893 396/905/894
f 414/891/880 396/905/894 395/892/881
f 395/892/881 396/905/894 383/906/895
f 395/892/881 383/906/895 382/893/882
f 382/893/882 383/906/895 370/907/896
f 382/893/882 370/907/896 369/894/883
f 369/894/883 370/907/896 357/908/897
f 369/894/883 357/908/897 356/895/884
f 356/895/884 357/908/897 332/909/898
f 356/895/884 332/909/898 331/896/885
f 331/896/885 332/909/898 348/910/899
f 331/896/885 348/910/899 349/897/886
f 349/897/886 348/910/899 318/911/900
f 349/897/886 318/911/900 317/898/887
f 317/898/887 318/911/900 306/912/901
f 317/898/887 306/912/901 305/177/176
f 305/177/176 306/912/901 293/175/174
f 155/899/888 156/913/902 457/900/889
f 457/900/889 156/913/902 445/914/903
f 457/900/889 445/914/903 444/901/890
f 444/901/890 445/914/903 432/915/904
f 444/901/890 432/915/904 431/902/891
f 431/902/891 432/915/904 408/916/905
f 431/902/891 408/916/905 407/903/892
f 407/903/892 408/916/905 412/917/906
f 407/903/892 412/917/906 413/904/893
f 413/904/893 412/917/906 397/918/907
f 413/904/893 397/918/907 396/905/894
f 396/905/894 397/918/907 384/919/908
f 396/905/894 384/919/908 383/906/895
f 383/906/895 384/919/908 371/920/909
f 383/906/895 371/920/909 370/907/896
f 370/907/896 371/920/909 358/921/910
f 370/907/896 358/921/910 357/908/897
f 357/908/897 358/921/910 333/922/911
f 357/908/897 333/922/911 332/909/898
f 332/909/898 333/922/911 347/923/912
f 332/909/898 347/923/912 348/910/899
f 348/910/899 347/923/912 319/924/913
f 348/910/899 319/924/913 318/911/900
f 318/911/900 319/924/913 307/925/914
f 318/911/900 307/925/914 306/912/901
f 306/912/901 307/925/914 294/926/915
f 306/912/901 294/926/915 293/175/174
f 293/175/174 294/926/915 281/173/172
f 156/913/902 157/927/916 445/914/903
f 445/914/903 157/927/916 433/928/917
f 445/914/903 433/928/917 432/915/904
f 432/915/904 433/928/917 409/929/918
f 432/915/904 409/929/918 408/916/905
f 408/916/905 409/929/918 411/930/919
f 408/916/905 411/930/919 412/917/906
f 412/917/906 411/930/919 398/931/920
f 412/917/906 398/931/920 397/918/907
f 397/918/907 398/931/920 385/932/921
f 397/918/907 385/932/921 384/919/908
f 384/919/908 385/932/921 372/933/922
f 384/919/908 372/933/922 371/920/909
f 371/920/909 372/933/922 359/934/923
f 371/920/909 359/934/923 358/921/910
f 358/921/910 359/934/923 334/935/924
f 358/921/910 334/935/924 333/922/911
f 333/922/911 334/935/924 346/936/925
f 333/922/911 346/936/925 347/923/912
f 347/923/912 346/936/925 320/937/926
f 347/923/912 320/937/926 319/924/913
f 319/924/913 320/937/926 308/938/927
f 319/924/913 308/938/927 307/925/914
f 307/925/914 308/938/927 295/939/928
f 307/925/914 295/939/928 294/926/915
f 294/926/915 295/939/928 282/940/929
f 294/926/915 282/940/929 281/173/172
f 281/173/172 282/940/929 258/171/170
f 157/927/916 158/941/930 433/928/917
f 433/928/917 158/941/930 410/942/931
f 433/928/917 410/942/931 409/929/918
f 409/929/918 410/942/931 210/943/932
f 409/929/918 210/943/932 411/930/919
f 411/930/919 210/943/932 399/944/933
f 411/930/919 399/944/933 398/931/920
f 398/931/920 399/944/933 386/945/934
f 398/931/920 386/945/934 385/932/921
f 385/932/921 386/945/934 373/946/935
f 385/932/921 373/946/935 372/933/922
f 372/933/922 373/946/935 360/947/936
f 372/933/922 360/947/936 359/934/923
f 359/934/923 360/947/936 335/948/937
f 359/934/923 335/948/937 334/935/924
f 334/935/924 335/948/937 345/949/938
f 334/935/924 345/949/938 346/936/925
f 346/936/925 345/949/938 321/950/939
f 346/936/925 321/950/939 320/937/926
f 320/937/926 321/950/939 309/951/940
f 320/937/926 309/951/940 308/938/927
f 308/938/927 309/951/940 296/952/941
f 308/938/927 296/952/941 295/939/928
f 295/939/928 296/952/941 283/953/942
f 295/939/928 283/953/942 282/940/929
f 282/940/929 283/953/942 259/954/943
f 282/940/929 259/954/943 258/171/170
f 258/171/170 259/954/943 212/145/144
f 158/941/930 159/955/944 410/942/931
f 410/942/931 159/955/944 210/943/932
f 159/955/944 160/956/945 210/943/932
f 210/943/932 160/956/945 399/944/933
f 160/956/945 161/957/946 399/944/933
f 399/944/933 161/957/946 387/958/947
f 399/944/933 387/958/947 386/945/934
f 386/945/934 387/958/947 374/959/948
f 386/945/934 374/959/948 373/946/935
f 373/946/935 374/959/948 361/960/949
f 373/946/935 361/960/949 360/947/936
f 360/947/936 361/960/949 336/961/950
f 360/947/936 336/961/950 335/948/937
f 335/948/937 336/961/950 344/962/951
f 335/948/937 344/962/951 345/949/938
f 345/949/938 344/962/951 322/963/952
f 345/949/938 322/963/952 321/950/939
f 321/950/939 322/963/952 310/964/953
f 321/950/939 310/964/953 309/951/940
f 309/951/940 310/964/953 297/965/954
f 309/951/940 297/965/954 296/952/941
f 296/952/941 297/965/954 284/966/955
f 296/952/941 284/966/955 283/953/942
f 283/953/942 284/966/955 260/967/956
f 283/953/942 260/967/956 259/954/943
f 259/954/943 260/967/956 280/968/957
f 259/954/943 280/968/957 212/145/144
f 212/145/144 280/968/957 246/146/145
f 161/957/946 162/969/958 387/958/947
f 387/958/947 162/969/958 375/970/959
f 387/958/947 375/970/959 374/959/948
f 374/959/948 375/970/959 362/971/960
f 374/959/948 362/971/960 361/960/949
f 361/960/949 362/971/960 337/972/961
f 361/960/949 337/972/961 336/961/950
f 336/961/950 337/972/961 343/973/962
f 336/961/950 343/973/962 344/962/951
f 344/962/951 343/973/962 323/974/963
f 344/962/951 323/974/963 322/963/952
f 322/963/952 323/974/963 311/975/964
f 322/963/952 311/975/964 310/964/953
f 310/964/953 311/975/964 298/976/965
f 310/964/953 298/976/965 297/965/954
f 297/965/954 298/976/965 285/977/966
f 297/965/954 285/977/966 284/966/955
f 284/966/955 285/977/966 261/978/967
f 284/966/955 261/978/967 260/967/956
f 260/967/956 261/978/967 279/979/968
f 260/967/956 279/979/968 280/968/957
f 280/968/957 279/979/968 247/147/146
f 280/968/957 247/147/146 246/146/145
f 162/969/958 163/980/969 375/970/959
f 375/970/959 163/980/969 363/981/970
f 375/970/959 363/981/970 362/971/960
f 362/971/960 363/981/970 338/982/971
f 362/971/960 338/982/971 337/972/961
f 337/972/961 338/982/971 342/983/972
f 337/972/961 342/983/972 343/973/962
f 343/973/962 342/983/972 324/984/973
f 343/973/962 324/984/973 323/974/963
f 323/974/963 324/984/973 312/985/974
f 323/974/963 312/985/974 311/975/964
f 311/975/964 312/985/974 299/986/975
f 311/975/964 299/986/975 298/976/965
f 298/976/965 299/986/975 286/987/976
f 298/976/965 286/987/976 285/977/966
f 285/977/966 286/987/976 262/988/977
f 285/977/966 262/988/977 261/978/967
f 261/978/967 262/988/977 278/989/978
f 261/978/967 278/989/978 279/979/968
f 279/979/968 278/989/978 248/149/148
f 279/979/968 248/149/148 247/147/146
f 163/980/969 164/990/979 363/981/970
f 363/981/970 164/990/979 339/991/980
f 363/981/970 339/991/980 338/982/971
f 338/982/971 339/991/980 341/992/981
f 338/982/971 341/992/981 342/983/972
f 342/983/972 341/992/981 325/993/982
f 342/983/972 325/993/982 324/984/973
f 324/984/973 325/993/982 313/994/983
f 324/984/973 313/994/983 312/985/974
f 312/985/974 313/994/983 300/995/984
f 312/985/974 300/995/984 299/986/975
f 299/986/975 300/995/984 287/996/985
f 299/986/975 287/996/985 286/987/976
f 286/987/976 287/996/985 263/997/986
f 286/987/976 263/997/986 262/988/977
f 262/988/977 263/997/986 277/998/987
f 262/988/977 277/998/987 278/989/978
f 278/989/978 277/998/987 249/151/150
f 278/989/978 249/151/150 248/149/148
f 164/990/979 165/999/988 339/991/980
f 339/991/980 165/999/988 340/1000/989
f 339/991/980 340/1000/989 341/992/981
f 341/992/981 340/1000/989 326/1001/990
f 341/992/981 326/1001/990 325/993/982
f 325/993/982 326/1001/990 314/1002/991
f 325/993/982 314/1002/991 313/994/983
f 313/994/983 314/1002/991 301/1003/992
f 313/994/983 301/1003/992 300/995/984
f 300/995/984 301/1003/992 288/1004/993
f 300/995/984 288/1004/993 287/996/985
f 287/996/985 288/1004/993 264/1005/994
f 287/996/985 264/1005/994 263/997/986
f 263/997/986 264/1005/994 276/1006/995
f 263/997/986 276/1006/995 277/998/987
f 277/998/987 276/1006/995 250/153/152
f 277/998/987 250/153/152 249/151/150
f 165/999/988 166/1007/996 340/1000/989
f 340/1000/989 166/1007/996 327/1008/997
f 340/1000/989 327/1008/997 326/1001/990
f 326/1001/990 327/1008/997 315/1009/998
f 326/1001/990 315/1009/998 314/1002/991
f 314/1002/991 315/1009/998 302/1010/999
f 314/1002/991 302/1010/999 301/1003/992
f 301/1003/992 302/1010/999 289/1011/1000
f 301/1003/992 289/1011/1000 288/1004/993
f 288/1004/993 289/1011/1000 265/1012/1001
f 288/1004/993 265/1012/1001 264/1005/994
f 264/1005/994 265/1012/1001 275/1013/1002
f 264/1005/994 275/1013/1002 276/1006/995
f 276/1006/995 275/1013/1002 251/155/154
f 276/1006/995 251/155/154 250/153/152
f 166/1007/996 167/1014/1003 327/1008/997
f 327/1008/997 167/1014/1003 316/1015/1004
f 327/1008/997 316/1015/1004 315/1009/998
f 315/1009/998 316/1015/1004 303/1016/1005
f 315/1009/998 303/1016/1005 302/1010/999
f 302/1010/999 303/1016/1005 290/1017/1006
f 302/1010/999 290/1017/1006 289/1011/1000
f 289/1011/1000 290/1017/1006 266/1018/1007
f 289/1011/1000 266/1018/1007 265/1012/1001
f 265/1012/1001 266/1018/1007 274/1019/1008
f 265/1012/1001 274/1019/1008 275/1013/1002
f 275/1013/1002 274/1019/1008 252/157/156
f 275/1013/1002 252/157/156 251/155/154
f 167/1014/1003 168/1020/1009 316/1015/1004
f 316/1015/1004 168/1020/1009 304/1021/1010
f 316/1015/1004 304/1021/1010 303/1016/1005
f 303/1016/1005 304/1021/1010 291/1022/1011
f 303/1016/1005 291/1022/1011 290/1017/1006
f 290/1017/1006 291/1022/1011 267/1023/1012
f 290/1017/1006 267/1023/1012 266/1018/1007
f 266/1018/1007 267/1023/1012 273/1024/1013
f 266/1018/1007 273/1024/1013 274/1019/1008
f 274/1019/1008 273/1024/1013 253/159/158
f 274/1019/1008 253/159/158 252/157/156
f 168/1020/1009 169/1025/1014 304/1021/1010
f 304/1021/1010 169/1025/1014 292/1026/1015
f 304/1021/1010 292/1026/1015 291/1022/1011
f 291/1022/1011 292/1026/1015 268/1027/1016
f 291/1022/1011 268/1027/1016 267/1023/1012
f 267/1023/1012 268/1027/1016 272/1028/1017
f 267/1023/1012 272/1028/1017 273/1024/1013
f 273/1024/1013 272/1028/1017 254/161/160
f 273/1024/1013 254/161/160 253/159/158
f 169/1025/1014 170/1029/1018 292/1026/1015
f 292/1026/1015 170/1029/1018 269/1030/1019
f 292/1026/1015 269/1030/1019 268/1027/1016
f 268/1027/1016 269/1030/1019 271/1031/1020
f 268/1027/1016 271/1031/1020 272/1028/1017
f 272/1028/1017 271/1031/1020 255/163/162
f 272/1028/1017 255/163/162 254/161/160
f 170/1029/1018 171/1032/1021 269/1030/1019
f 269/1030/1019 171/1032/1021 270/1033/1022
f 269/1030/1019 270/1033/1022 271/1031/1020
f 271/1031/1020 270/1033/1022 256/165/164
f 271/1031/1020 256/165/164 255/163/162
f 171/1032/1021 172/1034/1023 270/1033/1022
f 270/1033/1022 172/1034/1023 257/167/166
f 270/1033/1022 257/167/166 256/165/164
f 172/1034/1023 173/169/168 257/167/166
f 233/168/167 174/170/169 234/1035/1024
f 234/1035/1024 174/170/169 175/1036/1025
f 234/1035/1024 175/1036/1025 1263/1037/1026
f 1263/1037/1026 175/1036/1025 176/1038/1027
f 1263/1037/1026 176/1038/1027 1251/1039/1028
f 1251/1039/1028 176/1038/1027 177/1040/1029
f 1251/1039/1028 177/1040/1029 1227/1041/1030
f 1227/1041/1030 177/1040/1029 178/1042/1031
f 1227/1041/1030 178/1042/1031 1228/140/139
f 1228/140/139 178/1042/1031 179/142/141
f 198/406/399 199/1043/1032 491/1044/1033
f 491/1044/1033 199/1043/1032 490/1045/1034
f 491/1044/1033 490/1045/1034 472/1046/1035
f 472/1046/1035 490/1045/1034 473/1047/1036
f 472/1046/1035 473/1047/1036 460/1048/1037
f 460/1048/1037 473/1047/1036 461/1049/1038
f 460/1048/1037 461/1049/1038 448/1050/1039
f 448/1050/1039 461/1049/1038 449/383/377
f 448/1050/1039 449/383/377 436/382/376
f 199/1043/1032 200/1051/1040 490/1045/1034
f 490/1045/1034 200/1051/1040 489/1052/1041
f 490/1045/1034 489/1052/1041 473/1047/1036
f 473/1047/1036 489/1052/1041 474/1053/1042
f 473/1047/1036 474/1053/1042 461/1049/1038
f 461/1049/1038 474/1053/1042 462/384/378
f 461/1049/1038 462/384/378 449/383/377
f 198/407/399 496/410/401 199/1054/1032
f 199/1054/1032 496/410/401 497/1055/1043
f 199/1054/1032 497/1055/1043 200/1056/1040
f 200/1056/1040 497/1055/1043 498/1057/1044
f 200/1056/1040 498/1057/1044 201/1058/1045
f 201/1058/1045 498/1057/1044 499/1059/1046
f 201/1058/1045 499/1059/1046 202/1060/1047
f 202/1060/1047 499/1059/1046 500/1061/1048
f 202/1060/1047 500/1061/1048 203/388/381
f 203/388/381 500/1061/1048 501/389/382
f 200/1051/1040 201/1062/1045 489/1052/1041
f 489/1052/1041 201/1062/1045 488/1063/1049
f 489/1052/1041 488/1063/1049 474/1053/1042
f 474/1053/1042 488/1063/1049 475/385/379
f 474/1053/1042 475/385/379 462/384/378
f 201/1062/1045 202/1064/1047 488/1063/1049
f 488/1063/1049 202/1064/1047 487/386/380
f 488/1063/1049 487/386/380 475/385/379
f 202/1064/1047 203/387/381 487/386/380
f 222/108/108 223/148/147 245/110/109
f 245/110/109 223/148/147 244/1065/1050
f 245/110/109 244/1065/1050 1252/112/111
f 1252/112/111 244/1065/1050 1253/1066/1051
f 1252/112/111 1253/1066/1051 1240/114/113
f 1240/114/113 1253/1066/1051 1241/1067/1052
f 1240/114/113 1241/1067/1052 1216/116/115
f 1216/116/115 1241/1067/1052 1217/1068/1053
f 1216/116/115 1217/1068/1053 1239/118/117
f 1239/118/117 1217/1068/1053 1238/120/119
f 223/148/147 224/150/149 244/1065/1050
f 244/1065/1050 224/150/149 243/1069/1054
f 244/1065/1050 243/1069/1054 1253/1066/1051
f 1253/1066/1051 243/1069/1054 1254/1070/1055
f 1253/1066/1051 1254/1070/1055 1241/1067/1052
f 1241/1067/1052 1254/1070/1055 1242/1071/1056
f 1241/1067/1052 1242/1071/1056 1217/1068/1053
f 1217/1068/1053 1242/1071/1056 1218/1072/1057
f 1217/1068/1053 1218/1072/1057 1238/120/119
f 1238/120/119 1218/1072/1057 1237/122/121
f 224/150/149 225/152/151 243/1069/1054
f 243/1069/1054 225/152/151 242/1073/1058
f 243/1069/1054 242/1073/1058 1254/1070/1055
f 1254/1070/1055 242/1073/1058 1255/1074/1059
f 1254/1070/1055 1255/1074/1059 1242/1071/1056
f 1242/1071/1056 1255/1074/1059 1243/1075/1060
f 1242/1071/1056 1243/1075/1060 1218/1072/1057
f 1218/1072/1057 1243/1075/1060 1219/1076/1061
f 1218/1072/1057 1219/1076/1061 1237/122/121
f 1237/122/121 1219/1076/1061 1236/124/123
f 225/152/151 226/154/153 242/1073/1058
f 242/1073/1058 226/154/153 241/1077/1062
f 242/1073/1058 241/1077/1062 1255/1074/1059
f 1255/1074/1059 241/1077/1062 1256/1078/1063
f 1255/1074/1059 1256/1078/1063 1243/1075/1060
f 1243/1075/1060 1256/1078/1063 1244/1079/1064
f 1243/1075/1060 1244/1079/1064 1219/1076/1061
f 1219/1076/1061 1244/1079/1064 1220/1080/1065
f 1219/1076/1061 1220/1080/1065 1236/124/123
f 1236/124/123 1220/1080/1065 1235/126/125
f 226/154/153 227/156/155 241/1077/1062
f 241/1077/1062 227/156/155 240/1081/1066
f 241/1077/1062 240/1081/1066 1256/1078/1063
f 1256/1078/1063 240/1081/1066 1257/1082/1067
f 1256/1078/1063 1257/1082/1067 1244/1079/1064
f 1244/1079/1064 1257/1082/1067 1245/1083/1068
f 1244/1079/1064 1245/1083/1068 1220/1080/1065
f 1220/1080/1065 1245/1083/1068 1221/1084/1069
f 1220/1080/1065 1221/1084/1069 1235/126/125
f 1235/126/125 1221/1084/1069 1234/128/127
f 227/156/155 228/158/157 240/1081/1066
f 240/1081/1066 228/158/157 239/1085/1070
f 240/1081/1066 239/1085/1070 1257/1082/1067
f 1257/1082/1067 239/1085/1070 1258/1086/1071
f 1257/1082/1067 1258/1086/1071 1245/1083/1068
f 1245/1083/1068 1258/1086/1071 1246/1087/1072
f 1245/1083/1068 1246/1087/1072 1221/1084/1069
f 1221/1084/1069 1246/1087/1072 1222/1088/1073
f 1221/1084/1069 1222/1088/1073 1234/128/127
f 1234/128/127 1222/1088/1073 1233/130/129
f 228/158/157 229/160/159 239/1085/1070
f 239/1085/1070 229/160/159 238/1089/1074
f 239/1085/1070 238/1089/1074 1258/1086/1071
f 1258/1086/1071 238/1089/1074 1259/1090/1075
f 1258/1086/1071 1259/1090/1075 1246/1087/1072
f 1246/1087/1072 1259/1090/1075 1247/1091/1076
f 1246/1087/1072 1247/1091/1076 1222/1088/1073
f 1222/1088/1073 1247/1091/1076 1223/1092/1077
f 1222/1088/1073 1223/1092/1077 1233/130/129
f 1233/130/129 1223/1092/1077 1232/132/131
f 229/160/159 230/162/161 238/1089/1074
f 238/1089/1074 230/162/161 237/1093/1078
f 238/1089/1074 237/1093/1078 1259/1090/1075
f 1259/1090/1075 237/1093/1078 1260/1094/1079
f 1259/1090/1075 1260/1094/1079 1247/1091/1076
f 1247/1091/1076 1260/1094/1079 1248/1095/1080
f 1247/1091/1076 1248/1095/1080 1223/1092/1077
f 1223/1092/1077 1248/1095/1080 1224/1096/1081
f 1223/1092/1077 1224/1096/1081 1232/132/131
f 1232/132/131 1224/1096/1081 1231/134/133
f 230/162/161 231/164/163 237/1093/1078
f 237/1093/1078 231/164/163 236/1097/1082
f 237/1093/1078 236/1097/1082 1260/1094/1079
f 1260/1094/1079 236/1097/1082 1261/1098/1083
f 1260/1094/1079 1261/1098/1083 1248/1095/1080
f 1248/1095/1080 1261/1098/1083 1249/1099/1084
f 1248/1095/1080 1249/1099/1084 1224/1096/1081
f 1224/1096/1081 1249/1099/1084 1225/1100/1085
f 1224/1096/1081 1225/1100/1085 1231/134/133
f 1231/134/133 1225/1100/1085 1230/136/135
f 231/164/163 232/166/165 236/1097/1082
f 236/1097/1082 232/166/165 235/1101/1086
f 236/1097/1082 235/1101/1086 1261/1098/1083
f 1261/1098/1083 235/1101/1086 1262/1102/1087
f 1261/1098/1083 1262/1102/1087 1249/1099/1084
f 1249/1099/1084 1262/1102/1087 1250/1103/1088
f 1249/1099/1084 1250/1103/1088 1225/1100/1085
f 1225/1100/1085 1250/1103/1088 1226/1104/1089
f 1225/1100/1085 1226/1104/1089 1230/136/135
f 1230/136/135 1226/1104/1089 1229/138/137
f 232/166/165 233/168/167 235/1101/1086
f 235/1101/1086 233/168/167 234/1035/1024
f 235/1101/1086 234/1035/1024 1262/1102/1087
f 1262/1102/1087 234/1035/1024 1263/1037/1026
f 1262/1102/1087 1263/1037/1026 1250/1103/1088
f 1250/1103/1088 1263/1037/1026 1251/1039/1028
f 1250/1103/1088 1251/1039/1028 1226/1104/1089
f 1226/1104/1089 1251/1039/1028 1227/1041/1030
f 1226/1104/1089 1227/1041/1030 1229/138/137
f 1229/138/137 1227/1041/1030 1228/140/139
f 209/380/374 422/394/387 423/381/375
f 423/381/375 422/394/387 435/1105/1090
f 423/381/375 435/1105/1090 436/382/376
f 436/382/376 435/1105/1090 448/1050/1039
f 422/394/387 434/396/389 435/1105/1090
f 435/1105/1090 434/396/389 447/1106/1091
f 435/1105/1090 447/1106/1091 448/1050/1039
f 448/1050/1039 447/1106/1091 460/1048/1037
f 434/396/389 446/398/391 447/1106/1091
f 447/1106/1091 446/398/391 459/1107/1092
f 447/1106/1091 459/1107/1092 460/1048/1037
f 460/1048/1037 459/1107/1092 472/1046/1035
f 446/398/391 458/400/393 459/1107/1092
f 459/1107/1092 458/400/393 471/1108/1093
f 459/1107/1092 471/1108/1093 472/1046/1035
f 472/1046/1035 471/1108/1093 491/1044/1033
f 458/400/393 470/402/395 471/1108/1093
f 471/1108/1093 470/402/395 492/404/397
f 471/1108/1093 492/404/397 491/1044/1033
f 491/1044/1033 492/404/397 198/406/399
f 496/410/401 509/412/403 497/1055/1043
f 497/1055/1043 509/412/403 510/1109/1094
f 497/1055/1043 510/1109/1094 498/1057/1044
f 498/1057/1044 510/1109/1094 511/1110/1095
f 498/1057/1044 511/1110/1095 499/1059/1046
f 499/1059/1046 511/1110/1095 512/1111/1096
f 499/1059/1046 512/1111/1096 500/1061/1048
f 500/1061/1048 512/1111/1096 513/1112/1097
f 500/1061/1048 513/1112/1097 501/389/382
f 501/389/382 513/1112/1097 514/390/383
f 509/412/403 522/414/405 510/1109/1094
f 510/1109/1094 522/414/405 523/1113/1098
f 510/1109/1094 523/1113/1098 511/1110/1095
f 511/1110/1095 523/1113/1098 524/1114/1099
f 511/1110/1095 524/1114/1099 512/1111/1096
f 512/1111/1096 524/1114/1099 525/1115/1100
f 512/1111/1096 525/1115/1100 513/1112/1097
f 513/1112/1097 525/1115/1100 526/1116/1101
f 513/1112/1097 526/1116/1101 514/390/383
f 514/390/383 526/1116/1101 527/391/384
f 522/414/405 534/416/407 523/1113/1098
f 523/1113/1098 534/416/407 535/1117/1102
f 523/1113/1098 535/1117/1102 524/1114/1099
f 524/1114/1099 535/1117/1102 536/1118/1103
f 524/1114/1099 536/1118/1103 525/1115/1100
f 525/1115/1100 536/1118/1103 537/1119/1104
f 525/1115/1100 537/1119/1104 526/1116/1101
f 526/1116/1101 537/1119/1104 538/1120/1105
f 526/1116/1101 538/1120/1105 527/391/384
f 527/391/384 538/1120/1105 539/219/216
f 534/416/407 556/418/409 535/1117/1102
f 535/1117/1102 556/418/409 555/1121/1106
f 535/1117/1102 555/1121/1106 536/1118/1103
f 536/1118/1103 555/1121/1106 554/1122/1107
f 536/1118/1103 554/1122/1107 537/1119/1104
f 537/1119/1104 554/1122/1107 553/1123/1108
f 537/1119/1104 553/1123/1108 538/1120/1105
f 538/1120/1105 553/1123/1108 552/221/218
f 538/1120/1105 552/221/218 539/219/216
f 563/489/478 540/500/489 541/490/479
f 541/490/479 540/500/489 565/1124/1109
f 541/490/479 565/1124/1109 566/491/480
f 566/491/480 565/1124/1109 578/1125/1110
f 566/491/480 578/1125/1110 579/492/481
f 579/492/481 578/1125/1110 591/1126/1111
f 579/492/481 591/1126/1111 592/493/482
f 592/493/482 591/1126/1111 604/1127/1112
f 592/493/482 604/1127/1112 605/494/483
f 605/494/483 604/1127/1112 617/1128/1113
f 605/494/483 617/1128/1113 618/495/484
f 618/495/484 617/1128/1113 641/1129/1114
f 618/495/484 641/1129/1114 640/496/485
f 640/496/485 641/1129/1114 631/1130/1115
f 640/496/485 631/1130/1115 632/497/486
f 632/497/486 631/1130/1115 655/1131/1116
f 632/497/486 655/1131/1116 656/498/487
f 656/498/487 655/1131/1116 668/1132/1117
f 656/498/487 668/1132/1117 669/499/488
f 669/499/488 668/1132/1117 681/1133/1118
f 669/499/488 681/1133/1118 682/243/240
f 682/243/240 681/1133/1118 694/245/242
f 555/1121/1106 556/418/409 548/420/411
f 554/1122/1107 555/1121/1106 549/1134/1119
f 549/1134/1119 555/1121/1106 548/420/411
f 549/1134/1119 548/420/411 573/422/413
f 553/1123/1108 554/1122/1107 550/1135/1120
f 550/1135/1120 554/1122/1107 549/1134/1119
f 550/1135/1120 549/1134/1119 574/1136/1121
f 574/1136/1121 549/1134/1119 573/422/413
f 574/1136/1121 573/422/413 586/424/415
f 552/221/218 553/1123/1108 551/223/220
f 551/223/220 553/1123/1108 550/1135/1120
f 551/223/220 550/1135/1120 575/225/222
f 575/225/222 550/1135/1120 574/1136/1121
f 575/225/222 574/1136/1121 587/227/224
f 587/227/224 574/1136/1121 586/424/415
f 587/227/224 586/424/415 599/229/226
f 540/500/489 564/502/491 565/1124/1109
f 565/1124/1109 564/502/491 577/1137/1122
f 565/1124/1109 577/1137/1122 578/1125/1110
f 578/1125/1110 577/1137/1122 590/1138/1123
f 578/1125/1110 590/1138/1123 591/1126/1111
f 591/1126/1111 590/1138/1123 603/1139/1124
f 591/1126/1111 603/1139/1124 604/1127/1112
f 604/1127/1112 603/1139/1124 616/1140/1125
f 604/1127/1112 616/1140/1125 617/1128/1113
f 617/1128/1113 616/1140/1125 642/1141/1126
f 617/1128/1113 642/1141/1126 641/1129/1114
f 641/1129/1114 642/1141/1126 630/1142/1127
f 641/1129/1114 630/1142/1127 631/1130/1115
f 631/1130/1115 630/1142/1127 654/1143/1128
f 631/1130/1115 654/1143/1128 655/1131/1116
f 655/1131/1116 654/1143/1128 667/1144/1129
f 655/1131/1116 667/1144/1129 668/1132/1117
f 668/1132/1117 667/1144/1129 680/1145/1130
f 668/1132/1117 680/1145/1130 681/1133/1118
f 681/1133/1118 680/1145/1130 693/1146/1131
f 681/1133/1118 693/1146/1131 694/245/242
f 694/245/242 693/1146/1131 707/247/244
f 564/502/491 576/504/493 577/1137/1122
f 577/1137/1122 576/504/493 589/1147/1132
f 577/1137/1122 589/1147/1132 590/1138/1123
f 590/1138/1123 589/1147/1132 602/1148/1133
f 590/1138/1123 602/1148/1133 603/1139/1124
f 603/1139/1124 602/1148/1133 615/1149/1134
f 603/1139/1124 615/1149/1134 616/1140/1125
f 616/1140/1125 615/1149/1134 643/1150/1135
f 616/1140/1125 643/1150/1135 642/1141/1126
f 642/1141/1126 643/1150/1135 629/1151/1136
f 642/1141/1126 629/1151/1136 630/1142/1127
f 630/1142/1127 629/1151/1136 653/1152/1137
f 630/1142/1127 653/1152/1137 654/1143/1128
f 654/1143/1128 653/1152/1137 666/1153/1138
f 654/1143/1128 666/1153/1138 667/1144/1129
f 667/1144/1129 666/1153/1138 679/1154/1139
f 667/1144/1129 679/1154/1139 680/1145/1130
f 680/1145/1130 679/1154/1139 692/1155/1140
f 680/1145/1130 692/1155/1140 693/1146/1131
f 693/1146/1131 692/1155/1140 708/1156/1141
f 693/1146/1131 708/1156/1141 707/247/244
f 707/247/244 708/1156/1141 706/249/246
f 576/504/493 588/506/495 589/1147/1132
f 589/1147/1132 588/506/495 601/1157/1142
f 589/1147/1132 601/1157/1142 602/1148/1133
f 602/1148/1133 601/1157/1142 614/1158/1143
f 602/1148/1133 614/1158/1143 615/1149/1134
f 615/1149/1134 614/1158/1143 644/1159/1144
f 615/1149/1134 644/1159/1144 643/1150/1135
f 643/1150/1135 644/1159/1144 628/1160/1145
f 643/1150/1135 628/1160/1145 629/1151/1136
f 629/1151/1136 628/1160/1145 652/1161/1146
f 629/1151/1136 652/1161/1146 653/1152/1137
f 653/1152/1137 652/1161/1146 665/1162/1147
f 653/1152/1137 665/1162/1147 666/1153/1138
f 666/1153/1138 665/1162/1147 678/1163/1148
f 666/1153/1138 678/1163/1148 679/1154/1139
f 679/1154/1139 678/1163/1148 691/1164/1149
f 679/1154/1139 691/1164/1149 692/1155/1140
f 692/1155/1140 691/1164/1149 709/1165/1150
f 692/1155/1140 709/1165/1150 708/1156/1141
f 708/1156/1141 709/1165/1150 705/1166/1151
f 708/1156/1141 705/1166/1151 706/249/246
f 706/249/246 705/1166/1151 729/251/248
f 588/506/495 600/508/497 601/1157/1142
f 601/1157/1142 600/508/497 613/1167/1152
f 601/1157/1142 613/1167/1152 614/1158/1143
f 614/1158/1143 613/1167/1152 645/1168/1153
f 614/1158/1143 645/1168/1153 644/1159/1144
f 644/1159/1144 645/1168/1153 627/1169/1154
f 644/1159/1144 627/1169/1154 628/1160/1145
f 628/1160/1145 627/1169/1154 651/1170/1155
f 628/1160/1145 651/1170/1155 652/1161/1146
f 652/1161/1146 651/1170/1155 664/1171/1156
f 652/1161/1146 664/1171/1156 665/1162/1147
f 665/1162/1147 664/1171/1156 677/1172/1157
f 665/1162/1147 677/1172/1157 678/1163/1148
f 678/1163/1148 677/1172/1157 690/1173/1158
f 678/1163/1148 690/1173/1158 691/1164/1149
f 691/1164/1149 690/1173/1158 710/1174/1159
f 691/1164/1149 710/1174/1159 709/1165/1150
f 709/1165/1150 710/1174/1159 704/1175/1160
f 709/1165/1150 704/1175/1160 705/1166/1151
f 705/1166/1151 704/1175/1160 728/1176/1161
f 705/1166/1151 728/1176/1161 729/251/248
f 729/251/248 728/1176/1161 741/253/250
f 600/508/497 612/510/499 613/1167/1152
f 613/1167/1152 612/510/499 646/512/501
f 613/1167/1152 646/512/501 645/1168/1153
f 645/1168/1153 646/512/501 626/514/503
f 645/1168/1153 626/514/503 627/1169/1154
f 627/1169/1154 626/514/503 650/516/505
f 627/1169/1154 650/516/505 651/1170/1155
f 651/1170/1155 650/516/505 663/518/507
f 651/1170/1155 663/518/507 664/1171/1156
f 664/1171/1156 663/518/507 676/520/509
f 664/1171/1156 676/520/509 677/1172/1157
f 677/1172/1157 676/520/509 689/522/511
f 677/1172/1157 689/522/511 690/1173/1158
f 690/1173/1158 689/522/511 711/524/513
f 690/1173/1158 711/524/513 710/1174/1159
f 710/1174/1159 711/524/513 703/526/515
f 710/1174/1159 703/526/515 704/1175/1160
f 704/1175/1160 703/526/515 727/528/517
f 704/1175/1160 727/528/517 728/1176/1161
f 728/1176/1161 727/528/517 740/530/519
f 728/1176/1161 740/530/519 741/253/250
f 741/253/250 740/530/519 753/255/252
f 695/594/583 696/1177/1162 219/592/581
f 219/592/581 696/1177/1162 717/582/571
f 219/592/581 717/582/571 683/581/570
f 717/582/571 696/1177/1162 697/583/572
f 697/583/572 696/1177/1162 720/1178/1163
f 697/583/572 720/1178/1163 721/584/573
f 721/584/573 720/1178/1163 733/1179/1164
f 721/584/573 733/1179/1164 734/585/574
f 734/585/574 733/1179/1164 746/1180/1165
f 734/585/574 746/1180/1165 747/586/575
f 747/586/575 746/1180/1165 758/1181/1166
f 747/586/575 758/1181/1166 759/587/576
f 759/587/576 758/1181/1166 782/1182/1167
f 759/587/576 782/1182/1167 781/588/577
f 781/588/577 782/1182/1167 772/1183/1168
f 781/588/577 772/1183/1168 773/589/578
f 773/589/578 772/1183/1168 797/1184/1169
f 773/589/578 797/1184/1169 798/590/579
f 798/590/579 797/1184/1169 810/1185/1170
f 798/590/579 810/1185/1170 811/591/580
f 811/591/580 810/1185/1170 823/1186/1171
f 811/591/580 823/1186/1171 824/267/264
f 824/267/264 823/1186/1171 836/269/266
f 696/1177/1162 695/594/583 719/1187/1172
f 719/1187/1172 695/594/583 718/596/585
f 719/1187/1172 718/596/585 731/1188/1173
f 731/1188/1173 718/596/585 730/598/587
f 731/1188/1173 730/598/587 743/1189/1174
f 743/1189/1174 730/598/587 742/600/589
f 743/1189/1174 742/600/589 754/1190/1175
f 754/1190/1175 742/600/589 218/602/591
f 754/1190/1175 218/602/591 787/1191/1176
f 787/1191/1176 218/602/591 788/604/593
f 787/1191/1176 788/604/593 766/606/595
f 696/1177/1162 719/1187/1172 720/1178/1163
f 720/1178/1163 719/1187/1172 732/1192/1177
f 720/1178/1163 732/1192/1177 733/1179/1164
f 733/1179/1164 732/1192/1177 745/1193/1178
f 733/1179/1164 745/1193/1178 746/1180/1165
f 746/1180/1165 745/1193/1178 757/1194/1179
f 746/1180/1165 757/1194/1179 758/1181/1166
f 758/1181/1166 757/1194/1179 783/1195/1180
f 758/1181/1166 783/1195/1180 782/1182/1167
f 782/1182/1167 783/1195/1180 771/1196/1181
f 782/1182/1167 771/1196/1181 772/1183/1168
f 772/1183/1168 771/1196/1181 796/1197/1182
f 772/1183/1168 796/1197/1182 797/1184/1169
f 797/1184/1169 796/1197/1182 809/1198/1183
f 797/1184/1169 809/1198/1183 810/1185/1170
f 810/1185/1170 809/1198/1183 822/1199/1184
f 810/1185/1170 822/1199/1184 823/1186/1171
f 823/1186/1171 822/1199/1184 835/1200/1185
f 823/1186/1171 835/1200/1185 836/269/266
f 836/269/266 835/1200/1185 848/271/268
f 732/1192/1177 719/1187/1172 731/1188/1173
f 732/1192/1177 731/1188/1173 744/1201/1186
f 744/1201/1186 731/1188/1173 743/1189/1174
f 744/1201/1186 743/1189/1174 755/1202/1187
f 755/1202/1187 743/1189/1174 754/1190/1175
f 755/1202/1187 754/1190/1175 786/1203/1188
f 786/1203/1188 754/1190/1175 787/1191/1176
f 786/1203/1188 787/1191/1176 767/1204/1189
f 767/1204/1189 787/1191/1176 766/606/595
f 767/1204/1189 766/606/595 791/608/597
f 732/1192/1177 744/1201/1186 745/1193/1178
f 745/1193/1178 744/1201/1186 756/1205/1190
f 745/1193/1178 756/1205/1190 757/1194/1179
f 757/1194/1179 756/1205/1190 784/1206/1191
f 757/1194/1179 784/1206/1191 783/1195/1180
f 783/1195/1180 784/1206/1191 770/1207/1192
f 783/1195/1180 770/1207/1192 771/1196/1181
f 771/1196/1181 770/1207/1192 795/1208/1193
f 771/1196/1181 795/1208/1193 796/1197/1182
f 796/1197/1182 795/1208/1193 808/1209/1194
f 796/1197/1182 808/1209/1194 809/1198/1183
f 809/1198/1183 808/1209/1194 821/1210/1195
f 809/1198/1183 821/1210/1195 822/1199/1184
f 822/1199/1184 821/1210/1195 834/1211/1196
f 822/1199/1184 834/1211/1196 835/1200/1185
f 835/1200/1185 834/1211/1196 847/1212/1197
f 835/1200/1185 847/1212/1197 848/271/268
f 848/271/268 847/1212/1197 861/273/270
f 756/1205/1190 744/1201/1186 755/1202/1187
f 756/1205/1190 755/1202/1187 785/1213/1198
f 785/1213/1198 755/1202/1187 786/1203/1188
f 785/1213/1198 786/1203/1188 768/1214/1199
f 768/1214/1199 786/1203/1188 767/1204/1189
f 768/1214/1199 767/1204/1189 792/1215/1200
f 792/1215/1200 767/1204/1189 791/608/597
f 792/1215/1200 791/608/597 804/610/599
f 768/1214/1199 769/1216/1201 785/1213/1198
f 785/1213/1198 769/1216/1201 784/1206/1191
f 785/1213/1198 784/1206/1191 756/1205/1190
f 784/1206/1191 769/1216/1201 770/1207/1192
f 770/1207/1192 769/1216/1201 794/1217/1202
f 770/1207/1192 794/1217/1202 795/1208/1193
f 795/1208/1193 794/1217/1202 807/1218/1203
f 795/1208/1193 807/1218/1203 808/1209/1194
f 808/1209/1194 807/1218/1203 820/1219/1204
f 808/1209/1194 820/1219/1204 821/1210/1195
f 821/1210/1195 820/1219/1204 833/1220/1205
f 821/1210/1195 833/1220/1205 834/1211/1196
f 834/1211/1196 833/1220/1205 846/1221/1206
f 834/1211/1196 846/1221/1206 847/1212/1197
f 847/1212/1197 846/1221/1206 862/1222/1207
f 847/1212/1197 862/1222/1207 861/273/270
f 861/273/270 862/1222/1207 860/275/272
f 769/1216/1201 768/1214/1199 793/1223/1208
f 793/1223/1208 768/1214/1199 792/1215/1200
f 793/1223/1208 792/1215/1200 805/1224/1209
f 805/1224/1209 792/1215/1200 804/610/599
f 805/1224/1209 804/610/599 817/612/601
f 769/1216/1201 793/1223/1208 794/1217/1202
f 794/1217/1202 793/1223/1208 806/1225/1210
f 794/1217/1202 806/1225/1210 807/1218/1203
f 807/1218/1203 806/1225/1210 819/1226/1211
f 807/1218/1203 819/1226/1211 820/1219/1204
f 820/1219/1204 819/1226/1211 832/1227/1212
f 820/1219/1204 832/1227/1212 833/1220/1205
f 833/1220/1205 832/1227/1212 845/1228/1213
f 833/1220/1205 845/1228/1213 846/1221/1206
f 846/1221/1206 845/1228/1213 863/1229/1214
f 846/1221/1206 863/1229/1214 862/1222/1207
f 862/1222/1207 863/1229/1214 859/1230/1215
f 862/1222/1207 859/1230/1215 860/275/272
f 860/275/272 859/1230/1215 883/277/274
f 806/1225/1210 793/1223/1208 805/1224/1209
f 806/1225/1210 805/1224/1209 818/1231/1216
f 818/1231/1216 805/1224/1209 817/612/601
f 818/1231/1216 817/612/601 830/614/603
f 806/1225/1210 818/1231/1216 819/1226/1211
f 819/1226/1211 818/1231/1216 831/1232/1217
f 819/1226/1211 831/1232/1217 832/1227/1212
f 832/1227/1212 831/1232/1217 844/1233/1218
f 832/1227/1212 844/1233/1218 845/1228/1213
f 845/1228/1213 844/1233/1218 864/1234/1219
f 845/1228/1213 864/1234/1219 863/1229/1214
f 863/1229/1214 864/1234/1219 858/1235/1220
f 863/1229/1214 858/1235/1220 859/1230/1215
f 859/1230/1215 858/1235/1220 882/1236/1221
f 859/1230/1215 882/1236/1221 883/277/274
f 883/277/274 882/1236/1221 895/279/276
f 831/1232/1217 818/1231/1216 830/614/603
f 844/1233/1218 831/1232/1217 843/616/605
f 843/616/605 831/1232/1217 830/614/603
f 864/1234/1219 844/1233/1218 865/618/607
f 865/618/607 844/1233/1218 843/616/605
f 849/688/677 850/1237/1222 217/686/675
f 217/686/675 850/1237/1222 871/676/665
f 217/686/675 871/676/665 837/675/664
f 871/676/665 850/1237/1222 851/677/666
f 851/677/666 850/1237/1222 874/1238/1223
f 851/677/666 874/1238/1223 875/678/667
f 875/678/667 874/1238/1223 887/1239/1224
f 875/678/667 887/1239/1224 888/679/668
f 888/679/668 887/1239/1224 900/1240/1225
f 888/679/668 900/1240/1225 901/680/669
f 901/680/669 900/1240/1225 912/1241/1226
f 901/680/669 912/1241/1226 913/681/670
f 913/681/670 912/1241/1226 936/1242/1227
f 913/681/670 936/1242/1227 935/682/671
f 935/682/671 936/1242/1227 926/1243/1228
f 935/682/671 926/1243/1228 927/683/672
f 927/683/672 926/1243/1228 951/1244/1229
f 927/683/672 951/1244/1229 952/684/673
f 952/684/673 951/1244/1229 964/1245/1230
f 952/684/673 964/1245/1230 965/685/674
f 965/685/674 964/1245/1230 977/1246/1231
f 965/685/674 977/1246/1231 978/293/290
f 978/293/290 977/1246/1231 989/295/292
f 850/1237/1222 849/688/677 873/1247/1232
f 873/1247/1232 849/688/677 872/690/679
f 873/1247/1232 872/690/679 885/1248/1233
f 885/1248/1233 872/690/679 884/692/681
f 885/1248/1233 884/692/681 897/1249/1234
f 897/1249/1234 884/692/681 896/694/683
f 897/1249/1234 896/694/683 908/1250/1235
f 908/1250/1235 896/694/683 216/696/685
f 908/1250/1235 216/696/685 941/1251/1236
f 941/1251/1236 216/696/685 942/698/687
f 941/1251/1236 942/698/687 920/700/689
f 864/1234/1219 865/618/607 857/620/609
f 864/1234/1219 857/620/609 858/1235/1220
f 858/1235/1220 857/620/609 881/622/611
f 858/1235/1220 881/622/611 882/1236/1221
f 882/1236/1221 881/622/611 894/624/613
f 882/1236/1221 894/624/613 895/279/276
f 895/279/276 894/624/613 907/281/278
f 850/1237/1222 873/1247/1232 874/1238/1223
f 874/1238/1223 873/1247/1232 886/1252/1237
f 874/1238/1223 886/1252/1237 887/1239/1224
f 887/1239/1224 886/1252/1237 899/1253/1238
f 887/1239/1224 899/1253/1238 900/1240/1225
f 900/1240/1225 899/1253/1238 911/1254/1239
f 900/1240/1225 911/1254/1239 912/1241/1226
f 912/1241/1226 911/1254/1239 937/1255/1240
f 912/1241/1226 937/1255/1240 936/1242/1227
f 936/1242/1227 937/1255/1240 925/1256/1241
f 936/1242/1227 925/1256/1241 926/1243/1228
f 926/1243/1228 925/1256/1241 950/1257/1242
f 926/1243/1228 950/1257/1242 951/1244/1229
f 951/1244/1229 950/1257/1242 963/1258/1243
f 951/1244/1229 963/1258/1243 964/1245/1230
f 964/1245/1230 963/1258/1243 976/1259/1244
f 964/1245/1230 976/1259/1244 977/1246/1231
f 977/1246/1231 976/1259/1244 988/1260/1245
f 977/1246/1231 988/1260/1245 989/295/292
f 989/295/292 988/1260/1245 1002/297/294
f 886/1252/1237 873/1247/1232 885/1248/1233
f 886/1252/1237 885/1248/1233 898/1261/1246
f 898/1261/1246 885/1248/1233 897/1249/1234
f 898/1261/1246 897/1249/1234 909/1262/1247
f 909/1262/1247 897/1249/1234 908/1250/1235
f 909/1262/1247 908/1250/1235 940/1263/1248
f 940/1263/1248 908/1250/1235 941/1251/1236
f 940/1263/1248 941/1251/1236 921/1264/1249
f 921/1264/1249 941/1251/1236 920/700/689
f 921/1264/1249 920/700/689 945/702/691
f 886/1252/1237 898/1261/1246 899/1253/1238
f 899/1253/1238 898/1261/1246 910/1265/1250
f 899/1253/1238 910/1265/1250 911/1254/1239
f 911/1254/1239 910/1265/1250 938/1266/1251
f 911/1254/1239 938/1266/1251 937/1255/1240
f 937/1255/1240 938/1266/1251 924/1267/1252
f 937/1255/1240 924/1267/1252 925/1256/1241
f 925/1256/1241 924/1267/1252 949/1268/1253
f 925/1256/1241 949/1268/1253 950/1257/1242
f 950/1257/1242 949/1268/1253 962/1269/1254
f 950/1257/1242 962/1269/1254 963/1258/1243
f 963/1258/1243 962/1269/1254 975/1270/1255
f 963/1258/1243 975/1270/1255 976/1259/1244
f 976/1259/1244 975/1270/1255 987/1271/1256
f 976/1259/1244 987/1271/1256 988/1260/1245
f 988/1260/1245 987/1271/1256 1003/1272/1257
f 988/1260/1245 1003/1272/1257 1002/297/294
f 1002/297/294 1003/1272/1257 1001/299/296
f 910/1265/1250 898/1261/1246 909/1262/1247
f 910/1265/1250 909/1262/1247 939/1273/1258
f 939/1273/1258 909/1262/1247 940/1263/1248
f 939/1273/1258 940/1263/1248 922/1274/1259
f 922/1274/1259 940/1263/1248 921/1264/1249
f 922/1274/1259 921/1264/1249 946/1275/1260
f 946/1275/1260 921/1264/1249 945/702/691
f 946/1275/1260 945/702/691 958/704/693
f 922/1274/1259 923/1276/1261 939/1273/1258
f 939/1273/1258 923/1276/1261 938/1266/1251
f 939/1273/1258 938/1266/1251 910/1265/1250
f 938/1266/1251 923/1276/1261 924/1267/1252
f 924/1267/1252 923/1276/1261 948/1277/1262
f 924/1267/1252 948/1277/1262 949/1268/1253
f 949/1268/1253 948/1277/1262 961/1278/1263
f 949/1268/1253 961/1278/1263 962/1269/1254
f 962/1269/1254 961/1278/1263 974/1279/1264
f 962/1269/1254 974/1279/1264 975/1270/1255
f 975/1270/1255 974/1279/1264 986/1280/1265
f 975/1270/1255 986/1280/1265 987/1271/1256
f 987/1271/1256 986/1280/1265 1004/1281/1266
f 987/1271/1256 1004/1281/1266 1003/1272/1257
f 1003/1272/1257 1004/1281/1266 1000/1282/1267
f 1003/1272/1257 1000/1282/1267 1001/299/296
f 1001/299/296 1000/1282/1267 1025/301/298
f 923/1276/1261 922/1274/1259 947/1283/1268
f 947/1283/1268 922/1274/1259 946/1275/1260
f 947/1283/1268 946/1275/1260 959/1284/1269
f 959/1284/1269 946/1275/1260 958/704/693
f 959/1284/1269 958/704/693 971/706/695
f 923/1276/1261 947/1283/1268 948/1277/1262
f 948/1277/1262 947/1283/1268 960/1285/1270
f 948/1277/1262 960/1285/1270 961/1278/1263
f 961/1278/1263 960/1285/1270 973/1286/1271
f 961/1278/1263 973/1286/1271 974/1279/1264
f 974/1279/1264 973/1286/1271 985/1287/1272
f 974/1279/1264 985/1287/1272 986/1280/1265
f 986/1280/1265 985/1287/1272 1005/1288/1273
f 986/1280/1265 1005/1288/1273 1004/1281/1266
f 1004/1281/1266 1005/1288/1273 999/1289/1274
f 1004/1281/1266 999/1289/1274 1000/1282/1267
f 1000/1282/1267 999/1289/1274 1024/1290/1275
f 1000/1282/1267 1024/1290/1275 1025/301/298
f 1025/301/298 1024/1290/1275 1037/303/300
f 960/1285/1270 947/1283/1268 959/1284/1269
f 960/1285/1270 959/1284/1269 972/1291/1276
f 972/1291/1276 959/1284/1269 971/706/695
f 972/1291/1276 971/706/695 983/708/697
f 960/1285/1270 972/1291/1276 973/1286/1271
f 973/1286/1271 972/1291/1276 984/1292/1277
f 973/1286/1271 984/1292/1277 985/1287/1272
f 985/1287/1272 984/1292/1277 1006/1293/1278
f 985/1287/1272 1006/1293/1278 1005/1288/1273
f 1005/1288/1273 1006/1293/1278 998/1294/1279
f 1005/1288/1273 998/1294/1279 999/1289/1274
f 999/1289/1274 998/1294/1279 1023/1295/1280
f 999/1289/1274 1023/1295/1280 1024/1290/1275
f 1024/1290/1275 1023/1295/1280 1036/1296/1281
f 1024/1290/1275 1036/1296/1281 1037/303/300
f 1037/303/300 1036/1296/1281 1049/305/302
f 984/1292/1277 972/1291/1276 983/708/697
f 1006/1293/1278 984/1292/1277 1007/710/699
f 1007/710/699 984/1292/1277 983/708/697
f 1013/769/758 990/780/769 991/770/759
f 991/770/759 990/780/769 1015/1297/1282
f 991/770/759 1015/1297/1282 1016/771/760
f 1016/771/760 1015/1297/1282 1028/1298/1283
f 1016/771/760 1028/1298/1283 1029/772/761
f 1029/772/761 1028/1298/1283 1041/1299/1284
f 1029/772/761 1041/1299/1284 1042/773/762
f 1042/773/762 1041/1299/1284 1054/1300/1285
f 1042/773/762 1054/1300/1285 1055/774/763
f 1055/774/763 1054/1300/1285 1067/1301/1286
f 1055/774/763 1067/1301/1286 1068/775/764
f 1068/775/764 1067/1301/1286 1091/1302/1287
f 1068/775/764 1091/1302/1287 1090/776/765
f 1090/776/765 1091/1302/1287 1081/1303/1288
f 1090/776/765 1081/1303/1288 1082/777/766
f 1082/777/766 1081/1303/1288 1105/1304/1289
f 1082/777/766 1105/1304/1289 1106/778/767
f 1106/778/767 1105/1304/1289 1118/1305/1290
f 1106/778/767 1118/1305/1290 1119/779/768
f 1119/779/768 1118/1305/1290 1131/1306/1291
f 1119/779/768 1131/1306/1291 1132/319/316
f 1132/319/316 1131/1306/1291 1143/321/318
f 1006/1293/1278 1007/710/699 997/712/701
f 1006/1293/1278 997/712/701 998/1294/1279
f 998/1294/1279 997/712/701 1022/714/703
f 998/1294/1279 1022/714/703 1023/1295/1280
f 1023/1295/1280 1022/714/703 1035/716/705
f 1023/1295/1280 1035/716/705 1036/1296/1281
f 1036/1296/1281 1035/716/705 1048/718/707
f 1036/1296/1281 1048/718/707 1049/305/302
f 1049/305/302 1048/718/707 1061/307/304
f 990/780/769 1014/782/771 1015/1297/1282
f 1015/1297/1282 1014/782/771 1027/1307/1292
f 1015/1297/1282 1027/1307/1292 1028/1298/1283
f 1028/1298/1283 1027/1307/1292 1040/1308/1293
f 1028/1298/1283 1040/1308/1293 1041/1299/1284
f 1041/1299/1284 1040/1308/1293 1053/1309/1294
f 1041/1299/1284 1053/1309/1294 1054/1300/1285
f 1054/1300/1285 1053/1309/1294 1066/1310/1295
f 1054/1300/1285 1066/1310/1295 1067/1301/1286
f 1067/1301/1286 1066/1310/1295 1092/1311/1296
f 1067/1301/1286 1092/1311/1296 1091/1302/1287
f 1091/1302/1287 1092/1311/1296 1080/1312/1297
f 1091/1302/1287 1080/1312/1297 1081/1303/1288
f 1081/1303/1288 1080/1312/1297 1104/1313/1298
f 1081/1303/1288 1104/1313/1298 1105/1304/1289
f 1105/1304/1289 1104/1313/1298 1117/1314/1299
f 1105/1304/1289 1117/1314/1299 1118/1305/1290
f 1118/1305/1290 1117/1314/1299 1130/1315/1300
f 1118/1305/1290 1130/1315/1300 1131/1306/1291
f 1131/1306/1291 1130/1315/1300 1142/1316/1301
f 1131/1306/1291 1142/1316/1301 1143/321/318
f 1143/321/318 1142/1316/1301 1156/323/320
f 1014/782/771 1026/784/773 1027/1307/1292
f 1027/1307/1292 1026/784/773 1039/1317/1302
f 1027/1307/1292 1039/1317/1302 1040/1308/1293
f 1040/1308/1293 1039/1317/1302 1052/1318/1303
f 1040/1308/1293 1052/1318/1303 1053/1309/1294
f 1053/1309/1294 1052/1318/1303 1065/1319/1304
f 1053/1309/1294 1065/1319/1304 1066/1310/1295
f 1066/1310/1295 1065/1319/1304 1093/1320/1305
f 1066/1310/1295 1093/1320/1305 1092/1311/1296
f 1092/1311/1296 1093/1320/1305 1079/1321/1306
f 1092/1311/1296 1079/1321/1306 1080/1312/1297
f 1080/1312/1297 1079/1321/1306 1103/1322/1307
f 1080/1312/1297 1103/1322/1307 1104/1313/1298
f 1104/1313/1298 1103/1322/1307 1116/1323/1308
f 1104/1313/1298 1116/1323/1308 1117/1314/1299
f 1117/1314/1299 1116/1323/1308 1129/1324/1309
f 1117/1314/1299 1129/1324/1309 1130/1315/1300
f 1130/1315/1300 1129/1324/1309 1141/1325/1310
f 1130/1315/1300 1141/1325/1310 1142/1316/1301
f 1142/1316/1301 1141/1325/1310 1157/1326/1311
f 1142/1316/1301 1157/1326/1311 1156/323/320
f 1156/323/320 1157/1326/1311 1155/325/322
f 1026/784/773 1038/786/775 1039/1317/1302
f 1039/1317/1302 1038/786/775 1051/1327/1312
f 1039/1317/1302 1051/1327/1312 1052/1318/1303
f 1052/1318/1303 1051/1327/1312 1064/1328/1313
f 1052/1318/1303 1064/1328/1313 1065/1319/1304
f 1065/1319/1304 1064/1328/1313 1094/1329/1314
f 1065/1319/1304 1094/1329/1314 1093/1320/1305
f 1093/1320/1305 1094/1329/1314 1078/1330/1315
f 1093/1320/1305 1078/1330/1315 1079/1321/1306
f 1079/1321/1306 1078/1330/1315 1102/1331/1316
f 1079/1321/1306 1102/1331/1316 1103/1322/1307
f 1103/1322/1307 1102/1331/1316 1115/1332/1317
f 1103/1322/1307 1115/1332/1317 1116/1323/1308
f 1116/1323/1308 1115/1332/1317 1128/1333/1318
f 1116/1323/1308 1128/1333/1318 1129/1324/1309
f 1129/1324/1309 1128/1333/1318 1140/1334/1319
f 1129/1324/1309 1140/1334/1319 1141/1325/1310
f 1141/1325/1310 1140/1334/1319 1158/1335/1320
f 1141/1325/1310 1158/1335/1320 1157/1326/1311
f 1157/1326/1311 1158/1335/1320 1154/1336/1321
f 1157/1326/1311 1154/1336/1321 1155/325/322
f 1155/325/322 1154/1336/1321 1179/327/324
f 1038/786/775 1050/788/777 1051/1327/1312
f 1051/1327/1312 1050/788/777 1063/1337/1322
f 1051/1327/1312 1063/1337/1322 1064/1328/1313
f 1064/1328/1313 1063/1337/1322 1095/1338/1323
f 1064/1328/1313 1095/1338/1323 1094/1329/1314
f 1094/1329/1314 1095/1338/1323 1077/1339/1324
f 1094/1329/1314 1077/1339/1324 1078/1330/1315
f 1078/1330/1315 1077/1339/1324 1101/1340/1325
f 1078/1330/1315 1101/1340/1325 1102/1331/1316
f 1102/1331/1316 1101/1340/1325 1114/1341/1326
f 1102/1331/1316 1114/1341/1326 1115/1332/1317
f 1115/1332/1317 1114/1341/1326 1127/1342/1327
f 1115/1332/1317 1127/1342/1327 1128/1333/1318
f 1128/1333/1318 1127/1342/1327 1139/1343/1328
f 1128/1333/1318 1139/1343/1328 1140/1334/1319
f 1140/1334/1319 1139/1343/1328 1159/1344/1329
f 1140/1334/1319 1159/1344/1329 1158/1335/1320
f 1158/1335/1320 1159/1344/1329 1153/1345/1330
f 1158/1335/1320 1153/1345/1330 1154/1336/1321
f 1154/1336/1321 1153/1345/1330 1178/1346/1331
f 1154/1336/1321 1178/1346/1331 1179/327/324
f 1179/327/324 1178/1346/1331 1191/329/326
f 1050/788/777 1062/790/779 1063/1337/1322
f 1063/1337/1322 1062/790/779 1096/792/781
f 1063/1337/1322 1096/792/781 1095/1338/1323
f 1095/1338/1323 1096/792/781 1076/794/783
f 1095/1338/1323 1076/794/783 1077/1339/1324
f 1077/1339/1324 1076/794/783 1100/796/785
f 1077/1339/1324 1100/796/785 1101/1340/1325
f 1101/1340/1325 1100/796/785 1113/798/787
f 1101/1340/1325 1113/798/787 1114/1341/1326
f 1114/1341/1326 1113/798/787 1126/800/789
f 1114/1341/1326 1126/800/789 1127/1342/1327
f 1127/1342/1327 1126/800/789 1138/802/791
f 1127/1342/1327 1138/802/791 1139/1343/1328
f 1139/1343/1328 1138/802/791 1160/804/793
f 1139/1343/1328 1160/804/793 1159/1344/1329
f 1159/1344/1329 1160/804/793 1152/806/795
f 1159/1344/1329 1152/806/795 1153/1345/1330
f 1153/1345/1330 1152/806/795 1177/808/797
f 1153/1345/1330 1177/808/797 1178/1346/1331
f 1178/1346/1331 1177/808/797 1190/810/799
f 1178/1346/1331 1190/810/799 1191/329/326
f 1191/329/326 1190/810/799 1203/331/328
f 1167/858/847 1144/863/852 1145/859/848
f 1145/859/848 1144/863/852 1169/1347/1332
f 1145/859/848 1169/1347/1332 1170/860/849
f 1170/860/849 1169/1347/1332 1182/1348/1333
f 1170/860/849 1182/1348/1333 1183/861/850
f 1183/861/850 1182/1348/1333 1195/1349/1334
f 1183/861/850 1195/1349/1334 1196/862/851
f 1196/862/851 1195/1349/1334 1208/127/126
f 1196/862/851 1208/127/126 1209/129/128
f 1144/863/852 1168/865/854 1169/1347/1332
f 1169/1347/1332 1168/865/854 1181/1350/1335
f 1169/1347/1332 1181/1350/1335 1182/1348/1333
f 1182/1348/1333 1181/1350/1335 1194/1351/1336
f 1182/1348/1333 1194/1351/1336 1195/1349/1334
f 1195/1349/1334 1194/1351/1336 1207/125/124
f 1195/1349/1334 1207/125/124 1208/127/126
f 1168/865/854 1180/867/856 1181/1350/1335
f 1181/1350/1335 1180/867/856 1193/1352/1337
f 1181/1350/1335 1193/1352/1337 1194/1351/1336
f 1194/1351/1336 1193/1352/1337 1206/123/122
f 1194/1351/1336 1206/123/122 1207/125/124
f 1180/867/856 1192/869/858 1193/1352/1337
f 1193/1352/1337 1192/869/858 1205/121/120
f 1193/1352/1337 1205/121/120 1206/123/122
f 1204/119/118 1205/121/120 1192/869/858
usemtl Steel_-_Satin
f 1265/1353/1338 174/1354/1339 1264/1355/1340
f 1264/1355/1340 174/1354/1339 173/1356/1341
f 1264/1355/1340 173/1356/1341 1352/1357/1342
f 1352/1357/1342 173/1356/1341 172/1358/1343
f 1352/1357/1342 172/1358/1343 1351/1359/1344
f 1351/1359/1344 172/1358/1343 171/1360/1345
f 1351/1359/1344 171/1360/1345 1350/1361/1346
f 1350/1361/1346 171/1360/1345 170/1362/1347
f 1350/1361/1346 170/1362/1347 1349/1363/1348
f 1349/1363/1348 170/1362/1347 169/1364/1349
f 1349/1363/1348 169/1364/1349 1348/1365/1350
f 1348/1365/1350 169/1364/1349 168/1366/1351
f 1348/1365/1350 168/1366/1351 1347/1367/1352
f 1347/1367/1352 168/1366/1351 167/1368/1353
f 1347/1367/1352 167/1368/1353 1346/1369/1354
f 1346/1369/1354 167/1368/1353 166/1370/1355
f 1346/1369/1354 166/1370/1355 1345/1371/1356
f 1345/1371/1356 166/1370/1355 165/1372/1357
f 1345/1371/1356 165/1372/1357 1344/1373/1358
f 1344/1373/1358 165/1372/1357 164/1374/1359
f 1344/1373/1358 164/1374/1359 1343/1375/1360
f 1343/1375/1360 164/1374/1359 163/1376/1361
f 1343/1375/1360 163/1376/1361 1342/1377/1362
f 1342/1377/1362 163/1376/1361 162/1378/1363
f 1342/1377/1362 162/1378/1363 1341/1379/1364
f 1341/1379/1364 162/1378/1363 161/1380/1365
f 1341/1379/1364 161/1380/1365 1340/1381/1366
f 1340/1381/1366 161/1380/1365 160/1382/1367
f 1340/1381/1366 160/1382/1367 1339/1383/1368
f 1339/1383/1368 160/1382/1367 159/1384/1369
f 1339/1383/1368 159/1384/1369 1338/1385/1370
f 1338/1385/1370 159/1384/1369 158/1386/1371
f 1338/1385/1370 158/1386/1371 1337/1387/1372
f 1337/1387/1372 158/1386/1371 157/1388/1373
f 1337/1387/1372 157/1388/1373 1336/1389/1374
f 1336/1389/1374 157/1388/1373 156/1390/1375
f 1336/1389/1374 156/1390/1375 1335/1391/1376
f 1335/1391/1376 156/1390/1375 155/1392/1377
f 1335/1391/1376 155/1392/1377 1334/1393/1378
f 1334/1393/1378 155/1392/1377 154/1394/1379
f 1334/1393/1378 154/1394/1379 1333/1395/1380
f 1333/1395/1380 154/1394/1379 153/1396/1381
f 1333/1395/1380 153/1396/1381 1332/1397/1382
f 1332/1397/1382 153/1396/1381 152/1398/1383
f 1332/1397/1382 152/1398/1383 1331/1399/1384
f 1331/1399/1384 152/1398/1383 151/1400/1385
f 1331/1399/1384 151/1400/1385 1330/1401/1386
f 1330/1402/1386 151/1403/1385 150/1404/1387
f 1330/1402/1386 150/1404/1387 1329/1405/1388
f 1329/1405/1388 150/1404/1387 149/1406/1389
f 1329/1405/1388 149/1406/1389 1328/1407/1390
f 1328/1407/1390 149/1406/1389 148/1408/1391
f 1328/1407/1390 148/1408/1391 1327/1409/1392
f 1327/1409/1392 148/1408/1391 147/1410/1393
f 1327/1409/1392 147/1410/1393 1326/1411/1394
f 1326/1411/1394 147/1410/1393 146/1412/1395
f 1326/1411/1394 146/1412/1395 1325/1413/1396
f 1325/1413/1396 146/1412/1395 145/1414/1397
f 1325/1413/1396 145/1414/1397 1324/1415/1398
f 1324/1415/1398 145/1414/1397 144/1416/1399
f 1324/1415/1398 144/1416/1399 1323/1417/1400
f 1323/1417/1400 144/1416/1399 143/1418/1401
f 1323/1417/1400 143/1418/1401 1322/1419/1402
f 1322/1419/1402 143/1418/1401 142/1420/1403
f 1322/1419/1402 142/1420/1403 1321/1421/1404
f 1321/1421/1404 142/1420/1403 141/1422/1405
f 1321/1421/1404 141/1422/1405 1320/1423/1406
f 1320/1423/1406 141/1422/1405 140/1424/1407
f 1320/1423/1406 140/1424/1407 1319/1425/1408
f 1319/1425/1408 140/1424/1407 139/1426/1409
f 1319/1425/1408 139/1426/1409 1318/1427/1410
f 1318/1427/1410 139/1426/1409 138/1428/1411
f 1318/1427/1410 138/1428/1411 1317/1429/1412
f 1317/1429/1412 138/1428/1411 137/1430/1413
f 1317/1429/1412 137/1430/1413 1316/1431/1414
f 1316/1431/1414 137/1430/1413 136/1432/1415
f 1316/1431/1414 136/1432/1415 1315/1433/1416
f 1315/1433/1416 136/1432/1415 135/1434/1417
f 1315/1433/1416 135/1434/1417 1314/1435/1418
f 1314/1435/1418 135/1434/1417 134/1436/1419
f 1314/1435/1418 134/1436/1419 1313/1437/1420
f 1313/1437/1420 134/1436/1419 133/1438/1421
f 1313/1437/1420 133/1438/1421 1312/1439/1422
f 1312/1439/1422 133/1438/1421 132/1440/247
f 1312/1439/1422 132/1440/247 1311/1441/1423
f 1311/1441/1423 132/1440/247 131/1442/249
f 1311/1441/1423 131/1442/249 1310/1443/1424
f 1310/1443/1424 131/1442/249 130/1444/251
f 1310/1443/1424 130/1444/251 1309/1445/1425
f 1309/1445/1425 130/1444/251 129/1446/253
f 1309/1445/1425 129/1446/253 1308/1447/1426
f 1308/1447/1426 129/1446/253 128/1448/255
f 1308/1447/1426 128/1448/255 1307/1449/1427
f 1307/1449/1427 128/1448/255 127/1450/257
f 1307/1449/1427 127/1450/257 1306/1451/1428
f 1306/1451/1428 127/1450/257 126/1452/259
f 1306/1451/1428 126/1452/259 1305/1453/1429
f 1305/1453/1429 126/1452/259 125/1454/1430
f 1305/1453/1429 125/1454/1430 1304/1455/1431
f 1304/1455/1431 125/1454/1430 124/1456/1432
f 1304/1455/1431 124/1456/1432 1303/1457/1433
f 1303/1457/1433 124/1456/1432 123/1458/1434
f 1303/1457/1433 123/1458/1434 1302/1459/1435
f 1302/1459/1435 123/1458/1434 122/1460/1436
f 1302/1459/1435 122/1460/1436 1301/1461/1437
f 1301/1461/1437 122/1460/1436 121/1462/1438
f 1301/1461/1437 121/1462/1438 1300/1463/1439
f 1300/1463/1439 121/1462/1438 120/1464/1440
f 1300/1463/1439 120/1464/1440 1299/1465/1441
f 1299/1465/1441 120/1464/1440 119/1466/1442
f 1299/1465/1441 119/1466/1442 1298/1467/1443
f 1298/1467/1443 119/1466/1442 118/1468/1444
f 1298/1467/1443 118/1468/1444 1297/1469/1445
f 1297/1469/1445 118/1468/1444 117/1470/1446
f 1297/1469/1445 117/1470/1446 1296/1471/1447
f 1296/1471/1447 117/1470/1446 116/1472/1448
f 1296/1471/1447 116/1472/1448 1295/1473/1449
f 1295/1473/1449 116/1472/1448 115/1474/1450
f 1295/1473/1449 115/1474/1450 1294/1475/1451
f 1294/1475/1451 115/1474/1450 114/1476/1452
f 1294/1475/1451 114/1476/1452 1293/1477/1453
f 1293/1477/1453 114/1476/1452 113/1478/1454
f 1293/1477/1453 113/1478/1454 1292/1479/1455
f 1292/1479/1455 113/1478/1454 112/1480/1456
f 1292/1479/1455 112/1480/1456 1291/1481/1457
f 1291/1481/1457 112/1480/1456 111/1482/1458
f 1291/1481/1457 111/1482/1458 1290/1483/1459
f 1290/1483/1459 111/1482/1458 110/1484/1460
f 1290/1483/1459 110/1484/1460 1289/1485/1461
f 1289/1485/1461 110/1484/1460 109/1486/1462
f 1289/1485/1461 109/1486/1462 1288/1487/1463
f 1288/1487/1463 109/1486/1462 108/1488/1464
f 1288/1487/1463 108/1488/1464 1287/1489/1465
f 1287/1489/1465 108/1488/1464 107/1490/297
f 1287/1489/1465 107/1490/297 1286/1491/1466
f 1286/1491/1466 107/1490/297 195/1492/1467
f 1286/1491/1466 195/1492/1467 1285/1493/1468
f 1285/1493/1468 195/1492/1467 194/1494/1469
f 1285/1493/1468 194/1494/1469 1284/1495/1470
f 1284/1495/1470 194/1494/1469 193/1496/1471
f 1284/1495/1470 193/1496/1471 1283/1497/1472
f 1283/1497/1472 193/1496/1471 192/1498/1473
f 1283/1497/1472 192/1498/1473 1282/1499/1474
f 1282/1499/1474 192/1498/1473 191/1500/1475
f 1282/1499/1474 191/1500/1475 1281/1501/1476
f 1281/1501/1476 191/1500/1475 190/1502/1477
f 1281/1501/1476 190/1502/1477 1280/1503/1478
f 1280/1503/1478 190/1502/1477 189/1504/1479
f 1280/1503/1478 189/1504/1479 1279/1505/1480
f 1279/1505/1480 189/1504/1479 188/1506/1481
f 1279/1505/1480 188/1506/1481 1278/1507/1482
f 1278/1507/1482 188/1506/1481 187/1508/1483
f 1278/1507/1482 187/1508/1483 1277/1509/1484
f 1277/1509/1484 187/1508/1483 186/1510/1485
f 1277/1509/1484 186/1510/1485 1276/1511/1486
f 1276/1511/1486 186/1510/1485 185/1512/1487
f 1276/1511/1486 185/1512/1487 1275/1513/1488
f 1275/1513/1488 185/1512/1487 184/1514/1489
f 1275/1513/1488 184/1514/1489 1274/1515/1490
f 1274/1515/1490 184/1514/1489 183/1516/1491
f 1274/1515/1490 183/1516/1491 1273/1517/1492
f 1273/1517/1492 183/1516/1491 182/1518/1493
f 1273/1517/1492 182/1518/1493 1272/1519/1494
f 1272/1519/1494 182/1518/1493 181/1520/1495
f 1272/1519/1494 181/1520/1495 1271/1521/1496
f 1271/1521/1496 181/1520/1495 180/1522/1497
f 1271/1521/1496 180/1522/1497 1270/1523/1498
f 1270/1523/1498 180/1522/1497 179/1524/1499
f 1270/1523/1498 179/1524/1499 1269/1525/1500
f 1269/1525/1500 179/1524/1499 178/1526/1501
f 1269/1525/1500 178/1526/1501 1268/1527/1502
f 1268/1527/1502 178/1526/1501 177/1528/1503
f 1268/1527/1502 177/1528/1503 1267/1529/1504
f 1267/1529/1504 177/1528/1503 176/1530/1505
f 1267/1529/1504 176/1530/1505 1266/1531/1506
f 1266/1531/1506 176/1530/1505 175/1532/1507
f 1266/1531/1506 175/1532/1507 1265/1353/1338
f 1265/1353/1338 175/1532/1507 174/1354/1339
usemtl Rubber_-_Soft
f 1354/1533/1508 1453/1534/1509 1353/1535/1510
f 1353/1535/1510 1453/1534/1509 1476/1536/1511
f 1353/1535/1510 1476/1536/1511 1427/1537/1512
f 1427/1537/1512 1476/1536/1511 1443/1538/1513
f 1427/1537/1512 1443/1538/1513 1426/1539/1514
f 1426/1539/1514 1443/1538/1513 2473/1540/1515
f 1426/1539/1514 2473/1540/1515 2461/1541/1516
f 2461/1541/1516 2473/1540/1515 2474/1542/1517
f 2461/1541/1516 2474/1542/1517 2462/1543/1518
f 2462/1543/1518 2474/1542/1517 2475/1544/1519
f 2462/1543/1518 2475/1544/1519 2463/1545/1520
f 2463/1545/1520 2475/1544/1519 2476/1546/1521
f 2463/1545/1520 2476/1546/1521 2464/1547/1522
f 2464/1547/1522 2476/1546/1521 2477/1548/1523
f 2464/1547/1522 2477/1548/1523 2465/1549/1524
f 2465/1549/1524 2477/1548/1523 2478/1550/1525
f 2465/1549/1524 2478/1550/1525 2466/1551/1526
f 2466/1551/1526 2478/1550/1525 2479/1552/1527
f 2466/1551/1526 2479/1552/1527 2467/1553/1528
f 2467/1553/1528 2479/1552/1527 2480/1554/1529
f 2467/1553/1528 2480/1554/1529 2468/1555/1530
f 2468/1555/1530 2480/1554/1529 2481/1556/1531
f 2468/1555/1530 2481/1556/1531 2469/1557/1532
f 2469/1557/1532 2481/1556/1531 2482/1558/1533
f 2469/1557/1532 2482/1558/1533 2470/1559/1534
f 2470/1559/1534 2482/1558/1533 2483/1560/1535
f 2470/1559/1534 2483/1560/1535 2471/1561/1536
f 2471/1561/1536 2483/1560/1535 2484/1562/1537
f 2471/1561/1536 2484/1562/1537 2472/1563/1538
f 2472/1563/1538 2484/1562/1537 1350/1564/1346
f 2472/1563/1538 1350/1564/1346 1349/1565/1348
f 1453/1534/1509 1354/1533/1508 1477/1566/1539
f 1477/1566/1539 1354/1533/1508 1355/1567/1540
f 1477/1566/1539 1355/1567/1540 1489/1568/1541
f 1489/1568/1541 1355/1567/1540 1356/1569/1542
f 1489/1568/1541 1356/1569/1542 1444/1570/1543
f 1444/1570/1543 1356/1569/1542 1357/1571/1544
f 1444/1570/1543 1357/1571/1544 1535/1572/1545
f 1535/1572/1545 1357/1571/1544 1512/1573/1546
f 1535/1572/1545 1512/1573/1546 1513/1574/1547
f 1513/1574/1547 1512/1573/1546 1537/1575/1548
f 1513/1574/1547 1537/1575/1548 1538/1576/1549
f 1538/1576/1549 1537/1575/1548 1550/1577/1550
f 1538/1576/1549 1550/1577/1550 1551/1578/1551
f 1551/1578/1551 1550/1577/1550 1563/1579/1552
f 1551/1578/1551 1563/1579/1552 1564/1580/1553
f 1564/1580/1553 1563/1579/1552 1575/1581/1554
f 1564/1580/1553 1575/1581/1554 1576/1582/1555
f 1576/1582/1555 1575/1581/1554 1601/1583/1556
f 1576/1582/1555 1601/1583/1556 1600/1584/1557
f 1600/1584/1557 1601/1583/1556 1589/1585/1558
f 1600/1584/1557 1589/1585/1558 1590/1586/1559
f 1590/1586/1559 1589/1585/1558 1614/1587/1560
f 1590/1586/1559 1614/1587/1560 1615/1588/1561
f 1615/1588/1561 1614/1587/1560 1627/1589/1562
f 1615/1588/1561 1627/1589/1562 1628/1590/1563
f 1628/1590/1563 1627/1589/1562 1640/1591/1564
f 1628/1590/1563 1640/1591/1564 1641/1592/1565
f 1641/1592/1565 1640/1591/1564 1653/1593/1566
f 1641/1592/1565 1653/1593/1566 1654/1594/1567
f 1654/1594/1567 1653/1593/1566 1666/1595/1568
f 1654/1594/1567 1666/1595/1568 1280/1596/1478
f 1280/1596/1478 1666/1595/1568 1281/1597/1476
f 1281/1597/1476 1666/1595/1568 1679/1598/1569
f 1281/1597/1476 1679/1598/1569 1282/1599/1474
f 1282/1599/1474 1679/1598/1569 1678/1600/1570
f 1282/1599/1474 1678/1600/1570 1283/1601/1472
f 1283/1601/1472 1678/1600/1570 1701/1602/1571
f 1283/1601/1472 1701/1602/1571 1284/1603/1572
f 1284/1603/1572 1701/1602/1571 1713/1604/1573
f 1284/1603/1572 1713/1604/1573 1285/1605/1574
f 1285/1605/1574 1713/1604/1573 1725/1606/1575
f 1285/1605/1574 1725/1606/1575 1286/1607/1576
f 1286/1607/1576 1725/1606/1575 1736/1608/1577
f 1286/1607/1576 1736/1608/1577 1287/1609/1578
f 1287/1609/1578 1736/1608/1577 1749/1610/1579
f 1287/1609/1578 1749/1610/1579 1288/1611/1580
f 1288/1611/1580 1749/1610/1579 1748/1612/1581
f 1288/1611/1580 1748/1612/1581 1289/1613/1461
f 1289/1613/1461 1748/1612/1581 1772/1614/1582
f 1289/1613/1461 1772/1614/1582 1290/1615/1459
f 1290/1615/1459 1772/1614/1582 1784/1616/1583
f 1290/1615/1459 1784/1616/1583 1291/1617/1457
f 1291/1617/1457 1784/1616/1583 1796/1618/1584
f 1291/1617/1457 1796/1618/1584 1292/1619/1455
f 1292/1619/1455 1796/1618/1584 1808/1620/1585
f 1292/1619/1455 1808/1620/1585 1293/1621/1453
f 1293/1621/1453 1808/1620/1585 1821/1622/1586
f 1293/1621/1453 1821/1622/1586 1294/1623/1451
f 1294/1623/1451 1821/1622/1586 1820/1624/1587
f 1294/1623/1451 1820/1624/1587 1295/1625/1449
f 1295/1625/1449 1820/1624/1587 1844/1626/1588
f 1295/1625/1449 1844/1626/1588 1296/1627/1447
f 1296/1627/1447 1844/1626/1588 1856/1628/1589
f 1296/1627/1447 1856/1628/1589 1297/1629/1445
f 1297/1629/1445 1856/1628/1589 1868/1630/1590
f 1297/1629/1445 1868/1630/1590 1298/1631/1443
f 1298/1631/1443 1868/1630/1590 1880/1632/1591
f 1298/1631/1443 1880/1632/1591 1299/1633/1441
f 1299/1633/1441 1880/1632/1591 1892/1634/1592
f 1299/1633/1441 1892/1634/1592 1300/1635/1439
f 1300/1635/1439 1892/1634/1592 1905/1636/1593
f 1300/1635/1439 1905/1636/1593 1301/1637/1437
f 1301/1637/1437 1905/1636/1593 1904/1638/1594
f 1301/1637/1437 1904/1638/1594 1302/1639/1435
f 1302/1639/1435 1904/1638/1594 1927/1640/1595
f 1302/1639/1435 1927/1640/1595 1303/1641/1433
f 1303/1641/1433 1927/1640/1595 1939/1642/1596
f 1303/1641/1433 1939/1642/1596 1304/1643/1431
f 1304/1643/1431 1939/1642/1596 1951/1644/1597
f 1304/1643/1431 1951/1644/1597 1305/1645/1429
f 1305/1645/1429 1951/1644/1597 1962/1646/1598
f 1305/1645/1429 1962/1646/1598 1306/1647/1428
f 1306/1647/1428 1962/1646/1598 1975/1648/1599
f 1306/1647/1428 1975/1648/1599 1307/1649/1427
f 1307/1649/1427 1975/1648/1599 1974/1650/1600
f 1307/1649/1427 1974/1650/1600 1308/1651/1426
f 1308/1651/1426 1974/1650/1600 1998/1652/1601
f 1308/1651/1426 1998/1652/1601 1309/1653/1425
f 1309/1653/1425 1998/1652/1601 2010/1654/1602
f 1309/1653/1425 2010/1654/1602 1310/1655/1424
f 1310/1655/1424 2010/1654/1602 2022/1656/1603
f 1310/1655/1424 2022/1656/1603 1311/1657/1423
f 1311/1657/1423 2022/1656/1603 2034/1658/1604
f 1311/1657/1423 2034/1658/1604 1312/1659/1422
f 1312/1659/1422 2034/1658/1604 2046/1660/1605
f 1312/1659/1422 2046/1660/1605 1313/1661/1420
f 1313/1661/1420 2046/1660/1605 2059/1662/1606
f 1313/1661/1420 2059/1662/1606 1314/1663/1418
f 1314/1663/1418 2059/1662/1606 2058/1664/1607
f 1314/1663/1418 2058/1664/1607 1315/1665/1416
f 1315/1665/1416 2058/1664/1607 2081/1666/1608
f 1315/1665/1416 2081/1666/1608 1316/1667/1414
f 1316/1667/1414 2081/1666/1608 2093/1668/1609
f 1316/1667/1414 2093/1668/1609 1317/1669/1412
f 1317/1669/1412 2093/1668/1609 2105/1670/1610
f 1317/1669/1412 2105/1670/1610 1318/1671/1410
f 1318/1671/1410 2105/1670/1610 2117/1672/1611
f 1318/1671/1410 2117/1672/1611 1319/1673/1408
f 1319/1673/1408 2117/1672/1611 2130/1674/1612
f 1319/1673/1408 2130/1674/1612 1320/1675/1406
f 1320/1675/1406 2130/1674/1612 2129/1676/1613
f 1320/1675/1406 2129/1676/1613 1321/1677/1404
f 1321/1677/1404 2129/1676/1613 2152/1678/1614
f 1321/1677/1404 2152/1678/1614 1322/1679/1402
f 1322/1679/1402 2152/1678/1614 2164/1680/1615
f 1322/1679/1402 2164/1680/1615 1323/1681/1400
f 1323/1681/1400 2164/1680/1615 2176/1682/1616
f 1323/1681/1400 2176/1682/1616 1324/1683/1398
f 1324/1683/1398 2176/1682/1616 2187/1684/1617
f 1324/1683/1398 2187/1684/1617 1325/1685/1396
f 1325/1685/1396 2187/1684/1617 2200/1686/1618
f 1325/1685/1396 2200/1686/1618 1326/1687/1394
f 1326/1687/1394 2200/1686/1618 2199/1688/1619
f 1326/1687/1394 2199/1688/1619 1327/1689/1392
f 1327/1689/1392 2199/1688/1619 2223/1690/1620
f 1327/1689/1392 2223/1690/1620 1328/1691/1621
f 1328/1691/1621 2223/1690/1620 2235/1692/1622
f 1328/1691/1621 2235/1692/1622 1329/1693/1623
f 1329/1693/1623 2235/1692/1622 2247/1694/1624
f 1329/1693/1623 2247/1694/1624 1330/1695/1625
f 1330/1695/1625 2247/1694/1624 1439/1696/1626
f 1330/1695/1625 1439/1696/1626 1331/1697/1627
f 1331/1698/1627 1439/1699/1626 2259/1700/1628
f 1331/1698/1627 2259/1700/1628 1332/1701/1629
f 1332/1701/1629 2259/1700/1628 2272/1702/1630
f 1332/1701/1629 2272/1702/1630 1333/1703/1631
f 1333/1703/1631 2272/1702/1630 2271/1704/1632
f 1333/1703/1631 2271/1704/1632 1334/1705/1378
f 1334/1705/1378 2271/1704/1632 2294/1706/1633
f 1334/1705/1378 2294/1706/1633 1335/1707/1376
f 1335/1707/1376 2294/1706/1633 2306/1708/1634
f 1335/1707/1376 2306/1708/1634 1336/1709/1374
f 1336/1709/1374 2306/1708/1634 2318/1710/1635
f 1336/1709/1374 2318/1710/1635 1337/1711/1372
f 1337/1711/1372 2318/1710/1635 2330/1712/1636
f 1337/1711/1372 2330/1712/1636 1338/1713/1370
f 1338/1713/1370 2330/1712/1636 2343/1714/1637
f 1338/1713/1370 2343/1714/1637 1339/1715/1368
f 1339/1715/1368 2343/1714/1637 2342/1716/1638
f 1339/1715/1368 2342/1716/1638 1340/1717/1366
f 1340/1717/1366 2342/1716/1638 2365/1718/1639
f 1340/1717/1366 2365/1718/1639 1341/1719/1364
f 1341/1719/1364 2365/1718/1639 2377/1720/1640
f 1341/1719/1364 2377/1720/1640 1342/1721/1362
f 1342/1721/1362 2377/1720/1640 2389/1722/1641
f 1342/1721/1362 2389/1722/1641 1343/1723/1360
f 1343/1723/1360 2389/1722/1641 2400/1724/1642
f 1343/1723/1360 2400/1724/1642 1344/1725/1358
f 1344/1725/1358 2400/1724/1642 2413/1726/1643
f 1344/1725/1358 2413/1726/1643 1345/1727/1356
f 1345/1727/1356 2413/1726/1643 2412/1728/1644
f 1345/1727/1356 2412/1728/1644 1346/1729/1354
f 1346/1729/1354 2412/1728/1644 2436/1730/1645
f 1346/1729/1354 2436/1730/1645 1347/1731/1352
f 1347/1731/1352 2436/1730/1645 2448/1732/1646
f 1347/1731/1352 2448/1732/1646 1348/1733/1350
f 1348/1733/1350 2448/1732/1646 2460/1734/1647
f 1348/1733/1350 2460/1734/1647 1349/1565/1348
f 1349/1565/1348 2460/1734/1647 2472/1563/1538
f 1357/1571/1544 1358/1735/1648 1512/1573/1546
f 1512/1573/1546 1358/1735/1648 1536/1736/1649
f 1512/1573/1546 1536/1736/1649 1537/1575/1548
f 1537/1575/1548 1536/1736/1649 1549/1737/1650
f 1537/1575/1548 1549/1737/1650 1550/1577/1550
f 1550/1577/1550 1549/1737/1650 1562/1738/1651
f 1550/1577/1550 1562/1738/1651 1563/1579/1552
f 1563/1579/1552 1562/1738/1651 1574/1739/1652
f 1563/1579/1552 1574/1739/1652 1575/1581/1554
f 1575/1581/1554 1574/1739/1652 1602/1740/1653
f 1575/1581/1554 1602/1740/1653 1601/1583/1556
f 1601/1583/1556 1602/1740/1653 1588/1741/1654
f 1601/1583/1556 1588/1741/1654 1589/1585/1558
f 1589/1585/1558 1588/1741/1654 1613/1742/1655
f 1589/1585/1558 1613/1742/1655 1614/1587/1560
f 1614/1587/1560 1613/1742/1655 1626/1743/1656
f 1614/1587/1560 1626/1743/1656 1627/1589/1562
f 1627/1589/1562 1626/1743/1656 1639/1744/1657
f 1627/1589/1562 1639/1744/1657 1640/1591/1564
f 1640/1591/1564 1639/1744/1657 1652/1745/1658
f 1640/1591/1564 1652/1745/1658 1653/1593/1566
f 1653/1593/1566 1652/1745/1658 1665/1746/1659
f 1653/1593/1566 1665/1746/1659 1666/1595/1568
f 1666/1595/1568 1665/1746/1659 1679/1598/1569
f 1358/1735/1648 1359/1747/1660 1536/1736/1649
f 1536/1736/1649 1359/1747/1660 1548/1748/1661
f 1536/1736/1649 1548/1748/1661 1549/1737/1650
f 1549/1737/1650 1548/1748/1661 1561/1749/1662
f 1549/1737/1650 1561/1749/1662 1562/1738/1651
f 1562/1738/1651 1561/1749/1662 1573/1750/1663
f 1562/1738/1651 1573/1750/1663 1574/1739/1652
f 1574/1739/1652 1573/1750/1663 1603/1751/1664
f 1574/1739/1652 1603/1751/1664 1602/1740/1653
f 1602/1740/1653 1603/1751/1664 1587/1752/1665
f 1602/1740/1653 1587/1752/1665 1588/1741/1654
f 1588/1741/1654 1587/1752/1665 1612/1753/1666
f 1588/1741/1654 1612/1753/1666 1613/1742/1655
f 1613/1742/1655 1612/1753/1666 1625/1754/1667
f 1613/1742/1655 1625/1754/1667 1626/1743/1656
f 1626/1743/1656 1625/1754/1667 1638/1755/1668
f 1626/1743/1656 1638/1755/1668 1639/1744/1657
f 1639/1744/1657 1638/1755/1668 1651/1756/1669
f 1639/1744/1657 1651/1756/1669 1652/1745/1658
f 1652/1745/1658 1651/1756/1669 1664/1757/1670
f 1652/1745/1658 1664/1757/1670 1665/1746/1659
f 1665/1746/1659 1664/1757/1670 1680/1758/1671
f 1665/1746/1659 1680/1758/1671 1679/1598/1569
f 1679/1598/1569 1680/1758/1671 1678/1600/1570
f 1359/1747/1660 1360/1759/1672 1548/1748/1661
f 1548/1748/1661 1360/1759/1672 1560/1760/1673
f 1548/1748/1661 1560/1760/1673 1561/1749/1662
f 1561/1749/1662 1560/1760/1673 1572/1761/1674
f 1561/1749/1662 1572/1761/1674 1573/1750/1663
f 1573/1750/1663 1572/1761/1674 1604/1762/1675
f 1573/1750/1663 1604/1762/1675 1603/1751/1664
f 1603/1751/1664 1604/1762/1675 1586/1763/1676
f 1603/1751/1664 1586/1763/1676 1587/1752/1665
f 1587/1752/1665 1586/1763/1676 1611/1764/1677
f 1587/1752/1665 1611/1764/1677 1612/1753/1666
f 1612/1753/1666 1611/1764/1677 1624/1765/1678
f 1612/1753/1666 1624/1765/1678 1625/1754/1667
f 1625/1754/1667 1624/1765/1678 1637/1766/1679
f 1625/1754/1667 1637/1766/1679 1638/1755/1668
f 1638/1755/1668 1637/1766/1679 1650/1767/1680
f 1638/1755/1668 1650/1767/1680 1651/1756/1669
f 1651/1756/1669 1650/1767/1680 1663/1768/1681
f 1651/1756/1669 1663/1768/1681 1664/1757/1670
f 1664/1757/1670 1663/1768/1681 1681/1769/1682
f 1664/1757/1670 1681/1769/1682 1680/1758/1671
f 1680/1758/1671 1681/1769/1682 1677/1770/1683
f 1680/1758/1671 1677/1770/1683 1678/1600/1570
f 1678/1600/1570 1677/1770/1683 1701/1602/1571
f 1360/1759/1672 1361/1771/1684 1560/1760/1673
f 1560/1760/1673 1361/1771/1684 1445/1772/1685
f 1560/1760/1673 1445/1772/1685 1572/1761/1674
f 1572/1761/1674 1445/1772/1685 1605/1773/1686
f 1572/1761/1674 1605/1773/1686 1604/1762/1675
f 1604/1762/1675 1605/1773/1686 1585/1774/1687
f 1604/1762/1675 1585/1774/1687 1586/1763/1676
f 1586/1763/1676 1585/1774/1687 1610/1775/1688
f 1586/1763/1676 1610/1775/1688 1611/1764/1677
f 1611/1764/1677 1610/1775/1688 1623/1776/1689
f 1611/1764/1677 1623/1776/1689 1624/1765/1678
f 1624/1765/1678 1623/1776/1689 1636/1777/1690
f 1624/1765/1678 1636/1777/1690 1637/1766/1679
f 1637/1766/1679 1636/1777/1690 1649/1778/1691
f 1637/1766/1679 1649/1778/1691 1650/1767/1680
f 1650/1767/1680 1649/1778/1691 1662/1779/1692
f 1650/1767/1680 1662/1779/1692 1663/1768/1681
f 1663/1768/1681 1662/1779/1692 1682/1780/1693
f 1663/1768/1681 1682/1780/1693 1681/1769/1682
f 1681/1769/1682 1682/1780/1693 1676/1781/1694
f 1681/1769/1682 1676/1781/1694 1677/1770/1683
f 1677/1770/1683 1676/1781/1694 1700/1782/1695
f 1677/1770/1683 1700/1782/1695 1701/1602/1571
f 1701/1602/1571 1700/1782/1695 1713/1604/1573
f 1361/1771/1684 1362/1783/1696 1445/1772/1685
f 1445/1772/1685 1362/1783/1696 1606/1784/1697
f 1445/1772/1685 1606/1784/1697 1605/1773/1686
f 1605/1773/1686 1606/1784/1697 1584/1785/1698
f 1605/1773/1686 1584/1785/1698 1585/1774/1687
f 1585/1774/1687 1584/1785/1698 1609/1786/1699
f 1585/1774/1687 1609/1786/1699 1610/1775/1688
f 1610/1775/1688 1609/1786/1699 1622/1787/1700
f 1610/1775/1688 1622/1787/1700 1623/1776/1689
f 1623/1776/1689 1622/1787/1700 1635/1788/1701
f 1623/1776/1689 1635/1788/1701 1636/1777/1690
f 1636/1777/1690 1635/1788/1701 1648/1789/1702
f 1636/1777/1690 1648/1789/1702 1649/1778/1691
f 1649/1778/1691 1648/1789/1702 1661/1790/1703
f 1649/1778/1691 1661/1790/1703 1662/1779/1692
f 1662/1779/1692 1661/1790/1703 1683/1791/1704
f 1662/1779/1692 1683/1791/1704 1682/1780/1693
f 1682/1780/1693 1683/1791/1704 1675/1792/1705
f 1682/1780/1693 1675/1792/1705 1676/1781/1694
f 1676/1781/1694 1675/1792/1705 1699/1793/1706
f 1676/1781/1694 1699/1793/1706 1700/1782/1695
f 1700/1782/1695 1699/1793/1706 1712/1794/1707
f 1700/1782/1695 1712/1794/1707 1713/1604/1573
f 1713/1604/1573 1712/1794/1707 1725/1606/1575
f 1606/1784/1697 1362/1783/1696 1583/1795/1708
f 1583/1795/1708 1362/1783/1696 1363/1796/1709
f 1583/1795/1708 1363/1796/1709 1607/1797/1710
f 1607/1797/1710 1363/1796/1709 1364/1798/1711
f 1607/1797/1710 1364/1798/1711 1619/1799/1712
f 1619/1799/1712 1364/1798/1711 1365/1800/1713
f 1619/1799/1712 1365/1800/1713 1631/1801/1714
f 1631/1801/1714 1365/1800/1713 1366/1802/1715
f 1631/1801/1714 1366/1802/1715 1643/1803/1716
f 1643/1803/1716 1366/1802/1715 1367/1804/1717
f 1643/1803/1716 1367/1804/1717 1655/1805/1718
f 1655/1805/1718 1367/1804/1717 1446/1806/1719
f 1655/1805/1718 1446/1806/1719 1689/1807/1720
f 1689/1807/1720 1446/1806/1719 1668/1808/1721
f 1689/1807/1720 1668/1808/1721 1669/1809/1722
f 1669/1809/1722 1668/1808/1721 1692/1810/1723
f 1669/1809/1722 1692/1810/1723 1693/1811/1724
f 1693/1811/1724 1692/1810/1723 1705/1812/1725
f 1693/1811/1724 1705/1812/1725 1706/1813/1726
f 1706/1813/1726 1705/1812/1725 1718/1814/1727
f 1706/1813/1726 1718/1814/1727 1719/1815/1728
f 1719/1815/1728 1718/1814/1727 1730/1816/1729
f 1719/1815/1728 1730/1816/1729 1731/1817/1730
f 1731/1817/1730 1730/1816/1729 1754/1818/1731
f 1731/1817/1730 1754/1818/1731 1753/1819/1732
f 1753/1819/1732 1754/1818/1731 1744/1820/1733
f 1753/1819/1732 1744/1820/1733 1745/1821/1734
f 1745/1821/1734 1744/1820/1733 1769/1822/1735
f 1745/1821/1734 1769/1822/1735 1770/1823/1736
f 1770/1823/1736 1769/1822/1735 1782/1824/1737
f 1770/1823/1736 1782/1824/1737 1783/1825/1738
f 1783/1825/1738 1782/1824/1737 1795/1826/1739
f 1783/1825/1738 1795/1826/1739 1796/1618/1584
f 1796/1618/1584 1795/1826/1739 1808/1620/1585
f 1367/1804/1717 1368/1827/1740 1446/1806/1719
f 1446/1806/1719 1368/1827/1740 1667/1828/1741
f 1446/1806/1719 1667/1828/1741 1668/1808/1721
f 1668/1808/1721 1667/1828/1741 1691/1829/1742
f 1668/1808/1721 1691/1829/1742 1692/1810/1723
f 1692/1810/1723 1691/1829/1742 1704/1830/1743
f 1692/1810/1723 1704/1830/1743 1705/1812/1725
f 1705/1812/1725 1704/1830/1743 1717/1831/1744
f 1705/1812/1725 1717/1831/1744 1718/1814/1727
f 1718/1814/1727 1717/1831/1744 1729/1832/1745
f 1718/1814/1727 1729/1832/1745 1730/1816/1729
f 1730/1816/1729 1729/1832/1745 1755/1833/1746
f 1730/1816/1729 1755/1833/1746 1754/1818/1731
f 1754/1818/1731 1755/1833/1746 1743/1834/1747
f 1754/1818/1731 1743/1834/1747 1744/1820/1733
f 1744/1820/1733 1743/1834/1747 1768/1835/1748
f 1744/1820/1733 1768/1835/1748 1769/1822/1735
f 1769/1822/1735 1768/1835/1748 1781/1836/1749
f 1769/1822/1735 1781/1836/1749 1782/1824/1737
f 1782/1824/1737 1781/1836/1749 1794/1837/1750
f 1782/1824/1737 1794/1837/1750 1795/1826/1739
f 1795/1826/1739 1794/1837/1750 1807/1838/1751
f 1795/1826/1739 1807/1838/1751 1808/1620/1585
f 1808/1620/1585 1807/1838/1751 1821/1622/1586
f 1368/1827/1740 1369/1839/1752 1667/1828/1741
f 1667/1828/1741 1369/1839/1752 1690/1840/1753
f 1667/1828/1741 1690/1840/1753 1691/1829/1742
f 1691/1829/1742 1690/1840/1753 1703/1841/1754
f 1691/1829/1742 1703/1841/1754 1704/1830/1743
f 1704/1830/1743 1703/1841/1754 1716/1842/1755
f 1704/1830/1743 1716/1842/1755 1717/1831/1744
f 1717/1831/1744 1716/1842/1755 1728/1843/1756
f 1717/1831/1744 1728/1843/1756 1729/1832/1745
f 1729/1832/1745 1728/1843/1756 1756/1844/1757
f 1729/1832/1745 1756/1844/1757 1755/1833/1746
f 1755/1833/1746 1756/1844/1757 1742/1845/1758
f 1755/1833/1746 1742/1845/1758 1743/1834/1747
f 1743/1834/1747 1742/1845/1758 1767/1846/1759
f 1743/1834/1747 1767/1846/1759 1768/1835/1748
f 1768/1835/1748 1767/1846/1759 1780/1847/1760
f 1768/1835/1748 1780/1847/1760 1781/1836/1749
f 1781/1836/1749 1780/1847/1760 1793/1848/1761
f 1781/1836/1749 1793/1848/1761 1794/1837/1750
f 1794/1837/1750 1793/1848/1761 1806/1849/1762
f 1794/1837/1750 1806/1849/1762 1807/1838/1751
f 1807/1838/1751 1806/1849/1762 1822/1850/1763
f 1807/1838/1751 1822/1850/1763 1821/1622/1586
f 1821/1622/1586 1822/1850/1763 1820/1624/1587
f 1369/1839/1752 1370/1851/1764 1690/1840/1753
f 1690/1840/1753 1370/1851/1764 1702/1852/1765
f 1690/1840/1753 1702/1852/1765 1703/1841/1754
f 1703/1841/1754 1702/1852/1765 1715/1853/1766
f 1703/1841/1754 1715/1853/1766 1716/1842/1755
f 1716/1842/1755 1715/1853/1766 1727/1854/1767
f 1716/1842/1755 1727/1854/1767 1728/1843/1756
f 1728/1843/1756 1727/1854/1767 1757/1855/1768
f 1728/1843/1756 1757/1855/1768 1756/1844/1757
f 1756/1844/1757 1757/1855/1768 1741/1856/1769
f 1756/1844/1757 1741/1856/1769 1742/1845/1758
f 1742/1845/1758 1741/1856/1769 1766/1857/1770
f 1742/1845/1758 1766/1857/1770 1767/1846/1759
f 1767/1846/1759 1766/1857/1770 1779/1858/1771
f 1767/1846/1759 1779/1858/1771 1780/1847/1760
f 1780/1847/1760 1779/1858/1771 1792/1859/1772
f 1780/1847/1760 1792/1859/1772 1793/1848/1761
f 1793/1848/1761 1792/1859/1772 1805/1860/1773
f 1793/1848/1761 1805/1860/1773 1806/1849/1762
f 1806/1849/1762 1805/1860/1773 1823/1861/1774
f 1806/1849/1762 1823/1861/1774 1822/1850/1763
f 1822/1850/1763 1823/1861/1774 1819/1862/1775
f 1822/1850/1763 1819/1862/1775 1820/1624/1587
f 1820/1624/1587 1819/1862/1775 1844/1626/1588
f 1370/1851/1764 1371/1863/1776 1702/1852/1765
f 1702/1852/1765 1371/1863/1776 1714/1864/1777
f 1702/1852/1765 1714/1864/1777 1715/1853/1766
f 1715/1853/1766 1714/1864/1777 1726/1865/1778
f 1715/1853/1766 1726/1865/1778 1727/1854/1767
f 1727/1854/1767 1726/1865/1778 1758/1866/1779
f 1727/1854/1767 1758/1866/1779 1757/1855/1768
f 1757/1855/1768 1758/1866/1779 1740/1867/1780
f 1757/1855/1768 1740/1867/1780 1741/1856/1769
f 1741/1856/1769 1740/1867/1780 1765/1868/1781
f 1741/1856/1769 1765/1868/1781 1766/1857/1770
f 1766/1857/1770 1765/1868/1781 1778/1869/1782
f 1766/1857/1770 1778/1869/1782 1779/1858/1771
f 1779/1858/1771 1778/1869/1782 1791/1870/1783
f 1779/1858/1771 1791/1870/1783 1792/1859/1772
f 1792/1859/1772 1791/1870/1783 1804/1871/1784
f 1792/1859/1772 1804/1871/1784 1805/1860/1773
f 1805/1860/1773 1804/1871/1784 1824/1872/1785
f 1805/1860/1773 1824/1872/1785 1823/1861/1774
f 1823/1861/1774 1824/1872/1785 1818/1873/1786
f 1823/1861/1774 1818/1873/1786 1819/1862/1775
f 1819/1862/1775 1818/1873/1786 1843/1874/1787
f 1819/1862/1775 1843/1874/1787 1844/1626/1588
f 1844/1626/1588 1843/1874/1787 1856/1628/1589
f 1371/1863/1776 1372/1875/1788 1714/1864/1777
f 1714/1864/1777 1372/1875/1788 1447/1876/1789
f 1714/1864/1777 1447/1876/1789 1726/1865/1778
f 1726/1865/1778 1447/1876/1789 1759/1877/1790
f 1726/1865/1778 1759/1877/1790 1758/1866/1779
f 1758/1866/1779 1759/1877/1790 1739/1878/1791
f 1758/1866/1779 1739/1878/1791 1740/1867/1780
f 1740/1867/1780 1739/1878/1791 1764/1879/1792
f 1740/1867/1780 1764/1879/1792 1765/1868/1781
f 1765/1868/1781 1764/1879/1792 1777/1880/1793
f 1765/1868/1781 1777/1880/1793 1778/1869/1782
f 1778/1869/1782 1777/1880/1793 1790/1881/1794
f 1778/1869/1782 1790/1881/1794 1791/1870/1783
f 1791/1870/1783 1790/1881/1794 1803/1882/1795
f 1791/1870/1783 1803/1882/1795 1804/1871/1784
f 1804/1871/1784 1803/1882/1795 1825/1883/1796
f 1804/1871/1784 1825/1883/1796 1824/1872/1785
f 1824/1872/1785 1825/1883/1796 1817/1884/1797
f 1824/1872/1785 1817/1884/1797 1818/1873/1786
f 1818/1873/1786 1817/1884/1797 1842/1885/1798
f 1818/1873/1786 1842/1885/1798 1843/1874/1787
f 1843/1874/1787 1842/1885/1798 1855/1886/1799
f 1843/1874/1787 1855/1886/1799 1856/1628/1589
f 1856/1628/1589 1855/1886/1799 1868/1630/1590
f 1372/1875/1788 1373/1887/1800 1447/1876/1789
f 1447/1876/1789 1373/1887/1800 1760/1888/1801
f 1447/1876/1789 1760/1888/1801 1759/1877/1790
f 1759/1877/1790 1760/1888/1801 1738/1889/1802
f 1759/1877/1790 1738/1889/1802 1739/1878/1791
f 1739/1878/1791 1738/1889/1802 1763/1890/1803
f 1739/1878/1791 1763/1890/1803 1764/1879/1792
f 1764/1879/1792 1763/1890/1803 1776/1891/1804
f 1764/1879/1792 1776/1891/1804 1777/1880/1793
f 1777/1880/1793 1776/1891/1804 1789/1892/1805
f 1777/1880/1793 1789/1892/1805 1790/1881/1794
f 1790/1881/1794 1789/1892/1805 1802/1893/1806
f 1790/1881/1794 1802/1893/1806 1803/1882/1795
f 1803/1882/1795 1802/1893/1806 1826/1894/1807
f 1803/1882/1795 1826/1894/1807 1825/1883/1796
f 1825/1883/1796 1826/1894/1807 1816/1895/1808
f 1825/1883/1796 1816/1895/1808 1817/1884/1797
f 1817/1884/1797 1816/1895/1808 1841/1896/1809
f 1817/1884/1797 1841/1896/1809 1842/1885/1798
f 1842/1885/1798 1841/1896/1809 1854/1897/1810
f 1842/1885/1798 1854/1897/1810 1855/1886/1799
f 1855/1886/1799 1854/1897/1810 1867/1898/1811
f 1855/1886/1799 1867/1898/1811 1868/1630/1590
f 1868/1630/1590 1867/1898/1811 1880/1632/1591
f 1760/1888/1801 1373/1887/1800 1737/1899/1812
f 1737/1899/1812 1373/1887/1800 1374/1900/1813
f 1737/1899/1812 1374/1900/1813 1761/1901/1814
f 1761/1901/1814 1374/1900/1813 1375/1902/1815
f 1761/1901/1814 1375/1902/1815 1773/1903/1816
f 1773/1903/1816 1375/1902/1815 1376/1904/1817
f 1773/1903/1816 1376/1904/1817 1785/1905/1818
f 1785/1905/1818 1376/1904/1817 1377/1906/1819
f 1785/1905/1818 1377/1906/1819 1797/1907/1820
f 1797/1907/1820 1377/1906/1819 1378/1908/1821
f 1797/1907/1820 1378/1908/1821 1832/1909/1822
f 1832/1909/1822 1378/1908/1821 1809/1910/1823
f 1832/1909/1822 1809/1910/1823 1810/1911/1824
f 1810/1911/1824 1809/1910/1823 1834/1912/1825
f 1810/1911/1824 1834/1912/1825 1835/1913/1826
f 1835/1913/1826 1834/1912/1825 1847/1914/1827
f 1835/1913/1826 1847/1914/1827 1848/1915/1828
f 1848/1915/1828 1847/1914/1827 1860/1916/1829
f 1848/1915/1828 1860/1916/1829 1861/1917/1830
f 1861/1917/1830 1860/1916/1829 1873/1918/1831
f 1861/1917/1830 1873/1918/1831 1874/1919/1832
f 1874/1919/1832 1873/1918/1831 1886/1920/1833
f 1874/1919/1832 1886/1920/1833 1887/1921/1834
f 1887/1921/1834 1886/1920/1833 1910/1922/1835
f 1887/1921/1834 1910/1922/1835 1909/1923/1836
f 1909/1923/1836 1910/1922/1835 1900/1924/1837
f 1909/1923/1836 1900/1924/1837 1901/1925/1838
f 1901/1925/1838 1900/1924/1837 1924/1926/1839
f 1901/1925/1838 1924/1926/1839 1925/1927/1840
f 1925/1927/1840 1924/1926/1839 1937/1928/1841
f 1925/1927/1840 1937/1928/1841 1938/1929/1842
f 1938/1929/1842 1937/1928/1841 1950/1930/1843
f 1938/1929/1842 1950/1930/1843 1951/1644/1597
f 1951/1644/1597 1950/1930/1843 1962/1646/1598
f 1378/1908/1821 1379/1931/1844 1809/1910/1823
f 1809/1910/1823 1379/1931/1844 1833/1932/1845
f 1809/1910/1823 1833/1932/1845 1834/1912/1825
f 1834/1912/1825 1833/1932/1845 1846/1933/1846
f 1834/1912/1825 1846/1933/1846 1847/1914/1827
f 1847/1914/1827 1846/1933/1846 1859/1934/1847
f 1847/1914/1827 1859/1934/1847 1860/1916/1829
f 1860/1916/1829 1859/1934/1847 1872/1935/1848
f 1860/1916/1829 1872/1935/1848 1873/1918/1831
f 1873/1918/1831 1872/1935/1848 1885/1936/1849
f 1873/1918/1831 1885/1936/1849 1886/1920/1833
f 1886/1920/1833 1885/1936/1849 1911/1937/1850
f 1886/1920/1833 1911/1937/1850 1910/1922/1835
f 1910/1922/1835 1911/1937/1850 1899/1938/1851
f 1910/1922/1835 1899/1938/1851 1900/1924/1837
f 1900/1924/1837 1899/1938/1851 1923/1939/1852
f 1900/1924/1837 1923/1939/1852 1924/1926/1839
f 1924/1926/1839 1923/1939/1852 1936/1940/1853
f 1924/1926/1839 1936/1940/1853 1937/1928/1841
f 1937/1928/1841 1936/1940/1853 1949/1941/1854
f 1937/1928/1841 1949/1941/1854 1950/1930/1843
f 1950/1930/1843 1949/1941/1854 1961/1942/1855
f 1950/1930/1843 1961/1942/1855 1962/1646/1598
f 1962/1646/1598 1961/1942/1855 1975/1648/1599
f 1379/1931/1844 1380/1943/1856 1833/1932/1845
f 1833/1932/1845 1380/1943/1856 1845/1944/1857
f 1833/1932/1845 1845/1944/1857 1846/1933/1846
f 1846/1933/1846 1845/1944/1857 1858/1945/1858
f 1846/1933/1846 1858/1945/1858 1859/1934/1847
f 1859/1934/1847 1858/1945/1858 1871/1946/1859
f 1859/1934/1847 1871/1946/1859 1872/1935/1848
f 1872/1935/1848 1871/1946/1859 1884/1947/1860
f 1872/1935/1848 1884/1947/1860 1885/1936/1849
f 1885/1936/1849 1884/1947/1860 1912/1948/1861
f 1885/1936/1849 1912/1948/1861 1911/1937/1850
f 1911/1937/1850 1912/1948/1861 1898/1949/1862
f 1911/1937/1850 1898/1949/1862 1899/1938/1851
f 1899/1938/1851 1898/1949/1862 1922/1950/1863
f 1899/1938/1851 1922/1950/1863 1923/1939/1852
f 1923/1939/1852 1922/1950/1863 1935/1951/1864
f 1923/1939/1852 1935/1951/1864 1936/1940/1853
f 1936/1940/1853 1935/1951/1864 1948/1952/1865
f 1936/1940/1853 1948/1952/1865 1949/1941/1854
f 1949/1941/1854 1948/1952/1865 1960/1953/1866
f 1949/1941/1854 1960/1953/1866 1961/1942/1855
f 1961/1942/1855 1960/1953/1866 1976/1954/1867
f 1961/1942/1855 1976/1954/1867 1975/1648/1599
f 1975/1648/1599 1976/1954/1867 1974/1650/1600
f 1380/1943/1856 1381/1955/1868 1845/1944/1857
f 1845/1944/1857 1381/1955/1868 1857/1956/1869
f 1845/1944/1857 1857/1956/1869 1858/1945/1858
f 1858/1945/1858 1857/1956/1869 1870/1957/1870
f 1858/1945/1858 1870/1957/1870 1871/1946/1859
f 1871/1946/1859 1870/1957/1870 1883/1958/1871
f 1871/1946/1859 1883/1958/1871 1884/1947/1860
f 1884/1947/1860 1883/1958/1871 1913/1959/1872
f 1884/1947/1860 1913/1959/1872 1912/1948/1861
f 1912/1948/1861 1913/1959/1872 1897/1960/1873
f 1912/1948/1861 1897/1960/1873 1898/1949/1862
f 1898/1949/1862 1897/1960/1873 1921/1961/1874
f 1898/1949/1862 1921/1961/1874 1922/1950/1863
f 1922/1950/1863 1921/1961/1874 1934/1962/1875
f 1922/1950/1863 1934/1962/1875 1935/1951/1864
f 1935/1951/1864 1934/1962/1875 1947/1963/1876
f 1935/1951/1864 1947/1963/1876 1948/1952/1865
f 1948/1952/1865 1947/1963/1876 1959/1964/1877
f 1948/1952/1865 1959/1964/1877 1960/1953/1866
f 1960/1953/1866 1959/1964/1877 1977/1965/1878
f 1960/1953/1866 1977/1965/1878 1976/1954/1867
f 1976/1954/1867 1977/1965/1878 1973/1966/1879
f 1976/1954/1867 1973/1966/1879 1974/1650/1600
f 1974/1650/1600 1973/1966/1879 1998/1652/1601
f 1381/1955/1868 1382/1967/1880 1857/1956/1869
f 1857/1956/1869 1382/1967/1880 1869/1968/1881
f 1857/1956/1869 1869/1968/1881 1870/1957/1870
f 1870/1957/1870 1869/1968/1881 1882/1969/1882
f 1870/1957/1870 1882/1969/1882 1883/1958/1871
f 1883/1958/1871 1882/1969/1882 1914/1970/1883
f 1883/1958/1871 1914/1970/1883 1913/1959/1872
f 1913/1959/1872 1914/1970/1883 1896/1971/1884
f 1913/1959/1872 1896/1971/1884 1897/1960/1873
f 1897/1960/1873 1896/1971/1884 1920/1972/1885
f 1897/1960/1873 1920/1972/1885 1921/1961/1874
f 1921/1961/1874 1920/1972/1885 1933/1973/1886
f 1921/1961/1874 1933/1973/1886 1934/1962/1875
f 1934/1962/1875 1933/1973/1886 1946/1974/1887
f 1934/1962/1875 1946/1974/1887 1947/1963/1876
f 1947/1963/1876 1946/1974/1887 1958/1975/1888
f 1947/1963/1876 1958/1975/1888 1959/1964/1877
f 1959/1964/1877 1958/1975/1888 1978/1976/1889
f 1959/1964/1877 1978/1976/1889 1977/1965/1878
f 1977/1965/1878 1978/1976/1889 1972/1977/1890
f 1977/1965/1878 1972/1977/1890 1973/1966/1879
f 1973/1966/1879 1972/1977/1890 1997/1978/1891
f 1973/1966/1879 1997/1978/1891 1998/1652/1601
f 1998/1652/1601 1997/1978/1891 2010/1654/1602
f 1382/1967/1880 1383/1979/1892 1869/1968/1881
f 1869/1968/1881 1383/1979/1892 1881/1980/1893
f 1869/1968/1881 1881/1980/1893 1882/1969/1882
f 1882/1969/1882 1881/1980/1893 1915/1981/1894
f 1882/1969/1882 1915/1981/1894 1914/1970/1883
f 1914/1970/1883 1915/1981/1894 1895/1982/1895
f 1914/1970/1883 1895/1982/1895 1896/1971/1884
f 1896/1971/1884 1895/1982/1895 1919/1983/1896
f 1896/1971/1884 1919/1983/1896 1920/1972/1885
f 1920/1972/1885 1919/1983/1896 1932/1984/1897
f 1920/1972/1885 1932/1984/1897 1933/1973/1886
f 1933/1973/1886 1932/1984/1897 1945/1985/1898
f 1933/1973/1886 1945/1985/1898 1946/1974/1887
f 1946/1974/1887 1945/1985/1898 1957/1986/1899
f 1946/1974/1887 1957/1986/1899 1958/1975/1888
f 1958/1975/1888 1957/1986/1899 1979/1987/1900
f 1958/1975/1888 1979/1987/1900 1978/1976/1889
f 1978/1976/1889 1979/1987/1900 1971/1988/1901
f 1978/1976/1889 1971/1988/1901 1972/1977/1890
f 1972/1977/1890 1971/1988/1901 1996/1989/1902
f 1972/1977/1890 1996/1989/1902 1997/1978/1891
f 1997/1978/1891 1996/1989/1902 2009/1990/1903
f 1997/1978/1891 2009/1990/1903 2010/1654/1602
f 2010/1654/1602 2009/1990/1903 2022/1656/1603
f 1881/1980/1893 1383/1979/1892 1448/1991/1904
f 1448/1991/1904 1383/1979/1892 1384/1992/1905
f 1448/1991/1904 1384/1992/1905 1893/1993/1906
f 1893/1993/1906 1384/1992/1905 1385/1994/1907
f 1893/1993/1906 1385/1994/1907 1916/1995/1908
f 1916/1995/1908 1385/1994/1907 1386/1996/1909
f 1916/1995/1908 1386/1996/1909 1928/1997/1910
f 1928/1997/1910 1386/1996/1909 1387/1998/1911
f 1928/1997/1910 1387/1998/1911 1940/1999/1912
f 1940/1999/1912 1387/1998/1911 1388/2000/1913
f 1940/1999/1912 1388/2000/1913 1449/2001/1914
f 1449/2001/1914 1388/2000/1913 1389/2002/1915
f 1449/2001/1914 1389/2002/1915 1986/2003/1916
f 1986/2003/1916 1389/2002/1915 1963/2004/1917
f 1986/2003/1916 1963/2004/1917 1964/2005/1918
f 1964/2005/1918 1963/2004/1917 1988/2006/1919
f 1964/2005/1918 1988/2006/1919 1989/2007/1920
f 1989/2007/1920 1988/2006/1919 2001/2008/1921
f 1989/2007/1920 2001/2008/1921 2002/2009/1922
f 2002/2009/1922 2001/2008/1921 2014/2010/1923
f 2002/2009/1922 2014/2010/1923 2015/2011/1924
f 2015/2011/1924 2014/2010/1923 2027/2012/1925
f 2015/2011/1924 2027/2012/1925 2028/2013/1926
f 2028/2013/1926 2027/2012/1925 2040/2014/1927
f 2028/2013/1926 2040/2014/1927 2041/2015/1928
f 2041/2015/1928 2040/2014/1927 2064/2016/1929
f 2041/2015/1928 2064/2016/1929 2063/2017/1930
f 2063/2017/1930 2064/2016/1929 2054/2018/1931
f 2063/2017/1930 2054/2018/1931 2055/2019/1932
f 2055/2019/1932 2054/2018/1931 2078/2020/1933
f 2055/2019/1932 2078/2020/1933 2079/2021/1934
f 2079/2021/1934 2078/2020/1933 2091/2022/1935
f 2079/2021/1934 2091/2022/1935 2092/2023/1936
f 2092/2023/1936 2091/2022/1935 2104/2024/1937
f 2092/2023/1936 2104/2024/1937 2105/1670/1610
f 2105/1670/1610 2104/2024/1937 2117/1672/1611
f 1389/2002/1915 1390/2025/1938 1963/2004/1917
f 1963/2004/1917 1390/2025/1938 1987/2026/1939
f 1963/2004/1917 1987/2026/1939 1988/2006/1919
f 1988/2006/1919 1987/2026/1939 2000/2027/1940
f 1988/2006/1919 2000/2027/1940 2001/2008/1921
f 2001/2008/1921 2000/2027/1940 2013/2028/1941
f 2001/2008/1921 2013/2028/1941 2014/2010/1923
f 2014/2010/1923 2013/2028/1941 2026/2029/1942
f 2014/2010/1923 2026/2029/1942 2027/2012/1925
f 2027/2012/1925 2026/2029/1942 2039/2030/1943
f 2027/2012/1925 2039/2030/1943 2040/2014/1927
f 2040/2014/1927 2039/2030/1943 2065/2031/1944
f 2040/2014/1927 2065/2031/1944 2064/2016/1929
f 2064/2016/1929 2065/2031/1944 2053/2032/1945
f 2064/2016/1929 2053/2032/1945 2054/2018/1931
f 2054/2018/1931 2053/2032/1945 2077/2033/1946
f 2054/2018/1931 2077/2033/1946 2078/2020/1933
f 2078/2020/1933 2077/2033/1946 2090/2034/1947
f 2078/2020/1933 2090/2034/1947 2091/2022/1935
f 2091/2022/1935 2090/2034/1947 2103/2035/1948
f 2091/2022/1935 2103/2035/1948 2104/2024/1937
f 2104/2024/1937 2103/2035/1948 2116/2036/1949
f 2104/2024/1937 2116/2036/1949 2117/1672/1611
f 2117/1672/1611 2116/2036/1949 2130/1674/1612
f 1390/2025/1938 1391/2037/1950 1987/2026/1939
f 1987/2026/1939 1391/2037/1950 1999/2038/1951
f 1987/2026/1939 1999/2038/1951 2000/2027/1940
f 2000/2027/1940 1999/2038/1951 2012/2039/1952
f 2000/2027/1940 2012/2039/1952 2013/2028/1941
f 2013/2028/1941 2012/2039/1952 2025/2040/1953
f 2013/2028/1941 2025/2040/1953 2026/2029/1942
f 2026/2029/1942 2025/2040/1953 2038/2041/1954
f 2026/2029/1942 2038/2041/1954 2039/2030/1943
f 2039/2030/1943 2038/2041/1954 2066/2042/1955
f 2039/2030/1943 2066/2042/1955 2065/2031/1944
f 2065/2031/1944 2066/2042/1955 2052/2043/1956
f 2065/2031/1944 2052/2043/1956 2053/2032/1945
f 2053/2032/1945 2052/2043/1956 2076/2044/1957
f 2053/2032/1945 2076/2044/1957 2077/2033/1946
f 2077/2033/1946 2076/2044/1957 2089/2045/1958
f 2077/2033/1946 2089/2045/1958 2090/2034/1947
f 2090/2034/1947 2089/2045/1958 2102/2046/1959
f 2090/2034/1947 2102/2046/1959 2103/2035/1948
f 2103/2035/1948 2102/2046/1959 2115/2047/1960
f 2103/2035/1948 2115/2047/1960 2116/2036/1949
f 2116/2036/1949 2115/2047/1960 2131/2048/1961
f 2116/2036/1949 2131/2048/1961 2130/1674/1612
f 2130/1674/1612 2131/2048/1961 2129/1676/1613
f 1391/2037/1950 1392/2049/1962 1999/2038/1951
f 1999/2038/1951 1392/2049/1962 2011/2050/1963
f 1999/2038/1951 2011/2050/1963 2012/2039/1952
f 2012/2039/1952 2011/2050/1963 2024/2051/1964
f 2012/2039/1952 2024/2051/1964 2025/2040/1953
f 2025/2040/1953 2024/2051/1964 2037/2052/1965
f 2025/2040/1953 2037/2052/1965 2038/2041/1954
f 2038/2041/1954 2037/2052/1965 2067/2053/1966
f 2038/2041/1954 2067/2053/1966 2066/2042/1955
f 2066/2042/1955 2067/2053/1966 2051/2054/1967
f 2066/2042/1955 2051/2054/1967 2052/2043/1956
f 2052/2043/1956 2051/2054/1967 2075/2055/1968
f 2052/2043/1956 2075/2055/1968 2076/2044/1957
f 2076/2044/1957 2075/2055/1968 2088/2056/1969
f 2076/2044/1957 2088/2056/1969 2089/2045/1958
f 2089/2045/1958 2088/2056/1969 2101/2057/1970
f 2089/2045/1958 2101/2057/1970 2102/2046/1959
f 2102/2046/1959 2101/2057/1970 2114/2058/1971
f 2102/2046/1959 2114/2058/1971 2115/2047/1960
f 2115/2047/1960 2114/2058/1971 2132/2059/1972
f 2115/2047/1960 2132/2059/1972 2131/2048/1961
f 2131/2048/1961 2132/2059/1972 2128/2060/1973
f 2131/2048/1961 2128/2060/1973 2129/1676/1613
f 2129/1676/1613 2128/2060/1973 2152/1678/1614
f 1392/2049/1962 1393/2061/1974 2011/2050/1963
f 2011/2050/1963 1393/2061/1974 2023/2062/1975
f 2011/2050/1963 2023/2062/1975 2024/2051/1964
f 2024/2051/1964 2023/2062/1975 2036/2063/1976
f 2024/2051/1964 2036/2063/1976 2037/2052/1965
f 2037/2052/1965 2036/2063/1976 2068/2064/1977
f 2037/2052/1965 2068/2064/1977 2067/2053/1966
f 2067/2053/1966 2068/2064/1977 2050/2065/1978
f 2067/2053/1966 2050/2065/1978 2051/2054/1967
f 2051/2054/1967 2050/2065/1978 2074/2066/1979
f 2051/2054/1967 2074/2066/1979 2075/2055/1968
f 2075/2055/1968 2074/2066/1979 2087/2067/1980
f 2075/2055/1968 2087/2067/1980 2088/2056/1969
f 2088/2056/1969 2087/2067/1980 2100/2068/1981
f 2088/2056/1969 2100/2068/1981 2101/2057/1970
f 2101/2057/1970 2100/2068/1981 2113/2069/1982
f 2101/2057/1970 2113/2069/1982 2114/2058/1971
f 2114/2058/1971 2113/2069/1982 2133/2070/1983
f 2114/2058/1971 2133/2070/1983 2132/2059/1972
f 2132/2059/1972 2133/2070/1983 2127/2071/1984
f 2132/2059/1972 2127/2071/1984 2128/2060/1973
f 2128/2060/1973 2127/2071/1984 2151/2072/1985
f 2128/2060/1973 2151/2072/1985 2152/1678/1614
f 2152/1678/1614 2151/2072/1985 2164/1680/1615
f 1393/2061/1974 1394/2073/1986 2023/2062/1975
f 2023/2062/1975 1394/2073/1986 2035/2074/1987
f 2023/2062/1975 2035/2074/1987 2036/2063/1976
f 2036/2063/1976 2035/2074/1987 2069/2075/1988
f 2036/2063/1976 2069/2075/1988 2068/2064/1977
f 2068/2064/1977 2069/2075/1988 2049/2076/1989
f 2068/2064/1977 2049/2076/1989 2050/2065/1978
f 2050/2065/1978 2049/2076/1989 2073/2077/1990
f 2050/2065/1978 2073/2077/1990 2074/2066/1979
f 2074/2066/1979 2073/2077/1990 2086/2078/1991
f 2074/2066/1979 2086/2078/1991 2087/2067/1980
f 2087/2067/1980 2086/2078/1991 2099/2079/1992
f 2087/2067/1980 2099/2079/1992 2100/2068/1981
f 2100/2068/1981 2099/2079/1992 2112/2080/1993
f 2100/2068/1981 2112/2080/1993 2113/2069/1982
f 2113/2069/1982 2112/2080/1993 2134/2081/1994
f 2113/2069/1982 2134/2081/1994 2133/2070/1983
f 2133/2070/1983 2134/2081/1994 2126/2082/1995
f 2133/2070/1983 2126/2082/1995 2127/2071/1984
f 2127/2071/1984 2126/2082/1995 2150/2083/1996
f 2127/2071/1984 2150/2083/1996 2151/2072/1985
f 2151/2072/1985 2150/2083/1996 2163/2084/1997
f 2151/2072/1985 2163/2084/1997 2164/1680/1615
f 2164/1680/1615 2163/2084/1997 2176/1682/1616
f 2035/2074/1987 1394/2073/1986 1450/2085/1998
f 1450/2085/1998 1394/2073/1986 1395/2086/1999
f 1450/2085/1998 1395/2086/1999 2047/2087/2000
f 2047/2087/2000 1395/2086/1999 1396/2088/2001
f 2047/2087/2000 1396/2088/2001 2070/2089/2002
f 2070/2089/2002 1396/2088/2001 1397/2090/2003
f 2070/2089/2002 1397/2090/2003 2082/2091/2004
f 2082/2091/2004 1397/2090/2003 1398/2092/2005
f 2082/2091/2004 1398/2092/2005 2094/2093/2006
f 2094/2093/2006 1398/2092/2005 1399/2094/2007
f 2094/2093/2006 1399/2094/2007 2106/2095/2008
f 2106/2095/2008 1399/2094/2007 1451/2096/2009
f 2106/2095/2008 1451/2096/2009 2140/2097/2010
f 2140/2097/2010 1451/2096/2009 2119/2098/2011
f 2140/2097/2010 2119/2098/2011 2120/2099/2012
f 2120/2099/2012 2119/2098/2011 2143/2100/2013
f 2120/2099/2012 2143/2100/2013 2144/2101/2014
f 2144/2101/2014 2143/2100/2013 2156/2102/2015
f 2144/2101/2014 2156/2102/2015 2157/2103/2016
f 2157/2103/2016 2156/2102/2015 2169/2104/2017
f 2157/2103/2016 2169/2104/2017 2170/2105/2018
f 2170/2105/2018 2169/2104/2017 2181/2106/2019
f 2170/2105/2018 2181/2106/2019 2182/2107/2020
f 2182/2107/2020 2181/2106/2019 2205/2108/2021
f 2182/2107/2020 2205/2108/2021 2204/2109/2022
f 2204/2109/2022 2205/2108/2021 2195/2110/2023
f 2204/2109/2022 2195/2110/2023 2196/2111/2024
f 2196/2111/2024 2195/2110/2023 2220/2112/2025
f 2196/2111/2024 2220/2112/2025 2221/2113/2026
f 2221/2113/2026 2220/2112/2025 2233/2114/2027
f 2221/2113/2026 2233/2114/2027 2234/2115/2028
f 2234/2115/2028 2233/2114/2027 2246/2116/2029
f 2234/2115/2028 2246/2116/2029 2247/1694/1624
f 2247/1694/1624 2246/2116/2029 1439/1696/1626
f 1399/2094/2007 1400/2117/2030 1451/2096/2009
f 1451/2096/2009 1400/2117/2030 2118/2118/2031
f 1451/2096/2009 2118/2118/2031 2119/2098/2011
f 2119/2098/2011 2118/2118/2031 2142/2119/2032
f 2119/2098/2011 2142/2119/2032 2143/2100/2013
f 2143/2100/2013 2142/2119/2032 2155/2120/2033
f 2143/2100/2013 2155/2120/2033 2156/2102/2015
f 2156/2102/2015 2155/2120/2033 2168/2121/2034
f 2156/2102/2015 2168/2121/2034 2169/2104/2017
f 2169/2104/2017 2168/2121/2034 2180/2122/2035
f 2169/2104/2017 2180/2122/2035 2181/2106/2019
f 2181/2106/2019 2180/2122/2035 2206/2123/2036
f 2181/2106/2019 2206/2123/2036 2205/2108/2021
f 2205/2108/2021 2206/2123/2036 2194/2124/2037
f 2205/2108/2021 2194/2124/2037 2195/2110/2023
f 2195/2110/2023 2194/2124/2037 2219/2125/2038
f 2195/2110/2023 2219/2125/2038 2220/2112/2025
f 2220/2112/2025 2219/2125/2038 2232/2126/2039
f 2220/2112/2025 2232/2126/2039 2233/2114/2027
f 2233/2114/2027 2232/2126/2039 2245/2127/2040
f 2233/2114/2027 2245/2127/2040 2246/2116/2029
f 2246/2116/2029 2245/2127/2040 1438/2128/2041
f 2246/2116/2029 1438/2128/2041 1439/1696/1626
f 1439/1699/1626 1438/2129/2041 2259/1700/1628
f 1400/2117/2030 1401/2130/2042 2118/2118/2031
f 2118/2118/2031 1401/2130/2042 2141/2131/2043
f 2118/2118/2031 2141/2131/2043 2142/2119/2032
f 2142/2119/2032 2141/2131/2043 2154/2132/2044
f 2142/2119/2032 2154/2132/2044 2155/2120/2033
f 2155/2120/2033 2154/2132/2044 2167/2133/2045
f 2155/2120/2033 2167/2133/2045 2168/2121/2034
f 2168/2121/2034 2167/2133/2045 2179/2134/2046
f 2168/2121/2034 2179/2134/2046 2180/2122/2035
f 2180/2122/2035 2179/2134/2046 2207/2135/2047
f 2180/2122/2035 2207/2135/2047 2206/2123/2036
f 2206/2123/2036 2207/2135/2047 2193/2136/2048
f 2206/2123/2036 2193/2136/2048 2194/2124/2037
f 2194/2124/2037 2193/2136/2048 2218/2137/2049
f 2194/2124/2037 2218/2137/2049 2219/2125/2038
f 2219/2125/2038 2218/2137/2049 2231/2138/2050
f 2219/2125/2038 2231/2138/2050 2232/2126/2039
f 2232/2126/2039 2231/2138/2050 2244/2139/2051
f 2232/2126/2039 2244/2139/2051 2245/2127/2040
f 2245/2127/2040 2244/2139/2051 1437/2140/2052
f 2245/2127/2040 1437/2140/2052 1438/2128/2041
f 1438/2129/2041 1437/2141/2052 2258/2142/2053
f 1438/2129/2041 2258/2142/2053 2259/1700/1628
f 2259/1700/1628 2258/2142/2053 2272/1702/1630
f 1401/2130/2042 1402/2143/2054 2141/2131/2043
f 2141/2131/2043 1402/2143/2054 2153/2144/2055
f 2141/2131/2043 2153/2144/2055 2154/2132/2044
f 2154/2132/2044 2153/2144/2055 2166/2145/2056
f 2154/2132/2044 2166/2145/2056 2167/2133/2045
f 2167/2133/2045 2166/2145/2056 2178/2146/2057
f 2167/2133/2045 2178/2146/2057 2179/2134/2046
f 2179/2134/2046 2178/2146/2057 2208/2147/2058
f 2179/2134/2046 2208/2147/2058 2207/2135/2047
f 2207/2135/2047 2208/2147/2058 2192/2148/2059
f 2207/2135/2047 2192/2148/2059 2193/2136/2048
f 2193/2136/2048 2192/2148/2059 2217/2149/2060
f 2193/2136/2048 2217/2149/2060 2218/2137/2049
f 2218/2137/2049 2217/2149/2060 2230/2150/2061
f 2218/2137/2049 2230/2150/2061 2231/2138/2050
f 2231/2138/2050 2230/2150/2061 2243/2151/2062
f 2231/2138/2050 2243/2151/2062 2244/2139/2051
f 2244/2139/2051 2243/2151/2062 1436/2152/2063
f 2244/2139/2051 1436/2152/2063 1437/2140/2052
f 1437/2141/2052 1436/2153/2063 2257/2154/2064
f 1437/2141/2052 2257/2154/2064 2258/2142/2053
f 2258/2142/2053 2257/2154/2064 2273/2155/2065
f 2258/2142/2053 2273/2155/2065 2272/1702/1630
f 2272/1702/1630 2273/2155/2065 2271/1704/1632
f 1402/2143/2054 1403/2156/2066 2153/2144/2055
f 2153/2144/2055 1403/2156/2066 2165/2157/2067
f 2153/2144/2055 2165/2157/2067 2166/2145/2056
f 2166/2145/2056 2165/2157/2067 2177/2158/2068
f 2166/2145/2056 2177/2158/2068 2178/2146/2057
f 2178/2146/2057 2177/2158/2068 2209/2159/2069
f 2178/2146/2057 2209/2159/2069 2208/2147/2058
f 2208/2147/2058 2209/2159/2069 2191/2160/2070
f 2208/2147/2058 2191/2160/2070 2192/2148/2059
f 2192/2148/2059 2191/2160/2070 2216/2161/2071
f 2192/2148/2059 2216/2161/2071 2217/2149/2060
f 2217/2149/2060 2216/2161/2071 2229/2162/2072
f 2217/2149/2060 2229/2162/2072 2230/2150/2061
f 2230/2150/2061 2229/2162/2072 2242/2163/2073
f 2230/2150/2061 2242/2163/2073 2243/2151/2062
f 2243/2151/2062 2242/2163/2073 1435/2164/2074
f 2243/2151/2062 1435/2164/2074 1436/2152/2063
f 1436/2153/2063 1435/2165/2074 2256/2166/2075
f 1436/2153/2063 2256/2166/2075 2257/2154/2064
f 2257/2154/2064 2256/2166/2075 2274/2167/2076
f 2257/2154/2064 2274/2167/2076 2273/2155/2065
f 2273/2155/2065 2274/2167/2076 2270/2168/2077
f 2273/2155/2065 2270/2168/2077 2271/1704/1632
f 2271/1704/1632 2270/2168/2077 2294/1706/1633
f 1403/2156/2066 1404/2169/2078 2165/2157/2067
f 2165/2157/2067 1404/2169/2078 1452/2170/2079
f 2165/2157/2067 1452/2170/2079 2177/2158/2068
f 2177/2158/2068 1452/2170/2079 2210/2171/2080
f 2177/2158/2068 2210/2171/2080 2209/2159/2069
f 2209/2159/2069 2210/2171/2080 2190/2172/2081
f 2209/2159/2069 2190/2172/2081 2191/2160/2070
f 2191/2160/2070 2190/2172/2081 2215/2173/2082
f 2191/2160/2070 2215/2173/2082 2216/2161/2071
f 2216/2161/2071 2215/2173/2082 2228/2174/2083
f 2216/2161/2071 2228/2174/2083 2229/2162/2072
f 2229/2162/2072 2228/2174/2083 2241/2175/2084
f 2229/2162/2072 2241/2175/2084 2242/2163/2073
f 2242/2163/2073 2241/2175/2084 1434/2176/2085
f 2242/2163/2073 1434/2176/2085 1435/2164/2074
f 1435/2165/2074 1434/2177/2085 2255/2178/2086
f 1435/2165/2074 2255/2178/2086 2256/2166/2075
f 2256/2166/2075 2255/2178/2086 2275/2179/2087
f 2256/2166/2075 2275/2179/2087 2274/2167/2076
f 2274/2167/2076 2275/2179/2087 2269/2180/2088
f 2274/2167/2076 2269/2180/2088 2270/2168/2077
f 2270/2168/2077 2269/2180/2088 2293/2181/2089
f 2270/2168/2077 2293/2181/2089 2294/1706/1633
f 2294/1706/1633 2293/2181/2089 2306/1708/1634
f 1404/2169/2078 1405/2182/2090 1452/2170/2079
f 1452/2170/2079 1405/2182/2090 2211/2183/2091
f 1452/2170/2079 2211/2183/2091 2210/2171/2080
f 2210/2171/2080 2211/2183/2091 2189/2184/2092
f 2210/2171/2080 2189/2184/2092 2190/2172/2081
f 2190/2172/2081 2189/2184/2092 2214/2185/2093
f 2190/2172/2081 2214/2185/2093 2215/2173/2082
f 2215/2173/2082 2214/2185/2093 2227/2186/2094
f 2215/2173/2082 2227/2186/2094 2228/2174/2083
f 2228/2174/2083 2227/2186/2094 2240/2187/2095
f 2228/2174/2083 2240/2187/2095 2241/2175/2084
f 2241/2175/2084 2240/2187/2095 1433/2188/2096
f 2241/2175/2084 1433/2188/2096 1434/2176/2085
f 1434/2177/2085 1433/2189/2096 2254/2190/2097
f 1434/2177/2085 2254/2190/2097 2255/2178/2086
f 2255/2178/2086 2254/2190/2097 2276/2191/2098
f 2255/2178/2086 2276/2191/2098 2275/2179/2087
f 2275/2179/2087 2276/2191/2098 2268/2192/2099
f 2275/2179/2087 2268/2192/2099 2269/2180/2088
f 2269/2180/2088 2268/2192/2099 2292/2193/2100
f 2269/2180/2088 2292/2193/2100 2293/2181/2089
f 2293/2181/2089 2292/2193/2100 2305/2194/2101
f 2293/2181/2089 2305/2194/2101 2306/1708/1634
f 2306/1708/1634 2305/2194/2101 2318/1710/1635
f 2211/2183/2091 1405/2182/2090 2188/2195/2102
f 2188/2195/2102 1405/2182/2090 1406/2196/2103
f 2188/2195/2102 1406/2196/2103 2212/2197/2104
f 2212/2197/2104 1406/2196/2103 1407/2198/2105
f 2212/2197/2104 1407/2198/2105 2224/2199/2106
f 2224/2199/2106 1407/2198/2105 1408/2200/2107
f 2224/2199/2106 1408/2200/2107 2236/2201/2108
f 2236/2201/2108 1408/2200/2107 1409/2202/2109
f 2236/2201/2108 1409/2202/2109 1428/2203/2110
f 1428/2204/2110 1409/2205/2109 1410/2206/2111
f 1428/2204/2110 1410/2206/2111 2248/2207/2112
f 2248/2207/2112 1410/2206/2111 1440/2208/2113
f 2248/2207/2112 1440/2208/2113 2282/2209/2114
f 2282/2209/2114 1440/2208/2113 2261/2210/2115
f 2282/2209/2114 2261/2210/2115 2262/2211/2116
f 2262/2211/2116 2261/2210/2115 2285/2212/2117
f 2262/2211/2116 2285/2212/2117 2286/2213/2118
f 2286/2213/2118 2285/2212/2117 2298/2214/2119
f 2286/2213/2118 2298/2214/2119 2299/2215/2120
f 2299/2215/2120 2298/2214/2119 2311/2216/2121
f 2299/2215/2120 2311/2216/2121 2312/2217/2122
f 2312/2217/2122 2311/2216/2121 2324/2218/2123
f 2312/2217/2122 2324/2218/2123 2325/2219/2124
f 2325/2219/2124 2324/2218/2123 2348/2220/2125
f 2325/2219/2124 2348/2220/2125 2347/2221/2126
f 2347/2221/2126 2348/2220/2125 2338/2222/2127
f 2347/2221/2126 2338/2222/2127 2339/2223/2128
f 2339/2223/2128 2338/2222/2127 2362/2224/2129
f 2339/2223/2128 2362/2224/2129 2363/2225/2130
f 2363/2225/2130 2362/2224/2129 2375/2226/2131
f 2363/2225/2130 2375/2226/2131 2376/2227/2132
f 2376/2227/2132 2375/2226/2131 2388/2228/2133
f 2376/2227/2132 2388/2228/2133 2389/1722/1641
f 2389/1722/1641 2388/2228/2133 2400/1724/1642
f 1410/2206/2111 1411/2229/2134 1440/2208/2113
f 1440/2208/2113 1411/2229/2134 2260/2230/2135
f 1440/2208/2113 2260/2230/2135 2261/2210/2115
f 2261/2210/2115 2260/2230/2135 2284/2231/2136
f 2261/2210/2115 2284/2231/2136 2285/2212/2117
f 2285/2212/2117 2284/2231/2136 2297/2232/2137
f 2285/2212/2117 2297/2232/2137 2298/2214/2119
f 2298/2214/2119 2297/2232/2137 2310/2233/2138
f 2298/2214/2119 2310/2233/2138 2311/2216/2121
f 2311/2216/2121 2310/2233/2138 2323/2234/2139
f 2311/2216/2121 2323/2234/2139 2324/2218/2123
f 2324/2218/2123 2323/2234/2139 2349/2235/2140
f 2324/2218/2123 2349/2235/2140 2348/2220/2125
f 2348/2220/2125 2349/2235/2140 2337/2236/2141
f 2348/2220/2125 2337/2236/2141 2338/2222/2127
f 2338/2222/2127 2337/2236/2141 2361/2237/2142
f 2338/2222/2127 2361/2237/2142 2362/2224/2129
f 2362/2224/2129 2361/2237/2142 2374/2238/2143
f 2362/2224/2129 2374/2238/2143 2375/2226/2131
f 2375/2226/2131 2374/2238/2143 2387/2239/2144
f 2375/2226/2131 2387/2239/2144 2388/2228/2133
f 2388/2228/2133 2387/2239/2144 2399/2240/2145
f 2388/2228/2133 2399/2240/2145 2400/1724/1642
f 2400/1724/1642 2399/2240/2145 2413/1726/1643
f 1411/2229/2134 1412/2241/2146 2260/2230/2135
f 2260/2230/2135 1412/2241/2146 2283/2242/2147
f 2260/2230/2135 2283/2242/2147 2284/2231/2136
f 2284/2231/2136 2283/2242/2147 2296/2243/2148
f 2284/2231/2136 2296/2243/2148 2297/2232/2137
f 2297/2232/2137 2296/2243/2148 2309/2244/2149
f 2297/2232/2137 2309/2244/2149 2310/2233/2138
f 2310/2233/2138 2309/2244/2149 2322/2245/2150
f 2310/2233/2138 2322/2245/2150 2323/2234/2139
f 2323/2234/2139 2322/2245/2150 2350/2246/2151
f 2323/2234/2139 2350/2246/2151 2349/2235/2140
f 2349/2235/2140 2350/2246/2151 2336/2247/2152
f 2349/2235/2140 2336/2247/2152 2337/2236/2141
f 2337/2236/2141 2336/2247/2152 2360/2248/2153
f 2337/2236/2141 2360/2248/2153 2361/2237/2142
f 2361/2237/2142 2360/2248/2153 2373/2249/2154
f 2361/2237/2142 2373/2249/2154 2374/2238/2143
f 2374/2238/2143 2373/2249/2154 2386/2250/2155
f 2374/2238/2143 2386/2250/2155 2387/2239/2144
f 2387/2239/2144 2386/2250/2155 2398/2251/2156
f 2387/2239/2144 2398/2251/2156 2399/2240/2145
f 2399/2240/2145 2398/2251/2156 2414/2252/2157
f 2399/2240/2145 2414/2252/2157 2413/1726/1643
f 2413/1726/1643 2414/2252/2157 2412/1728/1644
f 1412/2241/2146 1413/2253/2158 2283/2242/2147
f 2283/2242/2147 1413/2253/2158 2295/2254/2159
f 2283/2242/2147 2295/2254/2159 2296/2243/2148
f 2296/2243/2148 2295/2254/2159 2308/2255/2160
f 2296/2243/2148 2308/2255/2160 2309/2244/2149
f 2309/2244/2149 2308/2255/2160 2321/2256/2161
f 2309/2244/2149 2321/2256/2161 2322/2245/2150
f 2322/2245/2150 2321/2256/2161 2351/2257/2162
f 2322/2245/2150 2351/2257/2162 2350/2246/2151
f 2350/2246/2151 2351/2257/2162 2335/2258/2163
f 2350/2246/2151 2335/2258/2163 2336/2247/2152
f 2336/2247/2152 2335/2258/2163 2359/2259/2164
f 2336/2247/2152 2359/2259/2164 2360/2248/2153
f 2360/2248/2153 2359/2259/2164 2372/2260/2165
f 2360/2248/2153 2372/2260/2165 2373/2249/2154
f 2373/2249/2154 2372/2260/2165 2385/2261/2166
f 2373/2249/2154 2385/2261/2166 2386/2250/2155
f 2386/2250/2155 2385/2261/2166 2397/2262/2167
f 2386/2250/2155 2397/2262/2167 2398/2251/2156
f 2398/2251/2156 2397/2262/2167 2415/2263/2168
f 2398/2251/2156 2415/2263/2168 2414/2252/2157
f 2414/2252/2157 2415/2263/2168 2411/2264/2169
f 2414/2252/2157 2411/2264/2169 2412/1728/1644
f 2412/1728/1644 2411/2264/2169 2436/1730/1645
f 1413/2253/2158 1414/2265/2170 2295/2254/2159
f 2295/2254/2159 1414/2265/2170 2307/2266/2171
f 2295/2254/2159 2307/2266/2171 2308/2255/2160
f 2308/2255/2160 2307/2266/2171 2320/2267/2172
f 2308/2255/2160 2320/2267/2172 2321/2256/2161
f 2321/2256/2161 2320/2267/2172 2352/2268/2173
f 2321/2256/2161 2352/2268/2173 2351/2257/2162
f 2351/2257/2162 2352/2268/2173 2334/2269/2174
f 2351/2257/2162 2334/2269/2174 2335/2258/2163
f 2335/2258/2163 2334/2269/2174 2358/2270/2175
f 2335/2258/2163 2358/2270/2175 2359/2259/2164
f 2359/2259/2164 2358/2270/2175 2371/2271/2176
f 2359/2259/2164 2371/2271/2176 2372/2260/2165
f 2372/2260/2165 2371/2271/2176 2384/2272/2177
f 2372/2260/2165 2384/2272/2177 2385/2261/2166
f 2385/2261/2166 2384/2272/2177 2396/2273/2178
f 2385/2261/2166 2396/2273/2178 2397/2262/2167
f 2397/2262/2167 2396/2273/2178 2416/2274/2179
f 2397/2262/2167 2416/2274/2179 2415/2263/2168
f 2415/2263/2168 2416/2274/2179 2410/2275/2180
f 2415/2263/2168 2410/2275/2180 2411/2264/2169
f 2411/2264/2169 2410/2275/2180 2435/2276/2181
f 2411/2264/2169 2435/2276/2181 2436/1730/1645
f 2436/1730/1645 2435/2276/2181 2448/1732/1646
f 1414/2265/2170 1415/2277/2182 2307/2266/2171
f 2307/2266/2171 1415/2277/2182 2319/2278/2183
f 2307/2266/2171 2319/2278/2183 2320/2267/2172
f 2320/2267/2172 2319/2278/2183 2353/2279/2184
f 2320/2267/2172 2353/2279/2184 2352/2268/2173
f 2352/2268/2173 2353/2279/2184 2333/2280/2185
f 2352/2268/2173 2333/2280/2185 2334/2269/2174
f 2334/2269/2174 2333/2280/2185 2357/2281/2186
f 2334/2269/2174 2357/2281/2186 2358/2270/2175
f 2358/2270/2175 2357/2281/2186 2370/2282/2187
f 2358/2270/2175 2370/2282/2187 2371/2271/2176
f 2371/2271/2176 2370/2282/2187 2383/2283/2188
f 2371/2271/2176 2383/2283/2188 2384/2272/2177
f 2384/2272/2177 2383/2283/2188 2395/2284/2189
f 2384/2272/2177 2395/2284/2189 2396/2273/2178
f 2396/2273/2178 2395/2284/2189 2417/2285/2190
f 2396/2273/2178 2417/2285/2190 2416/2274/2179
f 2416/2274/2179 2417/2285/2190 2409/2286/2191
f 2416/2274/2179 2409/2286/2191 2410/2275/2180
f 2410/2275/2180 2409/2286/2191 2434/2287/2192
f 2410/2275/2180 2434/2287/2192 2435/2276/2181
f 2435/2276/2181 2434/2287/2192 2447/2288/2193
f 2435/2276/2181 2447/2288/2193 2448/1732/1646
f 2448/1732/1646 2447/2288/2193 2460/1734/1647
f 2319/2278/2183 1415/2277/2182 1441/2289/2194
f 1441/2289/2194 1415/2277/2182 1416/2290/2195
f 1441/2289/2194 1416/2290/2195 2331/2291/2196
f 2331/2291/2196 1416/2290/2195 1417/2292/2197
f 2331/2291/2196 1417/2292/2197 2354/2293/2198
f 2354/2293/2198 1417/2292/2197 1418/2294/2199
f 2354/2293/2198 1418/2294/2199 2366/2295/2200
f 2366/2295/2200 1418/2294/2199 1419/2296/2201
f 2366/2295/2200 1419/2296/2201 2378/2297/2202
f 2378/2297/2202 1419/2296/2201 1420/2298/2203
f 2378/2297/2202 1420/2298/2203 1442/2299/2204
f 1442/2299/2204 1420/2298/2203 1421/2300/2205
f 1442/2299/2204 1421/2300/2205 2424/2301/2206
f 2424/2301/2206 1421/2300/2205 2401/2302/2207
f 2424/2301/2206 2401/2302/2207 2402/2303/2208
f 2402/2303/2208 2401/2302/2207 2426/2304/2209
f 2402/2303/2208 2426/2304/2209 2427/2305/2210
f 2427/2305/2210 2426/2304/2209 2439/2306/2211
f 2427/2305/2210 2439/2306/2211 2440/2307/2212
f 2440/2307/2212 2439/2306/2211 2452/2308/2213
f 2440/2307/2212 2452/2308/2213 2453/2309/2214
f 2453/2309/2214 2452/2308/2213 2465/1549/1524
f 2453/2309/2214 2465/1549/1524 2466/1551/1526
f 1421/2300/2205 1422/2310/2215 2401/2302/2207
f 2401/2302/2207 1422/2310/2215 2425/2311/2216
f 2401/2302/2207 2425/2311/2216 2426/2304/2209
f 2426/2304/2209 2425/2311/2216 2438/2312/2217
f 2426/2304/2209 2438/2312/2217 2439/2306/2211
f 2439/2306/2211 2438/2312/2217 2451/2313/2218
f 2439/2306/2211 2451/2313/2218 2452/2308/2213
f 2452/2308/2213 2451/2313/2218 2464/1547/1522
f 2452/2308/2213 2464/1547/1522 2465/1549/1524
f 1422/2310/2215 1423/2314/2219 2425/2311/2216
f 2425/2311/2216 1423/2314/2219 2437/2315/2220
f 2425/2311/2216 2437/2315/2220 2438/2312/2217
f 2438/2312/2217 2437/2315/2220 2450/2316/2221
f 2438/2312/2217 2450/2316/2221 2451/2313/2218
f 2451/2313/2218 2450/2316/2221 2463/1545/1520
f 2451/2313/2218 2463/1545/1520 2464/1547/1522
f 1423/2314/2219 1424/2317/2222 2437/2315/2220
f 2437/2315/2220 1424/2317/2222 2449/2318/2223
f 2437/2315/2220 2449/2318/2223 2450/2316/2221
f 2450/2316/2221 2449/2318/2223 2462/1543/1518
f 2450/2316/2221 2462/1543/1518 2463/1545/1520
f 1424/2317/2222 1425/2319/2224 2449/2318/2223
f 2449/2318/2223 1425/2319/2224 2461/1541/1516
f 2449/2318/2223 2461/1541/1516 2462/1543/1518
f 1425/2319/2224 1426/1539/1514 2461/1541/1516
f 1352/2320/1342 1465/2321/2225 1264/2322/1340
f 1264/2322/1340 1465/2321/2225 1464/2323/2226
f 1264/2322/1340 1464/2323/2226 1265/2324/1338
f 1265/2324/1338 1464/2323/2226 1488/2325/2227
f 1265/2324/1338 1488/2325/2227 1266/2326/1506
f 1266/2326/1506 1488/2325/2227 1500/2327/2228
f 1266/2326/1506 1500/2327/2228 1267/2328/1504
f 1267/2328/1504 1500/2327/2228 1511/2329/2229
f 1267/2328/1504 1511/2329/2229 1268/2330/1502
f 1268/2330/1502 1511/2329/2229 1524/2331/2230
f 1268/2330/1502 1524/2331/2230 1269/2332/1500
f 1269/2332/1500 1524/2331/2230 1523/2333/2231
f 1269/2332/1500 1523/2333/2231 1270/2334/1498
f 1270/2334/1498 1523/2333/2231 1547/2335/2232
f 1270/2334/1498 1547/2335/2232 1271/2336/1496
f 1271/2336/1496 1547/2335/2232 1559/2337/2233
f 1271/2336/1496 1559/2337/2233 1272/2338/1494
f 1272/2338/1494 1559/2337/2233 1571/2339/2234
f 1272/2338/1494 1571/2339/2234 1273/2340/1492
f 1273/2340/1492 1571/2339/2234 1582/2341/2235
f 1273/2340/1492 1582/2341/2235 1274/2342/1490
f 1274/2342/1490 1582/2341/2235 1595/2343/2236
f 1274/2342/1490 1595/2343/2236 1275/2344/1488
f 1275/2344/1488 1595/2343/2236 1594/2345/2237
f 1275/2344/1488 1594/2345/2237 1276/2346/1486
f 1276/2346/1486 1594/2345/2237 1618/2347/2238
f 1276/2346/1486 1618/2347/2238 1277/2348/1484
f 1277/2348/1484 1618/2347/2238 1630/2349/2239
f 1277/2348/1484 1630/2349/2239 1278/2350/1482
f 1278/2350/1482 1630/2349/2239 1642/2351/2240
f 1278/2350/1482 1642/2351/2240 1279/2352/1480
f 1279/2352/1480 1642/2351/2240 1654/1594/1567
f 1279/2352/1480 1654/1594/1567 1280/1596/1478
f 1465/2321/2225 1352/2320/1342 2485/2353/2241
f 2485/2353/2241 1352/2320/1342 1351/2354/1344
f 2485/2353/2241 1351/2354/1344 2484/1562/1537
f 2484/1562/1537 1351/2354/1344 1350/1564/1346
f 1428/2203/2110 1429/2355/2242 2236/2201/2108
f 2236/2201/2108 1429/2355/2242 2237/2356/2243
f 2236/2201/2108 2237/2356/2243 2224/2199/2106
f 2224/2199/2106 2237/2356/2243 2225/2357/2244
f 2224/2199/2106 2225/2357/2244 2212/2197/2104
f 2212/2197/2104 2225/2357/2244 2213/2358/2245
f 2212/2197/2104 2213/2358/2245 2188/2195/2102
f 2188/2195/2102 2213/2358/2245 2189/2184/2092
f 2188/2195/2102 2189/2184/2092 2211/2183/2091
f 1429/2355/2242 1430/2359/2246 2237/2356/2243
f 2237/2356/2243 1430/2359/2246 2238/2360/2247
f 2237/2356/2243 2238/2360/2247 2225/2357/2244
f 2225/2357/2244 2238/2360/2247 2226/2361/2248
f 2225/2357/2244 2226/2361/2248 2213/2358/2245
f 2213/2358/2245 2226/2361/2248 2214/2185/2093
f 2213/2358/2245 2214/2185/2093 2189/2184/2092
f 1429/2362/2242 1428/2204/2110 2249/2363/2249
f 2249/2363/2249 1428/2204/2110 2248/2207/2112
f 2249/2363/2249 2248/2207/2112 2282/2209/2114
f 1430/2359/2246 1431/2364/2250 2238/2360/2247
f 2238/2360/2247 1431/2364/2250 2239/2365/2251
f 2238/2360/2247 2239/2365/2251 2226/2361/2248
f 2226/2361/2248 2239/2365/2251 2227/2186/2094
f 2226/2361/2248 2227/2186/2094 2214/2185/2093
f 1430/2366/2246 1429/2362/2242 2250/2367/2252
f 2250/2367/2252 1429/2362/2242 2249/2363/2249
f 2250/2367/2252 2249/2363/2249 2281/2368/2253
f 2281/2368/2253 2249/2363/2249 2282/2209/2114
f 2281/2368/2253 2282/2209/2114 2262/2211/2116
f 1431/2364/2250 1432/2369/2254 2239/2365/2251
f 2239/2365/2251 1432/2369/2254 2240/2187/2095
f 2239/2365/2251 2240/2187/2095 2227/2186/2094
f 1431/2370/2250 1430/2366/2246 2251/2371/2255
f 2251/2371/2255 1430/2366/2246 2250/2367/2252
f 2251/2371/2255 2250/2367/2252 2280/2372/2256
f 2280/2372/2256 2250/2367/2252 2281/2368/2253
f 2280/2372/2256 2281/2368/2253 2263/2373/2257
f 2263/2373/2257 2281/2368/2253 2262/2211/2116
f 2263/2373/2257 2262/2211/2116 2286/2213/2118
f 2240/2187/2095 1432/2369/2254 1433/2188/2096
f 1433/2189/2096 1432/2374/2254 2253/2375/2258
f 1433/2189/2096 2253/2375/2258 2254/2190/2097
f 2254/2190/2097 2253/2375/2258 2277/2376/2259
f 2254/2190/2097 2277/2376/2259 2276/2191/2098
f 2276/2191/2098 2277/2376/2259 2267/2377/2260
f 2276/2191/2098 2267/2377/2260 2268/2192/2099
f 2268/2192/2099 2267/2377/2260 2291/2378/2261
f 2268/2192/2099 2291/2378/2261 2292/2193/2100
f 2292/2193/2100 2291/2378/2261 2304/2379/2262
f 2292/2193/2100 2304/2379/2262 2305/2194/2101
f 2305/2194/2101 2304/2379/2262 2317/2380/2263
f 2305/2194/2101 2317/2380/2263 2318/1710/1635
f 2318/1710/1635 2317/2380/2263 2330/1712/1636
f 1432/2374/2254 1431/2370/2250 2252/2381/2264
f 2252/2381/2264 1431/2370/2250 2251/2371/2255
f 2252/2381/2264 2251/2371/2255 2279/2382/2265
f 2279/2382/2265 2251/2371/2255 2280/2372/2256
f 2279/2382/2265 2280/2372/2256 2264/2383/2266
f 2264/2383/2266 2280/2372/2256 2263/2373/2257
f 2264/2383/2266 2263/2373/2257 2287/2384/2267
f 2287/2384/2267 2263/2373/2257 2286/2213/2118
f 2287/2384/2267 2286/2213/2118 2299/2215/2120
f 1453/1534/1509 1454/2385/2268 1476/1536/1511
f 1476/1536/1511 1454/2385/2268 1475/2386/2269
f 1476/1536/1511 1475/2386/2269 1443/1538/1513
f 1443/1538/1513 1475/2386/2269 2495/2387/2270
f 1443/1538/1513 2495/2387/2270 2473/1540/1515
f 2473/1540/1515 2495/2387/2270 2474/1542/1517
f 1454/2385/2268 1455/2388/2271 1475/2386/2269
f 1475/2386/2269 1455/2388/2271 1474/2389/2272
f 1475/2386/2269 1474/2389/2272 2495/2387/2270
f 2495/2387/2270 1474/2389/2272 2494/2390/2273
f 2495/2387/2270 2494/2390/2273 2474/1542/1517
f 2474/1542/1517 2494/2390/2273 2475/1544/1519
f 1454/2385/2268 1453/1534/1509 1478/2391/2274
f 1478/2391/2274 1453/1534/1509 1477/1566/1539
f 1478/2391/2274 1477/1566/1539 1490/2392/2275
f 1490/2392/2275 1477/1566/1539 1489/1568/1541
f 1490/2392/2275 1489/1568/1541 1501/2393/2276
f 1501/2393/2276 1489/1568/1541 1444/1570/1543
f 1501/2393/2276 1444/1570/1543 1534/2394/2277
f 1534/2394/2277 1444/1570/1543 1535/1572/1545
f 1534/2394/2277 1535/1572/1545 1513/1574/1547
f 1455/2388/2271 1456/2395/2278 1474/2389/2272
f 1474/2389/2272 1456/2395/2278 1473/2396/2279
f 1474/2389/2272 1473/2396/2279 2494/2390/2273
f 2494/2390/2273 1473/2396/2279 2493/2397/2280
f 2494/2390/2273 2493/2397/2280 2475/1544/1519
f 2475/1544/1519 2493/2397/2280 2476/1546/1521
f 1455/2388/2271 1454/2385/2268 1479/2398/2281
f 1479/2398/2281 1454/2385/2268 1478/2391/2274
f 1479/2398/2281 1478/2391/2274 1491/2399/2282
f 1491/2399/2282 1478/2391/2274 1490/2392/2275
f 1491/2399/2282 1490/2392/2275 1502/2400/2283
f 1502/2400/2283 1490/2392/2275 1501/2393/2276
f 1502/2400/2283 1501/2393/2276 1533/2401/2284
f 1533/2401/2284 1501/2393/2276 1534/2394/2277
f 1533/2401/2284 1534/2394/2277 1514/2402/2285
f 1514/2402/2285 1534/2394/2277 1513/1574/1547
f 1514/2402/2285 1513/1574/1547 1538/1576/1549
f 1456/2395/2278 1457/2403/2286 1473/2396/2279
f 1473/2396/2279 1457/2403/2286 1472/2404/2287
f 1473/2396/2279 1472/2404/2287 2493/2397/2280
f 2493/2397/2280 1472/2404/2287 2492/2405/2288
f 2493/2397/2280 2492/2405/2288 2476/1546/1521
f 2476/1546/1521 2492/2405/2288 2477/1548/1523
f 1456/2395/2278 1455/2388/2271 1480/2406/2289
f 1480/2406/2289 1455/2388/2271 1479/2398/2281
f 1480/2406/2289 1479/2398/2281 1492/2407/2290
f 1492/2407/2290 1479/2398/2281 1491/2399/2282
f 1492/2407/2290 1491/2399/2282 1503/2408/2291
f 1503/2408/2291 1491/2399/2282 1502/2400/2283
f 1503/2408/2291 1502/2400/2283 1532/2409/2292
f 1532/2409/2292 1502/2400/2283 1533/2401/2284
f 1532/2409/2292 1533/2401/2284 1515/2410/2293
f 1515/2410/2293 1533/2401/2284 1514/2402/2285
f 1515/2410/2293 1514/2402/2285 1539/2411/2294
f 1539/2411/2294 1514/2402/2285 1538/1576/1549
f 1539/2411/2294 1538/1576/1549 1551/1578/1551
f 1457/2403/2286 1458/2412/2295 1472/2404/2287
f 1472/2404/2287 1458/2412/2295 1471/2413/2296
f 1472/2404/2287 1471/2413/2296 2492/2405/2288
f 2492/2405/2288 1471/2413/2296 2491/2414/2297
f 2492/2405/2288 2491/2414/2297 2477/1548/1523
f 2477/1548/1523 2491/2414/2297 2478/1550/1525
f 1457/2403/2286 1456/2395/2278 1481/2415/2298
f 1481/2415/2298 1456/2395/2278 1480/2406/2289
f 1481/2415/2298 1480/2406/2289 1493/2416/2299
f 1493/2416/2299 1480/2406/2289 1492/2407/2290
f 1493/2416/2299 1492/2407/2290 1504/2417/2300
f 1504/2417/2300 1492/2407/2290 1503/2408/2291
f 1504/2417/2300 1503/2408/2291 1531/2418/2301
f 1531/2418/2301 1503/2408/2291 1532/2409/2292
f 1531/2418/2301 1532/2409/2292 1516/2419/2302
f 1516/2419/2302 1532/2409/2292 1515/2410/2293
f 1516/2419/2302 1515/2410/2293 1540/2420/2303
f 1540/2420/2303 1515/2410/2293 1539/2411/2294
f 1540/2420/2303 1539/2411/2294 1552/2421/2304
f 1552/2421/2304 1539/2411/2294 1551/1578/1551
f 1552/2421/2304 1551/1578/1551 1564/1580/1553
f 1458/2412/2295 1459/2422/2305 1471/2413/2296
f 1471/2413/2296 1459/2422/2305 1470/2423/2306
f 1471/2413/2296 1470/2423/2306 2491/2414/2297
f 2491/2414/2297 1470/2423/2306 2490/2424/2307
f 2491/2414/2297 2490/2424/2307 2478/1550/1525
f 2478/1550/1525 2490/2424/2307 2479/1552/1527
f 1458/2412/2295 1457/2403/2286 1482/2425/2308
f 1482/2425/2308 1457/2403/2286 1481/2415/2298
f 1482/2425/2308 1481/2415/2298 1494/2426/2309
f 1494/2426/2309 1481/2415/2298 1493/2416/2299
f 1494/2426/2309 1493/2416/2299 1505/2427/2310
f 1505/2427/2310 1493/2416/2299 1504/2417/2300
f 1505/2427/2310 1504/2417/2300 1530/2428/2311
f 1530/2428/2311 1504/2417/2300 1531/2418/2301
f 1530/2428/2311 1531/2418/2301 1517/2429/2312
f 1517/2429/2312 1531/2418/2301 1516/2419/2302
f 1517/2429/2312 1516/2419/2302 1541/2430/2313
f 1541/2430/2313 1516/2419/2302 1540/2420/2303
f 1541/2430/2313 1540/2420/2303 1553/2431/2314
f 1553/2431/2314 1540/2420/2303 1552/2421/2304
f 1553/2431/2314 1552/2421/2304 1565/2432/2315
f 1565/2432/2315 1552/2421/2304 1564/1580/1553
f 1565/2432/2315 1564/1580/1553 1576/1582/1555
f 1459/2422/2305 1460/2433/2316 1470/2423/2306
f 1470/2423/2306 1460/2433/2316 1469/2434/2317
f 1470/2423/2306 1469/2434/2317 2490/2424/2307
f 2490/2424/2307 1469/2434/2317 2489/2435/2318
f 2490/2424/2307 2489/2435/2318 2479/1552/1527
f 2479/1552/1527 2489/2435/2318 2480/1554/1529
f 1459/2422/2305 1458/2412/2295 1483/2436/2319
f 1483/2436/2319 1458/2412/2295 1482/2425/2308
f 1483/2436/2319 1482/2425/2308 1495/2437/2320
f 1495/2437/2320 1482/2425/2308 1494/2426/2309
f 1495/2437/2320 1494/2426/2309 1506/2438/2321
f 1506/2438/2321 1494/2426/2309 1505/2427/2310
f 1506/2438/2321 1505/2427/2310 1529/2439/2322
f 1529/2439/2322 1505/2427/2310 1530/2428/2311
f 1529/2439/2322 1530/2428/2311 1518/2440/2323
f 1518/2440/2323 1530/2428/2311 1517/2429/2312
f 1518/2440/2323 1517/2429/2312 1542/2441/2324
f 1542/2441/2324 1517/2429/2312 1541/2430/2313
f 1542/2441/2324 1541/2430/2313 1554/2442/2325
f 1554/2442/2325 1541/2430/2313 1553/2431/2314
f 1554/2442/2325 1553/2431/2314 1566/2443/2326
f 1566/2443/2326 1553/2431/2314 1565/2432/2315
f 1566/2443/2326 1565/2432/2315 1577/2444/2327
f 1577/2444/2327 1565/2432/2315 1576/1582/1555
f 1577/2444/2327 1576/1582/1555 1600/1584/1557
f 1460/2433/2316 1461/2445/2328 1469/2434/2317
f 1469/2434/2317 1461/2445/2328 1468/2446/2329
f 1469/2434/2317 1468/2446/2329 2489/2435/2318
f 2489/2435/2318 1468/2446/2329 2488/2447/2330
f 2489/2435/2318 2488/2447/2330 2480/1554/1529
f 2480/1554/1529 2488/2447/2330 2481/1556/1531
f 1460/2433/2316 1459/2422/2305 1484/2448/2331
f 1484/2448/2331 1459/2422/2305 1483/2436/2319
f 1484/2448/2331 1483/2436/2319 1496/2449/2332
f 1496/2449/2332 1483/2436/2319 1495/2437/2320
f 1496/2449/2332 1495/2437/2320 1507/2450/2333
f 1507/2450/2333 1495/2437/2320 1506/2438/2321
f 1507/2450/2333 1506/2438/2321 1528/2451/2334
f 1528/2451/2334 1506/2438/2321 1529/2439/2322
f 1528/2451/2334 1529/2439/2322 1519/2452/2335
f 1519/2452/2335 1529/2439/2322 1518/2440/2323
f 1519/2452/2335 1518/2440/2323 1543/2453/2336
f 1543/2453/2336 1518/2440/2323 1542/2441/2324
f 1543/2453/2336 1542/2441/2324 1555/2454/2337
f 1555/2454/2337 1542/2441/2324 1554/2442/2325
f 1555/2454/2337 1554/2442/2325 1567/2455/2338
f 1567/2455/2338 1554/2442/2325 1566/2443/2326
f 1567/2455/2338 1566/2443/2326 1578/2456/2339
f 1578/2456/2339 1566/2443/2326 1577/2444/2327
f 1578/2456/2339 1577/2444/2327 1599/2457/2340
f 1599/2457/2340 1577/2444/2327 1600/1584/1557
f 1599/2457/2340 1600/1584/1557 1590/1586/1559
f 1461/2445/2328 1462/2458/2341 1468/2446/2329
f 1468/2446/2329 1462/2458/2341 1467/2459/2342
f 1468/2446/2329 1467/2459/2342 2488/2447/2330
f 2488/2447/2330 1467/2459/2342 2487/2460/2343
f 2488/2447/2330 2487/2460/2343 2481/1556/1531
f 2481/1556/1531 2487/2460/2343 2482/1558/1533
f 1461/2445/2328 1460/2433/2316 1485/2461/2344
f 1485/2461/2344 1460/2433/2316 1484/2448/2331
f 1485/2461/2344 1484/2448/2331 1497/2462/2345
f 1497/2462/2345 1484/2448/2331 1496/2449/2332
f 1497/2462/2345 1496/2449/2332 1508/2463/2346
f 1508/2463/2346 1496/2449/2332 1507/2450/2333
f 1508/2463/2346 1507/2450/2333 1527/2464/2347
f 1527/2464/2347 1507/2450/2333 1528/2451/2334
f 1527/2464/2347 1528/2451/2334 1520/2465/2348
f 1520/2465/2348 1528/2451/2334 1519/2452/2335
f 1520/2465/2348 1519/2452/2335 1544/2466/2349
f 1544/2466/2349 1519/2452/2335 1543/2453/2336
f 1544/2466/2349 1543/2453/2336 1556/2467/2350
f 1556/2467/2350 1543/2453/2336 1555/2454/2337
f 1556/2467/2350 1555/2454/2337 1568/2468/2351
f 1568/2468/2351 1555/2454/2337 1567/2455/2338
f 1568/2468/2351 1567/2455/2338 1579/2469/2352
f 1579/2469/2352 1567/2455/2338 1578/2456/2339
f 1579/2469/2352 1578/2456/2339 1598/2470/2353
f 1598/2470/2353 1578/2456/2339 1599/2457/2340
f 1598/2470/2353 1599/2457/2340 1591/2471/2354
f 1591/2471/2354 1599/2457/2340 1590/1586/1559
f 1591/2471/2354 1590/1586/1559 1615/1588/1561
f 1462/2458/2341 1463/2472/2355 1467/2459/2342
f 1467/2459/2342 1463/2472/2355 1466/2473/2356
f 1467/2459/2342 1466/2473/2356 2487/2460/2343
f 2487/2460/2343 1466/2473/2356 2486/2474/2357
f 2487/2460/2343 2486/2474/2357 2482/1558/1533
f 2482/1558/1533 2486/2474/2357 2483/1560/1535
f 1462/2458/2341 1461/2445/2328 1486/2475/2358
f 1486/2475/2358 1461/2445/2328 1485/2461/2344
f 1486/2475/2358 1485/2461/2344 1498/2476/2359
f 1498/2476/2359 1485/2461/2344 1497/2462/2345
f 1498/2476/2359 1497/2462/2345 1509/2477/2360
f 1509/2477/2360 1497/2462/2345 1508/2463/2346
f 1509/2477/2360 1508/2463/2346 1526/2478/2361
f 1526/2478/2361 1508/2463/2346 1527/2464/2347
f 1526/2478/2361 1527/2464/2347 1521/2479/2362
f 1521/2479/2362 1527/2464/2347 1520/2465/2348
f 1521/2479/2362 1520/2465/2348 1545/2480/2363
f 1545/2480/2363 1520/2465/2348 1544/2466/2349
f 1545/2480/2363 1544/2466/2349 1557/2481/2364
f 1557/2481/2364 1544/2466/2349 1556/2467/2350
f 1557/2481/2364 1556/2467/2350 1569/2482/2365
f 1569/2482/2365 1556/2467/2350 1568/2468/2351
f 1569/2482/2365 1568/2468/2351 1580/2483/2366
f 1580/2483/2366 1568/2468/2351 1579/2469/2352
f 1580/2483/2366 1579/2469/2352 1597/2484/2367
f 1597/2484/2367 1579/2469/2352 1598/2470/2353
f 1597/2484/2367 1598/2470/2353 1592/2485/2368
f 1592/2485/2368 1598/2470/2353 1591/2471/2354
f 1592/2485/2368 1591/2471/2354 1616/2486/2369
f 1616/2486/2369 1591/2471/2354 1615/1588/1561
f 1616/2486/2369 1615/1588/1561 1628/1590/1563
f 1463/2472/2355 1464/2323/2226 1466/2473/2356
f 1466/2473/2356 1464/2323/2226 1465/2321/2225
f 1466/2473/2356 1465/2321/2225 2486/2474/2357
f 2486/2474/2357 1465/2321/2225 2485/2353/2241
f 2486/2474/2357 2485/2353/2241 2483/1560/1535
f 2483/1560/1535 2485/2353/2241 2484/1562/1537
f 1463/2472/2355 1462/2458/2341 1487/2487/2370
f 1487/2487/2370 1462/2458/2341 1486/2475/2358
f 1487/2487/2370 1486/2475/2358 1499/2488/2371
f 1499/2488/2371 1486/2475/2358 1498/2476/2359
f 1499/2488/2371 1498/2476/2359 1510/2489/2372
f 1510/2489/2372 1498/2476/2359 1509/2477/2360
f 1510/2489/2372 1509/2477/2360 1525/2490/2373
f 1525/2490/2373 1509/2477/2360 1526/2478/2361
f 1525/2490/2373 1526/2478/2361 1522/2491/2374
f 1522/2491/2374 1526/2478/2361 1521/2479/2362
f 1522/2491/2374 1521/2479/2362 1546/2492/2375
f 1546/2492/2375 1521/2479/2362 1545/2480/2363
f 1546/2492/2375 1545/2480/2363 1558/2493/2376
f 1558/2493/2376 1545/2480/2363 1557/2481/2364
f 1558/2493/2376 1557/2481/2364 1570/2494/2377
f 1570/2494/2377 1557/2481/2364 1569/2482/2365
f 1570/2494/2377 1569/2482/2365 1581/2495/2378
f 1581/2495/2378 1569/2482/2365 1580/2483/2366
f 1581/2495/2378 1580/2483/2366 1596/2496/2379
f 1596/2496/2379 1580/2483/2366 1597/2484/2367
f 1596/2496/2379 1597/2484/2367 1593/2497/2380
f 1593/2497/2380 1597/2484/2367 1592/2485/2368
f 1593/2497/2380 1592/2485/2368 1617/2498/2381
f 1617/2498/2381 1592/2485/2368 1616/2486/2369
f 1617/2498/2381 1616/2486/2369 1629/2499/2382
f 1629/2499/2382 1616/2486/2369 1628/1590/1563
f 1629/2499/2382 1628/1590/1563 1641/1592/1565
f 1464/2323/2226 1463/2472/2355 1488/2325/2227
f 1488/2325/2227 1463/2472/2355 1487/2487/2370
f 1488/2325/2227 1487/2487/2370 1500/2327/2228
f 1500/2327/2228 1487/2487/2370 1499/2488/2371
f 1500/2327/2228 1499/2488/2371 1511/2329/2229
f 1511/2329/2229 1499/2488/2371 1510/2489/2372
f 1511/2329/2229 1510/2489/2372 1524/2331/2230
f 1524/2331/2230 1510/2489/2372 1525/2490/2373
f 1524/2331/2230 1525/2490/2373 1523/2333/2231
f 1523/2333/2231 1525/2490/2373 1522/2491/2374
f 1523/2333/2231 1522/2491/2374 1547/2335/2232
f 1547/2335/2232 1522/2491/2374 1546/2492/2375
f 1547/2335/2232 1546/2492/2375 1559/2337/2233
f 1559/2337/2233 1546/2492/2375 1558/2493/2376
f 1559/2337/2233 1558/2493/2376 1571/2339/2234
f 1571/2339/2234 1558/2493/2376 1570/2494/2377
f 1571/2339/2234 1570/2494/2377 1582/2341/2235
f 1582/2341/2235 1570/2494/2377 1581/2495/2378
f 1582/2341/2235 1581/2495/2378 1595/2343/2236
f 1595/2343/2236 1581/2495/2378 1596/2496/2379
f 1595/2343/2236 1596/2496/2379 1594/2345/2237
f 1594/2345/2237 1596/2496/2379 1593/2497/2380
f 1594/2345/2237 1593/2497/2380 1618/2347/2238
f 1618/2347/2238 1593/2497/2380 1617/2498/2381
f 1618/2347/2238 1617/2498/2381 1630/2349/2239
f 1630/2349/2239 1617/2498/2381 1629/2499/2382
f 1630/2349/2239 1629/2499/2382 1642/2351/2240
f 1642/2351/2240 1629/2499/2382 1641/1592/1565
f 1642/2351/2240 1641/1592/1565 1654/1594/1567
f 1606/1784/1697 1583/1795/1708 1584/1785/1698
f 1584/1785/1698 1583/1795/1708 1608/2500/2383
f 1584/1785/1698 1608/2500/2383 1609/1786/1699
f 1609/1786/1699 1608/2500/2383 1621/2501/2384
f 1609/1786/1699 1621/2501/2384 1622/1787/1700
f 1622/1787/1700 1621/2501/2384 1634/2502/2385
f 1622/1787/1700 1634/2502/2385 1635/1788/1701
f 1635/1788/1701 1634/2502/2385 1647/2503/2386
f 1635/1788/1701 1647/2503/2386 1648/1789/1702
f 1648/1789/1702 1647/2503/2386 1660/2504/2387
f 1648/1789/1702 1660/2504/2387 1661/1790/1703
f 1661/1790/1703 1660/2504/2387 1684/2505/2388
f 1661/1790/1703 1684/2505/2388 1683/1791/1704
f 1683/1791/1704 1684/2505/2388 1674/2506/2389
f 1683/1791/1704 1674/2506/2389 1675/1792/1705
f 1675/1792/1705 1674/2506/2389 1698/2507/2390
f 1675/1792/1705 1698/2507/2390 1699/1793/1706
f 1699/1793/1706 1698/2507/2390 1711/2508/2391
f 1699/1793/1706 1711/2508/2391 1712/1794/1707
f 1712/1794/1707 1711/2508/2391 1724/2509/2392
f 1712/1794/1707 1724/2509/2392 1725/1606/1575
f 1725/1606/1575 1724/2509/2392 1736/1608/1577
f 1583/1795/1708 1607/1797/1710 1608/2500/2383
f 1608/2500/2383 1607/1797/1710 1620/2510/2393
f 1608/2500/2383 1620/2510/2393 1621/2501/2384
f 1621/2501/2384 1620/2510/2393 1633/2511/2394
f 1621/2501/2384 1633/2511/2394 1634/2502/2385
f 1634/2502/2385 1633/2511/2394 1646/2512/2395
f 1634/2502/2385 1646/2512/2395 1647/2503/2386
f 1647/2503/2386 1646/2512/2395 1659/2513/2396
f 1647/2503/2386 1659/2513/2396 1660/2504/2387
f 1660/2504/2387 1659/2513/2396 1685/2514/2397
f 1660/2504/2387 1685/2514/2397 1684/2505/2388
f 1684/2505/2388 1685/2514/2397 1673/2515/2398
f 1684/2505/2388 1673/2515/2398 1674/2506/2389
f 1674/2506/2389 1673/2515/2398 1697/2516/2399
f 1674/2506/2389 1697/2516/2399 1698/2507/2390
f 1698/2507/2390 1697/2516/2399 1710/2517/2400
f 1698/2507/2390 1710/2517/2400 1711/2508/2391
f 1711/2508/2391 1710/2517/2400 1723/2518/2401
f 1711/2508/2391 1723/2518/2401 1724/2509/2392
f 1724/2509/2392 1723/2518/2401 1735/2519/2402
f 1724/2509/2392 1735/2519/2402 1736/1608/1577
f 1736/1608/1577 1735/2519/2402 1749/1610/1579
f 1607/1797/1710 1619/1799/1712 1620/2510/2393
f 1620/2510/2393 1619/1799/1712 1632/2520/2403
f 1620/2510/2393 1632/2520/2403 1633/2511/2394
f 1633/2511/2394 1632/2520/2403 1645/2521/2404
f 1633/2511/2394 1645/2521/2404 1646/2512/2395
f 1646/2512/2395 1645/2521/2404 1658/2522/2405
f 1646/2512/2395 1658/2522/2405 1659/2513/2396
f 1659/2513/2396 1658/2522/2405 1686/2523/2406
f 1659/2513/2396 1686/2523/2406 1685/2514/2397
f 1685/2514/2397 1686/2523/2406 1672/2524/2407
f 1685/2514/2397 1672/2524/2407 1673/2515/2398
f 1673/2515/2398 1672/2524/2407 1696/2525/2408
f 1673/2515/2398 1696/2525/2408 1697/2516/2399
f 1697/2516/2399 1696/2525/2408 1709/2526/2409
f 1697/2516/2399 1709/2526/2409 1710/2517/2400
f 1710/2517/2400 1709/2526/2409 1722/2527/2410
f 1710/2517/2400 1722/2527/2410 1723/2518/2401
f 1723/2518/2401 1722/2527/2410 1734/2528/2411
f 1723/2518/2401 1734/2528/2411 1735/2519/2402
f 1735/2519/2402 1734/2528/2411 1750/2529/2412
f 1735/2519/2402 1750/2529/2412 1749/1610/1579
f 1749/1610/1579 1750/2529/2412 1748/1612/1581
f 1619/1799/1712 1631/1801/1714 1632/2520/2403
f 1632/2520/2403 1631/1801/1714 1644/2530/2413
f 1632/2520/2403 1644/2530/2413 1645/2521/2404
f 1645/2521/2404 1644/2530/2413 1657/2531/2414
f 1645/2521/2404 1657/2531/2414 1658/2522/2405
f 1658/2522/2405 1657/2531/2414 1687/2532/2415
f 1658/2522/2405 1687/2532/2415 1686/2523/2406
f 1686/2523/2406 1687/2532/2415 1671/2533/2416
f 1686/2523/2406 1671/2533/2416 1672/2524/2407
f 1672/2524/2407 1671/2533/2416 1695/2534/2417
f 1672/2524/2407 1695/2534/2417 1696/2525/2408
f 1696/2525/2408 1695/2534/2417 1708/2535/2418
f 1696/2525/2408 1708/2535/2418 1709/2526/2409
f 1709/2526/2409 1708/2535/2418 1721/2536/2419
f 1709/2526/2409 1721/2536/2419 1722/2527/2410
f 1722/2527/2410 1721/2536/2419 1733/2537/2420
f 1722/2527/2410 1733/2537/2420 1734/2528/2411
f 1734/2528/2411 1733/2537/2420 1751/2538/2421
f 1734/2528/2411 1751/2538/2421 1750/2529/2412
f 1750/2529/2412 1751/2538/2421 1747/2539/2422
f 1750/2529/2412 1747/2539/2422 1748/1612/1581
f 1748/1612/1581 1747/2539/2422 1772/1614/1582
f 1631/1801/1714 1643/1803/1716 1644/2530/2413
f 1644/2530/2413 1643/1803/1716 1656/2540/2423
f 1644/2530/2413 1656/2540/2423 1657/2531/2414
f 1657/2531/2414 1656/2540/2423 1688/2541/2424
f 1657/2531/2414 1688/2541/2424 1687/2532/2415
f 1687/2532/2415 1688/2541/2424 1670/2542/2425
f 1687/2532/2415 1670/2542/2425 1671/2533/2416
f 1671/2533/2416 1670/2542/2425 1694/2543/2426
f 1671/2533/2416 1694/2543/2426 1695/2534/2417
f 1695/2534/2417 1694/2543/2426 1707/2544/2427
f 1695/2534/2417 1707/2544/2427 1708/2535/2418
f 1708/2535/2418 1707/2544/2427 1720/2545/2428
f 1708/2535/2418 1720/2545/2428 1721/2536/2419
f 1721/2536/2419 1720/2545/2428 1732/2546/2429
f 1721/2536/2419 1732/2546/2429 1733/2537/2420
f 1733/2537/2420 1732/2546/2429 1752/2547/2430
f 1733/2537/2420 1752/2547/2430 1751/2538/2421
f 1751/2538/2421 1752/2547/2430 1746/2548/2431
f 1751/2538/2421 1746/2548/2431 1747/2539/2422
f 1747/2539/2422 1746/2548/2431 1771/2549/2432
f 1747/2539/2422 1771/2549/2432 1772/1614/1582
f 1772/1614/1582 1771/2549/2432 1784/1616/1583
f 1643/1803/1716 1655/1805/1718 1656/2540/2423
f 1656/2540/2423 1655/1805/1718 1689/1807/1720
f 1656/2540/2423 1689/1807/1720 1688/2541/2424
f 1688/2541/2424 1689/1807/1720 1669/1809/1722
f 1688/2541/2424 1669/1809/1722 1670/2542/2425
f 1670/2542/2425 1669/1809/1722 1693/1811/1724
f 1670/2542/2425 1693/1811/1724 1694/2543/2426
f 1694/2543/2426 1693/1811/1724 1706/1813/1726
f 1694/2543/2426 1706/1813/1726 1707/2544/2427
f 1707/2544/2427 1706/1813/1726 1719/1815/1728
f 1707/2544/2427 1719/1815/1728 1720/2545/2428
f 1720/2545/2428 1719/1815/1728 1731/1817/1730
f 1720/2545/2428 1731/1817/1730 1732/2546/2429
f 1732/2546/2429 1731/1817/1730 1753/1819/1732
f 1732/2546/2429 1753/1819/1732 1752/2547/2430
f 1752/2547/2430 1753/1819/1732 1745/1821/1734
f 1752/2547/2430 1745/1821/1734 1746/2548/2431
f 1746/2548/2431 1745/1821/1734 1770/1823/1736
f 1746/2548/2431 1770/1823/1736 1771/2549/2432
f 1771/2549/2432 1770/1823/1736 1783/1825/1738
f 1771/2549/2432 1783/1825/1738 1784/1616/1583
f 1784/1616/1583 1783/1825/1738 1796/1618/1584
f 1760/1888/1801 1737/1899/1812 1738/1889/1802
f 1738/1889/1802 1737/1899/1812 1762/2550/2433
f 1738/1889/1802 1762/2550/2433 1763/1890/1803
f 1763/1890/1803 1762/2550/2433 1775/2551/2434
f 1763/1890/1803 1775/2551/2434 1776/1891/1804
f 1776/1891/1804 1775/2551/2434 1788/2552/2435
f 1776/1891/1804 1788/2552/2435 1789/1892/1805
f 1789/1892/1805 1788/2552/2435 1801/2553/2436
f 1789/1892/1805 1801/2553/2436 1802/1893/1806
f 1802/1893/1806 1801/2553/2436 1827/2554/2437
f 1802/1893/1806 1827/2554/2437 1826/1894/1807
f 1826/1894/1807 1827/2554/2437 1815/2555/2438
f 1826/1894/1807 1815/2555/2438 1816/1895/1808
f 1816/1895/1808 1815/2555/2438 1840/2556/2439
f 1816/1895/1808 1840/2556/2439 1841/1896/1809
f 1841/1896/1809 1840/2556/2439 1853/2557/2440
f 1841/1896/1809 1853/2557/2440 1854/1897/1810
f 1854/1897/1810 1853/2557/2440 1866/2558/2441
f 1854/1897/1810 1866/2558/2441 1867/1898/1811
f 1867/1898/1811 1866/2558/2441 1879/2559/2442
f 1867/1898/1811 1879/2559/2442 1880/1632/1591
f 1880/1632/1591 1879/2559/2442 1892/1634/1592
f 1737/1899/1812 1761/1901/1814 1762/2550/2433
f 1762/2550/2433 1761/1901/1814 1774/2560/2443
f 1762/2550/2433 1774/2560/2443 1775/2551/2434
f 1775/2551/2434 1774/2560/2443 1787/2561/2444
f 1775/2551/2434 1787/2561/2444 1788/2552/2435
f 1788/2552/2435 1787/2561/2444 1800/2562/2445
f 1788/2552/2435 1800/2562/2445 1801/2553/2436
f 1801/2553/2436 1800/2562/2445 1828/2563/2446
f 1801/2553/2436 1828/2563/2446 1827/2554/2437
f 1827/2554/2437 1828/2563/2446 1814/2564/2447
f 1827/2554/2437 1814/2564/2447 1815/2555/2438
f 1815/2555/2438 1814/2564/2447 1839/2565/2448
f 1815/2555/2438 1839/2565/2448 1840/2556/2439
f 1840/2556/2439 1839/2565/2448 1852/2566/2449
f 1840/2556/2439 1852/2566/2449 1853/2557/2440
f 1853/2557/2440 1852/2566/2449 1865/2567/2450
f 1853/2557/2440 1865/2567/2450 1866/2558/2441
f 1866/2558/2441 1865/2567/2450 1878/2568/2451
f 1866/2558/2441 1878/2568/2451 1879/2559/2442
f 1879/2559/2442 1878/2568/2451 1891/2569/2452
f 1879/2559/2442 1891/2569/2452 1892/1634/1592
f 1892/1634/1592 1891/2569/2452 1905/1636/1593
f 1761/1901/1814 1773/1903/1816 1774/2560/2443
f 1774/2560/2443 1773/1903/1816 1786/2570/2453
f 1774/2560/2443 1786/2570/2453 1787/2561/2444
f 1787/2561/2444 1786/2570/2453 1799/2571/2454
f 1787/2561/2444 1799/2571/2454 1800/2562/2445
f 1800/2562/2445 1799/2571/2454 1829/2572/2455
f 1800/2562/2445 1829/2572/2455 1828/2563/2446
f 1828/2563/2446 1829/2572/2455 1813/2573/2456
f 1828/2563/2446 1813/2573/2456 1814/2564/2447
f 1814/2564/2447 1813/2573/2456 1838/2574/2457
f 1814/2564/2447 1838/2574/2457 1839/2565/2448
f 1839/2565/2448 1838/2574/2457 1851/2575/2458
f 1839/2565/2448 1851/2575/2458 1852/2566/2449
f 1852/2566/2449 1851/2575/2458 1864/2576/2459
f 1852/2566/2449 1864/2576/2459 1865/2567/2450
f 1865/2567/2450 1864/2576/2459 1877/2577/2460
f 1865/2567/2450 1877/2577/2460 1878/2568/2451
f 1878/2568/2451 1877/2577/2460 1890/2578/2461
f 1878/2568/2451 1890/2578/2461 1891/2569/2452
f 1891/2569/2452 1890/2578/2461 1906/2579/2462
f 1891/2569/2452 1906/2579/2462 1905/1636/1593
f 1905/1636/1593 1906/2579/2462 1904/1638/1594
f 1773/1903/1816 1785/1905/1818 1786/2570/2453
f 1786/2570/2453 1785/1905/1818 1798/2580/2463
f 1786/2570/2453 1798/2580/2463 1799/2571/2454
f 1799/2571/2454 1798/2580/2463 1830/2581/2464
f 1799/2571/2454 1830/2581/2464 1829/2572/2455
f 1829/2572/2455 1830/2581/2464 1812/2582/2465
f 1829/2572/2455 1812/2582/2465 1813/2573/2456
f 1813/2573/2456 1812/2582/2465 1837/2583/2466
f 1813/2573/2456 1837/2583/2466 1838/2574/2457
f 1838/2574/2457 1837/2583/2466 1850/2584/2467
f 1838/2574/2457 1850/2584/2467 1851/2575/2458
f 1851/2575/2458 1850/2584/2467 1863/2585/2468
f 1851/2575/2458 1863/2585/2468 1864/2576/2459
f 1864/2576/2459 1863/2585/2468 1876/2586/2469
f 1864/2576/2459 1876/2586/2469 1877/2577/2460
f 1877/2577/2460 1876/2586/2469 1889/2587/2470
f 1877/2577/2460 1889/2587/2470 1890/2578/2461
f 1890/2578/2461 1889/2587/2470 1907/2588/2471
f 1890/2578/2461 1907/2588/2471 1906/2579/2462
f 1906/2579/2462 1907/2588/2471 1903/2589/2472
f 1906/2579/2462 1903/2589/2472 1904/1638/1594
f 1904/1638/1594 1903/2589/2472 1927/1640/1595
f 1785/1905/1818 1797/1907/1820 1798/2580/2463
f 1798/2580/2463 1797/1907/1820 1831/2590/2473
f 1798/2580/2463 1831/2590/2473 1830/2581/2464
f 1830/2581/2464 1831/2590/2473 1811/2591/2474
f 1830/2581/2464 1811/2591/2474 1812/2582/2465
f 1812/2582/2465 1811/2591/2474 1836/2592/2475
f 1812/2582/2465 1836/2592/2475 1837/2583/2466
f 1837/2583/2466 1836/2592/2475 1849/2593/2476
f 1837/2583/2466 1849/2593/2476 1850/2584/2467
f 1850/2584/2467 1849/2593/2476 1862/2594/2477
f 1850/2584/2467 1862/2594/2477 1863/2585/2468
f 1863/2585/2468 1862/2594/2477 1875/2595/2478
f 1863/2585/2468 1875/2595/2478 1876/2586/2469
f 1876/2586/2469 1875/2595/2478 1888/2596/2479
f 1876/2586/2469 1888/2596/2479 1889/2587/2470
f 1889/2587/2470 1888/2596/2479 1908/2597/2480
f 1889/2587/2470 1908/2597/2480 1907/2588/2471
f 1907/2588/2471 1908/2597/2480 1902/2598/2481
f 1907/2588/2471 1902/2598/2481 1903/2589/2472
f 1903/2589/2472 1902/2598/2481 1926/2599/2482
f 1903/2589/2472 1926/2599/2482 1927/1640/1595
f 1927/1640/1595 1926/2599/2482 1939/1642/1596
f 1832/1909/1822 1810/1911/1824 1831/2590/2473
f 1831/2590/2473 1810/1911/1824 1811/2591/2474
f 1836/2592/2475 1811/2591/2474 1835/1913/1826
f 1835/1913/1826 1811/2591/2474 1810/1911/1824
f 1797/1907/1820 1832/1909/1822 1831/2590/2473
f 1849/2593/2476 1836/2592/2475 1848/1915/1828
f 1848/1915/1828 1836/2592/2475 1835/1913/1826
f 1862/2594/2477 1849/2593/2476 1861/1917/1830
f 1861/1917/1830 1849/2593/2476 1848/1915/1828
f 1875/2595/2478 1862/2594/2477 1874/1919/1832
f 1874/1919/1832 1862/2594/2477 1861/1917/1830
f 1888/2596/2479 1875/2595/2478 1887/1921/1834
f 1887/1921/1834 1875/2595/2478 1874/1919/1832
f 1908/2597/2480 1888/2596/2479 1909/1923/1836
f 1909/1923/1836 1888/2596/2479 1887/1921/1834
f 1893/1993/1906 1894/2600/2483 1448/1991/1904
f 1448/1991/1904 1894/2600/2483 1915/1981/1894
f 1448/1991/1904 1915/1981/1894 1881/1980/1893
f 1915/1981/1894 1894/2600/2483 1895/1982/1895
f 1895/1982/1895 1894/2600/2483 1918/2601/2484
f 1895/1982/1895 1918/2601/2484 1919/1983/1896
f 1919/1983/1896 1918/2601/2484 1931/2602/2485
f 1919/1983/1896 1931/2602/2485 1932/1984/1897
f 1932/1984/1897 1931/2602/2485 1944/2603/2486
f 1932/1984/1897 1944/2603/2486 1945/1985/1898
f 1945/1985/1898 1944/2603/2486 1956/2604/2487
f 1945/1985/1898 1956/2604/2487 1957/1986/1899
f 1957/1986/1899 1956/2604/2487 1980/2605/2488
f 1957/1986/1899 1980/2605/2488 1979/1987/1900
f 1979/1987/1900 1980/2605/2488 1970/2606/2489
f 1979/1987/1900 1970/2606/2489 1971/1988/1901
f 1971/1988/1901 1970/2606/2489 1995/2607/2490
f 1971/1988/1901 1995/2607/2490 1996/1989/1902
f 1996/1989/1902 1995/2607/2490 2008/2608/2491
f 1996/1989/1902 2008/2608/2491 2009/1990/1903
f 2009/1990/1903 2008/2608/2491 2021/2609/2492
f 2009/1990/1903 2021/2609/2492 2022/1656/1603
f 2022/1656/1603 2021/2609/2492 2034/1658/1604
f 1894/2600/2483 1893/1993/1906 1917/2610/2493
f 1917/2610/2493 1893/1993/1906 1916/1995/1908
f 1917/2610/2493 1916/1995/1908 1929/2611/2494
f 1929/2611/2494 1916/1995/1908 1928/1997/1910
f 1929/2611/2494 1928/1997/1910 1941/2612/2495
f 1941/2612/2495 1928/1997/1910 1940/1999/1912
f 1941/2612/2495 1940/1999/1912 1952/2613/2496
f 1952/2613/2496 1940/1999/1912 1449/2001/1914
f 1952/2613/2496 1449/2001/1914 1985/2614/2497
f 1985/2614/2497 1449/2001/1914 1986/2003/1916
f 1985/2614/2497 1986/2003/1916 1964/2005/1918
f 1908/2597/2480 1909/1923/1836 1901/1925/1838
f 1908/2597/2480 1901/1925/1838 1902/2598/2481
f 1902/2598/2481 1901/1925/1838 1925/1927/1840
f 1902/2598/2481 1925/1927/1840 1926/2599/2482
f 1926/2599/2482 1925/1927/1840 1938/1929/1842
f 1926/2599/2482 1938/1929/1842 1939/1642/1596
f 1939/1642/1596 1938/1929/1842 1951/1644/1597
f 1894/2600/2483 1917/2610/2493 1918/2601/2484
f 1918/2601/2484 1917/2610/2493 1930/2615/2498
f 1918/2601/2484 1930/2615/2498 1931/2602/2485
f 1931/2602/2485 1930/2615/2498 1943/2616/2499
f 1931/2602/2485 1943/2616/2499 1944/2603/2486
f 1944/2603/2486 1943/2616/2499 1955/2617/2500
f 1944/2603/2486 1955/2617/2500 1956/2604/2487
f 1956/2604/2487 1955/2617/2500 1981/2618/2501
f 1956/2604/2487 1981/2618/2501 1980/2605/2488
f 1980/2605/2488 1981/2618/2501 1969/2619/2502
f 1980/2605/2488 1969/2619/2502 1970/2606/2489
f 1970/2606/2489 1969/2619/2502 1994/2620/2503
f 1970/2606/2489 1994/2620/2503 1995/2607/2490
f 1995/2607/2490 1994/2620/2503 2007/2621/2504
f 1995/2607/2490 2007/2621/2504 2008/2608/2491
f 2008/2608/2491 2007/2621/2504 2020/2622/2505
f 2008/2608/2491 2020/2622/2505 2021/2609/2492
f 2021/2609/2492 2020/2622/2505 2033/2623/2506
f 2021/2609/2492 2033/2623/2506 2034/1658/1604
f 2034/1658/1604 2033/2623/2506 2046/1660/1605
f 1930/2615/2498 1917/2610/2493 1929/2611/2494
f 1930/2615/2498 1929/2611/2494 1942/2624/2507
f 1942/2624/2507 1929/2611/2494 1941/2612/2495
f 1942/2624/2507 1941/2612/2495 1953/2625/2508
f 1953/2625/2508 1941/2612/2495 1952/2613/2496
f 1953/2625/2508 1952/2613/2496 1984/2626/2509
f 1984/2626/2509 1952/2613/2496 1985/2614/2497
f 1984/2626/2509 1985/2614/2497 1965/2627/2510
f 1965/2627/2510 1985/2614/2497 1964/2005/1918
f 1965/2627/2510 1964/2005/1918 1989/2007/1920
f 1930/2615/2498 1942/2624/2507 1943/2616/2499
f 1943/2616/2499 1942/2624/2507 1954/2628/2511
f 1943/2616/2499 1954/2628/2511 1955/2617/2500
f 1955/2617/2500 1954/2628/2511 1982/2629/2512
f 1955/2617/2500 1982/2629/2512 1981/2618/2501
f 1981/2618/2501 1982/2629/2512 1968/2630/2513
f 1981/2618/2501 1968/2630/2513 1969/2619/2502
f 1969/2619/2502 1968/2630/2513 1993/2631/2514
f 1969/2619/2502 1993/2631/2514 1994/2620/2503
f 1994/2620/2503 1993/2631/2514 2006/2632/2515
f 1994/2620/2503 2006/2632/2515 2007/2621/2504
f 2007/2621/2504 2006/2632/2515 2019/2633/2516
f 2007/2621/2504 2019/2633/2516 2020/2622/2505
f 2020/2622/2505 2019/2633/2516 2032/2634/2517
f 2020/2622/2505 2032/2634/2517 2033/2623/2506
f 2033/2623/2506 2032/2634/2517 2045/2635/2518
f 2033/2623/2506 2045/2635/2518 2046/1660/1605
f 2046/1660/1605 2045/2635/2518 2059/1662/1606
f 1954/2628/2511 1942/2624/2507 1953/2625/2508
f 1954/2628/2511 1953/2625/2508 1983/2636/2519
f 1983/2636/2519 1953/2625/2508 1984/2626/2509
f 1983/2636/2519 1984/2626/2509 1966/2637/2520
f 1966/2637/2520 1984/2626/2509 1965/2627/2510
f 1966/2637/2520 1965/2627/2510 1990/2638/2521
f 1990/2638/2521 1965/2627/2510 1989/2007/1920
f 1990/2638/2521 1989/2007/1920 2002/2009/1922
f 1966/2637/2520 1967/2639/2522 1983/2636/2519
f 1983/2636/2519 1967/2639/2522 1982/2629/2512
f 1983/2636/2519 1982/2629/2512 1954/2628/2511
f 1982/2629/2512 1967/2639/2522 1968/2630/2513
f 1968/2630/2513 1967/2639/2522 1992/2640/2523
f 1968/2630/2513 1992/2640/2523 1993/2631/2514
f 1993/2631/2514 1992/2640/2523 2005/2641/2524
f 1993/2631/2514 2005/2641/2524 2006/2632/2515
f 2006/2632/2515 2005/2641/2524 2018/2642/2525
f 2006/2632/2515 2018/2642/2525 2019/2633/2516
f 2019/2633/2516 2018/2642/2525 2031/2643/2526
f 2019/2633/2516 2031/2643/2526 2032/2634/2517
f 2032/2634/2517 2031/2643/2526 2044/2644/2527
f 2032/2634/2517 2044/2644/2527 2045/2635/2518
f 2045/2635/2518 2044/2644/2527 2060/2645/2528
f 2045/2635/2518 2060/2645/2528 2059/1662/1606
f 2059/1662/1606 2060/2645/2528 2058/1664/1607
f 1967/2639/2522 1966/2637/2520 1991/2646/2529
f 1991/2646/2529 1966/2637/2520 1990/2638/2521
f 1991/2646/2529 1990/2638/2521 2003/2647/2530
f 2003/2647/2530 1990/2638/2521 2002/2009/1922
f 2003/2647/2530 2002/2009/1922 2015/2011/1924
f 1967/2639/2522 1991/2646/2529 1992/2640/2523
f 1992/2640/2523 1991/2646/2529 2004/2648/2531
f 1992/2640/2523 2004/2648/2531 2005/2641/2524
f 2005/2641/2524 2004/2648/2531 2017/2649/2532
f 2005/2641/2524 2017/2649/2532 2018/2642/2525
f 2018/2642/2525 2017/2649/2532 2030/2650/2533
f 2018/2642/2525 2030/2650/2533 2031/2643/2526
f 2031/2643/2526 2030/2650/2533 2043/2651/2534
f 2031/2643/2526 2043/2651/2534 2044/2644/2527
f 2044/2644/2527 2043/2651/2534 2061/2652/2535
f 2044/2644/2527 2061/2652/2535 2060/2645/2528
f 2060/2645/2528 2061/2652/2535 2057/2653/2536
f 2060/2645/2528 2057/2653/2536 2058/1664/1607
f 2058/1664/1607 2057/2653/2536 2081/1666/1608
f 2004/2648/2531 1991/2646/2529 2003/2647/2530
f 2004/2648/2531 2003/2647/2530 2016/2654/2537
f 2016/2654/2537 2003/2647/2530 2015/2011/1924
f 2016/2654/2537 2015/2011/1924 2028/2013/1926
f 2004/2648/2531 2016/2654/2537 2017/2649/2532
f 2017/2649/2532 2016/2654/2537 2029/2655/2538
f 2017/2649/2532 2029/2655/2538 2030/2650/2533
f 2030/2650/2533 2029/2655/2538 2042/2656/2539
f 2030/2650/2533 2042/2656/2539 2043/2651/2534
f 2043/2651/2534 2042/2656/2539 2062/2657/2540
f 2043/2651/2534 2062/2657/2540 2061/2652/2535
f 2061/2652/2535 2062/2657/2540 2056/2658/2541
f 2061/2652/2535 2056/2658/2541 2057/2653/2536
f 2057/2653/2536 2056/2658/2541 2080/2659/2542
f 2057/2653/2536 2080/2659/2542 2081/1666/1608
f 2081/1666/1608 2080/2659/2542 2093/1668/1609
f 2029/2655/2538 2016/2654/2537 2028/2013/1926
f 2042/2656/2539 2029/2655/2538 2041/2015/1928
f 2041/2015/1928 2029/2655/2538 2028/2013/1926
f 2062/2657/2540 2042/2656/2539 2063/2017/1930
f 2063/2017/1930 2042/2656/2539 2041/2015/1928
f 2047/2087/2000 2048/2660/2543 1450/2085/1998
f 1450/2085/1998 2048/2660/2543 2069/2075/1988
f 1450/2085/1998 2069/2075/1988 2035/2074/1987
f 2069/2075/1988 2048/2660/2543 2049/2076/1989
f 2049/2076/1989 2048/2660/2543 2072/2661/2544
f 2049/2076/1989 2072/2661/2544 2073/2077/1990
f 2073/2077/1990 2072/2661/2544 2085/2662/2545
f 2073/2077/1990 2085/2662/2545 2086/2078/1991
f 2086/2078/1991 2085/2662/2545 2098/2663/2546
f 2086/2078/1991 2098/2663/2546 2099/2079/1992
f 2099/2079/1992 2098/2663/2546 2111/2664/2547
f 2099/2079/1992 2111/2664/2547 2112/2080/1993
f 2112/2080/1993 2111/2664/2547 2135/2665/2548
f 2112/2080/1993 2135/2665/2548 2134/2081/1994
f 2134/2081/1994 2135/2665/2548 2125/2666/2549
f 2134/2081/1994 2125/2666/2549 2126/2082/1995
f 2126/2082/1995 2125/2666/2549 2149/2667/2550
f 2126/2082/1995 2149/2667/2550 2150/2083/1996
f 2150/2083/1996 2149/2667/2550 2162/2668/2551
f 2150/2083/1996 2162/2668/2551 2163/2084/1997
f 2163/2084/1997 2162/2668/2551 2175/2669/2552
f 2163/2084/1997 2175/2669/2552 2176/1682/1616
f 2176/1682/1616 2175/2669/2552 2187/1684/1617
f 2048/2660/2543 2047/2087/2000 2071/2670/2553
f 2071/2670/2553 2047/2087/2000 2070/2089/2002
f 2071/2670/2553 2070/2089/2002 2083/2671/2554
f 2083/2671/2554 2070/2089/2002 2082/2091/2004
f 2083/2671/2554 2082/2091/2004 2095/2672/2555
f 2095/2672/2555 2082/2091/2004 2094/2093/2006
f 2095/2672/2555 2094/2093/2006 2107/2673/2556
f 2107/2673/2556 2094/2093/2006 2106/2095/2008
f 2107/2673/2556 2106/2095/2008 2140/2097/2010
f 2062/2657/2540 2063/2017/1930 2055/2019/1932
f 2062/2657/2540 2055/2019/1932 2056/2658/2541
f 2056/2658/2541 2055/2019/1932 2079/2021/1934
f 2056/2658/2541 2079/2021/1934 2080/2659/2542
f 2080/2659/2542 2079/2021/1934 2092/2023/1936
f 2080/2659/2542 2092/2023/1936 2093/1668/1609
f 2093/1668/1609 2092/2023/1936 2105/1670/1610
f 2048/2660/2543 2071/2670/2553 2072/2661/2544
f 2072/2661/2544 2071/2670/2553 2084/2674/2557
f 2072/2661/2544 2084/2674/2557 2085/2662/2545
f 2085/2662/2545 2084/2674/2557 2097/2675/2558
f 2085/2662/2545 2097/2675/2558 2098/2663/2546
f 2098/2663/2546 2097/2675/2558 2110/2676/2559
f 2098/2663/2546 2110/2676/2559 2111/2664/2547
f 2111/2664/2547 2110/2676/2559 2136/2677/2560
f 2111/2664/2547 2136/2677/2560 2135/2665/2548
f 2135/2665/2548 2136/2677/2560 2124/2678/2561
f 2135/2665/2548 2124/2678/2561 2125/2666/2549
f 2125/2666/2549 2124/2678/2561 2148/2679/2562
f 2125/2666/2549 2148/2679/2562 2149/2667/2550
f 2149/2667/2550 2148/2679/2562 2161/2680/2563
f 2149/2667/2550 2161/2680/2563 2162/2668/2551
f 2162/2668/2551 2161/2680/2563 2174/2681/2564
f 2162/2668/2551 2174/2681/2564 2175/2669/2552
f 2175/2669/2552 2174/2681/2564 2186/2682/2565
f 2175/2669/2552 2186/2682/2565 2187/1684/1617
f 2187/1684/1617 2186/2682/2565 2200/1686/1618
f 2084/2674/2557 2071/2670/2553 2083/2671/2554
f 2084/2674/2557 2083/2671/2554 2096/2683/2566
f 2096/2683/2566 2083/2671/2554 2095/2672/2555
f 2096/2683/2566 2095/2672/2555 2108/2684/2567
f 2108/2684/2567 2095/2672/2555 2107/2673/2556
f 2108/2684/2567 2107/2673/2556 2139/2685/2568
f 2139/2685/2568 2107/2673/2556 2140/2097/2010
f 2139/2685/2568 2140/2097/2010 2120/2099/2012
f 2084/2674/2557 2096/2683/2566 2097/2675/2558
f 2097/2675/2558 2096/2683/2566 2109/2686/2569
f 2097/2675/2558 2109/2686/2569 2110/2676/2559
f 2110/2676/2559 2109/2686/2569 2137/2687/2570
f 2110/2676/2559 2137/2687/2570 2136/2677/2560
f 2136/2677/2560 2137/2687/2570 2123/2688/2571
f 2136/2677/2560 2123/2688/2571 2124/2678/2561
f 2124/2678/2561 2123/2688/2571 2147/2689/2572
f 2124/2678/2561 2147/2689/2572 2148/2679/2562
f 2148/2679/2562 2147/2689/2572 2160/2690/2573
f 2148/2679/2562 2160/2690/2573 2161/2680/2563
f 2161/2680/2563 2160/2690/2573 2173/2691/2574
f 2161/2680/2563 2173/2691/2574 2174/2681/2564
f 2174/2681/2564 2173/2691/2574 2185/2692/2575
f 2174/2681/2564 2185/2692/2575 2186/2682/2565
f 2186/2682/2565 2185/2692/2575 2201/2693/2576
f 2186/2682/2565 2201/2693/2576 2200/1686/1618
f 2200/1686/1618 2201/2693/2576 2199/1688/1619
f 2109/2686/2569 2096/2683/2566 2108/2684/2567
f 2109/2686/2569 2108/2684/2567 2138/2694/2577
f 2138/2694/2577 2108/2684/2567 2139/2685/2568
f 2138/2694/2577 2139/2685/2568 2121/2695/2578
f 2121/2695/2578 2139/2685/2568 2120/2099/2012
f 2121/2695/2578 2120/2099/2012 2144/2101/2014
f 2121/2695/2578 2122/2696/2579 2138/2694/2577
f 2138/2694/2577 2122/2696/2579 2137/2687/2570
f 2138/2694/2577 2137/2687/2570 2109/2686/2569
f 2137/2687/2570 2122/2696/2579 2123/2688/2571
f 2123/2688/2571 2122/2696/2579 2146/2697/2580
f 2123/2688/2571 2146/2697/2580 2147/2689/2572
f 2147/2689/2572 2146/2697/2580 2159/2698/2581
f 2147/2689/2572 2159/2698/2581 2160/2690/2573
f 2160/2690/2573 2159/2698/2581 2172/2699/2582
f 2160/2690/2573 2172/2699/2582 2173/2691/2574
f 2173/2691/2574 2172/2699/2582 2184/2700/2583
f 2173/2691/2574 2184/2700/2583 2185/2692/2575
f 2185/2692/2575 2184/2700/2583 2202/2701/2584
f 2185/2692/2575 2202/2701/2584 2201/2693/2576
f 2201/2693/2576 2202/2701/2584 2198/2702/2585
f 2201/2693/2576 2198/2702/2585 2199/1688/1619
f 2199/1688/1619 2198/2702/2585 2223/1690/1620
f 2122/2696/2579 2121/2695/2578 2145/2703/2586
f 2145/2703/2586 2121/2695/2578 2144/2101/2014
f 2145/2703/2586 2144/2101/2014 2157/2103/2016
f 2122/2696/2579 2145/2703/2586 2146/2697/2580
f 2146/2697/2580 2145/2703/2586 2158/2704/2587
f 2146/2697/2580 2158/2704/2587 2159/2698/2581
f 2159/2698/2581 2158/2704/2587 2171/2705/2588
f 2159/2698/2581 2171/2705/2588 2172/2699/2582
f 2172/2699/2582 2171/2705/2588 2183/2706/2589
f 2172/2699/2582 2183/2706/2589 2184/2700/2583
f 2184/2700/2583 2183/2706/2589 2203/2707/2590
f 2184/2700/2583 2203/2707/2590 2202/2701/2584
f 2202/2701/2584 2203/2707/2590 2197/2708/2591
f 2202/2701/2584 2197/2708/2591 2198/2702/2585
f 2198/2702/2585 2197/2708/2591 2222/2709/2592
f 2198/2702/2585 2222/2709/2592 2223/1690/1620
f 2223/1690/1620 2222/2709/2592 2235/1692/1622
f 2158/2704/2587 2145/2703/2586 2157/2103/2016
f 2171/2705/2588 2158/2704/2587 2170/2105/2018
f 2170/2105/2018 2158/2704/2587 2157/2103/2016
f 2183/2706/2589 2171/2705/2588 2182/2107/2020
f 2182/2107/2020 2171/2705/2588 2170/2105/2018
f 2203/2707/2590 2183/2706/2589 2204/2109/2022
f 2204/2109/2022 2183/2706/2589 2182/2107/2020
f 2203/2707/2590 2204/2109/2022 2196/2111/2024
f 2203/2707/2590 2196/2111/2024 2197/2708/2591
f 2197/2708/2591 2196/2111/2024 2221/2113/2026
f 2197/2708/2591 2221/2113/2026 2222/2709/2592
f 2222/2709/2592 2221/2113/2026 2234/2115/2028
f 2222/2709/2592 2234/2115/2028 2235/1692/1622
f 2235/1692/1622 2234/2115/2028 2247/1694/1624
f 1432/2374/2254 2252/2381/2264 2253/2375/2258
f 2253/2375/2258 2252/2381/2264 2278/2710/2593
f 2253/2375/2258 2278/2710/2593 2277/2376/2259
f 2277/2376/2259 2278/2710/2593 2266/2711/2594
f 2277/2376/2259 2266/2711/2594 2267/2377/2260
f 2267/2377/2260 2266/2711/2594 2290/2712/2595
f 2267/2377/2260 2290/2712/2595 2291/2378/2261
f 2291/2378/2261 2290/2712/2595 2303/2713/2596
f 2291/2378/2261 2303/2713/2596 2304/2379/2262
f 2304/2379/2262 2303/2713/2596 2316/2714/2597
f 2304/2379/2262 2316/2714/2597 2317/2380/2263
f 2317/2380/2263 2316/2714/2597 2329/2715/2598
f 2317/2380/2263 2329/2715/2598 2330/1712/1636
f 2330/1712/1636 2329/2715/2598 2343/1714/1637
f 2278/2710/2593 2252/2381/2264 2279/2382/2265
f 2278/2710/2593 2279/2382/2265 2265/2716/2599
f 2265/2716/2599 2279/2382/2265 2264/2383/2266
f 2265/2716/2599 2264/2383/2266 2288/2717/2600
f 2288/2717/2600 2264/2383/2266 2287/2384/2267
f 2288/2717/2600 2287/2384/2267 2300/2718/2601
f 2300/2718/2601 2287/2384/2267 2299/2215/2120
f 2300/2718/2601 2299/2215/2120 2312/2217/2122
f 2278/2710/2593 2265/2716/2599 2266/2711/2594
f 2266/2711/2594 2265/2716/2599 2289/2719/2602
f 2266/2711/2594 2289/2719/2602 2290/2712/2595
f 2290/2712/2595 2289/2719/2602 2302/2720/2603
f 2290/2712/2595 2302/2720/2603 2303/2713/2596
f 2303/2713/2596 2302/2720/2603 2315/2721/2604
f 2303/2713/2596 2315/2721/2604 2316/2714/2597
f 2316/2714/2597 2315/2721/2604 2328/2722/2605
f 2316/2714/2597 2328/2722/2605 2329/2715/2598
f 2329/2715/2598 2328/2722/2605 2344/2723/2606
f 2329/2715/2598 2344/2723/2606 2343/1714/1637
f 2343/1714/1637 2344/2723/2606 2342/1716/1638
f 2289/2719/2602 2265/2716/2599 2288/2717/2600
f 2289/2719/2602 2288/2717/2600 2301/2724/2607
f 2301/2724/2607 2288/2717/2600 2300/2718/2601
f 2301/2724/2607 2300/2718/2601 2313/2725/2608
f 2313/2725/2608 2300/2718/2601 2312/2217/2122
f 2313/2725/2608 2312/2217/2122 2325/2219/2124
f 2289/2719/2602 2301/2724/2607 2302/2720/2603
f 2302/2720/2603 2301/2724/2607 2314/2726/2609
f 2302/2720/2603 2314/2726/2609 2315/2721/2604
f 2315/2721/2604 2314/2726/2609 2327/2727/2610
f 2315/2721/2604 2327/2727/2610 2328/2722/2605
f 2328/2722/2605 2327/2727/2610 2345/2728/2611
f 2328/2722/2605 2345/2728/2611 2344/2723/2606
f 2344/2723/2606 2345/2728/2611 2341/2729/2612
f 2344/2723/2606 2341/2729/2612 2342/1716/1638
f 2342/1716/1638 2341/2729/2612 2365/1718/1639
f 2314/2726/2609 2301/2724/2607 2313/2725/2608
f 2314/2726/2609 2313/2725/2608 2326/2730/2613
f 2326/2730/2613 2313/2725/2608 2325/2219/2124
f 2326/2730/2613 2325/2219/2124 2347/2221/2126
f 2314/2726/2609 2326/2730/2613 2327/2727/2610
f 2327/2727/2610 2326/2730/2613 2346/2731/2614
f 2327/2727/2610 2346/2731/2614 2345/2728/2611
f 2345/2728/2611 2346/2731/2614 2340/2732/2615
f 2345/2728/2611 2340/2732/2615 2341/2729/2612
f 2341/2729/2612 2340/2732/2615 2364/2733/2616
f 2341/2729/2612 2364/2733/2616 2365/1718/1639
f 2365/1718/1639 2364/2733/2616 2377/1720/1640
f 2346/2731/2614 2326/2730/2613 2347/2221/2126
f 2331/2291/2196 2332/2734/2617 1441/2289/2194
f 1441/2289/2194 2332/2734/2617 2353/2279/2184
f 1441/2289/2194 2353/2279/2184 2319/2278/2183
f 2353/2279/2184 2332/2734/2617 2333/2280/2185
f 2333/2280/2185 2332/2734/2617 2356/2735/2618
f 2333/2280/2185 2356/2735/2618 2357/2281/2186
f 2357/2281/2186 2356/2735/2618 2369/2736/2619
f 2357/2281/2186 2369/2736/2619 2370/2282/2187
f 2370/2282/2187 2369/2736/2619 2382/2737/2620
f 2370/2282/2187 2382/2737/2620 2383/2283/2188
f 2383/2283/2188 2382/2737/2620 2394/2738/2621
f 2383/2283/2188 2394/2738/2621 2395/2284/2189
f 2395/2284/2189 2394/2738/2621 2418/2739/2622
f 2395/2284/2189 2418/2739/2622 2417/2285/2190
f 2417/2285/2190 2418/2739/2622 2408/2740/2623
f 2417/2285/2190 2408/2740/2623 2409/2286/2191
f 2409/2286/2191 2408/2740/2623 2433/2741/2624
f 2409/2286/2191 2433/2741/2624 2434/2287/2192
f 2434/2287/2192 2433/2741/2624 2446/2742/2625
f 2434/2287/2192 2446/2742/2625 2447/2288/2193
f 2447/2288/2193 2446/2742/2625 2459/2743/2626
f 2447/2288/2193 2459/2743/2626 2460/1734/1647
f 2460/1734/1647 2459/2743/2626 2472/1563/1538
f 2332/2734/2617 2331/2291/2196 2355/2744/2627
f 2355/2744/2627 2331/2291/2196 2354/2293/2198
f 2355/2744/2627 2354/2293/2198 2367/2745/2628
f 2367/2745/2628 2354/2293/2198 2366/2295/2200
f 2367/2745/2628 2366/2295/2200 2379/2746/2629
f 2379/2746/2629 2366/2295/2200 2378/2297/2202
f 2379/2746/2629 2378/2297/2202 2390/2747/2630
f 2390/2747/2630 2378/2297/2202 1442/2299/2204
f 2390/2747/2630 1442/2299/2204 2423/2748/2631
f 2423/2748/2631 1442/2299/2204 2424/2301/2206
f 2423/2748/2631 2424/2301/2206 2402/2303/2208
f 2346/2731/2614 2347/2221/2126 2339/2223/2128
f 2346/2731/2614 2339/2223/2128 2340/2732/2615
f 2340/2732/2615 2339/2223/2128 2363/2225/2130
f 2340/2732/2615 2363/2225/2130 2364/2733/2616
f 2364/2733/2616 2363/2225/2130 2376/2227/2132
f 2364/2733/2616 2376/2227/2132 2377/1720/1640
f 2377/1720/1640 2376/2227/2132 2389/1722/1641
f 2332/2734/2617 2355/2744/2627 2356/2735/2618
f 2356/2735/2618 2355/2744/2627 2368/2749/2632
f 2356/2735/2618 2368/2749/2632 2369/2736/2619
f 2369/2736/2619 2368/2749/2632 2381/2750/2633
f 2369/2736/2619 2381/2750/2633 2382/2737/2620
f 2382/2737/2620 2381/2750/2633 2393/2751/2634
f 2382/2737/2620 2393/2751/2634 2394/2738/2621
f 2394/2738/2621 2393/2751/2634 2419/2752/2635
f 2394/2738/2621 2419/2752/2635 2418/2739/2622
f 2418/2739/2622 2419/2752/2635 2407/2753/2636
f 2418/2739/2622 2407/2753/2636 2408/2740/2623
f 2408/2740/2623 2407/2753/2636 2432/2754/2637
f 2408/2740/2623 2432/2754/2637 2433/2741/2624
f 2433/2741/2624 2432/2754/2637 2445/2755/2638
f 2433/2741/2624 2445/2755/2638 2446/2742/2625
f 2446/2742/2625 2445/2755/2638 2458/2756/2639
f 2446/2742/2625 2458/2756/2639 2459/2743/2626
f 2459/2743/2626 2458/2756/2639 2471/1561/1536
f 2459/2743/2626 2471/1561/1536 2472/1563/1538
f 2368/2749/2632 2355/2744/2627 2367/2745/2628
f 2368/2749/2632 2367/2745/2628 2380/2757/2640
f 2380/2757/2640 2367/2745/2628 2379/2746/2629
f 2380/2757/2640 2379/2746/2629 2391/2758/2641
f 2391/2758/2641 2379/2746/2629 2390/2747/2630
f 2391/2758/2641 2390/2747/2630 2422/2759/2642
f 2422/2759/2642 2390/2747/2630 2423/2748/2631
f 2422/2759/2642 2423/2748/2631 2403/2760/2643
f 2403/2760/2643 2423/2748/2631 2402/2303/2208
f 2403/2760/2643 2402/2303/2208 2427/2305/2210
f 2368/2749/2632 2380/2757/2640 2381/2750/2633
f 2381/2750/2633 2380/2757/2640 2392/2761/2644
f 2381/2750/2633 2392/2761/2644 2393/2751/2634
f 2393/2751/2634 2392/2761/2644 2420/2762/2645
f 2393/2751/2634 2420/2762/2645 2419/2752/2635
f 2419/2752/2635 2420/2762/2645 2406/2763/2646
f 2419/2752/2635 2406/2763/2646 2407/2753/2636
f 2407/2753/2636 2406/2763/2646 2431/2764/2647
f 2407/2753/2636 2431/2764/2647 2432/2754/2637
f 2432/2754/2637 2431/2764/2647 2444/2765/2648
f 2432/2754/2637 2444/2765/2648 2445/2755/2638
f 2445/2755/2638 2444/2765/2648 2457/2766/2649
f 2445/2755/2638 2457/2766/2649 2458/2756/2639
f 2458/2756/2639 2457/2766/2649 2470/1559/1534
f 2458/2756/2639 2470/1559/1534 2471/1561/1536
f 2392/2761/2644 2380/2757/2640 2391/2758/2641
f 2392/2761/2644 2391/2758/2641 2421/2767/2650
f 2421/2767/2650 2391/2758/2641 2422/2759/2642
f 2421/2767/2650 2422/2759/2642 2404/2768/2651
f 2404/2768/2651 2422/2759/2642 2403/2760/2643
f 2404/2768/2651 2403/2760/2643 2428/2769/2652
f 2428/2769/2652 2403/2760/2643 2427/2305/2210
f 2428/2769/2652 2427/2305/2210 2440/2307/2212
f 2404/2768/2651 2405/2770/2653 2421/2767/2650
f 2421/2767/2650 2405/2770/2653 2420/2762/2645
f 2421/2767/2650 2420/2762/2645 2392/2761/2644
f 2420/2762/2645 2405/2770/2653 2406/2763/2646
f 2406/2763/2646 2405/2770/2653 2430/2771/2654
f 2406/2763/2646 2430/2771/2654 2431/2764/2647
f 2431/2764/2647 2430/2771/2654 2443/2772/2655
f 2431/2764/2647 2443/2772/2655 2444/2765/2648
f 2444/2765/2648 2443/2772/2655 2456/2773/2656
f 2444/2765/2648 2456/2773/2656 2457/2766/2649
f 2457/2766/2649 2456/2773/2656 2469/1557/1532
f 2457/2766/2649 2469/1557/1532 2470/1559/1534
f 2405/2770/2653 2404/2768/2651 2429/2774/2657
f 2429/2774/2657 2404/2768/2651 2428/2769/2652
f 2429/2774/2657 2428/2769/2652 2441/2775/2658
f 2441/2775/2658 2428/2769/2652 2440/2307/2212
f 2441/2775/2658 2440/2307/2212 2453/2309/2214
f 2405/2770/2653 2429/2774/2657 2430/2771/2654
f 2430/2771/2654 2429/2774/2657 2442/2776/2659
f 2430/2771/2654 2442/2776/2659 2443/2772/2655
f 2443/2772/2655 2442/2776/2659 2455/2777/2660
f 2443/2772/2655 2455/2777/2660 2456/2773/2656
f 2456/2773/2656 2455/2777/2660 2468/1555/1530
f 2456/2773/2656 2468/1555/1530 2469/1557/1532
f 2442/2776/2659 2429/2774/2657 2441/2775/2658
f 2442/2776/2659 2441/2775/2658 2454/2778/2661
f 2454/2778/2661 2441/2775/2658 2453/2309/2214
f 2454/2778/2661 2453/2309/2214 2466/1551/1526
f 2442/2776/2659 2454/2778/2661 2455/2777/2660
f 2455/2777/2660 2454/2778/2661 2467/1553/1528
f 2455/2777/2660 2467/1553/1528 2468/1555/1530
f 2467/1553/1528 2454/2778/2661 2466/1551/1526
usemtl Aluminum_-_Cast
f 1354/2779/2662 1353/2780/2663 2496/2781/2664
f 2496/2781/2664 1353/2780/2663 1427/2782/2665
f 2496/2781/2664 1427/2782/2665 2526/2783/2666
f 2526/2783/2666 1427/2782/2665 1426/2784/2667
f 2526/2783/2666 1426/2784/2667 1425/2785/2668
f 1425/2785/2668 1424/2786/2669 2526/2783/2666
f 2526/2783/2666 1424/2786/2669 2525/2787/2670
f 2525/2787/2670 1424/2786/2669 1423/2788/2671
f 2525/2787/2670 1423/2788/2671 1422/2789/2672
f 2525/2787/2670 1422/2789/2672 2524/2790/2673
f 2524/2790/2673 1422/2789/2672 1421/2791/2674
f 2524/2790/2673 1421/2791/2674 1420/2792/2675
f 1420/2792/2675 1419/2793/2676 2524/2790/2673
f 2524/2790/2673 1419/2793/2676 2523/2794/2677
f 2523/2794/2677 1419/2793/2676 1418/2795/2678
f 2523/2794/2677 1418/2795/2678 1417/2796/2679
f 2523/2794/2677 1417/2796/2679 2522/2797/2680
f 2522/2797/2680 1417/2796/2679 1416/2798/2681
f 2522/2797/2680 1416/2798/2681 1415/2799/2682
f 2522/2797/2680 1415/2799/2682 2521/2800/2683
f 2521/2800/2683 1415/2799/2682 1414/2801/2684
f 2521/2800/2683 1414/2801/2684 1413/2802/2685
f 1413/2802/2685 1412/2803/2686 2521/2800/2683
f 2521/2800/2683 1412/2803/2686 2520/2804/2687
f 2520/2804/2687 1412/2803/2686 1411/2805/2688
f 2520/2804/2687 1411/2805/2688 1410/2806/2689
f 2520/2804/2687 1410/2806/2689 2519/2807/2690
f 2519/2807/2690 1410/2806/2689 1409/2808/2691
f 2519/2807/2690 1409/2808/2691 1408/2809/2692
f 1408/2809/2692 1407/2810/2693 2519/2807/2690
f 2519/2807/2690 1407/2810/2693 2518/2811/2694
f 2518/2811/2694 1407/2810/2693 1406/2812/2695
f 2518/2811/2694 1406/2812/2695 1405/2813/2696
f 2518/2811/2694 1405/2813/2696 2517/2814/2697
f 2517/2814/2697 1405/2813/2696 1404/2815/2698
f 2517/2814/2697 1404/2815/2698 1403/2816/2699
f 2517/2814/2697 1403/2816/2699 2516/2817/2700
f 2516/2817/2700 1403/2816/2699 1402/2818/2701
f 2516/2817/2700 1402/2818/2701 1401/2819/2702
f 1401/2819/2702 1400/2820/2703 2516/2817/2700
f 2516/2817/2700 1400/2820/2703 2515/2821/2704
f 2515/2821/2704 1400/2820/2703 1399/2822/2705
f 2515/2821/2704 1399/2822/2705 1398/2823/2706
f 2515/2821/2704 1398/2823/2706 2514/2824/2707
f 2514/2824/2707 1398/2823/2706 1397/2825/2708
f 2514/2824/2707 1397/2825/2708 1396/2826/2709
f 1396/2826/2709 1395/2827/2710 2514/2824/2707
f 2514/2824/2707 1395/2827/2710 2513/2828/2711
f 2513/2828/2711 1395/2827/2710 1394/2829/2712
f 2513/2828/2711 1394/2829/2712 1393/2830/2713
f 2513/2828/2711 1393/2830/2713 2512/2831/2714
f 2512/2831/2714 1393/2830/2713 1392/2832/2715
f 2512/2831/2714 1392/2832/2715 1391/2833/2716
f 1391/2833/2716 1390/2834/2717 2512/2831/2714
f 2512/2831/2714 1390/2834/2717 2511/2835/2718
f 2511/2835/2718 1390/2834/2717 1389/2836/2719
f 2511/2835/2718 1389/2836/2719 1388/2837/2720
f 2511/2835/2718 1388/2837/2720 2510/2838/2721
f 2510/2838/2721 1388/2837/2720 1387/2839/2722
f 2510/2838/2721 1387/2839/2722 1386/2840/2723
f 2510/2838/2721 1386/2840/2723 2509/2841/2724
f 2509/2841/2724 1386/2840/2723 1385/2842/2725
f 2509/2841/2724 1385/2842/2725 1384/2843/2726
f 1384/2843/2726 1383/2844/2727 2509/2841/2724
f 2509/2841/2724 1383/2844/2727 2508/2845/2728
f 2508/2845/2728 1383/2844/2727 1382/2846/2729
f 2508/2845/2728 1382/2846/2729 1381/2847/2730
f 2508/2845/2728 1381/2847/2730 2507/2848/2731
f 2507/2848/2731 1381/2847/2730 1380/2849/2732
f 2507/2848/2731 1380/2849/2732 1379/2850/2733
f 1379/2850/2733 1378/2851/2734 2507/2848/2731
f 2507/2848/2731 1378/2851/2734 2506/2852/2735
f 2506/2852/2735 1378/2851/2734 1377/2853/2736
f 2506/2852/2735 1377/2853/2736 1376/2854/2737
f 2506/2852/2735 1376/2854/2737 2505/2855/2738
f 2505/2855/2738 1376/2854/2737 1375/2856/2739
f 2505/2855/2738 1375/2856/2739 1374/2857/2740
f 1374/2857/2740 1373/2858/2741 2505/2855/2738
f 2505/2855/2738 1373/2858/2741 2504/2859/2742
f 2504/2859/2742 1373/2858/2741 1372/2860/2743
f 2504/2859/2742 1372/2860/2743 1371/2861/2744
f 2504/2859/2742 1371/2861/2744 2503/2862/2745
f 2503/2862/2745 1371/2861/2744 1370/2863/2746
f 2503/2862/2745 1370/2863/2746 1369/2864/2747
f 2503/2862/2745 1369/2864/2747 2502/2865/2748
f 2502/2865/2748 1369/2864/2747 1368/2866/2749
f 2502/2865/2748 1368/2866/2749 1367/2867/2750
f 1367/2867/2750 1366/2868/2751 2502/2865/2748
f 2502/2865/2748 1366/2868/2751 2501/2869/2752
f 2501/2869/2752 1366/2868/2751 1365/2870/2753
f 2501/2869/2752 1365/2870/2753 1364/2871/2754
f 2501/2869/2752 1364/2871/2754 2500/2872/2755
f 2500/2872/2755 1364/2871/2754 1363/2873/2756
f 2500/2872/2755 1363/2873/2756 1362/2874/2757
f 1362/2874/2757 1361/2875/2758 2500/2872/2755
f 2500/2872/2755 1361/2875/2758 2499/2876/2759
f 2499/2876/2759 1361/2875/2758 1360/2877/2760
f 2499/2876/2759 1360/2877/2760 1359/2878/2761
f 2499/2876/2759 1359/2878/2761 2498/2879/2762
f 2498/2879/2762 1359/2878/2761 1358/2880/2763
f 2498/2879/2762 1358/2880/2763 1357/2881/2764
f 2498/2879/2762 1357/2881/2764 2497/2882/2765
f 2497/2882/2765 1357/2881/2764 1356/2883/2766
f 2497/2882/2765 1356/2883/2766 1355/2884/2767
f 1355/2884/2767 1354/2779/2662 2497/2882/2765
f 2497/2882/2765 1354/2779/2662 2496/2781/2664
usemtl Steel_-_Satin
f 2526/2885/2768 2538/2886/2769 2496/2887/2770
f 2496/2887/2770 2538/2886/2769 2539/2888/2771
f 2496/2887/2770 2539/2888/2771 2497/2889/2772
f 2497/2889/2772 2539/2888/2771 2540/2890/2773
f 2497/2889/2772 2540/2890/2773 2498/2891/2774
f 2498/2891/2774 2540/2890/2773 2541/2892/2775
f 2498/2891/2774 2541/2892/2775 2499/2893/2776
f 2499/2893/2776 2541/2892/2775 2542/2894/2777
f 2499/2893/2776 2542/2894/2777 2500/2895/2778
f 2500/2895/2778 2542/2894/2777 2543/2896/2779
f 2500/2895/2778 2543/2896/2779 2501/2897/2780
f 2501/2897/2780 2543/2896/2779 2544/2898/2781
f 2501/2897/2780 2544/2898/2781 2502/2899/2782
f 2502/2899/2782 2544/2898/2781 2545/2900/2783
f 2502/2899/2782 2545/2900/2783 2503/2901/2784
f 2503/2901/2784 2545/2900/2783 2546/2902/2785
f 2503/2901/2784 2546/2902/2785 2504/2903/2786
f 2504/2903/2786 2546/2902/2785 2547/2904/2787
f 2504/2903/2786 2547/2904/2787 2505/2905/2788
f 2505/2905/2788 2547/2904/2787 2548/2906/2789
f 2505/2905/2788 2548/2906/2789 2506/2907/2790
f 2506/2907/2790 2548/2906/2789 2549/2908/2791
f 2506/2907/2790 2549/2908/2791 2507/2909/2792
f 2507/2909/2792 2549/2908/2791 2550/2910/2793
f 2507/2909/2792 2550/2910/2793 2508/2911/2794
f 2508/2911/2794 2550/2910/2793 2551/2912/2795
f 2508/2911/2794 2551/2912/2795 2587/2913/2796
f 2587/2913/2796 2551/2912/2795 2586/2914/2797
f 2586/2914/2797 2551/2912/2795 2552/2915/2798
f 2586/2914/2797 2552/2915/2798 2585/2916/2799
f 2585/2916/2799 2552/2915/2798 2553/2917/2800
f 2585/2916/2799 2553/2917/2800 2584/2918/2801
f 2584/2918/2801 2553/2917/2800 2554/2919/2802
f 2584/2918/2801 2554/2919/2802 2583/2920/2803
f 2583/2920/2803 2554/2919/2802 2555/2921/2804
f 2583/2920/2803 2555/2921/2804 2582/2922/2805
f 2582/2922/2805 2555/2921/2804 2556/2923/2806
f 2582/2922/2805 2556/2923/2806 2581/2924/2807
f 2581/2924/2807 2556/2923/2806 2557/2925/2808
f 2581/2924/2807 2557/2925/2808 2580/2926/2809
f 2580/2926/2809 2557/2925/2808 2558/2927/2810
f 2580/2926/2809 2558/2927/2810 2579/2928/2811
f 2579/2928/2811 2558/2927/2810 2559/2929/2812
f 2579/2928/2811 2559/2929/2812 2578/2930/2813
f 2578/2930/2813 2559/2929/2812 2560/2931/2814
f 2578/2930/2813 2560/2931/2814 2577/2932/2815
f 2577/2932/2815 2560/2931/2814 2561/2933/2816
f 2577/2932/2815 2561/2933/2816 2576/2934/2817
f 2576/2934/2817 2561/2933/2816 2562/2935/2818
f 2576/2934/2817 2562/2935/2818 2575/2936/2819
f 2575/2936/2819 2562/2935/2818 2563/2937/2820
f 2575/2936/2819 2563/2937/2820 2605/2938/2821
f 2605/2938/2821 2563/2937/2820 2564/2939/2822
f 2605/2938/2821 2564/2939/2822 2604/2940/2823
f 2604/2940/2823 2564/2939/2822 2565/2941/2824
f 2604/2940/2823 2565/2941/2824 2603/2942/2825
f 2603/2942/2825 2565/2941/2824 2566/2943/2826
f 2603/2942/2825 2566/2943/2826 2602/2944/2827
f 2602/2944/2827 2566/2943/2826 2567/2945/2828
f 2602/2944/2827 2567/2945/2828 2601/2946/2829
f 2601/2946/2829 2567/2945/2828 2568/2947/2830
f 2601/2946/2829 2568/2947/2830 2600/2948/2831
f 2600/2948/2831 2568/2947/2830 2569/2949/2832
f 2600/2948/2831 2569/2949/2832 2599/2950/2833
f 2599/2950/2833 2569/2949/2832 2570/2951/2834
f 2599/2950/2833 2570/2951/2834 2598/2952/2835
f 2598/2952/2835 2570/2951/2834 2571/2953/2836
f 2598/2954/2835 2571/2955/2836 2597/2956/2837
f 2597/2956/2837 2571/2955/2836 2572/2957/2838
f 2597/2956/2837 2572/2957/2838 2596/2958/2839
f 2596/2958/2839 2572/2957/2838 2573/2959/2840
f 2596/2958/2839 2573/2959/2840 2595/2960/2841
f 2595/2960/2841 2573/2959/2840 2574/2961/2842
f 2595/2960/2841 2574/2961/2842 2594/2962/2843
f 2594/2962/2843 2574/2961/2842 2515/2963/2844
f 2594/2962/2843 2515/2963/2844 2514/2964/2845
f 2538/2886/2769 2526/2885/2768 2537/2965/2846
f 2537/2965/2846 2526/2885/2768 2525/2966/2847
f 2537/2965/2846 2525/2966/2847 2536/2967/2848
f 2536/2967/2848 2525/2966/2847 2524/2968/2849
f 2536/2967/2848 2524/2968/2849 2535/2969/2850
f 2535/2969/2850 2524/2968/2849 2523/2970/2851
f 2535/2969/2850 2523/2970/2851 2534/2971/2852
f 2534/2971/2852 2523/2970/2851 2522/2972/2853
f 2534/2971/2852 2522/2972/2853 2533/2973/2854
f 2533/2973/2854 2522/2972/2853 2521/2974/2855
f 2533/2973/2854 2521/2974/2855 2532/2975/2856
f 2532/2975/2856 2521/2974/2855 2520/2976/2857
f 2532/2975/2856 2520/2976/2857 2531/2977/2858
f 2531/2977/2858 2520/2976/2857 2519/2978/2859
f 2531/2977/2858 2519/2978/2859 2530/2979/2860
f 2530/2980/2860 2519/2981/2859 2518/2982/2861
f 2530/2980/2860 2518/2982/2861 2529/2983/2862
f 2529/2983/2862 2518/2982/2861 2517/2984/2863
f 2529/2983/2862 2517/2984/2863 2528/2985/2864
f 2528/2985/2864 2517/2984/2863 2516/2986/2865
f 2528/2985/2864 2516/2986/2865 2527/2987/2866
f 2527/2987/2866 2516/2986/2865 2515/2963/2844
f 2527/2987/2866 2515/2963/2844 2574/2961/2842
f 2594/2962/2843 2514/2964/2845 2593/2988/2867
f 2593/2988/2867 2514/2964/2845 2513/2989/2868
f 2593/2988/2867 2513/2989/2868 2592/2990/2869
f 2592/2990/2869 2513/2989/2868 2512/2991/2870
f 2592/2990/2869 2512/2991/2870 2591/2992/2871
f 2591/2992/2871 2512/2991/2870 2511/2993/2872
f 2591/2992/2871 2511/2993/2872 2590/2994/2873
f 2590/2994/2873 2511/2993/2872 2510/2995/2874
f 2590/2994/2873 2510/2995/2874 2589/2996/2875
f 2589/2996/2875 2510/2995/2874 2509/2997/2876
f 2589/2996/2875 2509/2997/2876 2588/2998/2877
f 2588/2998/2877 2509/2997/2876 2508/2911/2794
f 2588/2998/2877 2508/2911/2794 2587/2913/2796
f 2607/2999/2878 2540/3000/2879 2606/3001/2880
f 2606/3001/2880 2540/3000/2879 2539/3002/2881
f 2606/3001/2880 2539/3002/2881 2538/3003/2882
f 2608/3004/2883 2544/3005/2884 2607/2999/2878
f 2607/2999/2878 2544/3005/2884 2543/3006/2885
f 2607/2999/2878 2543/3006/2885 2542/3007/2886
f 2550/3008/2887 2549/3009/2888 2608/3004/2883
f 2608/3004/2883 2549/3009/2888 2548/3010/2889
f 2608/3004/2883 2548/3010/2889 2547/3011/2890
f 2547/3011/2890 2546/3012/2891 2608/3004/2883
f 2608/3004/2883 2546/3012/2891 2545/3013/2892
f 2608/3004/2883 2545/3013/2892 2544/3005/2884
f 2542/3007/2886 2541/3014/2893 2607/2999/2878
f 2607/2999/2878 2541/3014/2893 2540/3000/2879
f 2538/3003/2882 2537/3015/2894 2606/3001/2880
f 2606/3001/2880 2537/3015/2894 2536/3016/2895
f 2606/3001/2880 2536/3016/2895 2535/3017/2896
f 2535/3017/2896 2534/3018/2897 2606/3001/2880
f 2606/3001/2880 2534/3018/2897 2533/3019/2898
f 2606/3001/2880 2533/3019/2898 2609/3020/2899
f 2609/3020/2899 2533/3019/2898 2532/3021/2900
f 2609/3020/2899 2532/3021/2900 2531/3022/2901
f 2531/3022/2901 2530/3023/2902 2609/3020/2899
f 2609/3020/2899 2530/3023/2902 2529/3024/2903
f 2609/3020/2899 2529/3024/2903 2528/3025/2904
f 2528/3025/2904 2527/3026/2905 2609/3020/2899
f 2657/3027/2906 2607/3028/2907 2611/3029/2908
f 2611/3029/2908 2607/3028/2907 2606/3030/2909
f 2611/3029/2908 2606/3030/2909 2610/3031/2910
f 2611/3029/2908 2612/3032/2911 2657/3027/2906
f 2657/3027/2906 2612/3032/2911 2656/3033/2912
f 2656/3033/2912 2612/3032/2911 2613/3034/2913
f 2656/3033/2912 2613/3034/2913 2655/3035/2914
f 2655/3035/2914 2613/3034/2913 2614/3036/2915
f 2655/3035/2914 2614/3036/2915 2654/3037/2916
f 2654/3037/2916 2614/3036/2915 2615/3038/2917
f 2654/3037/2916 2615/3038/2917 2653/3039/2918
f 2653/3039/2918 2615/3038/2917 2616/3040/2919
f 2653/3039/2918 2616/3040/2919 2652/3041/2920
f 2652/3041/2920 2616/3040/2919 2617/3042/2921
f 2652/3041/2920 2617/3042/2921 2618/3043/2922
f 2619/3044/2923 2620/3045/2924 2618/3043/2922
f 2618/3043/2922 2620/3045/2924 2621/3046/2925
f 2618/3043/2922 2621/3046/2925 2622/3047/2926
f 2622/3047/2926 2623/3048/2927 2618/3043/2922
f 2618/3043/2922 2623/3048/2927 2624/3049/2928
f 2618/3043/2922 2624/3049/2928 2625/3050/2929
f 2625/3050/2929 2626/3051/2930 2618/3043/2922
f 2618/3043/2922 2626/3051/2930 2627/3052/2931
f 2618/3043/2922 2627/3052/2931 2628/3053/2932
f 2628/3053/2932 2629/3054/2933 2618/3043/2922
f 2618/3043/2922 2629/3054/2933 2630/3055/2934
f 2618/3043/2922 2630/3055/2934 2631/3056/2935
f 2631/3056/2935 2632/3057/2936 2618/3043/2922
f 2618/3043/2922 2632/3057/2936 2633/3058/2937
f 2618/3043/2922 2633/3058/2937 2634/3059/2938
f 2634/3059/2938 2635/3060/2939 2618/3043/2922
f 2618/3043/2922 2635/3060/2939 2651/3061/2940
f 2618/3043/2922 2651/3061/2940 2652/3041/2920
f 2635/3060/2939 2636/3062/2941 2651/3061/2940
f 2651/3061/2940 2636/3062/2941 2637/3063/2942
f 2651/3061/2940 2637/3063/2942 2638/3064/2943
f 2638/3064/2943 2639/3065/2944 2651/3061/2940
f 2651/3061/2940 2639/3065/2944 2640/3066/2945
f 2651/3061/2940 2640/3066/2945 2641/3067/2946
f 2641/3067/2946 2642/3068/2947 2651/3061/2940
f 2651/3061/2940 2642/3068/2947 2643/3069/2948
f 2651/3061/2940 2643/3069/2948 2644/3070/2949
f 2644/3070/2949 2645/3071/2950 2651/3061/2940
f 2651/3061/2940 2645/3071/2950 2646/3072/2951
f 2651/3061/2940 2646/3072/2951 2647/3073/2952
f 2647/3073/2952 2648/3074/2953 2651/3061/2940
f 2651/3061/2940 2648/3074/2953 2649/3075/2954
f 2651/3061/2940 2649/3075/2954 2650/3076/2955
f 2611/3077/2956 2658/3078/2957 2728/3079/2958
f 2728/3079/2958 2658/3078/2957 2659/3080/2959
f 2728/3079/2958 2659/3080/2959 2660/3081/2960
f 2728/3079/2958 2660/3081/2960 2729/3082/2961
f 2729/3082/2961 2660/3081/2960 2661/3083/2962
f 2729/3082/2961 2661/3083/2962 2662/3084/2963
f 2729/3082/2961 2662/3084/2963 2730/3085/2964
f 2730/3085/2964 2662/3084/2963 2663/3086/2965
f 2730/3085/2964 2663/3086/2965 2664/3087/2966
f 2730/3085/2964 2664/3087/2966 2731/3088/2967
f 2731/3088/2967 2664/3087/2966 2665/3089/2968
f 2731/3088/2967 2665/3089/2968 2732/3090/2969
f 2732/3090/2969 2665/3089/2968 2666/3091/2970
f 2732/3090/2969 2666/3091/2970 2667/3092/2971
f 2732/3090/2969 2667/3092/2971 2733/3093/2972
f 2733/3093/2972 2667/3092/2971 2668/3094/2973
f 2733/3093/2972 2668/3094/2973 2734/3095/2974
f 2734/3095/2974 2668/3094/2973 2669/3096/2975
f 2734/3095/2974 2669/3096/2975 2735/3097/2976
f 2735/3097/2976 2669/3096/2975 2670/3098/2977
f 2735/3097/2976 2670/3098/2977 2671/3099/2978
f 2735/3097/2976 2671/3099/2978 2736/3100/2979
f 2736/3100/2979 2671/3099/2978 2672/3101/2980
f 2736/3100/2979 2672/3101/2980 2621/3102/2981
f 2621/3102/2981 2672/3101/2980 2737/3103/2982
f 2621/3102/2981 2737/3103/2982 2674/3104/2983
f 2674/3104/2983 2737/3103/2982 2673/3105/2984
f 2673/3105/2984 2737/3103/2982 2672/3101/2980
f 2675/3106/2985 2738/3107/2986 2674/3104/2983
f 2674/3104/2983 2738/3107/2986 2622/3108/2987
f 2674/3104/2983 2622/3108/2987 2621/3102/2981
f 2676/3109/2988 2623/3110/2989 2675/3106/2985
f 2675/3106/2985 2623/3110/2989 2622/3108/2987
f 2675/3106/2985 2622/3108/2987 2738/3107/2986
f 2676/3109/2988 2677/3111/2990 2623/3110/2989
f 2623/3110/2989 2677/3111/2990 2624/3112/2991
f 2624/3112/2991 2677/3111/2990 2678/3113/2992
f 2624/3112/2991 2678/3113/2992 2625/3114/2993
f 2625/3114/2993 2678/3113/2992 2679/3115/2994
f 2625/3114/2993 2679/3115/2994 2680/3116/2995
f 2625/3114/2993 2680/3116/2995 2626/3117/2996
f 2626/3117/2996 2680/3116/2995 2681/3118/2997
f 2626/3117/2996 2681/3118/2997 2627/3119/2998
f 2627/3119/2998 2681/3118/2997 2682/3120/2999
f 2627/3119/2998 2682/3120/2999 2683/3121/3000
f 2627/3119/2998 2683/3121/3000 2628/3122/3001
f 2628/3122/3001 2683/3121/3000 2684/3123/3002
f 2628/3122/3001 2684/3123/3002 2629/3124/3003
f 2629/3124/3003 2684/3123/3002 2685/3125/3004
f 2629/3124/3003 2685/3125/3004 2686/3126/3005
f 2629/3124/3003 2686/3126/3005 2630/3127/3006
f 2630/3127/3006 2686/3126/3005 2687/3128/3007
f 2630/3127/3006 2687/3128/3007 2631/3129/3008
f 2631/3129/3008 2687/3128/3007 2688/3130/3009
f 2631/3129/3008 2688/3130/3009 2689/3131/3010
f 2631/3129/3008 2689/3131/3010 2632/3132/3011
f 2632/3132/3011 2689/3131/3010 2690/3133/3012
f 2632/3132/3011 2690/3133/3012 2633/3134/3013
f 2633/3134/3013 2690/3133/3012 2691/3135/3014
f 2633/3134/3013 2691/3135/3014 2692/3136/3015
f 2633/3134/3013 2692/3136/3015 2634/3137/3016
f 2634/3137/3016 2692/3136/3015 2693/3138/3017
f 2634/3137/3016 2693/3138/3017 2635/3139/3018
f 2635/3139/3018 2693/3138/3017 2694/3140/3019
f 2635/3139/3018 2694/3140/3019 2636/3141/3020
f 2636/3141/3020 2694/3140/3019 2695/3142/3021
f 2636/3141/3020 2695/3142/3021 2696/3143/3022
f 2636/3141/3020 2696/3143/3022 2637/3144/3023
f 2637/3144/3023 2696/3143/3022 2697/3145/3024
f 2637/3144/3023 2697/3145/3024 2638/3146/3025
f 2638/3146/3025 2697/3145/3024 2698/3147/3026
f 2638/3146/3025 2698/3147/3026 2699/3148/3027
f 2638/3146/3025 2699/3148/3027 2639/3149/3028
f 2639/3149/3028 2699/3148/3027 2700/3150/3029
f 2639/3149/3028 2700/3150/3029 2640/3151/3030
f 2640/3151/3030 2700/3150/3029 2701/3152/3031
f 2640/3151/3030 2701/3152/3031 2702/3153/3032
f 2640/3151/3030 2702/3153/3032 2641/3154/3033
f 2641/3154/3033 2702/3153/3032 2703/3155/3034
f 2641/3154/3033 2703/3155/3034 2642/3156/3035
f 2642/3156/3035 2703/3155/3034 2704/3157/3036
f 2642/3156/3035 2704/3157/3036 2705/3158/3037
f 2642/3156/3035 2705/3158/3037 2643/3159/3038
f 2643/3159/3038 2705/3158/3037 2706/3160/3039
f 2643/3159/3038 2706/3160/3039 2644/3161/3040
f 2644/3161/3040 2706/3160/3039 2707/3162/3041
f 2644/3161/3040 2707/3162/3041 2708/3163/3042
f 2644/3161/3040 2708/3163/3042 2645/3164/3043
f 2645/3164/3043 2708/3163/3042 2709/3165/3044
f 2645/3164/3043 2709/3165/3044 2646/3166/3045
f 2646/3166/3045 2709/3165/3044 2710/3167/3046
f 2646/3166/3045 2710/3167/3046 2711/3168/3047
f 2712/3169/3048 2739/3170/3049 2711/3168/3047
f 2711/3168/3047 2739/3170/3049 2647/3171/3050
f 2711/3168/3047 2647/3171/3050 2646/3166/3045
f 2713/3172/3051 2740/3173/3052 2712/3169/3048
f 2712/3169/3048 2740/3173/3052 2648/3174/3053
f 2712/3169/3048 2648/3174/3053 2647/3171/3050
f 2713/3172/3051 2714/3175/3054 2740/3173/3052
f 2740/3173/3052 2714/3175/3054 2741/3176/3055
f 2740/3173/3052 2741/3176/3055 2649/3177/3056
f 2649/3177/3056 2741/3176/3055 2650/3178/3057
f 2650/3178/3057 2741/3176/3055 2742/3179/3058
f 2650/3178/3057 2742/3179/3058 2651/3180/3059
f 2651/3180/3059 2742/3179/3058 2743/3181/3060
f 2651/3180/3059 2743/3181/3060 2652/3182/3061
f 2652/3182/3061 2743/3181/3060 2744/3183/3062
f 2652/3182/3061 2744/3183/3062 2653/3184/3063
f 2653/3184/3063 2744/3183/3062 2745/3185/3064
f 2653/3184/3063 2745/3185/3064 2654/3186/3065
f 2654/3186/3065 2745/3185/3064 2746/3187/3066
f 2654/3186/3065 2746/3187/3066 2655/3188/3067
f 2655/3188/3067 2746/3187/3066 2747/3189/3068
f 2655/3188/3067 2747/3189/3068 2656/3190/3069
f 2656/3190/3069 2747/3189/3068 2748/3191/3070
f 2656/3190/3069 2748/3191/3070 2657/3192/3071
f 2657/3192/3071 2748/3191/3070 2749/3193/3072
f 2657/3192/3071 2749/3193/3072 2607/3194/3073
f 2607/3194/3073 2749/3193/3072 2727/3195/3074
f 2607/3194/3073 2727/3195/3074 2608/3196/3075
f 2714/3175/3054 2715/3197/3076 2741/3176/3055
f 2741/3176/3055 2715/3197/3076 2742/3179/3058
f 2715/3197/3076 2716/3198/3077 2742/3179/3058
f 2742/3179/3058 2716/3198/3077 2717/3199/3078
f 2742/3179/3058 2717/3199/3078 2743/3181/3060
f 2743/3181/3060 2717/3199/3078 2718/3200/3079
f 2743/3181/3060 2718/3200/3079 2744/3183/3062
f 2744/3183/3062 2718/3200/3079 2719/3201/3080
f 2744/3183/3062 2719/3201/3080 2720/3202/3081
f 2744/3183/3062 2720/3202/3081 2745/3185/3064
f 2745/3185/3064 2720/3202/3081 2721/3203/3082
f 2745/3185/3064 2721/3203/3082 2746/3187/3066
f 2746/3187/3066 2721/3203/3082 2722/3204/3083
f 2746/3187/3066 2722/3204/3083 2723/3205/3084
f 2746/3187/3066 2723/3205/3084 2747/3189/3068
f 2747/3189/3068 2723/3205/3084 2724/3206/3085
f 2747/3189/3068 2724/3206/3085 2748/3191/3070
f 2748/3191/3070 2724/3206/3085 2725/3207/3086
f 2748/3191/3070 2725/3207/3086 2726/3208/3087
f 2748/3191/3070 2726/3208/3087 2749/3193/3072
f 2749/3193/3072 2726/3208/3087 2727/3195/3074
f 2649/3177/3056 2648/3174/3053 2740/3173/3052
f 2621/3102/2981 2620/3209/3088 2736/3100/2979
f 2736/3100/2979 2620/3209/3088 2735/3097/2976
f 2620/3209/3088 2619/3210/3089 2735/3097/2976
f 2735/3097/2976 2619/3210/3089 2734/3095/2974
f 2619/3210/3089 2618/3211/3090 2734/3095/2974
f 2734/3095/2974 2618/3211/3090 2733/3093/2972
f 2618/3211/3090 2617/3212/3091 2733/3093/2972
f 2733/3093/2972 2617/3212/3091 2732/3090/2969
f 2617/3212/3091 2616/3213/3092 2732/3090/2969
f 2732/3090/2969 2616/3213/3092 2731/3088/2967
f 2616/3213/3092 2615/3214/3093 2731/3088/2967
f 2731/3088/2967 2615/3214/3093 2730/3085/2964
f 2615/3214/3093 2614/3215/3094 2730/3085/2964
f 2730/3085/2964 2614/3215/3094 2729/3082/2961
f 2614/3215/3094 2613/3216/3095 2729/3082/2961
f 2729/3082/2961 2613/3216/3095 2728/3079/2958
f 2613/3216/3095 2612/3217/3096 2728/3079/2958
f 2728/3079/2958 2612/3217/3096 2611/3077/2956
f 2647/3171/3050 2739/3170/3049 2712/3169/3048
f 2610/3218/3097 2764/3219/3098 2611/3220/3099
f 2611/3220/3099 2764/3219/3098 2765/3221/3100
f 2611/3220/3099 2765/3221/3100 2766/3222/3101
f 2750/3223/3102 2757/3224/3103 2610/3218/3097
f 2610/3218/3097 2757/3224/3103 2758/3225/3104
f 2610/3218/3097 2758/3225/3104 2759/3226/3105
f 2751/3227/3106 2752/3228/3107 2750/3223/3102
f 2750/3223/3102 2752/3228/3107 2753/3229/3108
f 2750/3223/3102 2753/3229/3108 2754/3230/3109
f 2754/3230/3109 2755/3231/3110 2750/3223/3102
f 2750/3223/3102 2755/3231/3110 2756/3232/3111
f 2750/3223/3102 2756/3232/3111 2757/3224/3103
f 2759/3226/3105 2760/3233/3112 2610/3218/3097
f 2610/3218/3097 2760/3233/3112 2761/3234/3113
f 2610/3218/3097 2761/3234/3113 2762/3235/3114
f 2762/3235/3114 2763/3236/3115 2610/3218/3097
f 2610/3218/3097 2763/3236/3115 2764/3219/3098
f 2766/3222/3101 2767/3237/3116 2611/3220/3099
f 2611/3220/3099 2767/3237/3116 2768/3238/3117
f 2611/3220/3099 2768/3238/3117 2658/3239/3118
f 2658/3239/3118 2768/3238/3117 2769/3240/3119
f 2658/3239/3118 2769/3240/3119 2770/3241/3120
f 2770/3241/3120 2771/3242/3121 2658/3239/3118
f 2658/3239/3118 2771/3242/3121 2772/3243/3122
f 2658/3239/3118 2772/3243/3122 2773/3244/3123
f 2773/3244/3123 2774/3245/3124 2658/3239/3118
f 2659/3246/3125 2658/3247/3126 2776/3248/3127
f 2776/3248/3127 2658/3247/3126 2774/3249/3128
f 2776/3248/3127 2774/3249/3128 2775/3250/3129
f 2777/3251/3130 2661/3252/3131 2776/3248/3127
f 2776/3248/3127 2661/3252/3131 2660/3253/3132
f 2776/3248/3127 2660/3253/3132 2659/3246/3125
f 2777/3251/3130 2778/3254/3133 2661/3252/3131
f 2661/3252/3131 2778/3254/3133 2779/3255/3134
f 2725/3256/3135 2724/3257/3136 2843/3258/3137
f 2843/3258/3137 2724/3257/3136 2842/3259/3138
f 2842/3259/3138 2724/3257/3136 2723/3260/3139
f 2842/3259/3138 2723/3260/3139 2841/3261/3140
f 2841/3261/3140 2723/3260/3139 2722/3262/3141
f 2841/3261/3140 2722/3262/3141 2840/3263/3142
f 2840/3263/3142 2722/3262/3141 2721/3264/3143
f 2840/3263/3142 2721/3264/3143 2839/3265/3144
f 2839/3265/3144 2721/3264/3143 2720/3266/3145
f 2839/3265/3144 2720/3266/3145 2838/3267/3146
f 2838/3267/3146 2720/3266/3145 2719/3268/3147
f 2838/3267/3146 2719/3268/3147 2837/3269/3148
f 2837/3269/3148 2719/3268/3147 2718/3270/3149
f 2837/3269/3148 2718/3270/3149 2836/3271/3150
f 2836/3271/3150 2718/3270/3149 2717/3272/3151
f 2836/3271/3150 2717/3272/3151 2835/3273/3152
f 2835/3273/3152 2717/3272/3151 2716/3274/3153
f 2835/3273/3152 2716/3274/3153 2834/3275/3154
f 2834/3275/3154 2716/3274/3153 2715/3276/3155
f 2834/3275/3154 2715/3276/3155 2833/3277/3156
f 2833/3277/3156 2715/3276/3155 2714/3278/3157
f 2833/3277/3156 2714/3278/3157 2832/3279/3158
f 2832/3279/3158 2714/3278/3157 2713/3280/3159
f 2832/3279/3158 2713/3280/3159 2831/3281/3160
f 2831/3281/3160 2713/3280/3159 2712/3282/3161
f 2831/3281/3160 2712/3282/3161 2830/3283/3162
f 2830/3283/3162 2712/3282/3161 2711/3284/3163
f 2830/3283/3162 2711/3284/3163 2829/3285/3164
f 2829/3285/3164 2711/3284/3163 2710/3286/3165
f 2829/3285/3164 2710/3286/3165 2828/3287/3166
f 2828/3287/3166 2710/3286/3165 2709/3288/3167
f 2828/3287/3166 2709/3288/3167 2827/3289/3168
f 2827/3289/3168 2709/3288/3167 2708/3290/3169
f 2827/3289/3168 2708/3290/3169 2826/3291/3170
f 2826/3291/3170 2708/3290/3169 2707/3292/3171
f 2826/3291/3170 2707/3292/3171 2825/3293/3172
f 2825/3293/3172 2707/3292/3171 2706/3294/3173
f 2825/3293/3172 2706/3294/3173 2824/3295/3174
f 2824/3295/3174 2706/3294/3173 2705/3296/3175
f 2824/3295/3174 2705/3296/3175 2823/3297/3176
f 2823/3297/3176 2705/3296/3175 2704/3298/3177
f 2823/3297/3176 2704/3298/3177 2822/3299/3178
f 2822/3299/3178 2704/3298/3177 2703/3300/3179
f 2822/3299/3178 2703/3300/3179 2821/3301/3180
f 2821/3301/3180 2703/3300/3179 2702/3302/3181
f 2821/3301/3180 2702/3302/3181 2820/3303/3182
f 2820/3303/3182 2702/3302/3181 2701/3304/3183
f 2820/3303/3182 2701/3304/3183 2819/3305/3184
f 2819/3305/3184 2701/3304/3183 2700/3306/3185
f 2819/3305/3184 2700/3306/3185 2818/3307/3186
f 2818/3307/3186 2700/3306/3185 2699/3308/3187
f 2818/3307/3186 2699/3308/3187 2817/3309/3188
f 2817/3309/3188 2699/3308/3187 2698/3310/3189
f 2817/3309/3188 2698/3310/3189 2816/3311/3190
f 2816/3311/3190 2698/3310/3189 2697/3312/3191
f 2816/3311/3190 2697/3312/3191 2815/3313/3192
f 2815/3313/3192 2697/3312/3191 2696/3314/3193
f 2815/3313/3192 2696/3314/3193 2814/3315/3194
f 2814/3315/3194 2696/3314/3193 2695/3316/3195
f 2814/3315/3194 2695/3316/3195 2813/3317/3196
f 2813/3317/3196 2695/3316/3195 2694/3318/3197
f 2813/3317/3196 2694/3318/3197 2812/3319/3198
f 2812/3319/3198 2694/3318/3197 2693/3320/3199
f 2812/3319/3198 2693/3320/3199 2811/3321/3200
f 2811/3321/3200 2693/3320/3199 2810/3322/3201
f 2810/3322/3201 2693/3320/3199 2692/3323/3202
f 2810/3322/3201 2692/3323/3202 2809/3324/3203
f 2809/3324/3203 2692/3323/3202 2691/3325/3204
f 2809/3324/3203 2691/3325/3204 2808/3326/3205
f 2808/3326/3205 2691/3325/3204 2690/3327/3206
f 2808/3326/3205 2690/3327/3206 2807/3328/3207
f 2807/3328/3207 2690/3327/3206 2689/3329/3208
f 2807/3328/3207 2689/3329/3208 2806/3330/3209
f 2806/3330/3209 2689/3329/3208 2688/3331/3210
f 2806/3330/3209 2688/3331/3210 2805/3332/3211
f 2805/3332/3211 2688/3331/3210 2687/3333/3212
f 2805/3332/3211 2687/3333/3212 2804/3334/3213
f 2804/3334/3213 2687/3333/3212 2686/3335/3214
f 2804/3334/3213 2686/3335/3214 2803/3336/3215
f 2803/3336/3215 2686/3335/3214 2685/3337/3216
f 2803/3336/3215 2685/3337/3216 2802/3338/3217
f 2802/3338/3217 2685/3337/3216 2684/3339/3218
f 2802/3338/3217 2684/3339/3218 2801/3340/3219
f 2801/3340/3219 2684/3339/3218 2683/3341/3220
f 2801/3340/3219 2683/3341/3220 2800/3342/3221
f 2800/3342/3221 2683/3341/3220 2682/3343/3222
f 2800/3342/3221 2682/3343/3222 2799/3344/3223
f 2799/3344/3223 2682/3343/3222 2681/3345/3224
f 2799/3344/3223 2681/3345/3224 2798/3346/3225
f 2798/3346/3225 2681/3345/3224 2680/3347/3226
f 2798/3346/3225 2680/3347/3226 2797/3348/3227
f 2797/3348/3227 2680/3347/3226 2679/3349/3228
f 2797/3348/3227 2679/3349/3228 2796/3350/3229
f 2796/3350/3229 2679/3349/3228 2678/3351/3230
f 2796/3350/3229 2678/3351/3230 2795/3352/3231
f 2795/3352/3231 2678/3351/3230 2677/3353/3232
f 2795/3352/3231 2677/3353/3232 2794/3354/3233
f 2794/3354/3233 2677/3353/3232 2676/3355/3234
f 2794/3354/3233 2676/3355/3234 2793/3356/3235
f 2793/3356/3235 2676/3355/3234 2675/3357/3236
f 2793/3356/3235 2675/3357/3236 2792/3358/3237
f 2792/3358/3237 2675/3357/3236 2674/3359/3238
f 2792/3358/3237 2674/3359/3238 2791/3360/3239
f 2791/3360/3239 2674/3359/3238 2673/3361/3240
f 2791/3360/3239 2673/3361/3240 2790/3362/3241
f 2790/3362/3241 2673/3361/3240 2672/3363/3242
f 2790/3362/3241 2672/3363/3242 2789/3364/3243
f 2789/3364/3243 2672/3363/3242 2671/3365/3244
f 2789/3364/3243 2671/3365/3244 2788/3366/3245
f 2788/3366/3245 2671/3365/3244 2670/3367/3246
f 2788/3366/3245 2670/3367/3246 2787/3368/3247
f 2787/3368/3247 2670/3367/3246 2669/3369/3248
f 2787/3368/3247 2669/3369/3248 2786/3370/3249
f 2786/3370/3249 2669/3369/3248 2668/3371/3250
f 2786/3370/3249 2668/3371/3250 2785/3372/3251
f 2785/3372/3251 2668/3371/3250 2667/3373/3252
f 2785/3372/3251 2667/3373/3252 2784/3374/3253
f 2784/3374/3253 2667/3373/3252 2666/3375/3254
f 2784/3374/3253 2666/3375/3254 2783/3376/3255
f 2783/3376/3255 2666/3375/3254 2665/3377/3256
f 2783/3376/3255 2665/3377/3256 2782/3378/3257
f 2782/3378/3257 2665/3377/3256 2664/3379/3258
f 2782/3378/3257 2664/3379/3258 2781/3380/3259
f 2781/3380/3259 2664/3379/3258 2663/3381/3260
f 2781/3380/3259 2663/3381/3260 2780/3382/3261
f 2780/3382/3261 2663/3381/3260 2662/3383/3262
f 2780/3382/3261 2662/3383/3262 2779/3384/3263
f 2779/3384/3263 2662/3383/3262 2661/3385/3264
f 2551/3386/3265 2550/3387/3266 2844/3388/3267
f 2844/3388/3267 2550/3387/3266 2608/3389/3268
f 2844/3388/3267 2608/3389/3268 2727/3390/3269
f 2727/3390/3269 2726/3391/3270 2844/3388/3267
f 2844/3388/3267 2726/3391/3270 2725/3392/3271
f 2844/3388/3267 2725/3392/3271 2846/3393/3272
f 2846/3393/3272 2725/3392/3271 2845/3394/3273
f 2845/3394/3273 2725/3392/3271 2843/3395/3274
usemtl Aluminum_-_Cast
f 2574/3396/3275 2573/3397/3276 2850/3398/3277
f 2850/3398/3277 2573/3397/3276 2572/3399/3278
f 2850/3398/3277 2572/3399/3278 2571/3400/3279
f 2571/3400/3279 2570/3401/3280 2850/3398/3277
f 2850/3398/3277 2570/3401/3280 2569/3402/3281
f 2850/3398/3277 2569/3402/3281 2568/3403/3282
f 2850/3398/3277 2568/3403/3282 2849/3404/3283
f 2849/3404/3283 2568/3403/3282 2567/3405/3284
f 2849/3404/3283 2567/3405/3284 2566/3406/3285
f 2566/3406/3285 2565/3407/3286 2849/3404/3283
f 2849/3404/3283 2565/3407/3286 2564/3408/3287
f 2849/3404/3283 2564/3408/3287 2563/3409/3288
f 2563/3409/3288 2562/3410/3289 2849/3404/3283
f 2849/3404/3283 2562/3410/3289 2561/3411/3290
f 2849/3404/3283 2561/3411/3290 2848/3412/3291
f 2848/3412/3291 2561/3411/3290 2560/3413/3292
f 2848/3412/3291 2560/3413/3292 2559/3414/3293
f 2559/3414/3293 2558/3415/3294 2848/3412/3291
f 2848/3412/3291 2558/3415/3294 2557/3416/3295
f 2848/3412/3291 2557/3416/3295 2844/3417/3296
f 2844/3417/3296 2557/3416/3295 2556/3418/3297
f 2844/3417/3296 2556/3418/3297 2555/3419/3298
f 2555/3419/3298 2554/3420/3299 2844/3417/3296
f 2844/3417/3296 2554/3420/3299 2553/3421/3300
f 2844/3417/3296 2553/3421/3300 2552/3422/3301
f 2552/3422/3301 2551/3423/3302 2844/3417/3296
f 2844/3417/3296 2847/3424/3303 2848/3412/3291
usemtl Steel_-_Satin
f 2575/3425/3304 2605/3426/3305 2576/3427/3306
f 2576/3427/3306 2605/3426/3305 2577/3428/3307
f 2577/3428/3307 2605/3426/3305 2604/3429/3308
f 2577/3428/3307 2604/3429/3308 2578/3430/3309
f 2578/3430/3309 2604/3429/3308 2603/3431/3310
f 2578/3430/3309 2603/3431/3310 2579/3432/3311
f 2579/3432/3311 2603/3431/3310 2602/3433/3312
f 2579/3432/3311 2602/3433/3312 2580/3434/3313
f 2580/3434/3313 2602/3433/3312 2601/3435/3314
f 2580/3434/3313 2601/3435/3314 2581/3436/3315
f 2581/3436/3315 2601/3435/3314 2600/3437/3316
f 2581/3436/3315 2600/3437/3316 2582/3438/3317
f 2582/3438/3317 2600/3437/3316 2599/3439/3318
f 2582/3438/3317 2599/3439/3318 2583/3440/3319
f 2583/3440/3319 2599/3439/3318 2598/3441/3320
f 2583/3440/3319 2598/3441/3320 2584/3442/3321
f 2584/3442/3321 2598/3441/3320 2597/3443/3322
f 2584/3442/3321 2597/3443/3322 2585/3444/3323
f 2585/3444/3323 2597/3443/3322 2596/3445/3324
f 2585/3444/3323 2596/3445/3324 2586/3446/3325
f 2586/3446/3325 2596/3445/3324 2595/3447/3326
f 2586/3446/3325 2595/3447/3326 2587/3448/3327
f 2587/3448/3327 2595/3447/3326 2594/3449/3328
f 2587/3448/3327 2594/3449/3328 2588/3450/3329
f 2588/3450/3329 2594/3449/3328 2593/3451/3330
f 2588/3450/3329 2593/3451/3330 2589/3452/3331
f 2589/3452/3331 2593/3451/3330 2592/3453/3332
f 2589/3452/3331 2592/3453/3332 2590/3454/3333
f 2590/3454/3333 2592/3453/3332 2591/3455/3334
f 2527/3456/3335 2574/3457/3336 2609/3458/3337
f 2609/3458/3337 2574/3457/3336 2850/3459/3338
f 2606/3460/3339 2849/3461/3340 2610/3462/3341
f 2610/3462/3341 2849/3461/3340 2851/3463/3342
f 2610/3462/3341 2851/3463/3342 2852/3464/3343
f 2609/3465/3344 2850/3466/3345 2606/3460/3339
f 2606/3460/3339 2850/3466/3345 2849/3461/3340
f 2852/3464/3343 2750/3467/3346 2610/3462/3341
f 2853/3468/3347 2751/3469/3348 2852/3470/3349
f 2852/3470/3349 2751/3469/3348 2750/3471/3350
f 106/3472/3351 2891/3473/3352 76/3474/3353
f 76/3474/3353 2891/3473/3352 2892/3475/3354
f 76/3474/3353 2892/3475/3354 77/3476/3355
f 77/3476/3355 2892/3475/3354 2893/3477/3356
f 77/3476/3355 2893/3477/3356 78/3478/3357
f 78/3478/3357 2893/3477/3356 2894/3479/3358
f 78/3478/3357 2894/3479/3358 79/3480/3359
f 79/3480/3359 2894/3479/3358 2895/3481/3360
f 79/3480/3359 2895/3481/3360 80/3482/3361
f 80/3482/3361 2895/3481/3360 2774/3483/3362
f 80/3482/3361 2774/3483/3362 81/3484/3363
f 81/3484/3363 2774/3483/3362 2773/3485/3364
f 81/3484/3363 2773/3485/3364 82/3486/3365
f 82/3486/3365 2773/3485/3364 2772/3487/3366
f 82/3486/3365 2772/3487/3366 83/3488/3367
f 83/3488/3367 2772/3487/3366 2771/3489/3368
f 83/3488/3367 2771/3489/3368 84/3490/3369
f 84/3490/3369 2771/3489/3368 2770/3491/3370
f 84/3490/3369 2770/3491/3370 85/3492/3371
f 85/3492/3371 2770/3491/3370 2769/3493/3372
f 85/3492/3371 2769/3493/3372 86/3494/3373
f 86/3494/3373 2769/3493/3372 2768/3495/3374
f 86/3494/3373 2768/3495/3374 87/3496/3375
f 87/3496/3375 2768/3495/3374 2767/3497/3376
f 87/3496/3375 2767/3497/3376 88/3498/3377
f 88/3498/3377 2767/3497/3376 2766/3499/3378
f 88/3498/3377 2766/3499/3378 89/3500/3379
f 89/3500/3379 2766/3499/3378 2765/3501/3380
f 89/3500/3379 2765/3501/3380 90/3502/3381
f 90/3502/3381 2765/3501/3380 2764/3503/3382
f 90/3502/3381 2764/3503/3382 91/3504/3383
f 91/3504/3383 2764/3503/3382 2763/3505/3384
f 91/3504/3383 2763/3505/3384 2762/3506/3385
f 2891/3473/3352 106/3472/3351 2890/3507/3386
f 2890/3507/3386 106/3472/3351 105/3508/3387
f 2890/3507/3386 105/3508/3387 2889/3509/3388
f 2889/3509/3388 105/3508/3387 104/3510/3389
f 2889/3509/3388 104/3510/3389 2888/3511/3390
f 2888/3511/3390 104/3510/3389 103/3512/3391
f 2888/3511/3390 103/3512/3391 2853/3513/3392
f 2853/3513/3392 103/3512/3391 2751/3514/3393
f 2751/3514/3393 103/3512/3391 102/3515/3394
f 2751/3514/3393 102/3515/3394 2752/3516/3395
f 2752/3516/3395 102/3515/3394 101/3517/3396
f 2752/3516/3395 101/3517/3396 2753/3518/3397
f 2753/3518/3397 101/3517/3396 100/3519/3398
f 2753/3518/3397 100/3519/3398 2754/3520/3399
f 2754/3521/3399 100/3522/3398 99/3523/3400
f 2754/3521/3399 99/3523/3400 2755/3524/3401
f 2755/3524/3401 99/3523/3400 98/3525/3402
f 2755/3524/3401 98/3525/3402 2756/3526/3403
f 2756/3526/3403 98/3525/3402 97/3527/3404
f 2756/3526/3403 97/3527/3404 2757/3528/3405
f 2757/3528/3405 97/3527/3404 96/3529/3406
f 2757/3528/3405 96/3529/3406 2758/3530/3407
f 2758/3530/3407 96/3529/3406 95/3531/3408
f 2758/3530/3407 95/3531/3408 2759/3532/3409
f 2759/3532/3409 95/3531/3408 94/3533/3410
f 2759/3532/3409 94/3533/3410 2760/3534/3411
f 2760/3534/3411 94/3533/3410 93/3535/3412
f 2760/3534/3411 93/3535/3412 2761/3536/3413
f 2761/3536/3413 93/3535/3412 92/3537/3414
f 2761/3536/3413 92/3537/3414 2762/3506/3385
f 2762/3506/3385 92/3537/3414 91/3504/3383
f 2888/3511/3390 2853/3513/3392 2887/3538/3415
f 2887/3538/3415 2853/3513/3392 2854/3539/3416
f 2887/3538/3415 2854/3539/3416 2886/3540/3417
f 2886/3540/3417 2854/3539/3416 2855/3541/3418
f 2886/3540/3417 2855/3541/3418 2885/3542/3419
f 2885/3542/3419 2855/3541/3418 2856/3543/3420
f 2885/3542/3419 2856/3543/3420 2884/3544/3421
f 2884/3545/3421 2856/3546/3420 2857/3547/3422
f 2884/3545/3421 2857/3547/3422 2883/3548/3423
f 2883/3548/3423 2857/3547/3422 2858/3549/3424
f 2883/3548/3423 2858/3549/3424 2882/3550/3425
f 2882/3550/3425 2858/3549/3424 2859/3551/3426
f 2882/3550/3425 2859/3551/3426 2881/3552/3427
f 2881/3552/3427 2859/3551/3426 2860/3553/3428
f 2881/3552/3427 2860/3553/3428 2880/3554/3429
f 2880/3554/3429 2860/3553/3428 2861/3555/3430
f 2880/3554/3429 2861/3555/3430 2879/3556/3431
f 2879/3556/3431 2861/3555/3430 2862/3557/3432
f 2879/3556/3431 2862/3557/3432 2878/3558/3433
f 2878/3558/3433 2862/3557/3432 2863/3559/3434
f 2878/3558/3433 2863/3559/3434 2877/3560/3435
f 2877/3560/3435 2863/3559/3434 2864/3561/3436
f 2877/3560/3435 2864/3561/3436 2876/3562/3437
f 2876/3562/3437 2864/3561/3436 2865/3563/3438
f 2876/3562/3437 2865/3563/3438 2906/3564/3439
f 2906/3564/3439 2865/3563/3438 2866/3565/3440
f 2906/3564/3439 2866/3565/3440 2905/3566/3441
f 2905/3566/3441 2866/3565/3440 2867/3567/3442
f 2905/3566/3441 2867/3567/3442 2904/3568/3443
f 2904/3568/3443 2867/3567/3442 2868/3569/3444
f 2904/3568/3443 2868/3569/3444 2903/3570/3445
f 2903/3570/3445 2868/3569/3444 2869/3571/3446
f 2903/3570/3445 2869/3571/3446 2902/3572/3447
f 2902/3572/3447 2869/3571/3446 2870/3573/3448
f 2902/3572/3447 2870/3573/3448 2901/3574/3449
f 2901/3574/3449 2870/3573/3448 2871/3575/3450
f 2901/3574/3449 2871/3575/3450 2900/3576/3451
f 2900/3576/3451 2871/3575/3450 2872/3577/3452
f 2900/3576/3451 2872/3577/3452 2899/3578/3453
f 2899/3578/3453 2872/3577/3452 2873/3579/3454
f 2899/3578/3453 2873/3579/3454 2898/3580/3455
f 2898/3580/3455 2873/3579/3454 2874/3581/3456
f 2898/3580/3455 2874/3581/3456 2897/3582/3457
f 2897/3582/3457 2874/3581/3456 2875/3583/3458
f 2897/3582/3457 2875/3583/3458 2896/3584/3459
f 2896/3584/3459 2875/3583/3458 2775/3585/3460
f 2896/3584/3459 2775/3585/3460 2895/3481/3360
f 2895/3481/3360 2775/3585/3460 2774/3483/3362
usemtl Aluminum_-_Cast
f 2775/3586/3461 2875/3587/3462 2776/3588/3463
f 2776/3588/3463 2875/3587/3462 2874/3589/3464
f 2776/3588/3463 2874/3589/3464 2873/3590/3465
f 2873/3590/3465 2872/3591/3466 2776/3588/3463
f 2776/3588/3463 2872/3591/3466 2871/3592/3467
f 2776/3588/3463 2871/3592/3467 2870/3593/3468
f 2776/3588/3463 2870/3593/3468 2907/3594/3469
f 2907/3594/3469 2870/3593/3468 2869/3595/3470
f 2907/3594/3469 2869/3595/3470 2868/3596/3471
f 2868/3596/3471 2867/3597/3472 2907/3594/3469
f 2907/3594/3469 2867/3597/3472 2866/3598/3473
f 2907/3594/3469 2866/3598/3473 2851/3599/3474
f 2851/3599/3474 2866/3598/3473 2865/3600/3475
f 2851/3599/3474 2865/3600/3475 2864/3601/3476
f 2864/3601/3476 2863/3602/3477 2851/3599/3474
f 2851/3599/3474 2863/3602/3477 2862/3603/3478
f 2851/3599/3474 2862/3603/3478 2861/3604/3479
f 2861/3604/3479 2860/3605/3480 2851/3599/3474
f 2851/3599/3474 2860/3605/3480 2859/3606/3481
f 2851/3599/3474 2859/3606/3481 2852/3607/3482
f 2852/3607/3482 2859/3606/3481 2858/3608/3483
f 2852/3607/3482 2858/3608/3483 2857/3609/3484
f 2857/3609/3484 2856/3610/3485 2852/3607/3482
f 2852/3607/3482 2856/3610/3485 2855/3611/3486
f 2852/3607/3482 2855/3611/3486 2854/3612/3487
f 2854/3612/3487 2853/3613/3488 2852/3607/3482
f 2907/3594/3469 2908/3614/3489 2776/3588/3463
usemtl Steel_-_Satin
f 2876/3615/3490 2906/3616/3491 2877/3617/3492
f 2877/3617/3492 2906/3616/3491 2878/3618/3493
f 2878/3618/3493 2906/3616/3491 2905/3619/3494
f 2878/3618/3493 2905/3619/3494 2879/3620/3495
f 2879/3620/3495 2905/3619/3494 2904/3621/3496
f 2879/3620/3495 2904/3621/3496 2880/3622/3497
f 2880/3622/3497 2904/3621/3496 2903/3623/3498
f 2880/3622/3497 2903/3623/3498 2881/3624/3499
f 2881/3624/3499 2903/3623/3498 2902/3625/3500
f 2881/3624/3499 2902/3625/3500 2882/3626/3501
f 2882/3626/3501 2902/3625/3500 2901/3627/3502
f 2882/3626/3501 2901/3627/3502 2883/3628/3503
f 2883/3628/3503 2901/3627/3502 2900/3629/3504
f 2883/3628/3503 2900/3629/3504 2884/3630/3505
f 2884/3630/3505 2900/3629/3504 2899/3631/3506
f 2884/3630/3505 2899/3631/3506 2885/3632/3507
f 2885/3632/3507 2899/3631/3506 2898/3633/3508
f 2885/3632/3507 2898/3633/3508 2886/3634/3509
f 2886/3634/3509 2898/3633/3508 2897/3635/3510
f 2886/3634/3509 2897/3635/3510 2887/3636/3511
f 2887/3636/3511 2897/3635/3510 2896/3637/3512
f 2887/3636/3511 2896/3637/3512 2888/3638/3513
f 2888/3638/3513 2896/3637/3512 2895/3639/3514
f 2888/3638/3513 2895/3639/3514 2889/3640/3515
f 2889/3640/3515 2895/3639/3514 2894/3641/3516
f 2889/3640/3515 2894/3641/3516 2890/3642/3517
f 2890/3642/3517 2894/3641/3516 2893/3643/3518
f 2890/3642/3517 2893/3643/3518 2891/3644/3519
f 2891/3644/3519 2893/3643/3518 2892/3645/3520
usemtl Aluminum_-_Cast
f 2845/3646/3521 2843/3647/3522 2957/3648/3523
f 2957/3648/3523 2843/3647/3522 2842/3649/3524
f 2957/3648/3523 2842/3649/3524 2958/3650/3525
f 2958/3650/3525 2842/3649/3524 2841/3651/3526
f 2958/3650/3525 2841/3651/3526 2959/3652/3527
f 2959/3652/3527 2841/3651/3526 2840/3653/3528
f 2959/3652/3527 2840/3653/3528 2839/3654/3529
f 2959/3652/3527 2839/3654/3529 2960/3655/3530
f 2960/3655/3530 2839/3654/3529 2838/3656/3531
f 2960/3655/3530 2838/3656/3531 2961/3657/3532
f 2961/3657/3532 2838/3656/3531 2837/3658/3533
f 2961/3657/3532 2837/3658/3533 2962/3659/3534
f 2962/3659/3534 2837/3658/3533 2836/3660/3535
f 2962/3659/3534 2836/3660/3535 2835/3661/3536
f 2962/3659/3534 2835/3661/3536 2963/3662/3537
f 2963/3662/3537 2835/3661/3536 2834/3663/3538
f 2963/3662/3537 2834/3663/3538 2964/3664/3539
f 2964/3664/3539 2834/3663/3538 2833/3665/3540
f 2964/3664/3539 2833/3665/3540 2832/3666/3541
f 2831/3667/3542 2976/3668/3543 2832/3666/3541
f 2832/3666/3541 2976/3668/3543 2947/3669/3544
f 2832/3666/3541 2947/3669/3544 2964/3664/3539
f 2964/3664/3539 2947/3669/3544 2948/3670/3545
f 2964/3664/3539 2948/3670/3545 2963/3662/3537
f 2963/3662/3537 2948/3670/3545 2949/3671/3546
f 2963/3662/3537 2949/3671/3546 2962/3659/3534
f 2962/3659/3534 2949/3671/3546 2950/3672/3547
f 2962/3659/3534 2950/3672/3547 2961/3657/3532
f 2961/3657/3532 2950/3672/3547 2951/3673/3548
f 2961/3657/3532 2951/3673/3548 2960/3655/3530
f 2960/3655/3530 2951/3673/3548 2952/3674/3549
f 2960/3655/3530 2952/3674/3549 2959/3652/3527
f 2959/3652/3527 2952/3674/3549 2953/3675/3550
f 2959/3652/3527 2953/3675/3550 2958/3650/3525
f 2958/3650/3525 2953/3675/3550 2954/3676/3551
f 2958/3650/3525 2954/3676/3551 2957/3648/3523
f 2957/3648/3523 2954/3676/3551 2955/3677/3552
f 2957/3648/3523 2955/3677/3552 2975/3678/3553
f 2975/3678/3553 2955/3677/3552 2956/3679/3554
f 2975/3678/3553 2956/3679/3554 2844/3680/3555
f 2844/3680/3555 2956/3679/3554 2847/3681/3556
f 2830/3682/3557 2977/3683/3558 2831/3667/3542
f 2831/3667/3542 2977/3683/3558 2946/3684/3559
f 2831/3667/3542 2946/3684/3559 2976/3668/3543
f 2976/3668/3543 2946/3684/3559 2947/3669/3544
f 2830/3682/3557 2829/3685/3560 2977/3683/3558
f 2977/3683/3558 2829/3685/3560 2945/3686/3561
f 2977/3683/3558 2945/3686/3561 2946/3684/3559
f 2829/3685/3560 2828/3687/3562 2945/3686/3561
f 2945/3686/3561 2828/3687/3562 2944/3688/3563
f 2944/3688/3563 2828/3687/3562 2827/3689/3564
f 2944/3688/3563 2827/3689/3564 2943/3690/3565
f 2943/3690/3565 2827/3689/3564 2826/3691/3566
f 2943/3690/3565 2826/3691/3566 2825/3692/3567
f 2943/3690/3565 2825/3692/3567 2942/3693/3568
f 2942/3693/3568 2825/3692/3567 2824/3694/3569
f 2942/3693/3568 2824/3694/3569 2941/3695/3570
f 2941/3695/3570 2824/3694/3569 2823/3696/3571
f 2941/3695/3570 2823/3696/3571 2822/3697/3572
f 2941/3695/3570 2822/3697/3572 2940/3698/3573
f 2940/3698/3573 2822/3697/3572 2821/3699/3574
f 2940/3698/3573 2821/3699/3574 2939/3700/3575
f 2939/3700/3575 2821/3699/3574 2820/3701/3576
f 2939/3700/3575 2820/3701/3576 2938/3702/3577
f 2938/3702/3577 2820/3701/3576 2819/3703/3578
f 2938/3702/3577 2819/3703/3578 2818/3704/3579
f 2938/3702/3577 2818/3704/3579 2937/3705/3580
f 2937/3705/3580 2818/3704/3579 2817/3706/3581
f 2937/3705/3580 2817/3706/3581 2936/3707/3582
f 2936/3707/3582 2817/3706/3581 2816/3708/3583
f 2936/3707/3582 2816/3708/3583 2815/3709/3584
f 2936/3707/3582 2815/3709/3584 2935/3710/3585
f 2935/3710/3585 2815/3709/3584 2814/3711/3586
f 2935/3710/3585 2814/3711/3586 2934/3712/3587
f 2934/3712/3587 2814/3711/3586 2813/3713/3588
f 2934/3712/3587 2813/3713/3588 2812/3714/3589
f 2934/3712/3587 2812/3714/3589 2933/3715/3590
f 2933/3715/3590 2812/3714/3589 2811/3716/3591
f 2933/3715/3590 2811/3716/3591 2932/3717/3592
f 2932/3717/3592 2811/3716/3591 2810/3718/3593
f 2932/3717/3592 2810/3718/3593 2931/3719/3594
f 2931/3719/3594 2810/3718/3593 2809/3720/3595
f 2931/3719/3594 2809/3720/3595 2808/3721/3596
f 2931/3719/3594 2808/3721/3596 2930/3722/3597
f 2930/3722/3597 2808/3721/3596 2807/3723/3598
f 2930/3722/3597 2807/3723/3598 2929/3724/3599
f 2929/3724/3599 2807/3723/3598 2806/3725/3600
f 2929/3724/3599 2806/3725/3600 2805/3726/3601
f 2929/3724/3599 2805/3726/3601 2928/3727/3602
f 2928/3727/3602 2805/3726/3601 2804/3728/3603
f 2928/3727/3602 2804/3728/3603 2927/3729/3604
f 2927/3729/3604 2804/3728/3603 2803/3730/3605
f 2927/3729/3604 2803/3730/3605 2802/3731/3606
f 2927/3729/3604 2802/3731/3606 2926/3732/3607
f 2926/3732/3607 2802/3731/3606 2801/3733/3608
f 2926/3732/3607 2801/3733/3608 2925/3734/3609
f 2925/3734/3609 2801/3733/3608 2800/3735/3610
f 2925/3734/3609 2800/3735/3610 2924/3736/3611
f 2924/3736/3611 2800/3735/3610 2799/3737/3612
f 2924/3736/3611 2799/3737/3612 2798/3738/3613
f 2924/3736/3611 2798/3738/3613 2923/3739/3614
f 2923/3739/3614 2798/3738/3613 2797/3740/3615
f 2923/3739/3614 2797/3740/3615 2922/3741/3616
f 2922/3741/3616 2797/3740/3615 2796/3742/3617
f 2922/3741/3616 2796/3742/3617 2795/3743/3618
f 2922/3741/3616 2795/3743/3618 2921/3744/3619
f 2921/3744/3619 2795/3743/3618 2794/3745/3620
f 2921/3744/3619 2794/3745/3620 2920/3746/3621
f 2920/3746/3621 2794/3745/3620 2793/3747/3622
f 2920/3746/3621 2793/3747/3622 2965/3748/3623
f 2965/3748/3623 2793/3747/3622 2792/3749/3624
f 2965/3748/3623 2792/3749/3624 2791/3750/3625
f 2790/3751/3626 2978/3752/3627 2791/3750/3625
f 2791/3750/3625 2978/3752/3627 2919/3753/3628
f 2791/3750/3625 2919/3753/3628 2965/3748/3623
f 2965/3748/3623 2919/3753/3628 2920/3746/3621
f 2789/3754/3629 2966/3755/3630 2790/3751/3626
f 2790/3751/3626 2966/3755/3630 2918/3756/3631
f 2790/3751/3626 2918/3756/3631 2978/3752/3627
f 2978/3752/3627 2918/3756/3631 2919/3753/3628
f 2789/3754/3629 2788/3757/3632 2966/3755/3630
f 2966/3755/3630 2788/3757/3632 2967/3758/3633
f 2966/3755/3630 2967/3758/3633 2917/3759/3634
f 2917/3759/3634 2967/3758/3633 2916/3760/3635
f 2916/3760/3635 2967/3758/3633 2968/3761/3636
f 2916/3760/3635 2968/3761/3636 2915/3762/3637
f 2915/3762/3637 2968/3761/3636 2969/3763/3638
f 2915/3762/3637 2969/3763/3638 2914/3764/3639
f 2914/3764/3639 2969/3763/3638 2970/3765/3640
f 2914/3764/3639 2970/3765/3640 2913/3766/3641
f 2913/3766/3641 2970/3765/3640 2971/3767/3642
f 2913/3766/3641 2971/3767/3642 2912/3768/3643
f 2912/3768/3643 2971/3767/3642 2972/3769/3644
f 2912/3768/3643 2972/3769/3644 2911/3770/3645
f 2911/3770/3645 2972/3769/3644 2973/3771/3646
f 2911/3770/3645 2973/3771/3646 2910/3772/3647
f 2910/3772/3647 2973/3771/3646 2974/3773/3648
f 2910/3772/3647 2974/3773/3648 2909/3774/3649
f 2909/3774/3649 2974/3773/3648 2908/3775/3650
f 2908/3775/3650 2974/3773/3648 2777/3776/3651
f 2908/3775/3650 2777/3776/3651 2776/3777/3652
f 2788/3757/3632 2787/3778/3653 2967/3758/3633
f 2967/3758/3633 2787/3778/3653 2968/3761/3636
f 2787/3778/3653 2786/3779/3654 2968/3761/3636
f 2968/3761/3636 2786/3779/3654 2969/3763/3638
f 2786/3779/3654 2785/3780/3655 2969/3763/3638
f 2969/3763/3638 2785/3780/3655 2784/3781/3656
f 2969/3763/3638 2784/3781/3656 2970/3765/3640
f 2970/3765/3640 2784/3781/3656 2783/3782/3657
f 2970/3765/3640 2783/3782/3657 2971/3767/3642
f 2971/3767/3642 2783/3782/3657 2782/3783/3658
f 2971/3767/3642 2782/3783/3658 2781/3784/3659
f 2971/3767/3642 2781/3784/3659 2972/3769/3644
f 2972/3769/3644 2781/3784/3659 2780/3785/3660
f 2972/3769/3644 2780/3785/3660 2973/3771/3646
f 2973/3771/3646 2780/3785/3660 2779/3786/3661
f 2973/3771/3646 2779/3786/3661 2778/3787/3662
f 2973/3771/3646 2778/3787/3662 2974/3773/3648
f 2974/3773/3648 2778/3787/3662 2777/3776/3651
f 2917/3759/3634 2918/3756/3631 2966/3755/3630
f 2844/3680/3555 2846/3788/3663 2975/3678/3553
f 2975/3678/3553 2846/3788/3663 2845/3646/3521
f 2975/3678/3553 2845/3646/3521 2957/3648/3523
usemtl Steel_-_Satin
f 2907/3789/3664 2979/3790/3665 2908/3791/3666
f 2908/3791/3666 2979/3790/3665 2980/3792/3667
f 2908/3791/3666 2980/3792/3667 2909/3793/3668
f 2909/3793/3668 2980/3792/3667 2981/3794/3669
f 2909/3793/3668 2981/3794/3669 2910/3795/3670
f 2910/3795/3670 2981/3794/3669 2982/3796/3671
f 2910/3795/3670 2982/3796/3671 2911/3797/3672
f 2911/3797/3672 2982/3796/3671 2983/3798/3673
f 2911/3797/3672 2983/3798/3673 2912/3799/3674
f 2912/3799/3674 2983/3798/3673 2984/3800/3675
f 2912/3799/3674 2984/3800/3675 2913/3801/3676
f 2913/3801/3676 2984/3800/3675 2985/3802/3677
f 2913/3801/3676 2985/3802/3677 2914/3803/3678
f 2914/3803/3678 2985/3802/3677 2986/3804/3679
f 2914/3803/3678 2986/3804/3679 2915/3805/3680
f 2915/3805/3680 2986/3804/3679 2987/3806/3681
f 2915/3805/3680 2987/3806/3681 2916/3807/3682
f 2916/3807/3682 2987/3806/3681 2988/3808/3683
f 2916/3807/3682 2988/3808/3683 2917/3809/3684
f 2917/3809/3684 2988/3808/3683 2989/3810/3685
f 2917/3809/3684 2989/3810/3685 2918/3811/3686
f 2918/3811/3686 2989/3810/3685 2990/3812/3687
f 2918/3811/3686 2990/3812/3687 2919/3813/3688
f 2919/3813/3688 2990/3812/3687 2991/3814/3689
f 2919/3813/3688 2991/3814/3689 2920/3815/3690
f 2920/3815/3690 2991/3814/3689 2992/3816/3691
f 2920/3815/3690 2992/3816/3691 2921/3817/3692
f 2921/3817/3692 2992/3816/3691 2993/3818/3693
f 2921/3817/3692 2993/3818/3693 2922/3819/3694
f 2922/3819/3694 2993/3818/3693 2994/3820/3695
f 2922/3819/3694 2994/3820/3695 2923/3821/3696
f 2923/3821/3696 2994/3820/3695 2995/3822/3697
f 2923/3821/3696 2995/3822/3697 2924/3823/3698
f 2924/3823/3698 2995/3822/3697 2996/3824/3699
f 2924/3823/3698 2996/3824/3699 2925/3825/3700
f 2925/3825/3700 2996/3824/3699 2997/3826/3701
f 2925/3825/3700 2997/3826/3701 2926/3827/3702
f 2926/3827/3702 2997/3826/3701 2998/3828/3703
f 2926/3827/3702 2998/3828/3703 2927/3829/3704
f 2927/3829/3704 2998/3828/3703 2999/3830/3705
f 2927/3829/3704 2999/3830/3705 2928/3831/3706
f 2928/3831/3706 2999/3830/3705 3000/3832/3707
f 2928/3831/3706 3000/3832/3707 2929/3833/3708
f 2929/3833/3708 3000/3832/3707 3001/3834/3709
f 2929/3833/3708 3001/3834/3709 2930/3835/3710
f 2930/3835/3710 3001/3834/3709 3002/3836/3711
f 2930/3835/3710 3002/3836/3711 2931/3837/3712
f 2931/3837/3712 3002/3836/3711 3003/3838/3713
f 2931/3837/3712 3003/3838/3713 2932/3839/3714
f 2932/3839/3714 3003/3838/3713 3004/3840/3715
f 2932/3839/3714 3004/3840/3715 2933/3841/3716
f 2933/3841/3716 3004/3840/3715 3005/3842/3717
f 2933/3841/3716 3005/3842/3717 2934/3843/3718
f 2934/3843/3718 3005/3842/3717 3006/3844/3719
f 2934/3843/3718 3006/3844/3719 2935/3845/3720
f 2935/3845/3720 3006/3844/3719 3007/3846/3721
f 2935/3845/3720 3007/3846/3721 2936/3847/3722
f 2936/3847/3722 3007/3846/3721 3008/3848/3723
f 2936/3847/3722 3008/3848/3723 2937/3849/3724
f 2937/3849/3724 3008/3848/3723 3009/3850/3725
f 2937/3849/3724 3009/3850/3725 2938/3851/3726
f 2938/3851/3726 3009/3850/3725 3010/3852/3727
f 2938/3851/3726 3010/3852/3727 2939/3853/3728
f 2939/3853/3728 3010/3852/3727 3011/3854/3729
f 2939/3853/3728 3011/3854/3729 2940/3855/3730
f 2940/3855/3730 3011/3854/3729 3012/3856/3731
f 2940/3855/3730 3012/3856/3731 2941/3857/3732
f 2941/3857/3732 3012/3856/3731 3013/3858/3733
f 2941/3857/3732 3013/3858/3733 2942/3859/3734
f 2942/3859/3734 3013/3858/3733 3014/3860/3735
f 2942/3859/3734 3014/3860/3735 2943/3861/3736
f 2943/3861/3736 3014/3860/3735 3015/3862/3737
f 2943/3861/3736 3015/3862/3737 2944/3863/3738
f 2944/3863/3738 3015/3862/3737 3016/3864/3739
f 2944/3863/3738 3016/3864/3739 2945/3865/3740
f 2945/3865/3740 3016/3864/3739 3017/3866/3741
f 2945/3865/3740 3017/3866/3741 2946/3867/3742
f 2946/3867/3742 3017/3866/3741 3018/3868/3743
f 2946/3867/3742 3018/3868/3743 2947/3869/3744
f 2947/3869/3744 3018/3868/3743 3019/3870/3745
f 2947/3869/3744 3019/3870/3745 2948/3871/3746
f 2948/3871/3746 3019/3870/3745 3020/3872/3747
f 2948/3871/3746 3020/3872/3747 2949/3873/3748
f 2949/3873/3748 3020/3872/3747 3021/3874/3749
f 2949/3873/3748 3021/3874/3749 2950/3875/3750
f 2950/3875/3750 3021/3874/3749 3022/3876/3751
f 2950/3875/3750 3022/3876/3751 2951/3877/3752
f 2951/3877/3752 3022/3876/3751 3023/3878/3753
f 2951/3877/3752 3023/3878/3753 2952/3879/3754
f 2952/3879/3754 3023/3878/3753 3024/3880/3755
f 2952/3879/3754 3024/3880/3755 2953/3881/3756
f 2953/3881/3756 3024/3880/3755 3025/3882/3757
f 2953/3881/3756 3025/3882/3757 2954/3883/3758
f 2954/3883/3758 3025/3882/3757 3026/3884/3759
f 2954/3883/3758 3026/3884/3759 2955/3885/3760
f 2955/3885/3760 3026/3884/3759 3027/3886/3761
f 2955/3885/3760 3027/3886/3761 2956/3887/3762
f 2956/3887/3762 3027/3886/3761 3028/3888/3763
f 2956/3887/3762 3028/3888/3763 2847/3889/3764
f 2847/3889/3764 3028/3888/3763 3029/3890/3765
f 2847/3889/3764 3029/3890/3765 2848/3891/3766
usemtl Aluminum_-_Cast
f 3030/3892/3767 3110/3893/3768 2907/3894/3769
f 2907/3894/3769 3110/3893/3768 3111/3895/3770
f 2907/3894/3769 3111/3895/3770 2979/3896/3771
f 2979/3896/3771 3111/3895/3770 3112/3897/3772
f 2979/3896/3771 3112/3897/3772 2980/3898/3773
f 2980/3898/3773 3112/3897/3772 3113/3899/3774
f 2980/3898/3773 3113/3899/3774 2981/3900/3775
f 2981/3900/3775 3113/3899/3774 3114/3901/3776
f 2981/3900/3775 3114/3901/3776 2982/3902/3777
f 2982/3902/3777 3114/3901/3776 3115/3903/3778
f 2982/3902/3777 3115/3903/3778 2983/3904/3779
f 2983/3904/3779 3115/3903/3778 3116/3905/3780
f 2983/3904/3779 3116/3905/3780 2984/3906/3781
f 2984/3906/3781 3116/3905/3780 3117/3907/3782
f 2984/3906/3781 3117/3907/3782 2985/3908/3783
f 2985/3908/3783 3117/3907/3782 3118/3909/3784
f 2985/3908/3783 3118/3909/3784 2986/3910/3785
f 2986/3910/3785 3118/3909/3784 3048/3911/3786
f 2986/3910/3785 3048/3911/3786 2987/3912/3787
f 2987/3912/3787 3048/3911/3786 3049/3913/3788
f 2987/3912/3787 3049/3913/3788 2988/3914/3789
f 2988/3914/3789 3049/3913/3788 3050/3915/3790
f 2988/3914/3789 3050/3915/3790 2989/3916/3791
f 2989/3916/3791 3050/3915/3790 3051/3917/3792
f 2989/3916/3791 3051/3917/3792 2990/3918/3793
f 2990/3918/3793 3051/3917/3792 3052/3919/3794
f 2990/3918/3793 3052/3919/3794 2991/3920/3795
f 2991/3920/3795 3052/3919/3794 3053/3921/3796
f 2991/3920/3795 3053/3921/3796 2992/3922/3797
f 2992/3922/3797 3053/3921/3796 3054/3923/3798
f 2992/3922/3797 3054/3923/3798 2993/3924/3799
f 2993/3924/3799 3054/3923/3798 3055/3925/3800
f 2993/3924/3799 3055/3925/3800 2994/3926/3801
f 2994/3926/3801 3055/3925/3800 3056/3927/3802
f 2994/3926/3801 3056/3927/3802 2995/3928/3803
f 2995/3928/3803 3056/3927/3802 3057/3929/3804
f 2995/3928/3803 3057/3929/3804 2996/3930/3805
f 2996/3930/3805 3057/3929/3804 3058/3931/3806
f 2996/3930/3805 3058/3931/3806 2997/3932/3807
f 2997/3932/3807 3058/3931/3806 3059/3933/3808
f 2997/3932/3807 3059/3933/3808 2998/3934/3809
f 2998/3934/3809 3059/3933/3808 3060/3935/3810
f 2998/3934/3809 3060/3935/3810 2999/3936/3811
f 2999/3936/3811 3060/3935/3810 3061/3937/3812
f 2999/3936/3811 3061/3937/3812 3000/3938/3813
f 3000/3938/3813 3061/3937/3812 3062/3939/3814
f 3000/3938/3813 3062/3939/3814 3001/3940/3815
f 3001/3940/3815 3062/3939/3814 3063/3941/3816
f 3001/3940/3815 3063/3941/3816 3002/3942/3817
f 3002/3942/3817 3063/3941/3816 3064/3943/3818
f 3002/3942/3817 3064/3943/3818 3003/3944/3819
f 3003/3944/3819 3064/3943/3818 3065/3945/3820
f 3003/3944/3819 3065/3945/3820 3004/3946/3821
f 3004/3946/3821 3065/3945/3820 3066/3947/3822
f 3004/3946/3821 3066/3947/3822 3005/3948/3823
f 3005/3948/3823 3066/3947/3822 3067/3949/3824
f 3005/3948/3823 3067/3949/3824 3006/3950/3825
f 3006/3950/3825 3067/3949/3824 3068/3951/3826
f 3006/3950/3825 3068/3951/3826 3007/3952/3827
f 3007/3952/3827 3068/3951/3826 3069/3953/3828
f 3007/3952/3827 3069/3953/3828 3008/3954/3829
f 3008/3954/3829 3069/3953/3828 3070/3955/3830
f 3008/3954/3829 3070/3955/3830 3009/3956/3831
f 3009/3956/3831 3070/3955/3830 3071/3957/3832
f 3009/3956/3831 3071/3957/3832 3010/3958/3833
f 3010/3958/3833 3071/3957/3832 3072/3959/3834
f 3010/3958/3833 3072/3959/3834 3011/3960/3835
f 3011/3960/3835 3072/3959/3834 3073/3961/3836
f 3011/3960/3835 3073/3961/3836 3012/3962/3837
f 3012/3962/3837 3073/3961/3836 3074/3963/3838
f 3012/3962/3837 3074/3963/3838 3013/3964/3839
f 3013/3964/3839 3074/3963/3838 3075/3965/3840
f 3013/3964/3839 3075/3965/3840 3014/3966/3841
f 3014/3966/3841 3075/3965/3840 3076/3967/3842
f 3014/3966/3841 3076/3967/3842 3015/3968/3843
f 3015/3968/3843 3076/3967/3842 3077/3969/3844
f 3015/3968/3843 3077/3969/3844 3016/3970/3845
f 3016/3970/3845 3077/3969/3844 3078/3971/3846
f 3016/3970/3845 3078/3971/3846 3017/3972/3847
f 3017/3972/3847 3078/3971/3846 3079/3973/3848
f 3017/3972/3847 3079/3973/3848 3018/3974/3849
f 3018/3974/3849 3079/3973/3848 3080/3975/3850
f 3018/3974/3849 3080/3975/3850 3019/3976/3851
f 3019/3976/3851 3080/3975/3850 3081/3977/3852
f 3019/3976/3851 3081/3977/3852 3020/3978/3853
f 3020/3978/3853 3081/3977/3852 3082/3979/3854
f 3020/3978/3853 3082/3979/3854 3021/3980/3855
f 3021/3980/3855 3082/3979/3854 3083/3981/3856
f 3021/3982/3855 3083/3983/3856 3022/3984/3857
f 3022/3984/3857 3083/3983/3856 3084/3985/3858
f 3022/3984/3857 3084/3985/3858 3023/3986/3859
f 3023/3986/3859 3084/3985/3858 3085/3987/3860
f 3023/3986/3859 3085/3987/3860 3024/3988/3861
f 3024/3988/3861 3085/3987/3860 3086/3989/3862
f 3024/3988/3861 3086/3989/3862 3025/3990/3863
f 3025/3990/3863 3086/3989/3862 3087/3991/3864
f 3025/3990/3863 3087/3991/3864 3026/3992/3865
f 3026/3992/3865 3087/3991/3864 3088/3993/3866
f 3026/3992/3865 3088/3993/3866 3027/3994/3867
f 3027/3994/3867 3088/3993/3866 3089/3995/3868
f 3027/3994/3867 3089/3995/3868 3028/3996/3869
f 3028/3996/3869 3089/3995/3868 3090/3997/3870
f 3028/3996/3869 3090/3997/3870 3029/3998/3871
f 3029/3998/3871 3090/3997/3870 3091/3999/3872
f 3029/3998/3871 3091/3999/3872 2848/4000/3873
f 2848/4000/3873 3091/3999/3872 3092/4001/3874
f 2848/4000/3873 3092/4001/3874 3047/4002/3875
f 3047/4002/3875 3092/4001/3874 3093/4003/3876
f 3047/4002/3875 3093/4003/3876 3046/4004/3877
f 3046/4004/3877 3093/4003/3876 3094/4005/3878
f 3046/4004/3877 3094/4005/3878 3045/4006/3879
f 3045/4006/3879 3094/4005/3878 3095/4007/3880
f 3045/4006/3879 3095/4007/3880 3044/4008/3881
f 3044/4008/3881 3095/4007/3880 3096/4009/3882
f 3044/4008/3881 3096/4009/3882 3043/4010/3883
f 3043/4010/3883 3096/4009/3882 3097/4011/3884
f 3043/4010/3883 3097/4011/3884 3042/4012/3885
f 3042/4012/3885 3097/4011/3884 3098/4013/3886
f 3042/4012/3885 3098/4013/3886 3041/4014/3887
f 3041/4014/3887 3098/4013/3886 3099/4015/3888
f 3041/4014/3887 3099/4015/3888 3040/4016/3889
f 3040/4016/3889 3099/4015/3888 3100/4017/3890
f 3040/4016/3889 3100/4017/3890 3039/4018/3891
f 3039/4018/3891 3100/4017/3890 3101/4019/3892
f 3039/4018/3891 3101/4019/3892 3038/4020/3893
f 3038/4020/3893 3101/4019/3892 3102/4021/3894
f 3038/4020/3893 3102/4021/3894 3037/4022/3895
f 3037/4022/3895 3102/4021/3894 3103/4023/3896
f 3037/4022/3895 3103/4023/3896 3036/4024/3897
f 3036/4024/3897 3103/4023/3896 3104/4025/3898
f 3036/4024/3897 3104/4025/3898 3035/4026/3899
f 3035/4026/3899 3104/4025/3898 3105/4027/3900
f 3035/4026/3899 3105/4027/3900 3034/4028/3901
f 3034/4028/3901 3105/4027/3900 3106/4029/3902
f 3034/4028/3901 3106/4029/3902 3033/4030/3903
f 3033/4030/3903 3106/4029/3902 3107/4031/3904
f 3033/4030/3903 3107/4031/3904 3032/4032/3905
f 3032/4032/3905 3107/4031/3904 3108/4033/3906
f 3032/4032/3905 3108/4033/3906 3031/4034/3907
f 3031/4034/3907 3108/4033/3906 3109/4035/3908
f 3031/4034/3907 3109/4035/3908 3030/3892/3767
f 3030/3892/3767 3109/4035/3908 3110/3893/3768
usemtl Steel_-_Satin
f 2848/4036/3909 3047/4037/3910 2849/4038/3911
f 2849/4038/3911 3047/4037/3910 3046/4039/3912
f 2849/4038/3911 3046/4039/3912 3045/4040/3913
f 3045/4040/3913 3044/4041/3914 2849/4038/3911
f 2849/4038/3911 3044/4041/3914 3043/4042/3915
f 2849/4038/3911 3043/4042/3915 3042/4043/3916
f 3042/4043/3916 3041/4044/3917 2849/4038/3911
f 2849/4038/3911 3041/4044/3917 3040/4045/3918
f 2849/4038/3911 3040/4045/3918 3039/4046/3919
f 3039/4046/3919 3038/4047/3920 2849/4038/3911
f 2849/4038/3911 3038/4047/3920 2851/4048/3921
f 2851/4048/3921 3038/4047/3920 3037/4049/3922
f 2851/4048/3921 3037/4049/3922 3036/4050/3923
f 3036/4050/3923 3035/4051/3924 2851/4048/3921
f 2851/4048/3921 3035/4051/3924 3034/4052/3925
f 2851/4048/3921 3034/4052/3925 3033/4053/3926
f 3033/4053/3926 3032/4054/3927 2851/4048/3921
f 2851/4048/3921 3032/4054/3927 3031/4055/3928
f 2851/4048/3921 3031/4055/3928 3030/4056/3929
f 3030/4056/3929 2907/4057/3930 2851/4048/3921
usemtl Aluminum_-_Cast
f 3120/4058/3931 3083/4059/3932 3119/4060/3933
f 3119/4060/3933 3083/4059/3932 3082/4061/3934
f 3119/4060/3933 3082/4061/3934 3081/4062/3935
f 3121/4063/3936 3170/4064/3937 3120/4058/3931
f 3120/4058/3931 3170/4064/3937 3171/4065/3938
f 3120/4058/3931 3171/4065/3938 3172/4066/3939
f 3122/4067/3940 3048/4068/3941 3121/4063/3936
f 3121/4063/3936 3048/4068/3941 3118/4069/3942
f 3121/4063/3936 3118/4069/3942 3117/4070/3943
f 3119/4060/3933 3198/4071/3944 3122/4067/3940
f 3122/4067/3940 3198/4071/3944 3199/4072/3945
f 3122/4067/3940 3199/4072/3945 3200/4073/3946
f 3124/4074/3947 3071/4075/3948 3123/4076/3949
f 3123/4076/3949 3071/4075/3948 3070/4077/3950
f 3123/4076/3949 3070/4077/3950 3150/4078/3951
f 3150/4078/3951 3070/4077/3950 3069/4079/3952
f 3150/4078/3951 3069/4079/3952 3149/4080/3953
f 3149/4080/3953 3069/4079/3952 3068/4081/3954
f 3149/4080/3953 3068/4081/3954 3148/4082/3955
f 3148/4082/3955 3068/4081/3954 3067/4083/3956
f 3148/4082/3955 3067/4083/3956 3066/4084/3957
f 3124/4074/3947 3125/4085/3958 3071/4075/3948
f 3071/4075/3948 3125/4085/3958 3072/4086/3959
f 3072/4086/3959 3125/4085/3958 3126/4087/3960
f 3072/4086/3959 3126/4087/3960 3127/4088/3961
f 3072/4086/3959 3127/4088/3961 3073/4089/3962
f 3073/4089/3962 3127/4088/3961 3128/4090/3963
f 3073/4089/3962 3128/4090/3963 3129/4091/3964
f 3073/4089/3962 3129/4091/3964 3074/4092/3965
f 3074/4092/3965 3129/4091/3964 3130/4093/3966
f 3074/4092/3965 3130/4093/3966 3075/4094/3967
f 3075/4094/3967 3130/4093/3966 3131/4095/3968
f 3075/4094/3967 3131/4095/3968 3132/4096/3969
f 3075/4094/3967 3132/4096/3969 3076/4097/3970
f 3076/4097/3970 3132/4096/3969 3133/4098/3971
f 3076/4097/3970 3133/4098/3971 3077/4099/3972
f 3077/4099/3972 3133/4098/3971 3134/4100/3973
f 3077/4099/3972 3134/4100/3973 3078/4101/3974
f 3078/4101/3974 3134/4100/3973 3135/4102/3975
f 3078/4101/3974 3135/4102/3975 3079/4103/3976
f 3079/4103/3976 3135/4102/3975 3119/4060/3933
f 3079/4103/3976 3119/4060/3933 3080/4104/3977
f 3080/4104/3977 3119/4060/3933 3081/4062/3935
f 3135/4102/3975 3136/4105/3978 3119/4060/3933
f 3119/4060/3933 3136/4105/3978 3137/4106/3979
f 3119/4060/3933 3137/4106/3979 3138/4107/3980
f 3138/4107/3980 3139/4108/3981 3119/4060/3933
f 3119/4060/3933 3139/4108/3981 3140/4109/3982
f 3119/4060/3933 3140/4109/3982 3141/4110/3983
f 3141/4110/3983 3142/4111/3984 3119/4060/3933
f 3119/4060/3933 3142/4111/3984 3143/4112/3985
f 3119/4060/3933 3143/4112/3985 3144/4113/3986
f 3144/4113/3986 3145/4114/3987 3119/4060/3933
f 3119/4060/3933 3145/4114/3987 3198/4071/3944
f 3198/4071/3944 3145/4114/3987 3197/4115/3988
f 3197/4115/3988 3145/4114/3987 3146/4116/3989
f 3197/4115/3988 3146/4116/3989 3196/4117/3990
f 3196/4117/3990 3146/4116/3989 3147/4118/3991
f 3196/4117/3990 3147/4118/3991 3066/4084/3957
f 3066/4084/3957 3147/4118/3991 3148/4082/3955
f 3178/4119/3992 3151/4120/3993 3120/4058/3931
f 3120/4058/3931 3151/4120/3993 3152/4121/3994
f 3120/4058/3931 3152/4121/3994 3088/4122/3995
f 3088/4122/3995 3152/4121/3994 3089/4123/3996
f 3089/4123/3996 3152/4121/3994 3153/4124/3997
f 3089/4123/3996 3153/4124/3997 3090/4125/3998
f 3090/4125/3998 3153/4124/3997 3154/4126/3999
f 3090/4125/3998 3154/4126/3999 3091/4127/4000
f 3091/4127/4000 3154/4126/3999 3155/4128/4001
f 3091/4127/4000 3155/4128/4001 3092/4129/4002
f 3092/4129/4002 3155/4128/4001 3156/4130/4003
f 3092/4129/4002 3156/4130/4003 3157/4131/4004
f 3092/4129/4002 3157/4131/4004 3093/4132/4005
f 3093/4132/4005 3157/4131/4004 3158/4133/4006
f 3093/4132/4005 3158/4133/4006 3094/4134/4007
f 3094/4134/4007 3158/4133/4006 3159/4135/4008
f 3094/4134/4007 3159/4135/4008 3160/4136/4009
f 3094/4134/4007 3160/4136/4009 3095/4137/4010
f 3095/4137/4010 3160/4136/4009 3161/4138/4011
f 3095/4137/4010 3161/4138/4011 3162/4139/4012
f 3095/4137/4010 3162/4139/4012 3096/4140/4013
f 3096/4140/4013 3162/4139/4012 3163/4141/4014
f 3096/4140/4013 3163/4141/4014 3164/4142/4015
f 3096/4140/4013 3164/4142/4015 3097/4143/4016
f 3097/4143/4016 3164/4142/4015 3165/4144/4017
f 3097/4143/4016 3165/4144/4017 3098/4145/4018
f 3098/4145/4018 3165/4144/4017 3166/4146/4019
f 3098/4145/4018 3166/4146/4019 3099/4147/4020
f 3099/4147/4020 3166/4146/4019 3167/4148/4021
f 3099/4147/4020 3167/4148/4021 3100/4149/4022
f 3100/4149/4022 3167/4148/4021 3101/4150/4023
f 3101/4150/4023 3167/4148/4021 3168/4151/4024
f 3101/4150/4023 3168/4151/4024 3231/4152/4025
f 3231/4152/4025 3168/4151/4024 3230/4153/4026
f 3230/4153/4026 3168/4151/4024 3169/4154/4027
f 3230/4153/4026 3169/4154/4027 3229/4155/4028
f 3229/4155/4028 3169/4154/4027 3170/4064/3937
f 3229/4155/4028 3170/4064/3937 3121/4063/3936
f 3172/4066/3939 3173/4156/4029 3120/4058/3931
f 3120/4058/3931 3173/4156/4029 3174/4157/4030
f 3120/4058/3931 3174/4157/4030 3175/4158/4031
f 3175/4158/4031 3176/4159/4032 3120/4058/3931
f 3120/4058/3931 3176/4159/4032 3177/4160/4033
f 3120/4058/3931 3177/4160/4033 3178/4119/3992
f 3206/4161/4034 3179/4162/4035 3122/4067/3940
f 3122/4067/3940 3179/4162/4035 3180/4163/4036
f 3122/4067/3940 3180/4163/4036 3053/4164/4037
f 3053/4164/4037 3180/4163/4036 3054/4165/4038
f 3054/4165/4038 3180/4163/4036 3181/4166/4039
f 3054/4165/4038 3181/4166/4039 3055/4167/4040
f 3055/4167/4040 3181/4166/4039 3182/4168/4041
f 3055/4167/4040 3182/4168/4041 3056/4169/4042
f 3056/4169/4042 3182/4168/4041 3183/4170/4043
f 3056/4169/4042 3183/4170/4043 3184/4171/4044
f 3056/4169/4042 3184/4171/4044 3057/4172/4045
f 3057/4172/4045 3184/4171/4044 3185/4173/4046
f 3057/4172/4045 3185/4173/4046 3186/4174/4047
f 3057/4172/4045 3186/4174/4047 3058/4175/4048
f 3058/4175/4048 3186/4174/4047 3187/4176/4049
f 3058/4175/4048 3187/4176/4049 3059/4177/4050
f 3059/4177/4050 3187/4176/4049 3188/4178/4051
f 3059/4177/4050 3188/4178/4051 3189/4179/4052
f 3059/4177/4050 3189/4179/4052 3060/4180/4053
f 3060/4180/4053 3189/4179/4052 3190/4181/4054
f 3060/4180/4053 3190/4181/4054 3191/4182/4055
f 3060/4180/4053 3191/4182/4055 3061/4183/4056
f 3061/4183/4056 3191/4182/4055 3192/4184/4057
f 3061/4183/4056 3192/4184/4057 3062/4185/4058
f 3062/4185/4058 3192/4184/4057 3193/4186/4059
f 3062/4185/4058 3193/4186/4059 3063/4187/4060
f 3063/4187/4060 3193/4186/4059 3194/4188/4061
f 3063/4187/4060 3194/4188/4061 3064/4189/4062
f 3064/4189/4062 3194/4188/4061 3195/4190/4063
f 3064/4189/4062 3195/4190/4063 3065/4191/4064
f 3065/4191/4064 3195/4190/4063 3196/4117/3990
f 3065/4191/4064 3196/4117/3990 3066/4084/3957
f 3200/4073/3946 3201/4192/4065 3122/4067/3940
f 3122/4067/3940 3201/4192/4065 3202/4193/4066
f 3122/4067/3940 3202/4193/4066 3203/4194/4067
f 3203/4194/4067 3204/4195/4068 3122/4067/3940
f 3122/4067/3940 3204/4195/4068 3205/4196/4069
f 3122/4067/3940 3205/4196/4069 3206/4161/4034
f 3208/4197/4070 3106/4198/4071 3207/4199/4072
f 3207/4199/4072 3106/4198/4071 3105/4200/4073
f 3207/4199/4072 3105/4200/4073 3234/4201/4074
f 3234/4201/4074 3105/4200/4073 3104/4202/4075
f 3234/4201/4074 3104/4202/4075 3233/4203/4076
f 3233/4203/4076 3104/4202/4075 3103/4204/4077
f 3233/4203/4076 3103/4204/4077 3232/4205/4078
f 3232/4205/4078 3103/4204/4077 3102/4206/4079
f 3232/4205/4078 3102/4206/4079 3231/4152/4025
f 3231/4152/4025 3102/4206/4079 3101/4150/4023
f 3106/4198/4071 3208/4197/4070 3107/4207/4080
f 3107/4207/4080 3208/4197/4070 3209/4208/4081
f 3107/4207/4080 3209/4208/4081 3210/4209/4082
f 3107/4207/4080 3210/4209/4082 3108/4210/4083
f 3108/4210/4083 3210/4209/4082 3211/4211/4084
f 3108/4210/4083 3211/4211/4084 3212/4212/4085
f 3108/4210/4083 3212/4212/4085 3109/4213/4086
f 3109/4213/4086 3212/4212/4085 3213/4214/4087
f 3109/4213/4086 3213/4214/4087 3110/4215/4088
f 3110/4215/4088 3213/4214/4087 3214/4216/4089
f 3110/4215/4088 3214/4216/4089 3215/4217/4090
f 3110/4215/4088 3215/4217/4090 3111/4218/4091
f 3111/4218/4091 3215/4217/4090 3216/4219/4092
f 3111/4218/4091 3216/4219/4092 3217/4220/4093
f 3111/4218/4091 3217/4220/4093 3112/4221/4094
f 3112/4221/4094 3217/4220/4093 3218/4222/4095
f 3112/4221/4094 3218/4222/4095 3113/4223/4096
f 3113/4223/4096 3218/4222/4095 3219/4224/4097
f 3113/4223/4096 3219/4224/4097 3114/4225/4098
f 3114/4225/4098 3219/4224/4097 3121/4063/3936
f 3114/4225/4098 3121/4063/3936 3115/4226/4099
f 3115/4226/4099 3121/4063/3936 3116/4227/4100
f 3116/4227/4100 3121/4063/3936 3117/4070/3943
f 3219/4224/4097 3220/4228/4101 3121/4063/3936
f 3121/4063/3936 3220/4228/4101 3221/4229/4102
f 3121/4063/3936 3221/4229/4102 3222/4230/4103
f 3222/4230/4103 3223/4231/4104 3121/4063/3936
f 3121/4063/3936 3223/4231/4104 3224/4232/4105
f 3121/4063/3936 3224/4232/4105 3225/4233/4106
f 3225/4233/4106 3226/4234/4107 3121/4063/3936
f 3121/4063/3936 3226/4234/4107 3227/4235/4108
f 3121/4063/3936 3227/4235/4108 3228/4236/4109
f 3228/4236/4109 3229/4155/4028 3121/4063/3936
f 3088/4122/3995 3087/4237/4110 3120/4058/3931
f 3120/4058/3931 3087/4237/4110 3086/4238/4111
f 3120/4058/3931 3086/4238/4111 3085/4239/4112
f 3085/4239/4112 3084/4240/4113 3120/4058/3931
f 3120/4058/3931 3084/4240/4113 3083/4059/3932
f 3053/4164/4037 3052/4241/4114 3122/4067/3940
f 3122/4067/3940 3052/4241/4114 3051/4242/4115
f 3122/4067/3940 3051/4242/4115 3050/4243/4116
f 3050/4243/4116 3049/4244/4117 3122/4067/3940
f 3122/4067/3940 3049/4244/4117 3048/4068/3941
usemtl Steel_-_Satin
f 3235/4245/4118 3236/4246/4119 3119/4247/4120
f 3119/4247/4120 3236/4246/4119 3120/4248/4121
f 3237/4249/4122 3317/4250/4123 3235/4251/4124
f 3235/4251/4124 3317/4250/4123 3258/4252/4125
f 3235/4251/4124 3258/4252/4125 3259/4253/4126
f 3238/4254/4127 3307/4255/4128 3237/4249/4122
f 3237/4249/4122 3307/4255/4128 3308/4256/4129
f 3237/4249/4122 3308/4256/4129 3309/4257/4130
f 3236/4258/4131 3289/4259/4132 3238/4254/4127
f 3238/4254/4127 3289/4259/4132 3342/4260/4133
f 3238/4254/4127 3342/4260/4133 3343/4261/4134
f 3235/4251/4124 3240/4262/4135 3236/4258/4131
f 3236/4258/4131 3240/4262/4135 3279/4263/4136
f 3236/4258/4131 3279/4263/4136 3280/4264/4137
f 3266/4265/4138 3239/4266/4139 3235/4251/4124
f 3235/4251/4124 3239/4266/4139 3240/4262/4135
f 3240/4262/4135 3241/4267/4140 3279/4263/4136
f 3279/4263/4136 3241/4267/4140 3278/4268/4141
f 3278/4268/4141 3241/4267/4140 3242/4269/4142
f 3278/4268/4141 3242/4269/4142 3277/4270/4143
f 3277/4270/4143 3242/4269/4142 3243/4271/4144
f 3277/4270/4143 3243/4271/4144 3276/4272/4145
f 3276/4272/4145 3243/4271/4144 3244/4273/4146
f 3276/4272/4145 3244/4273/4146 3275/4274/4147
f 3275/4274/4147 3244/4273/4146 3245/4275/4148
f 3275/4274/4147 3245/4275/4148 3274/4276/4149
f 3274/4276/4149 3245/4275/4148 3246/4277/4150
f 3274/4276/4149 3246/4277/4150 3273/4278/4151
f 3273/4278/4151 3246/4277/4150 3272/4279/4152
f 3272/4279/4152 3246/4277/4150 3247/4280/4153
f 3272/4279/4152 3247/4280/4153 3271/4281/4154
f 3271/4281/4154 3247/4280/4153 3248/4282/4155
f 3271/4281/4154 3248/4282/4155 3270/4283/4156
f 3270/4283/4156 3248/4282/4155 3249/4284/4157
f 3270/4283/4156 3249/4284/4157 3333/4285/4158
f 3333/4285/4158 3249/4284/4157 3298/4286/4159
f 3333/4285/4158 3298/4286/4159 3299/4287/4160
f 3249/4284/4157 3250/4288/4161 3298/4286/4159
f 3298/4286/4159 3250/4288/4161 3297/4289/4162
f 3297/4289/4162 3250/4288/4161 3251/4290/4163
f 3297/4289/4162 3251/4290/4163 3296/4291/4164
f 3296/4291/4164 3251/4290/4163 3252/4292/4165
f 3296/4291/4164 3252/4292/4165 3295/4293/4166
f 3295/4293/4166 3252/4292/4165 3253/4294/4167
f 3295/4293/4166 3253/4294/4167 3322/4295/4168
f 3322/4295/4168 3253/4294/4167 3254/4296/4169
f 3322/4295/4168 3254/4296/4169 3321/4297/4170
f 3321/4297/4170 3254/4296/4169 3255/4298/4171
f 3321/4297/4170 3255/4298/4171 3320/4299/4172
f 3320/4299/4172 3255/4298/4171 3256/4300/4173
f 3320/4299/4172 3256/4300/4173 3319/4301/4174
f 3319/4301/4174 3256/4300/4173 3257/4302/4175
f 3319/4301/4174 3257/4302/4175 3318/4303/4176
f 3318/4303/4176 3257/4302/4175 3258/4252/4125
f 3318/4303/4176 3258/4252/4125 3317/4250/4123
f 3259/4253/4126 3260/4304/4177 3235/4251/4124
f 3235/4251/4124 3260/4304/4177 3261/4305/4178
f 3235/4251/4124 3261/4305/4178 3262/4306/4179
f 3262/4306/4179 3263/4307/4180 3235/4251/4124
f 3235/4251/4124 3263/4307/4180 3264/4308/4181
f 3235/4251/4124 3264/4308/4181 3265/4309/4182
f 3265/4309/4182 3266/4265/4138 3235/4251/4124
f 3268/4310/4183 3336/4311/4184 3267/4312/4185
f 3267/4312/4185 3336/4311/4184 3337/4313/4186
f 3267/4312/4185 3337/4313/4186 3294/4314/4187
f 3294/4314/4187 3337/4313/4186 3338/4315/4188
f 3294/4314/4187 3338/4315/4188 3293/4316/4189
f 3293/4316/4189 3338/4315/4188 3339/4317/4190
f 3293/4316/4189 3339/4317/4190 3292/4318/4191
f 3292/4318/4191 3339/4317/4190 3340/4319/4192
f 3292/4318/4191 3340/4319/4192 3291/4320/4193
f 3291/4320/4193 3340/4319/4192 3341/4321/4194
f 3291/4320/4193 3341/4321/4194 3290/4322/4195
f 3290/4322/4195 3341/4321/4194 3342/4260/4133
f 3290/4322/4195 3342/4260/4133 3289/4259/4132
f 3336/4311/4184 3268/4310/4183 3335/4323/4196
f 3335/4323/4196 3268/4310/4183 3269/4324/4197
f 3335/4323/4196 3269/4324/4197 3334/4325/4198
f 3334/4325/4198 3269/4324/4197 3270/4283/4156
f 3334/4325/4198 3270/4283/4156 3333/4285/4158
f 3280/4264/4137 3281/4326/4199 3236/4258/4131
f 3236/4258/4131 3281/4326/4199 3282/4327/4200
f 3236/4258/4131 3282/4327/4200 3283/4328/4201
f 3283/4328/4201 3284/4329/4202 3236/4258/4131
f 3236/4258/4131 3284/4329/4202 3285/4330/4203
f 3236/4258/4131 3285/4330/4203 3286/4331/4204
f 3286/4331/4204 3287/4332/4205 3236/4258/4131
f 3236/4258/4131 3287/4332/4205 3288/4333/4206
f 3236/4258/4131 3288/4333/4206 3289/4259/4132
f 3333/4285/4158 3299/4287/4160 3332/4334/4207
f 3332/4334/4207 3299/4287/4160 3300/4335/4208
f 3332/4334/4207 3300/4335/4208 3331/4336/4209
f 3331/4336/4209 3300/4335/4208 3301/4337/4210
f 3331/4336/4209 3301/4337/4210 3330/4338/4211
f 3330/4338/4211 3301/4337/4210 3302/4339/4212
f 3330/4338/4211 3302/4339/4212 3329/4340/4213
f 3329/4340/4213 3302/4339/4212 3328/4341/4214
f 3328/4341/4214 3302/4339/4212 3303/4342/4215
f 3328/4341/4214 3303/4342/4215 3327/4343/4216
f 3327/4343/4216 3303/4342/4215 3304/4344/4217
f 3327/4343/4216 3304/4344/4217 3326/4345/4218
f 3326/4345/4218 3304/4344/4217 3305/4346/4219
f 3326/4345/4218 3305/4346/4219 3306/4347/4220
f 3326/4345/4218 3306/4347/4220 3325/4348/4221
f 3325/4348/4221 3306/4347/4220 3307/4255/4128
f 3325/4348/4221 3307/4255/4128 3324/4349/4222
f 3324/4349/4222 3307/4255/4128 3238/4254/4127
f 3324/4349/4222 3238/4254/4127 3323/4350/4223
f 3323/4350/4223 3238/4254/4127 3350/4351/4224
f 3350/4351/4224 3238/4254/4127 3349/4352/4225
f 3349/4352/4225 3238/4254/4127 3348/4353/4226
f 3348/4353/4226 3238/4254/4127 3347/4354/4227
f 3347/4354/4227 3238/4254/4127 3346/4355/4228
f 3346/4355/4228 3238/4254/4127 3345/4356/4229
f 3345/4356/4229 3238/4254/4127 3344/4357/4230
f 3344/4357/4230 3238/4254/4127 3343/4261/4134
f 3309/4257/4130 3310/4358/4231 3237/4249/4122
f 3237/4249/4122 3310/4358/4231 3311/4359/4232
f 3237/4249/4122 3311/4359/4232 3312/4360/4233
f 3312/4360/4233 3313/4361/4234 3237/4249/4122
f 3237/4249/4122 3313/4361/4234 3314/4362/4235
f 3237/4249/4122 3314/4362/4235 3315/4363/4236
f 3315/4363/4236 3316/4364/4237 3237/4249/4122
f 3237/4249/4122 3316/4364/4237 3317/4250/4123
f 3235/4365/4238 3119/4366/4239 3237/4367/4240
f 3237/4367/4240 3119/4366/4239 3122/4368/4241
f 3238/4369/4242 3237/4370/4243 3121/4371/4244
f 3121/4371/4244 3237/4370/4243 3122/4372/4245
f 3238/4373/4246 3121/4374/4247 3236/4375/4248
f 3236/4375/4248 3121/4374/4247 3120/4376/4249
f 3266/4377/4250 3137/4378/4251 3239/4379/4252
f 3239/4379/4252 3137/4378/4251 3136/4380/4253
f 3239/4381/4252 3136/4382/4253 3240/4383/4254
f 3240/4383/4254 3136/4382/4253 3135/4384/4255
f 3240/4383/4254 3135/4384/4255 3241/4385/4256
f 3241/4385/4256 3135/4384/4255 3134/4386/4257
f 3241/4385/4256 3134/4386/4257 3242/4387/4258
f 3242/4387/4258 3134/4386/4257 3133/4388/4259
f 3242/4387/4258 3133/4388/4259 3243/4389/4260
f 3243/4389/4260 3133/4388/4259 3132/4390/4261
f 3243/4389/4260 3132/4390/4261 3244/4391/4262
f 3244/4391/4262 3132/4390/4261 3131/4392/4263
f 3244/4391/4262 3131/4392/4263 3245/4393/4264
f 3245/4393/4264 3131/4392/4263 3130/4394/4265
f 3245/4393/4264 3130/4394/4265 3246/4395/4266
f 3246/4395/4266 3130/4394/4265 3129/4396/4267
f 3246/4395/4266 3129/4396/4267 3247/4397/4268
f 3247/4397/4268 3129/4396/4267 3128/4398/4269
f 3247/4397/4268 3128/4398/4269 3248/4399/4270
f 3248/4399/4270 3128/4398/4269 3127/4400/4271
f 3248/4399/4270 3127/4400/4271 3249/4401/4272
f 3249/4401/4272 3127/4400/4271 3126/4402/4273
f 3249/4401/4272 3126/4402/4273 3250/4403/4274
f 3250/4403/4274 3126/4402/4273 3125/4404/4275
f 3250/4403/4274 3125/4404/4275 3251/4405/4276
f 3251/4405/4276 3125/4404/4275 3124/4406/4277
f 3251/4405/4276 3124/4406/4277 3252/4407/4278
f 3252/4407/4278 3124/4406/4277 3123/4408/4279
f 3252/4409/4280 3123/4410/4279 3253/4411/4281
f 3253/4411/4281 3123/4410/4279 3150/4412/4282
f 3253/4413/4281 3150/4414/4282 3254/4415/4283
f 3254/4415/4283 3150/4414/4282 3149/4416/4284
f 3254/4415/4283 3149/4416/4284 3255/4417/4285
f 3255/4417/4285 3149/4416/4284 3148/4418/4286
f 3255/4417/4285 3148/4418/4286 3256/4419/4287
f 3256/4419/4287 3148/4418/4286 3147/4420/4288
f 3256/4419/4287 3147/4420/4288 3257/4421/4289
f 3257/4421/4289 3147/4420/4288 3146/4422/4290
f 3257/4421/4289 3146/4422/4290 3258/4423/4291
f 3258/4423/4291 3146/4422/4290 3145/4424/4292
f 3258/4423/4291 3145/4424/4292 3259/4425/4293
f 3259/4425/4293 3145/4424/4292 3144/4426/4294
f 3259/4425/4293 3144/4426/4294 3260/4427/4295
f 3260/4427/4295 3144/4426/4294 3143/4428/4296
f 3260/4427/4295 3143/4428/4296 3261/4429/4297
f 3261/4429/4297 3143/4428/4296 3142/4430/4298
f 3261/4429/4297 3142/4430/4298 3262/4431/4299
f 3262/4431/4299 3142/4430/4298 3141/4432/4300
f 3262/4431/4299 3141/4432/4300 3263/4433/4301
f 3263/4433/4301 3141/4432/4300 3140/4434/4302
f 3263/4433/4301 3140/4434/4302 3264/4435/4303
f 3264/4435/4303 3140/4434/4302 3139/4436/4304
f 3264/4435/4303 3139/4436/4304 3265/4437/4305
f 3265/4437/4305 3139/4436/4304 3138/4438/4306
f 3265/4437/4305 3138/4438/4306 3266/4439/4307
f 3266/4439/4307 3138/4438/4306 3137/4440/4251
f 3267/4441/4308 3164/4442/4309 3268/4443/4310
f 3268/4443/4310 3164/4442/4309 3163/4444/4311
f 3268/4443/4310 3163/4444/4311 3269/4445/4312
f 3269/4445/4312 3163/4444/4311 3162/4446/4313
f 3269/4445/4312 3162/4446/4313 3270/4447/4314
f 3270/4447/4314 3162/4446/4313 3161/4448/4315
f 3270/4447/4314 3161/4448/4315 3271/4449/4316
f 3271/4449/4316 3161/4448/4315 3160/4450/4317
f 3271/4449/4316 3160/4450/4317 3272/4451/4318
f 3272/4451/4318 3160/4450/4317 3159/4452/4319
f 3272/4451/4318 3159/4452/4319 3273/4453/4320
f 3273/4453/4320 3159/4452/4319 3158/4454/4321
f 3273/4453/4320 3158/4454/4321 3274/4455/4322
f 3274/4455/4322 3158/4454/4321 3157/4456/4323
f 3274/4455/4322 3157/4456/4323 3275/4457/4324
f 3275/4457/4324 3157/4456/4323 3156/4458/4325
f 3275/4457/4324 3156/4458/4325 3276/4459/4326
f 3276/4459/4326 3156/4458/4325 3155/4460/4327
f 3276/4459/4326 3155/4460/4327 3277/4461/4328
f 3277/4461/4328 3155/4460/4327 3154/4462/4329
f 3277/4461/4328 3154/4462/4329 3278/4463/4330
f 3278/4463/4330 3154/4462/4329 3153/4464/4331
f 3278/4463/4330 3153/4464/4331 3279/4465/4332
f 3279/4465/4332 3153/4464/4331 3152/4466/4333
f 3279/4465/4332 3152/4466/4333 3280/4467/4334
f 3280/4467/4334 3152/4466/4333 3151/4468/4335
f 3294/4469/4336 3165/4470/4337 3267/4471/4308
f 3267/4471/4308 3165/4470/4337 3164/4472/4309
f 3281/4473/4338 3178/4474/4339 3282/4475/4340
f 3282/4475/4340 3178/4474/4339 3177/4476/4341
f 3282/4475/4340 3177/4476/4341 3283/4477/4342
f 3283/4477/4342 3177/4476/4341 3176/4478/4343
f 3283/4477/4342 3176/4478/4343 3284/4479/4344
f 3284/4479/4344 3176/4478/4343 3175/4480/4345
f 3284/4479/4344 3175/4480/4345 3285/4481/4346
f 3285/4481/4346 3175/4480/4345 3174/4482/4347
f 3285/4481/4346 3174/4482/4347 3286/4483/4348
f 3286/4483/4348 3174/4482/4347 3173/4484/4349
f 3286/4483/4348 3173/4484/4349 3287/4485/4350
f 3287/4485/4350 3173/4484/4349 3172/4486/4351
f 3287/4485/4350 3172/4486/4351 3288/4487/4352
f 3288/4487/4352 3172/4486/4351 3171/4488/4353
f 3288/4487/4352 3171/4488/4353 3289/4489/4354
f 3289/4489/4354 3171/4488/4353 3170/4490/4355
f 3289/4489/4354 3170/4490/4355 3290/4491/4356
f 3290/4491/4356 3170/4490/4355 3169/4492/4357
f 3290/4491/4356 3169/4492/4357 3291/4493/4358
f 3291/4493/4358 3169/4492/4357 3168/4494/4359
f 3291/4493/4358 3168/4494/4359 3292/4495/4360
f 3292/4495/4360 3168/4494/4359 3167/4496/4361
f 3292/4495/4360 3167/4496/4361 3293/4497/4362
f 3293/4497/4362 3167/4496/4361 3166/4498/4363
f 3293/4497/4362 3166/4498/4363 3294/4499/4364
f 3294/4499/4364 3166/4498/4363 3165/4500/4337
f 3280/4501/4334 3151/4502/4335 3281/4503/4338
f 3281/4503/4338 3151/4502/4335 3178/4504/4339
f 3295/4505/4365 3192/4506/4366 3296/4507/4367
f 3296/4507/4367 3192/4506/4366 3191/4508/4368
f 3296/4507/4367 3191/4508/4368 3297/4509/4369
f 3297/4509/4369 3191/4508/4368 3190/4510/4370
f 3297/4509/4369 3190/4510/4370 3298/4511/4371
f 3298/4511/4371 3190/4510/4370 3189/4512/4372
f 3298/4511/4371 3189/4512/4372 3299/4513/4373
f 3299/4513/4373 3189/4512/4372 3188/4514/4374
f 3299/4513/4373 3188/4514/4374 3300/4515/4375
f 3300/4515/4375 3188/4514/4374 3187/4516/4376
f 3300/4515/4375 3187/4516/4376 3301/4517/4377
f 3301/4517/4377 3187/4516/4376 3186/4518/4378
f 3301/4517/4377 3186/4518/4378 3302/4519/4379
f 3302/4519/4379 3186/4518/4378 3185/4520/4380
f 3302/4519/4379 3185/4520/4380 3303/4521/4381
f 3303/4521/4381 3185/4520/4380 3184/4522/4382
f 3303/4521/4381 3184/4522/4382 3304/4523/4383
f 3304/4523/4383 3184/4522/4382 3183/4524/4384
f 3304/4523/4383 3183/4524/4384 3305/4525/4385
f 3305/4525/4385 3183/4524/4384 3182/4526/4386
f 3305/4525/4385 3182/4526/4386 3306/4527/4387
f 3306/4527/4387 3182/4526/4386 3181/4528/4388
f 3306/4527/4387 3181/4528/4388 3307/4529/4389
f 3307/4529/4389 3181/4528/4388 3180/4530/4390
f 3307/4529/4389 3180/4530/4390 3308/4531/4391
f 3308/4531/4391 3180/4530/4390 3179/4532/4392
f 3322/4533/4393 3193/4534/4394 3295/4535/4365
f 3295/4535/4365 3193/4534/4394 3192/4536/4366
f 3309/4537/4395 3206/4538/4396 3310/4539/4397
f 3310/4539/4397 3206/4538/4396 3205/4540/4398
f 3310/4539/4397 3205/4540/4398 3311/4541/4399
f 3311/4541/4399 3205/4540/4398 3204/4542/4400
f 3311/4541/4399 3204/4542/4400 3312/4543/4401
f 3312/4543/4401 3204/4542/4400 3203/4544/4402
f 3312/4543/4401 3203/4544/4402 3313/4545/4403
f 3313/4545/4403 3203/4544/4402 3202/4546/4404
f 3313/4545/4403 3202/4546/4404 3314/4547/4405
f 3314/4547/4405 3202/4546/4404 3201/4548/4406
f 3314/4547/4405 3201/4548/4406 3315/4549/4407
f 3315/4549/4407 3201/4548/4406 3200/4550/4408
f 3315/4549/4407 3200/4550/4408 3316/4551/4409
f 3316/4551/4409 3200/4550/4408 3199/4552/4410
f 3316/4551/4409 3199/4552/4410 3317/4553/4411
f 3317/4553/4411 3199/4552/4410 3198/4554/4412
f 3317/4553/4411 3198/4554/4412 3318/4555/4413
f 3318/4555/4413 3198/4554/4412 3197/4556/4414
f 3318/4555/4413 3197/4556/4414 3319/4557/4415
f 3319/4557/4415 3197/4556/4414 3196/4558/4416
f 3319/4557/4415 3196/4558/4416 3320/4559/4417
f 3320/4559/4417 3196/4558/4416 3195/4560/4418
f 3320/4559/4417 3195/4560/4418 3321/4561/4419
f 3321/4561/4419 3195/4560/4418 3194/4562/4420
f 3321/4561/4419 3194/4562/4420 3322/4563/4421
f 3322/4563/4421 3194/4562/4420 3193/4564/4394
f 3308/4565/4422 3179/4566/4423 3309/4567/4395
f 3309/4567/4395 3179/4566/4423 3206/4568/4396
f 3350/4569/4424 3221/4570/4425 3323/4571/4426
f 3323/4571/4426 3221/4570/4425 3220/4572/4427
f 3323/4573/4426 3220/4574/4427 3324/4575/4428
f 3324/4575/4428 3220/4574/4427 3219/4576/4429
f 3324/4575/4428 3219/4576/4429 3325/4577/4430
f 3325/4577/4430 3219/4576/4429 3218/4578/4431
f 3325/4577/4430 3218/4578/4431 3326/4579/4432
f 3326/4579/4432 3218/4578/4431 3217/4580/4433
f 3326/4579/4432 3217/4580/4433 3327/4581/4434
f 3327/4581/4434 3217/4580/4433 3216/4582/4435
f 3327/4581/4434 3216/4582/4435 3328/4583/4436
f 3328/4583/4436 3216/4582/4435 3215/4584/4437
f 3328/4583/4436 3215/4584/4437 3329/4585/4438
f 3329/4585/4438 3215/4584/4437 3214/4586/4439
f 3329/4585/4438 3214/4586/4439 3330/4587/4440
f 3330/4587/4440 3214/4586/4439 3213/4588/4441
f 3330/4587/4440 3213/4588/4441 3331/4589/4442
f 3331/4589/4442 3213/4588/4441 3212/4590/4443
f 3331/4589/4442 3212/4590/4443 3332/4591/4444
f 3332/4591/4444 3212/4590/4443 3211/4592/4445
f 3332/4591/4444 3211/4592/4445 3333/4593/4446
f 3333/4593/4446 3211/4592/4445 3210/4594/4447
f 3333/4593/4446 3210/4594/4447 3334/4595/4448
f 3334/4595/4448 3210/4594/4447 3209/4596/4449
f 3334/4595/4448 3209/4596/4449 3335/4597/4450
f 3335/4597/4450 3209/4596/4449 3208/4598/4451
f 3335/4597/4450 3208/4598/4451 3336/4599/4452
f 3336/4599/4452 3208/4598/4451 3207/4600/4453
f 3336/4601/4454 3207/4602/4453 3337/4603/4455
f 3337/4603/4455 3207/4602/4453 3234/4604/4456
f 3337/4605/4455 3234/4606/4456 3338/4607/4457
f 3338/4607/4457 3234/4606/4456 3233/4608/4458
f 3338/4607/4457 3233/4608/4458 3339/4609/4459
f 3339/4609/4459 3233/4608/4458 3232/4610/4460
f 3339/4609/4459 3232/4610/4460 3340/4611/4461
f 3340/4611/4461 3232/4610/4460 3231/4612/4462
f 3340/4611/4461 3231/4612/4462 3341/4613/4463
f 3341/4613/4463 3231/4612/4462 3230/4614/4464
f 3341/4613/4463 3230/4614/4464 3342/4615/4465
f 3342/4615/4465 3230/4614/4464 3229/4616/4466
f 3342/4615/4465 3229/4616/4466 3343/4617/4467
f 3343/4617/4467 3229/4616/4466 3228/4618/4468
f 3343/4617/4467 3228/4618/4468 3344/4619/4469
f 3344/4619/4469 3228/4618/4468 3227/4620/4470
f 3344/4619/4469 3227/4620/4470 3345/4621/4471
f 3345/4621/4471 3227/4620/4470 3226/4622/4472
f 3345/4621/4471 3226/4622/4472 3346/4623/4473
f 3346/4623/4473 3226/4622/4472 3225/4624/4474
f 3346/4623/4473 3225/4624/4474 3347/4625/4475
f 3347/4625/4475 3225/4624/4474 3224/4626/4476
f 3347/4625/4475 3224/4626/4476 3348/4627/4477
f 3348/4627/4477 3224/4626/4476 3223/4628/4478
f 3348/4627/4477 3223/4628/4478 3349/4629/4479
f 3349/4629/4479 3223/4628/4478 3222/4630/4480
f 3349/4629/4479 3222/4630/4480 3350/4631/4481
f 3350/4631/4481 3222/4630/4480 3221/4632/4425
# 3350 vertices
# 4632 texture params
# 4481 normals
# 6716 facets

# 1 groups
