# WaveFront *.obj file (generated by Autodesk ATF)

mtllib caster2_link.mtl

g caster_2

v -0.176001 -0.050647 -0.094774
v -0.175999 -0.047719 -0.094897
v -0.175998 -0.044810 -0.095265
v -0.175997 -0.041943 -0.095874
v -0.175996 -0.039137 -0.096721
v -0.175995 -0.036412 -0.097800
v -0.175994 -0.033786 -0.099104
v -0.175992 -0.031279 -0.100622
v -0.175991 -0.028907 -0.102345
v -0.175991 -0.026688 -0.104261
v -0.175990 -0.024637 -0.106355
v -0.175989 -0.022769 -0.108613
v -0.175988 -0.021096 -0.111020
v -0.175988 -0.019630 -0.113559
v -0.175987 -0.018382 -0.116211
v -0.175987 -0.017360 -0.118959
v -0.175986 -0.016572 -0.121782
v -0.175986 -0.016023 -0.124662
v -0.175986 -0.015716 -0.127577
v -0.175986 -0.015655 -0.130507
v -0.175986 -0.015839 -0.133433
v -0.175986 -0.016267 -0.136333
v -0.175986 -0.016937 -0.139187
v -0.175987 -0.017842 -0.141974
v -0.175987 -0.018978 -0.144677
v -0.175988 -0.020336 -0.147274
v -0.175988 -0.021907 -0.149749
v -0.175989 -0.023679 -0.152084
v -0.175990 -0.025641 -0.154263
v -0.175991 -0.027778 -0.156269
v -0.175992 -0.030075 -0.158090
v -0.175993 -0.032516 -0.159712
v -0.175994 -0.035085 -0.161124
v -0.175995 -0.037763 -0.162317
v -0.175996 -0.040531 -0.163281
v -0.175998 -0.043370 -0.164010
v -0.175999 -0.046261 -0.164498
v -0.176000 -0.049182 -0.164744
v -0.176001 -0.052113 -0.164744
v -0.176003 -0.055034 -0.164498
v -0.176004 -0.057924 -0.164010
v -0.176005 -0.060763 -0.163281
v -0.176006 -0.063532 -0.162317
v -0.176007 -0.066210 -0.161124
v -0.176008 -0.068778 -0.159712
v -0.176009 -0.071220 -0.158090
v -0.176010 -0.073517 -0.156269
v -0.176011 -0.075654 -0.154263
v -0.176012 -0.077615 -0.152084
v -0.176013 -0.079388 -0.149749
v -0.176014 -0.080958 -0.147274
v -0.176014 -0.082316 -0.144677
v -0.176015 -0.083452 -0.141974
v -0.176015 -0.084358 -0.139187
v -0.176015 -0.085027 -0.136333
v -0.176015 -0.085456 -0.133433
v -0.176016 -0.085640 -0.130507
v -0.176016 -0.085578 -0.127577
v -0.176015 -0.085272 -0.124662
v -0.176015 -0.084723 -0.121782
v -0.176015 -0.083934 -0.118959
v -0.176014 -0.082913 -0.116211
v -0.176014 -0.081664 -0.113559
v -0.176013 -0.080199 -0.111020
v -0.176013 -0.078526 -0.108613
v -0.176012 -0.076657 -0.106355
v -0.176011 -0.074606 -0.104261
v -0.176010 -0.072388 -0.102345
v -0.176009 -0.070016 -0.100622
v -0.176008 -0.067509 -0.099104
v -0.176007 -0.064883 -0.097800
v -0.176006 -0.062158 -0.096721
v -0.176004 -0.059351 -0.095874
v -0.176003 -0.056484 -0.095265
v -0.176002 -0.053576 -0.094897
v -0.176001 -0.050647 -0.135774
v -0.176000 -0.049440 -0.135652
v -0.176000 -0.048281 -0.135288
v -0.175999 -0.047220 -0.134699
v -0.175999 -0.046299 -0.133908
v -0.175999 -0.045555 -0.132948
v -0.175998 -0.045021 -0.131858
v -0.175998 -0.044717 -0.130683
v -0.175998 -0.044655 -0.129471
v -0.175998 -0.044839 -0.128270
v -0.175998 -0.045261 -0.127132
v -0.175999 -0.045903 -0.126102
v -0.175999 -0.046739 -0.125222
v -0.175999 -0.047736 -0.124528
v -0.176000 -0.048851 -0.124050
v -0.176000 -0.050040 -0.123805
v -0.176001 -0.051254 -0.123805
v -0.176001 -0.052444 -0.124050
v -0.176002 -0.053559 -0.124528
v -0.176002 -0.054556 -0.125222
v -0.176003 -0.055392 -0.126102
v -0.176003 -0.056034 -0.127132
v -0.176003 -0.056456 -0.128270
v -0.176003 -0.056640 -0.129471
v -0.176003 -0.056578 -0.130683
v -0.176003 -0.056274 -0.131858
v -0.176003 -0.055739 -0.132948
v -0.176003 -0.054996 -0.133908
v -0.176002 -0.054075 -0.134699
v -0.176002 -0.053013 -0.135288
v -0.176001 -0.051855 -0.135652
v -0.160979 -0.000654 -0.129774
v -0.160979 -0.000778 -0.133301
v -0.160980 -0.001151 -0.136811
v -0.160980 -0.001771 -0.140285
v -0.160980 -0.002634 -0.143707
v -0.160981 -0.003737 -0.147060
v -0.160981 -0.005073 -0.150326
v -0.160982 -0.006636 -0.153490
v -0.160983 -0.008418 -0.156536
v -0.160984 -0.010411 -0.159449
v -0.160985 -0.012605 -0.162213
v -0.160986 -0.014988 -0.164816
v -0.160987 -0.017548 -0.167245
v -0.160988 -0.020274 -0.169487
v -0.160989 -0.023151 -0.171531
v -0.160990 -0.026165 -0.173367
v -0.160992 -0.029301 -0.174986
v -0.160993 -0.032543 -0.176379
v -0.160994 -0.035876 -0.177541
v -0.160996 -0.039282 -0.178464
v -0.160997 -0.042745 -0.179145
v -0.160999 -0.046247 -0.179580
v -0.161000 -0.049771 -0.179767
v -0.161002 -0.053300 -0.179704
v -0.161003 -0.056815 -0.179393
v -0.161005 -0.060300 -0.178835
v -0.161006 -0.063737 -0.178032
v -0.161008 -0.067108 -0.176989
v -0.161009 -0.070398 -0.175711
v -0.161010 -0.073589 -0.174204
v -0.161012 -0.076666 -0.172475
v -0.161013 -0.079613 -0.170534
v -0.161014 -0.082416 -0.168390
v -0.161015 -0.085061 -0.166053
v -0.161016 -0.087534 -0.163536
v -0.161017 -0.089824 -0.160850
v -0.161018 -0.091918 -0.158010
v -0.161019 -0.093807 -0.155029
v -0.161020 -0.095481 -0.151922
v -0.161020 -0.096932 -0.148705
v -0.161021 -0.098152 -0.145393
v -0.161021 -0.099135 -0.142004
v -0.161022 -0.099877 -0.138553
v -0.161022 -0.100374 -0.135059
v -0.161022 -0.100623 -0.131539
v -0.161022 -0.100623 -0.128010
v -0.161022 -0.100374 -0.124489
v -0.161022 -0.099877 -0.120995
v -0.161021 -0.099135 -0.117545
v -0.161021 -0.098152 -0.114156
v -0.161020 -0.096932 -0.110844
v -0.161020 -0.095481 -0.107627
v -0.161019 -0.093807 -0.104520
v -0.161018 -0.091918 -0.101539
v -0.161017 -0.089824 -0.098699
v -0.161016 -0.087534 -0.096013
v -0.161015 -0.085061 -0.093496
v -0.161014 -0.082416 -0.091159
v -0.161013 -0.079613 -0.089015
v -0.161012 -0.076666 -0.087073
v -0.161010 -0.073589 -0.085345
v -0.161009 -0.070398 -0.083838
v -0.161008 -0.067108 -0.082559
v -0.161006 -0.063737 -0.081516
v -0.161005 -0.060300 -0.080714
v -0.161003 -0.056815 -0.080156
v -0.161002 -0.053300 -0.079844
v -0.161000 -0.049771 -0.079782
v -0.160999 -0.046247 -0.079969
v -0.160997 -0.042745 -0.080404
v -0.160996 -0.039282 -0.081085
v -0.160994 -0.035876 -0.082008
v -0.160993 -0.032543 -0.083170
v -0.160992 -0.029301 -0.084563
v -0.160990 -0.026165 -0.086182
v -0.160989 -0.023151 -0.088018
v -0.160988 -0.020274 -0.090062
v -0.160987 -0.017548 -0.092304
v -0.160986 -0.014988 -0.094732
v -0.160985 -0.012605 -0.097336
v -0.160984 -0.010411 -0.100100
v -0.160983 -0.008418 -0.103013
v -0.160982 -0.006636 -0.106059
v -0.160981 -0.005073 -0.109223
v -0.160981 -0.003737 -0.112489
v -0.160980 -0.002634 -0.115842
v -0.160980 -0.001771 -0.119264
v -0.160980 -0.001151 -0.122738
v -0.160979 -0.000778 -0.126247
v -0.175907 -0.087455 -0.129774
v -0.175581 -0.089237 -0.129774
v -0.175043 -0.090967 -0.129774
v -0.174300 -0.092619 -0.129774
v -0.173364 -0.094169 -0.129774
v -0.172247 -0.095596 -0.129774
v -0.170967 -0.096877 -0.129774
v -0.169542 -0.097995 -0.129774
v -0.167992 -0.098933 -0.129774
v -0.166341 -0.099677 -0.129774
v -0.164611 -0.100216 -0.129774
v -0.162830 -0.100544 -0.129774
v -0.175907 -0.087364 -0.127178
v -0.175905 -0.083052 -0.112316
v -0.162827 -0.092794 -0.103069
v -0.175899 -0.068675 -0.097683
v -0.175894 -0.056470 -0.093430
v -0.175880 -0.023497 -0.104921
v -0.175877 -0.016579 -0.115839
v -0.175876 -0.014411 -0.136237
v -0.175878 -0.020270 -0.150560
v -0.175882 -0.029329 -0.159780
v -0.175890 -0.048699 -0.166531
v -0.175896 -0.061526 -0.164938
v -0.175902 -0.075018 -0.157359
v -0.175906 -0.085998 -0.140031
v -0.175892 -0.051297 -0.092972
v -0.175565 -0.051329 -0.091191
v -0.175026 -0.051359 -0.089462
v -0.174283 -0.051389 -0.087810
v -0.173346 -0.051417 -0.086260
v -0.172229 -0.051442 -0.084835
v -0.170948 -0.051465 -0.083554
v -0.169522 -0.051486 -0.082437
v -0.167972 -0.051503 -0.081500
v -0.166320 -0.051517 -0.080757
v -0.164591 -0.051527 -0.080218
v -0.162809 -0.051533 -0.079892
v -0.162808 -0.048013 -0.079954
v -0.164589 -0.048029 -0.080280
v -0.166319 -0.048057 -0.080818
v -0.167970 -0.048096 -0.081560
v -0.169521 -0.048144 -0.082496
v -0.170946 -0.048203 -0.083612
v -0.172227 -0.048270 -0.084891
v -0.173344 -0.048345 -0.086314
v -0.174282 -0.048427 -0.087862
v -0.175025 -0.048514 -0.089512
v -0.175564 -0.048605 -0.091239
v -0.175890 -0.048699 -0.093018
v -0.175893 -0.053891 -0.093110
v -0.175566 -0.054049 -0.091335
v -0.175027 -0.054201 -0.089612
v -0.174284 -0.054347 -0.087967
v -0.173347 -0.054484 -0.086423
v -0.172230 -0.054610 -0.085002
v -0.170949 -0.054724 -0.083727
v -0.169523 -0.054823 -0.082614
v -0.167973 -0.054906 -0.081680
v -0.166322 -0.054972 -0.080940
v -0.164592 -0.055020 -0.080403
v -0.162811 -0.055050 -0.080078
v -0.175895 -0.059019 -0.093931
v -0.175569 -0.059424 -0.092196
v -0.175030 -0.059818 -0.090512
v -0.174287 -0.060194 -0.088903
v -0.173350 -0.060547 -0.087394
v -0.172233 -0.060871 -0.086005
v -0.170952 -0.061163 -0.084758
v -0.169526 -0.061418 -0.083670
v -0.167976 -0.061632 -0.082758
v -0.166324 -0.061801 -0.082034
v -0.164595 -0.061925 -0.081509
v -0.162814 -0.062000 -0.081191
v -0.162812 -0.058545 -0.080512
v -0.164594 -0.058492 -0.080834
v -0.166323 -0.058406 -0.081366
v -0.167975 -0.058288 -0.082100
v -0.169525 -0.058139 -0.083026
v -0.170951 -0.057962 -0.084129
v -0.172231 -0.057759 -0.085393
v -0.173348 -0.057533 -0.086801
v -0.174285 -0.057287 -0.088332
v -0.175029 -0.057025 -0.089963
v -0.175567 -0.056752 -0.091670
v -0.175896 -0.061526 -0.094611
v -0.175570 -0.062053 -0.092909
v -0.175031 -0.062564 -0.091257
v -0.174288 -0.063053 -0.089679
v -0.173351 -0.063511 -0.088198
v -0.172234 -0.063933 -0.086836
v -0.170953 -0.064312 -0.085612
v -0.169528 -0.064643 -0.084545
v -0.167978 -0.064921 -0.083650
v -0.166326 -0.065141 -0.082939
v -0.164597 -0.065301 -0.082425
v -0.162815 -0.065399 -0.082113
v -0.175897 -0.063980 -0.095466
v -0.175571 -0.064625 -0.093805
v -0.175032 -0.065252 -0.092193
v -0.174289 -0.065850 -0.090654
v -0.173352 -0.066412 -0.089209
v -0.172235 -0.066929 -0.087880
v -0.170955 -0.067394 -0.086686
v -0.169529 -0.067799 -0.085645
v -0.167979 -0.068139 -0.084771
v -0.166327 -0.068409 -0.084078
v -0.164598 -0.068605 -0.083576
v -0.162816 -0.068724 -0.083272
v -0.175898 -0.066366 -0.096492
v -0.175572 -0.067128 -0.094881
v -0.175033 -0.067866 -0.093317
v -0.174290 -0.068572 -0.091823
v -0.173353 -0.069234 -0.090422
v -0.172237 -0.069844 -0.089132
v -0.170956 -0.070391 -0.087974
v -0.169530 -0.070869 -0.086964
v -0.167980 -0.071270 -0.086117
v -0.166329 -0.071588 -0.085445
v -0.164599 -0.071819 -0.084957
v -0.162818 -0.071959 -0.084662
v -0.175573 -0.069548 -0.096130
v -0.175034 -0.070395 -0.094622
v -0.174291 -0.071204 -0.093182
v -0.173355 -0.071964 -0.091831
v -0.172238 -0.072663 -0.090588
v -0.170957 -0.073291 -0.089471
v -0.169532 -0.073838 -0.088497
v -0.167982 -0.074298 -0.087680
v -0.166330 -0.074663 -0.087032
v -0.164601 -0.074927 -0.086562
v -0.162819 -0.075088 -0.086277
v -0.175901 -0.073012 -0.100540
v -0.175575 -0.074094 -0.099125
v -0.175036 -0.075145 -0.097751
v -0.174293 -0.076149 -0.096439
v -0.173357 -0.077092 -0.095208
v -0.172240 -0.077958 -0.094075
v -0.170959 -0.078737 -0.093058
v -0.169534 -0.079416 -0.092171
v -0.167984 -0.079987 -0.091427
v -0.166332 -0.080439 -0.090836
v -0.164603 -0.080767 -0.090408
v -0.162822 -0.080966 -0.090149
v -0.162820 -0.078096 -0.088109
v -0.164602 -0.077915 -0.088382
v -0.166331 -0.077618 -0.088832
v -0.167983 -0.077208 -0.089453
v -0.169533 -0.076692 -0.090235
v -0.170958 -0.076077 -0.091168
v -0.172239 -0.075372 -0.092238
v -0.173356 -0.074587 -0.093429
v -0.174292 -0.073734 -0.094723
v -0.175035 -0.072825 -0.096103
v -0.175574 -0.071874 -0.097547
v -0.175900 -0.070894 -0.099035
v -0.175902 -0.075018 -0.102190
v -0.175576 -0.076198 -0.100855
v -0.175037 -0.077343 -0.099559
v -0.174294 -0.078437 -0.098321
v -0.173358 -0.079464 -0.097159
v -0.172241 -0.080409 -0.096091
v -0.170961 -0.081257 -0.095131
v -0.169535 -0.081997 -0.094294
v -0.167985 -0.082618 -0.093592
v -0.166334 -0.083111 -0.093034
v -0.164604 -0.083469 -0.092631
v -0.162823 -0.083686 -0.092386
v -0.175902 -0.076903 -0.103978
v -0.175577 -0.078174 -0.102729
v -0.175038 -0.079408 -0.101517
v -0.174295 -0.080587 -0.100360
v -0.173359 -0.081693 -0.099273
v -0.172242 -0.082710 -0.098274
v -0.170962 -0.083625 -0.097376
v -0.169536 -0.084422 -0.096593
v -0.167986 -0.085091 -0.095937
v -0.166335 -0.085622 -0.095416
v -0.164605 -0.086007 -0.095038
v -0.162824 -0.086241 -0.094809
v -0.175903 -0.078658 -0.105894
v -0.175577 -0.080013 -0.104738
v -0.175039 -0.081330 -0.103616
v -0.174296 -0.082587 -0.102545
v -0.173360 -0.083767 -0.101539
v -0.172243 -0.084853 -0.100614
v -0.170962 -0.085828 -0.099783
v -0.169537 -0.086678 -0.099058
v -0.167987 -0.087392 -0.098450
v -0.166336 -0.087959 -0.097968
v -0.164606 -0.088369 -0.097618
v -0.162825 -0.088619 -0.097407
v -0.175904 -0.080272 -0.107929
v -0.175578 -0.081706 -0.106872
v -0.175040 -0.083098 -0.105846
v -0.174297 -0.084428 -0.104865
v -0.173360 -0.085676 -0.103946
v -0.172244 -0.086824 -0.103099
v -0.170963 -0.087856 -0.102339
v -0.169538 -0.088755 -0.101676
v -0.167988 -0.089510 -0.101120
v -0.166337 -0.090109 -0.100679
v -0.164607 -0.090544 -0.100359
v -0.162826 -0.090807 -0.100165
v -0.175579 -0.084620 -0.111471
v -0.175041 -0.086143 -0.110651
v -0.174298 -0.087597 -0.109867
v -0.173362 -0.088962 -0.109132
v -0.172245 -0.090218 -0.108456
v -0.170965 -0.091346 -0.107848
v -0.169539 -0.092330 -0.107318
v -0.167990 -0.093156 -0.106874
v -0.166338 -0.093811 -0.106521
v -0.164609 -0.094286 -0.106266
v -0.162827 -0.094574 -0.106111
v -0.164608 -0.092516 -0.103242
v -0.166337 -0.092059 -0.103528
v -0.167989 -0.091429 -0.103924
v -0.169539 -0.090636 -0.104423
v -0.170964 -0.089690 -0.105019
v -0.172244 -0.088607 -0.105703
v -0.173361 -0.087401 -0.106465
v -0.174298 -0.086090 -0.107293
v -0.175040 -0.084694 -0.108176
v -0.175579 -0.083232 -0.109101
v -0.175905 -0.081727 -0.110053
v -0.175906 -0.084202 -0.114645
v -0.175580 -0.085827 -0.113913
v -0.175042 -0.087403 -0.113202
v -0.174299 -0.088910 -0.112523
v -0.173362 -0.090323 -0.111886
v -0.172246 -0.091623 -0.111300
v -0.170965 -0.092792 -0.110773
v -0.169540 -0.093811 -0.110314
v -0.167990 -0.094665 -0.109929
v -0.166339 -0.095344 -0.109623
v -0.164610 -0.095836 -0.109402
v -0.162828 -0.096134 -0.109268
v -0.175906 -0.085186 -0.117050
v -0.175580 -0.086858 -0.116434
v -0.175042 -0.088481 -0.115836
v -0.174299 -0.090031 -0.115265
v -0.173363 -0.091486 -0.114729
v -0.172246 -0.092825 -0.114236
v -0.170966 -0.094027 -0.113793
v -0.169541 -0.095076 -0.113407
v -0.167991 -0.095956 -0.113083
v -0.166339 -0.096654 -0.112826
v -0.164610 -0.097160 -0.112640
v -0.162829 -0.097468 -0.112527
v -0.175906 -0.085998 -0.119518
v -0.175581 -0.087709 -0.119021
v -0.175042 -0.089370 -0.118539
v -0.174300 -0.090957 -0.118079
v -0.173363 -0.092446 -0.117647
v -0.172247 -0.093816 -0.117250
v -0.170966 -0.095046 -0.116893
v -0.169541 -0.096120 -0.116582
v -0.167991 -0.097020 -0.116321
v -0.166340 -0.097735 -0.116113
v -0.164611 -0.098253 -0.115963
v -0.162829 -0.098568 -0.115872
v -0.175907 -0.086633 -0.122037
v -0.175581 -0.088375 -0.121662
v -0.175043 -0.090066 -0.121299
v -0.174300 -0.091681 -0.120952
v -0.173364 -0.093197 -0.120626
v -0.172247 -0.094591 -0.120326
v -0.170967 -0.095844 -0.120057
v -0.169541 -0.096937 -0.119822
v -0.167992 -0.097854 -0.119625
v -0.166340 -0.098581 -0.119469
v -0.164611 -0.099109 -0.119355
v -0.162829 -0.099429 -0.119287
v -0.175907 -0.087089 -0.124595
v -0.175581 -0.088853 -0.124344
v -0.175043 -0.090566 -0.124100
v -0.174300 -0.092201 -0.123868
v -0.173364 -0.093736 -0.123650
v -0.172247 -0.095148 -0.123449
v -0.170967 -0.096417 -0.123269
v -0.169542 -0.097524 -0.123112
v -0.167992 -0.098452 -0.122980
v -0.166340 -0.099189 -0.122875
v -0.164611 -0.099723 -0.122799
v -0.162830 -0.100047 -0.122753
v -0.162830 -0.100419 -0.126255
v -0.164611 -0.100093 -0.126278
v -0.166341 -0.099555 -0.126316
v -0.167992 -0.098812 -0.126369
v -0.169542 -0.097877 -0.126435
v -0.170967 -0.096762 -0.126514
v -0.172247 -0.095484 -0.126604
v -0.173364 -0.094061 -0.126704
v -0.174300 -0.092514 -0.126814
v -0.175043 -0.090866 -0.126930
v -0.175581 -0.089141 -0.127052
v -0.175907 -0.087364 -0.132371
v -0.175581 -0.089141 -0.132496
v -0.175043 -0.090866 -0.132618
v -0.174300 -0.092514 -0.132735
v -0.173364 -0.094061 -0.132844
v -0.172247 -0.095484 -0.132945
v -0.170967 -0.096762 -0.133035
v -0.169542 -0.097877 -0.133114
v -0.167992 -0.098812 -0.133180
v -0.166341 -0.099555 -0.133233
v -0.164611 -0.100093 -0.133271
v -0.162830 -0.100419 -0.133294
v -0.175907 -0.087089 -0.134954
v -0.175581 -0.088853 -0.135205
v -0.175043 -0.090566 -0.135448
v -0.174300 -0.092201 -0.135681
v -0.173364 -0.093736 -0.135899
v -0.172247 -0.095148 -0.136100
v -0.170967 -0.096417 -0.136280
v -0.169542 -0.097524 -0.136437
v -0.167992 -0.098452 -0.136569
v -0.166340 -0.099189 -0.136674
v -0.164611 -0.099723 -0.136749
v -0.162830 -0.100047 -0.136795
v -0.175907 -0.086633 -0.137512
v -0.175581 -0.088375 -0.137886
v -0.175043 -0.090066 -0.138250
v -0.174300 -0.091681 -0.138597
v -0.173364 -0.093197 -0.138923
v -0.172247 -0.094591 -0.139223
v -0.170967 -0.095844 -0.139492
v -0.169541 -0.096937 -0.139727
v -0.167992 -0.097854 -0.139924
v -0.166340 -0.098581 -0.140080
v -0.164611 -0.099109 -0.140193
v -0.162829 -0.099429 -0.140262
v -0.175581 -0.087709 -0.140528
v -0.175042 -0.089370 -0.141009
v -0.174300 -0.090957 -0.141470
v -0.173363 -0.092446 -0.141902
v -0.172247 -0.093816 -0.142299
v -0.170966 -0.095046 -0.142656
v -0.169541 -0.096120 -0.142967
v -0.167991 -0.097020 -0.143228
v -0.166340 -0.097735 -0.143435
v -0.164611 -0.098253 -0.143586
v -0.162829 -0.098568 -0.143677
v -0.175906 -0.084202 -0.144904
v -0.175580 -0.085827 -0.145636
v -0.175042 -0.087403 -0.146347
v -0.174299 -0.088910 -0.147026
v -0.173362 -0.090323 -0.147663
v -0.172246 -0.091623 -0.148249
v -0.170965 -0.092792 -0.148775
v -0.169540 -0.093811 -0.149235
v -0.167990 -0.094665 -0.149620
v -0.166339 -0.095344 -0.149925
v -0.164610 -0.095836 -0.150147
v -0.162828 -0.096134 -0.150281
v -0.162829 -0.097468 -0.147022
v -0.164610 -0.097160 -0.146909
v -0.166339 -0.096654 -0.146723
v -0.167991 -0.095956 -0.146466
v -0.169541 -0.095076 -0.146142
v -0.170966 -0.094027 -0.145755
v -0.172246 -0.092825 -0.145313
v -0.173363 -0.091486 -0.144820
v -0.174299 -0.090031 -0.144284
v -0.175042 -0.088481 -0.143713
v -0.175580 -0.086858 -0.143115
v -0.175906 -0.085186 -0.142499
v -0.175905 -0.083052 -0.147233
v -0.175579 -0.084620 -0.148078
v -0.175041 -0.086143 -0.148898
v -0.174298 -0.087597 -0.149682
v -0.173362 -0.088962 -0.150417
v -0.172245 -0.090218 -0.151093
v -0.170965 -0.091346 -0.151701
v -0.169539 -0.092330 -0.152231
v -0.167990 -0.093156 -0.152675
v -0.166338 -0.093811 -0.153028
v -0.164609 -0.094286 -0.153283
v -0.162827 -0.094574 -0.153438
v -0.175905 -0.081739 -0.149475
v -0.175579 -0.083245 -0.150429
v -0.175040 -0.084706 -0.151354
v -0.174298 -0.086101 -0.152238
v -0.173361 -0.087411 -0.153068
v -0.172244 -0.088616 -0.153831
v -0.170964 -0.089698 -0.154517
v -0.169539 -0.090642 -0.155115
v -0.167989 -0.091435 -0.155616
v -0.166337 -0.092063 -0.156014
v -0.164608 -0.092519 -0.156303
v -0.162827 -0.092796 -0.156477
v -0.175904 -0.080272 -0.151619
v -0.175578 -0.081706 -0.152677
v -0.175040 -0.083098 -0.153703
v -0.174297 -0.084428 -0.154683
v -0.173360 -0.085676 -0.155603
v -0.172244 -0.086824 -0.156450
v -0.170963 -0.087856 -0.157210
v -0.169538 -0.088755 -0.157873
v -0.167988 -0.089510 -0.158429
v -0.166337 -0.090109 -0.158870
v -0.164607 -0.090544 -0.159190
v -0.162826 -0.090807 -0.159384
v -0.175903 -0.078658 -0.153655
v -0.175577 -0.080013 -0.154811
v -0.175039 -0.081330 -0.155932
v -0.174296 -0.082587 -0.157004
v -0.173360 -0.083767 -0.158010
v -0.172243 -0.084853 -0.158935
v -0.170962 -0.085828 -0.159766
v -0.169537 -0.086678 -0.160491
v -0.167987 -0.087392 -0.161099
v -0.166336 -0.087959 -0.161581
v -0.164606 -0.088369 -0.161930
v -0.162825 -0.088619 -0.162142
v -0.175902 -0.076903 -0.155571
v -0.175577 -0.078174 -0.156820
v -0.175038 -0.079408 -0.158032
v -0.174295 -0.080587 -0.159189
v -0.173359 -0.081693 -0.160276
v -0.172242 -0.082710 -0.161275
v -0.170962 -0.083625 -0.162173
v -0.169536 -0.084422 -0.162955
v -0.167986 -0.085091 -0.163612
v -0.166335 -0.085622 -0.164133
v -0.164605 -0.086007 -0.164511
v -0.162824 -0.086241 -0.164740
v -0.175901 -0.073012 -0.159009
v -0.175575 -0.074094 -0.160424
v -0.175036 -0.075145 -0.161798
v -0.174293 -0.076149 -0.163110
v -0.173357 -0.077092 -0.164341
v -0.172240 -0.077958 -0.165473
v -0.170959 -0.078737 -0.166491
v -0.169534 -0.079416 -0.167378
v -0.167984 -0.079987 -0.168122
v -0.166332 -0.080439 -0.168713
v -0.164603 -0.080767 -0.169141
v -0.162822 -0.080966 -0.169400
v -0.162823 -0.083686 -0.167163
v -0.164604 -0.083469 -0.166918
v -0.166334 -0.083111 -0.166514
v -0.167985 -0.082618 -0.165957
v -0.169535 -0.081997 -0.165255
v -0.170961 -0.081257 -0.164418
v -0.172241 -0.080409 -0.163458
v -0.173358 -0.079464 -0.162389
v -0.174294 -0.078437 -0.161228
v -0.175037 -0.077343 -0.159990
v -0.175576 -0.076198 -0.158694
v -0.175900 -0.070894 -0.160514
v -0.175574 -0.071874 -0.162002
v -0.175035 -0.072825 -0.163446
v -0.174292 -0.073734 -0.164825
v -0.173356 -0.074587 -0.166120
v -0.172239 -0.075372 -0.167311
v -0.170958 -0.076077 -0.168380
v -0.169533 -0.076692 -0.169313
v -0.167983 -0.077208 -0.170096
v -0.166331 -0.077618 -0.170717
v -0.164602 -0.077915 -0.171167
v -0.162820 -0.078096 -0.171440
v -0.175899 -0.068675 -0.161865
v -0.175573 -0.069548 -0.163419
v -0.175034 -0.070395 -0.164927
v -0.174291 -0.071204 -0.166367
v -0.173355 -0.071964 -0.167718
v -0.172238 -0.072663 -0.168961
v -0.170957 -0.073291 -0.170078
v -0.169532 -0.073838 -0.171052
v -0.167982 -0.074298 -0.171869
v -0.166330 -0.074663 -0.172517
v -0.164601 -0.074927 -0.172987
v -0.162819 -0.075088 -0.173271
v -0.175898 -0.066366 -0.163057
v -0.175572 -0.067128 -0.164668
v -0.175033 -0.067866 -0.166232
v -0.174290 -0.068572 -0.167726
v -0.173353 -0.069234 -0.169127
v -0.172237 -0.069844 -0.170416
v -0.170956 -0.070391 -0.171575
v -0.169530 -0.070869 -0.172585
v -0.167980 -0.071270 -0.173432
v -0.166329 -0.071588 -0.174104
v -0.164599 -0.071819 -0.174592
v -0.162818 -0.071959 -0.174887
v -0.175897 -0.063980 -0.164083
v -0.175571 -0.064625 -0.165744
v -0.175032 -0.065252 -0.167356
v -0.174289 -0.065850 -0.168895
v -0.173352 -0.066412 -0.170340
v -0.172235 -0.066929 -0.171669
v -0.170955 -0.067394 -0.172863
v -0.169529 -0.067799 -0.173904
v -0.167979 -0.068139 -0.174778
v -0.166327 -0.068409 -0.175471
v -0.164598 -0.068605 -0.175973
v -0.162816 -0.068724 -0.176277
v -0.175895 -0.059019 -0.165618
v -0.175569 -0.059424 -0.167353
v -0.175030 -0.059818 -0.169037
v -0.174287 -0.060194 -0.170645
v -0.173350 -0.060547 -0.172155
v -0.172233 -0.060871 -0.173543
v -0.170952 -0.061163 -0.174791
v -0.169526 -0.061418 -0.175878
v -0.167976 -0.061632 -0.176791
v -0.166324 -0.061801 -0.177515
v -0.164595 -0.061925 -0.178040
v -0.162814 -0.062000 -0.178358
v -0.162815 -0.065399 -0.177436
v -0.164597 -0.065301 -0.177124
v -0.166326 -0.065141 -0.176609
v -0.167978 -0.064921 -0.175899
v -0.169528 -0.064643 -0.175004
v -0.170953 -0.064312 -0.173937
v -0.172234 -0.063933 -0.172713
v -0.173351 -0.063511 -0.171351
v -0.174288 -0.063053 -0.169870
v -0.175031 -0.062564 -0.168292
v -0.175570 -0.062053 -0.166640
v -0.175894 -0.056470 -0.166119
v -0.175567 -0.056752 -0.167878
v -0.175029 -0.057025 -0.169586
v -0.174285 -0.057287 -0.171217
v -0.173348 -0.057533 -0.172747
v -0.172231 -0.057759 -0.174155
v -0.170951 -0.057962 -0.175420
v -0.169525 -0.058139 -0.176523
v -0.167975 -0.058288 -0.177448
v -0.166323 -0.058406 -0.178182
v -0.164594 -0.058492 -0.178715
v -0.162812 -0.058545 -0.179037
v -0.175893 -0.053891 -0.166439
v -0.175566 -0.054049 -0.168214
v -0.175027 -0.054201 -0.169937
v -0.174284 -0.054347 -0.171582
v -0.173347 -0.054484 -0.173126
v -0.172230 -0.054610 -0.174546
v -0.170949 -0.054724 -0.175822
v -0.169523 -0.054823 -0.176935
v -0.167973 -0.054906 -0.177868
v -0.166322 -0.054972 -0.178609
v -0.164592 -0.055020 -0.179146
v -0.162811 -0.055050 -0.179471
v -0.175892 -0.051297 -0.166577
v -0.175565 -0.051329 -0.168358
v -0.175026 -0.051359 -0.170087
v -0.174283 -0.051389 -0.171739
v -0.173346 -0.051417 -0.173289
v -0.172229 -0.051442 -0.174714
v -0.170948 -0.051465 -0.175995
v -0.169522 -0.051486 -0.177112
v -0.167972 -0.051503 -0.178049
v -0.166320 -0.051517 -0.178792
v -0.164591 -0.051527 -0.179331
v -0.162809 -0.051533 -0.179657
v -0.175564 -0.048605 -0.168310
v -0.175025 -0.048514 -0.170037
v -0.174282 -0.048427 -0.171686
v -0.173344 -0.048345 -0.173234
v -0.172227 -0.048270 -0.174658
v -0.170946 -0.048203 -0.175937
v -0.169521 -0.048144 -0.177053
v -0.167970 -0.048096 -0.177989
v -0.166319 -0.048057 -0.178731
v -0.164589 -0.048029 -0.179269
v -0.162808 -0.048013 -0.179595
v -0.175888 -0.043546 -0.165891
v -0.175562 -0.043203 -0.167639
v -0.175023 -0.042869 -0.169336
v -0.174279 -0.042551 -0.170957
v -0.173342 -0.042252 -0.172478
v -0.172225 -0.041978 -0.173877
v -0.170944 -0.041731 -0.175134
v -0.169518 -0.041516 -0.176230
v -0.167968 -0.041336 -0.177149
v -0.166316 -0.041193 -0.177879
v -0.164586 -0.041090 -0.178407
v -0.162805 -0.041028 -0.178728
v -0.162806 -0.044505 -0.179285
v -0.164588 -0.044544 -0.178961
v -0.166317 -0.044610 -0.178426
v -0.167969 -0.044701 -0.177688
v -0.169519 -0.044816 -0.176758
v -0.170945 -0.044953 -0.175650
v -0.172226 -0.045110 -0.174379
v -0.173343 -0.045285 -0.172964
v -0.174280 -0.045476 -0.171425
v -0.175024 -0.045679 -0.169786
v -0.175563 -0.045892 -0.168070
v -0.175889 -0.046111 -0.166302
v -0.175887 -0.041016 -0.165300
v -0.175561 -0.040550 -0.167020
v -0.175021 -0.040098 -0.168689
v -0.174278 -0.039666 -0.170283
v -0.173341 -0.039261 -0.171779
v -0.172223 -0.038888 -0.173155
v -0.170942 -0.038554 -0.174392
v -0.169516 -0.038262 -0.175470
v -0.167966 -0.038017 -0.176374
v -0.166314 -0.037824 -0.177092
v -0.164585 -0.037683 -0.177612
v -0.162803 -0.037599 -0.177927
v -0.175886 -0.038534 -0.164532
v -0.175559 -0.037948 -0.166215
v -0.175020 -0.037379 -0.167848
v -0.174277 -0.036836 -0.169407
v -0.173339 -0.036326 -0.170871
v -0.172222 -0.035857 -0.172218
v -0.170941 -0.035436 -0.173427
v -0.169515 -0.035069 -0.174482
v -0.167965 -0.034762 -0.175367
v -0.166313 -0.034518 -0.176069
v -0.164583 -0.034341 -0.176578
v -0.162802 -0.034234 -0.176886
v -0.175885 -0.036113 -0.163591
v -0.175558 -0.035409 -0.165228
v -0.175019 -0.034727 -0.166817
v -0.174275 -0.034075 -0.168334
v -0.173338 -0.033463 -0.169759
v -0.172221 -0.032900 -0.171069
v -0.170940 -0.032395 -0.172245
v -0.169514 -0.031955 -0.173272
v -0.167963 -0.031585 -0.174133
v -0.166312 -0.031292 -0.174816
v -0.164582 -0.031080 -0.175311
v -0.162800 -0.030952 -0.175611
v -0.175884 -0.033763 -0.162482
v -0.175557 -0.032946 -0.164065
v -0.175018 -0.032153 -0.165602
v -0.174274 -0.031396 -0.167069
v -0.173337 -0.030685 -0.168447
v -0.172220 -0.030032 -0.169714
v -0.170939 -0.029445 -0.170852
v -0.169512 -0.028933 -0.171845
v -0.167962 -0.028504 -0.172677
v -0.166310 -0.028163 -0.173338
v -0.164581 -0.027917 -0.173817
v -0.162799 -0.027768 -0.174107
v -0.175883 -0.031498 -0.161209
v -0.175556 -0.030572 -0.162731
v -0.175017 -0.029672 -0.164208
v -0.174273 -0.028813 -0.165618
v -0.173336 -0.028007 -0.166942
v -0.172218 -0.027266 -0.168160
v -0.170937 -0.026600 -0.169254
v -0.169511 -0.026019 -0.170208
v -0.167961 -0.025533 -0.171008
v -0.166309 -0.025147 -0.171643
v -0.164579 -0.024867 -0.172103
v -0.162798 -0.024698 -0.172382
v -0.175881 -0.027265 -0.158202
v -0.175554 -0.026134 -0.159578
v -0.175015 -0.025035 -0.160913
v -0.174271 -0.023986 -0.162189
v -0.173334 -0.023002 -0.163386
v -0.172216 -0.022097 -0.164487
v -0.170935 -0.021284 -0.165477
v -0.169509 -0.020575 -0.166339
v -0.167959 -0.019980 -0.167063
v -0.166307 -0.019508 -0.167637
v -0.164577 -0.019167 -0.168053
v -0.162795 -0.018960 -0.168305
v -0.162796 -0.021757 -0.170445
v -0.164578 -0.021945 -0.170179
v -0.166308 -0.022257 -0.169740
v -0.167960 -0.022687 -0.169134
v -0.169510 -0.023229 -0.168370
v -0.170936 -0.023875 -0.167459
v -0.172217 -0.024616 -0.166415
v -0.173335 -0.025442 -0.165253
v -0.174272 -0.026339 -0.163989
v -0.175016 -0.027296 -0.162642
v -0.175555 -0.028297 -0.161233
v -0.175881 -0.025318 -0.156481
v -0.175554 -0.024092 -0.157774
v -0.175014 -0.022903 -0.159029
v -0.174270 -0.021766 -0.160227
v -0.173333 -0.020700 -0.161352
v -0.172215 -0.019719 -0.162387
v -0.170934 -0.018838 -0.163316
v -0.169508 -0.018070 -0.164127
v -0.167957 -0.017426 -0.164807
v -0.166305 -0.016915 -0.165346
v -0.164576 -0.016545 -0.165737
v -0.162794 -0.016321 -0.165974
v -0.175880 -0.023497 -0.154628
v -0.175553 -0.022183 -0.155831
v -0.175013 -0.020908 -0.156999
v -0.174269 -0.019690 -0.158114
v -0.173332 -0.018547 -0.159161
v -0.172214 -0.017496 -0.160124
v -0.170933 -0.016552 -0.160989
v -0.169507 -0.015728 -0.161743
v -0.167956 -0.015038 -0.162376
v -0.166304 -0.014490 -0.162878
v -0.164575 -0.014093 -0.163242
v -0.162793 -0.013853 -0.163462
v -0.175879 -0.021812 -0.152651
v -0.175552 -0.020416 -0.153759
v -0.175013 -0.019062 -0.154833
v -0.174269 -0.017768 -0.155860
v -0.173331 -0.016554 -0.156823
v -0.172213 -0.015438 -0.157710
v -0.170932 -0.014435 -0.158506
v -0.169506 -0.013560 -0.159200
v -0.167955 -0.012827 -0.159782
v -0.166303 -0.012245 -0.160244
v -0.164574 -0.011824 -0.160579
v -0.162792 -0.011569 -0.160782
v -0.175551 -0.018800 -0.151566
v -0.175012 -0.017373 -0.152543
v -0.174268 -0.016010 -0.153476
v -0.173330 -0.014731 -0.154351
v -0.172213 -0.013555 -0.155156
v -0.170931 -0.012498 -0.155880
v -0.169505 -0.011577 -0.156510
v -0.167955 -0.010804 -0.157040
v -0.166303 -0.010191 -0.157459
v -0.164573 -0.009747 -0.157764
v -0.162791 -0.009479 -0.157948
v -0.175877 -0.017647 -0.146078
v -0.175550 -0.016050 -0.146868
v -0.175011 -0.014500 -0.147634
v -0.174267 -0.013019 -0.148365
v -0.173329 -0.011630 -0.149052
v -0.172211 -0.010352 -0.149684
v -0.170930 -0.009204 -0.150251
v -0.169504 -0.008203 -0.150746
v -0.167953 -0.007364 -0.151161
v -0.166301 -0.006698 -0.151490
v -0.164572 -0.006216 -0.151729
v -0.162790 -0.005924 -0.151873
v -0.162790 -0.007594 -0.154973
v -0.164572 -0.007875 -0.154809
v -0.166302 -0.008339 -0.154536
v -0.167954 -0.008980 -0.154161
v -0.169504 -0.009788 -0.153688
v -0.170931 -0.010752 -0.153123
v -0.172212 -0.011857 -0.152476
v -0.173329 -0.013087 -0.151756
v -0.174267 -0.014424 -0.150973
v -0.175011 -0.015850 -0.150139
v -0.175551 -0.017342 -0.149266
v -0.175878 -0.018880 -0.148366
v -0.175877 -0.016579 -0.143710
v -0.175550 -0.014930 -0.144385
v -0.175010 -0.013330 -0.145039
v -0.174266 -0.011802 -0.145665
v -0.173328 -0.010367 -0.146252
v -0.172211 -0.009048 -0.146791
v -0.170929 -0.007863 -0.147276
v -0.169503 -0.006830 -0.147699
v -0.167953 -0.005963 -0.148054
v -0.166300 -0.005276 -0.148336
v -0.164571 -0.004778 -0.148540
v -0.162789 -0.004476 -0.148663
v -0.175876 -0.015681 -0.141272
v -0.175549 -0.013989 -0.141829
v -0.175010 -0.012346 -0.142369
v -0.174266 -0.010777 -0.142885
v -0.173328 -0.009305 -0.143369
v -0.172210 -0.007951 -0.143815
v -0.170929 -0.006735 -0.144215
v -0.169503 -0.005674 -0.144564
v -0.167952 -0.004785 -0.144856
v -0.166300 -0.004079 -0.145089
v -0.164570 -0.003568 -0.145257
v -0.162789 -0.003259 -0.145359
v -0.175876 -0.014957 -0.138777
v -0.175549 -0.013230 -0.139213
v -0.175009 -0.011553 -0.139636
v -0.174265 -0.009952 -0.140040
v -0.173328 -0.008449 -0.140419
v -0.172210 -0.007067 -0.140768
v -0.170928 -0.005826 -0.141081
v -0.169502 -0.004743 -0.141354
v -0.167952 -0.003835 -0.141583
v -0.166300 -0.003115 -0.141765
v -0.164570 -0.002593 -0.141897
v -0.162788 -0.002278 -0.141977
v -0.175549 -0.012657 -0.136550
v -0.175009 -0.010955 -0.136854
v -0.174265 -0.009329 -0.137144
v -0.173327 -0.007804 -0.137416
v -0.172210 -0.006400 -0.137666
v -0.170928 -0.005140 -0.137891
v -0.169502 -0.004041 -0.138087
v -0.167951 -0.003119 -0.138252
v -0.166299 -0.002388 -0.138382
v -0.164570 -0.001858 -0.138477
v -0.162788 -0.001537 -0.138534
v -0.175876 -0.013862 -0.131073
v -0.175548 -0.012082 -0.131136
v -0.175009 -0.010354 -0.131197
v -0.174265 -0.008703 -0.131256
v -0.173327 -0.007155 -0.131310
v -0.172209 -0.005730 -0.131361
v -0.170928 -0.004451 -0.131406
v -0.169502 -0.003335 -0.131445
v -0.167951 -0.002399 -0.131478
v -0.166299 -0.001657 -0.131505
v -0.164569 -0.001119 -0.131524
v -0.162788 -0.000793 -0.131535
v -0.162788 -0.001042 -0.135048
v -0.164569 -0.001366 -0.135013
v -0.166299 -0.001901 -0.134956
v -0.167951 -0.002639 -0.134878
v -0.169502 -0.003571 -0.134779
v -0.170928 -0.004681 -0.134661
v -0.172209 -0.005954 -0.134525
v -0.173327 -0.007371 -0.134375
v -0.174265 -0.008912 -0.134211
v -0.175009 -0.010555 -0.134036
v -0.175549 -0.012274 -0.133853
v -0.175876 -0.014046 -0.133665
v -0.175876 -0.013862 -0.128475
v -0.175548 -0.012082 -0.128413
v -0.175009 -0.010354 -0.128351
v -0.174265 -0.008703 -0.128293
v -0.173327 -0.007155 -0.128238
v -0.172209 -0.005730 -0.128188
v -0.170928 -0.004451 -0.128143
v -0.169502 -0.003335 -0.128104
v -0.167951 -0.002399 -0.128070
v -0.166299 -0.001657 -0.128044
v -0.164569 -0.001119 -0.128025
v -0.162788 -0.000793 -0.128014
v -0.175876 -0.014046 -0.125884
v -0.175549 -0.012274 -0.125696
v -0.175009 -0.010555 -0.125513
v -0.174265 -0.008912 -0.125338
v -0.173327 -0.007371 -0.125174
v -0.172209 -0.005954 -0.125024
v -0.170928 -0.004681 -0.124888
v -0.169502 -0.003571 -0.124770
v -0.167951 -0.002639 -0.124671
v -0.166299 -0.001901 -0.124593
v -0.164569 -0.001366 -0.124536
v -0.162788 -0.001042 -0.124501
v -0.175876 -0.014411 -0.123312
v -0.175549 -0.012657 -0.122999
v -0.175009 -0.010955 -0.122695
v -0.174265 -0.009329 -0.122405
v -0.173327 -0.007804 -0.122133
v -0.172210 -0.006400 -0.121883
v -0.170928 -0.005140 -0.121658
v -0.169502 -0.004041 -0.121462
v -0.167951 -0.003119 -0.121297
v -0.166299 -0.002388 -0.121167
v -0.164570 -0.001858 -0.121072
v -0.162788 -0.001537 -0.121015
v -0.175876 -0.014957 -0.120772
v -0.175549 -0.013230 -0.120336
v -0.175009 -0.011553 -0.119913
v -0.174265 -0.009952 -0.119509
v -0.173328 -0.008449 -0.119130
v -0.172210 -0.007067 -0.118781
v -0.170928 -0.005826 -0.118468
v -0.169502 -0.004743 -0.118195
v -0.167952 -0.003835 -0.117965
v -0.166300 -0.003115 -0.117784
v -0.164570 -0.002593 -0.117652
v -0.162788 -0.002278 -0.117572
v -0.175876 -0.015681 -0.118277
v -0.175549 -0.013989 -0.117720
v -0.175010 -0.012346 -0.117180
v -0.174266 -0.010777 -0.116664
v -0.173328 -0.009305 -0.116180
v -0.172210 -0.007951 -0.115734
v -0.170929 -0.006735 -0.115334
v -0.169503 -0.005674 -0.114985
v -0.167952 -0.004785 -0.114693
v -0.166300 -0.004079 -0.114460
v -0.164570 -0.003568 -0.114292
v -0.162789 -0.003259 -0.114190
v -0.175877 -0.017647 -0.113470
v -0.175550 -0.016050 -0.112681
v -0.175011 -0.014500 -0.111915
v -0.174267 -0.013019 -0.111184
v -0.173329 -0.011630 -0.110497
v -0.172211 -0.010352 -0.109865
v -0.170930 -0.009204 -0.109298
v -0.169504 -0.008203 -0.108803
v -0.167953 -0.007364 -0.108388
v -0.166301 -0.006698 -0.108059
v -0.164572 -0.006216 -0.107820
v -0.162790 -0.005924 -0.107675
v -0.162789 -0.004476 -0.110886
v -0.164571 -0.004778 -0.111009
v -0.166300 -0.005276 -0.111213
v -0.167953 -0.005963 -0.111495
v -0.169503 -0.006830 -0.111850
v -0.170929 -0.007863 -0.112272
v -0.172211 -0.009048 -0.112757
v -0.173328 -0.010367 -0.113297
v -0.174266 -0.011802 -0.113884
v -0.175010 -0.013330 -0.114509
v -0.175550 -0.014930 -0.115164
v -0.175878 -0.018880 -0.111183
v -0.175551 -0.017342 -0.110283
v -0.175011 -0.015850 -0.109410
v -0.174267 -0.014424 -0.108576
v -0.173329 -0.013087 -0.107793
v -0.172212 -0.011857 -0.107072
v -0.170931 -0.010752 -0.106425
v -0.169504 -0.009788 -0.105861
v -0.167954 -0.008980 -0.105388
v -0.166302 -0.008339 -0.105012
v -0.164572 -0.007875 -0.104740
v -0.162790 -0.007594 -0.104575
v -0.175878 -0.020270 -0.108989
v -0.175551 -0.018800 -0.107982
v -0.175012 -0.017373 -0.107006
v -0.174268 -0.016010 -0.106073
v -0.173330 -0.014731 -0.105198
v -0.172213 -0.013555 -0.104393
v -0.170931 -0.012498 -0.103669
v -0.169505 -0.011577 -0.103038
v -0.167955 -0.010804 -0.102509
v -0.166303 -0.010191 -0.102089
v -0.164573 -0.009747 -0.101785
v -0.162791 -0.009479 -0.101601
v -0.175879 -0.021812 -0.106898
v -0.175552 -0.020416 -0.105790
v -0.175013 -0.019062 -0.104715
v -0.174269 -0.017768 -0.103689
v -0.173331 -0.016554 -0.102725
v -0.172213 -0.015438 -0.101839
v -0.170932 -0.014435 -0.101043
v -0.169506 -0.013560 -0.100349
v -0.167955 -0.012827 -0.099766
v -0.166303 -0.012245 -0.099304
v -0.164574 -0.011824 -0.098969
v -0.162792 -0.011569 -0.098767
v -0.175553 -0.022183 -0.103718
v -0.175013 -0.020908 -0.102550
v -0.174269 -0.019690 -0.101434
v -0.173332 -0.018547 -0.100388
v -0.172214 -0.017496 -0.099425
v -0.170933 -0.016552 -0.098560
v -0.169507 -0.015728 -0.097806
v -0.167956 -0.015038 -0.097173
v -0.166304 -0.014490 -0.096671
v -0.164575 -0.014093 -0.096307
v -0.162793 -0.013853 -0.096087
v -0.175881 -0.027265 -0.101347
v -0.175554 -0.026134 -0.099971
v -0.175015 -0.025035 -0.098636
v -0.174271 -0.023986 -0.097360
v -0.173334 -0.023002 -0.096163
v -0.172216 -0.022097 -0.095062
v -0.170935 -0.021284 -0.094072
v -0.169509 -0.020575 -0.093210
v -0.167959 -0.019980 -0.092486
v -0.166307 -0.019508 -0.091912
v -0.164577 -0.019167 -0.091496
v -0.162795 -0.018960 -0.091243
v -0.162794 -0.016321 -0.093575
v -0.164576 -0.016545 -0.093812
v -0.166305 -0.016915 -0.094203
v -0.167957 -0.017426 -0.094742
v -0.169508 -0.018070 -0.095422
v -0.170934 -0.018838 -0.096233
v -0.172215 -0.019719 -0.097162
v -0.173333 -0.020700 -0.098197
v -0.174270 -0.021766 -0.099321
v -0.175014 -0.022903 -0.100520
v -0.175554 -0.024092 -0.101775
v -0.175881 -0.025318 -0.103067
v -0.175882 -0.029329 -0.099769
v -0.175555 -0.028297 -0.098316
v -0.175016 -0.027296 -0.096906
v -0.174272 -0.026339 -0.095560
v -0.173335 -0.025442 -0.094296
v -0.172217 -0.024616 -0.093134
v -0.170936 -0.023875 -0.092090
v -0.169510 -0.023229 -0.091179
v -0.167960 -0.022687 -0.090415
v -0.166308 -0.022257 -0.089809
v -0.164578 -0.021945 -0.089370
v -0.162796 -0.021757 -0.089104
v -0.175883 -0.031498 -0.098340
v -0.175556 -0.030572 -0.096818
v -0.175017 -0.029672 -0.095341
v -0.174273 -0.028813 -0.093930
v -0.173336 -0.028007 -0.092607
v -0.172218 -0.027266 -0.091389
v -0.170937 -0.026600 -0.090295
v -0.169511 -0.026019 -0.089341
v -0.167961 -0.025533 -0.088541
v -0.166309 -0.025147 -0.087906
v -0.164579 -0.024867 -0.087446
v -0.162798 -0.024698 -0.087167
v -0.175884 -0.033763 -0.097067
v -0.175557 -0.032946 -0.095484
v -0.175018 -0.032153 -0.093947
v -0.174274 -0.031396 -0.092480
v -0.173337 -0.030685 -0.091102
v -0.172220 -0.030032 -0.089835
v -0.170939 -0.029445 -0.088697
v -0.169512 -0.028933 -0.087704
v -0.167962 -0.028504 -0.086872
v -0.166310 -0.028163 -0.086211
v -0.164581 -0.027917 -0.085732
v -0.162799 -0.027768 -0.085442
v -0.175885 -0.036113 -0.095958
v -0.175558 -0.035409 -0.094321
v -0.175019 -0.034727 -0.092732
v -0.174275 -0.034075 -0.091214
v -0.173338 -0.033463 -0.089790
v -0.172221 -0.032900 -0.088480
v -0.170940 -0.032395 -0.087304
v -0.169514 -0.031955 -0.086277
v -0.167963 -0.031585 -0.085416
v -0.166312 -0.031292 -0.084733
v -0.164582 -0.031080 -0.084238
v -0.162800 -0.030952 -0.083938
v -0.175887 -0.041016 -0.094249
v -0.175561 -0.040550 -0.092529
v -0.175021 -0.040098 -0.090860
v -0.174278 -0.039666 -0.089266
v -0.173341 -0.039261 -0.087770
v -0.172223 -0.038888 -0.086394
v -0.170942 -0.038554 -0.085157
v -0.169516 -0.038262 -0.084079
v -0.167966 -0.038017 -0.083175
v -0.166314 -0.037824 -0.082457
v -0.164585 -0.037683 -0.081937
v -0.162803 -0.037599 -0.081622
v -0.162802 -0.034235 -0.082662
v -0.164583 -0.034343 -0.082970
v -0.166313 -0.034520 -0.083479
v -0.167965 -0.034765 -0.084181
v -0.169515 -0.035074 -0.085065
v -0.170941 -0.035441 -0.086120
v -0.172222 -0.035863 -0.087329
v -0.173339 -0.036332 -0.088676
v -0.174277 -0.036842 -0.090139
v -0.175020 -0.037386 -0.091699
v -0.175559 -0.037955 -0.093332
v -0.175886 -0.038542 -0.095014
v -0.175888 -0.043546 -0.093658
v -0.175562 -0.043203 -0.091910
v -0.175023 -0.042869 -0.090213
v -0.174279 -0.042551 -0.088592
v -0.173342 -0.042252 -0.087071
v -0.172225 -0.041978 -0.085672
v -0.170944 -0.041731 -0.084415
v -0.169518 -0.041516 -0.083319
v -0.167968 -0.041336 -0.082400
v -0.166316 -0.041193 -0.081670
v -0.164586 -0.041090 -0.081141
v -0.162805 -0.041028 -0.080821
v -0.175889 -0.046111 -0.093247
v -0.175563 -0.045892 -0.091479
v -0.175024 -0.045679 -0.089763
v -0.174280 -0.045476 -0.088123
v -0.173343 -0.045285 -0.086585
v -0.172226 -0.045110 -0.085170
v -0.170945 -0.044953 -0.083899
v -0.169519 -0.044816 -0.082791
v -0.167969 -0.044701 -0.081861
v -0.166317 -0.044610 -0.081123
v -0.164588 -0.044544 -0.080588
v -0.162806 -0.044505 -0.080264
v -0.159001 -0.050350 -0.079775
v -0.158999 -0.046823 -0.079921
v -0.158998 -0.043316 -0.080316
v -0.158996 -0.039846 -0.080957
v -0.158995 -0.036429 -0.081841
v -0.158993 -0.033084 -0.082964
v -0.158992 -0.029825 -0.084320
v -0.158990 -0.026671 -0.085902
v -0.158989 -0.023636 -0.087703
v -0.158988 -0.020736 -0.089714
v -0.158987 -0.017984 -0.091924
v -0.158986 -0.015396 -0.094323
v -0.158985 -0.012983 -0.096898
v -0.158984 -0.010758 -0.099638
v -0.158983 -0.008731 -0.102527
v -0.158982 -0.006914 -0.105552
v -0.158981 -0.005314 -0.108698
v -0.158981 -0.003940 -0.111949
v -0.158980 -0.002799 -0.115288
v -0.158980 -0.001896 -0.118700
v -0.158980 -0.001237 -0.122167
v -0.158980 -0.000823 -0.125672
v -0.158979 -0.000658 -0.129197
v -0.158979 -0.000742 -0.132725
v -0.158980 -0.001074 -0.136239
v -0.158980 -0.001654 -0.139720
v -0.158980 -0.002477 -0.143152
v -0.158981 -0.003541 -0.146517
v -0.158981 -0.004839 -0.149798
v -0.158982 -0.006366 -0.152980
v -0.158983 -0.008113 -0.156046
v -0.158983 -0.010072 -0.158982
v -0.158984 -0.012234 -0.161772
v -0.158985 -0.014586 -0.164402
v -0.158986 -0.017119 -0.166860
v -0.158988 -0.019818 -0.169133
v -0.158989 -0.022671 -0.171210
v -0.158990 -0.025664 -0.173081
v -0.158991 -0.028781 -0.174736
v -0.158993 -0.032007 -0.176167
v -0.158994 -0.035326 -0.177367
v -0.158996 -0.038721 -0.178330
v -0.158997 -0.042176 -0.179050
v -0.158999 -0.045673 -0.179526
v -0.159000 -0.049195 -0.179753
v -0.159002 -0.052724 -0.179732
v -0.159003 -0.056243 -0.179461
v -0.159005 -0.059734 -0.178943
v -0.159006 -0.063179 -0.178180
v -0.159007 -0.066563 -0.177176
v -0.159009 -0.069867 -0.175936
v -0.159010 -0.073075 -0.174466
v -0.159012 -0.076172 -0.172773
v -0.159013 -0.079141 -0.170866
v -0.159014 -0.081969 -0.168754
v -0.159015 -0.084640 -0.166448
v -0.159016 -0.087143 -0.163960
v -0.159017 -0.089463 -0.161301
v -0.159018 -0.091590 -0.158484
v -0.159019 -0.093513 -0.155525
v -0.159020 -0.095223 -0.152438
v -0.159020 -0.096711 -0.149238
v -0.159021 -0.097969 -0.145941
v -0.159021 -0.098991 -0.142563
v -0.159022 -0.099773 -0.139121
v -0.159022 -0.100310 -0.135633
v -0.159022 -0.100600 -0.132116
v -0.159022 -0.100640 -0.128587
v -0.159022 -0.100432 -0.125064
v -0.159022 -0.099976 -0.121564
v -0.159021 -0.099274 -0.118106
v -0.159021 -0.098330 -0.114705
v -0.159020 -0.097148 -0.111380
v -0.159020 -0.095735 -0.108146
v -0.159019 -0.094097 -0.105020
v -0.159018 -0.092242 -0.102017
v -0.159017 -0.090181 -0.099153
v -0.159017 -0.087922 -0.096441
v -0.159015 -0.085478 -0.093895
v -0.159014 -0.082861 -0.091528
v -0.159013 -0.080083 -0.089352
v -0.159012 -0.077158 -0.087377
v -0.159011 -0.074101 -0.085613
v -0.159009 -0.070928 -0.084069
v -0.159008 -0.067653 -0.082753
v -0.159006 -0.064294 -0.081671
v -0.159005 -0.060867 -0.080828
v -0.159004 -0.057389 -0.080230
v -0.159002 -0.053877 -0.079878
v -0.144001 -0.050447 -0.094775
v -0.143999 -0.047519 -0.094916
v -0.143998 -0.044614 -0.095301
v -0.143997 -0.041750 -0.095928
v -0.143996 -0.038949 -0.096792
v -0.143995 -0.036230 -0.097888
v -0.143993 -0.033613 -0.099207
v -0.143992 -0.031115 -0.100741
v -0.143991 -0.028754 -0.102478
v -0.143990 -0.026547 -0.104407
v -0.143990 -0.024508 -0.106514
v -0.143989 -0.022654 -0.108784
v -0.143988 -0.020996 -0.111201
v -0.143987 -0.019545 -0.113749
v -0.143987 -0.018314 -0.116408
v -0.143987 -0.017309 -0.119162
v -0.143986 -0.016538 -0.121990
v -0.143986 -0.016006 -0.124873
v -0.143986 -0.015717 -0.127790
v -0.143986 -0.015674 -0.130721
v -0.143986 -0.015876 -0.133645
v -0.143986 -0.016322 -0.136542
v -0.143986 -0.017008 -0.139392
v -0.143987 -0.017931 -0.142174
v -0.143987 -0.019083 -0.144870
v -0.143988 -0.020457 -0.147459
v -0.143989 -0.022043 -0.149924
v -0.143989 -0.023830 -0.152248
v -0.143990 -0.025804 -0.154415
v -0.143991 -0.027953 -0.156408
v -0.143992 -0.030262 -0.158215
v -0.143993 -0.032713 -0.159822
v -0.143994 -0.035290 -0.161219
v -0.143995 -0.037975 -0.162395
v -0.143996 -0.040749 -0.163342
v -0.143998 -0.043593 -0.164053
v -0.143999 -0.046486 -0.164525
v -0.144000 -0.049409 -0.164752
v -0.144001 -0.052340 -0.164734
v -0.144003 -0.055259 -0.164471
v -0.144004 -0.058147 -0.163965
v -0.144005 -0.060981 -0.163218
v -0.144006 -0.063744 -0.162237
v -0.144007 -0.066414 -0.161029
v -0.144008 -0.068974 -0.159601
v -0.144010 -0.071406 -0.157964
v -0.144010 -0.073692 -0.156129
v -0.144011 -0.075816 -0.154110
v -0.144012 -0.077765 -0.151919
v -0.144013 -0.079522 -0.149574
v -0.144014 -0.081078 -0.147089
v -0.144014 -0.082420 -0.144483
v -0.144015 -0.083540 -0.141774
v -0.144015 -0.084428 -0.138981
v -0.144015 -0.085080 -0.136123
v -0.144015 -0.085491 -0.133220
v -0.144016 -0.085657 -0.130294
v -0.144016 -0.085578 -0.127364
v -0.144015 -0.085254 -0.124450
v -0.144015 -0.084687 -0.121574
v -0.144015 -0.083881 -0.118756
v -0.144014 -0.082843 -0.116015
v -0.144014 -0.081579 -0.113370
v -0.144013 -0.080097 -0.110841
v -0.144012 -0.078410 -0.108444
v -0.144012 -0.076528 -0.106197
v -0.144011 -0.074464 -0.104115
v -0.144010 -0.072233 -0.102213
v -0.144009 -0.069851 -0.100505
v -0.144008 -0.067335 -0.099001
v -0.144007 -0.064701 -0.097714
v -0.144005 -0.061969 -0.096652
v -0.144004 -0.059158 -0.095822
v -0.144003 -0.056287 -0.095230
v -0.144002 -0.053377 -0.094880
v -0.144126 -0.087469 -0.129774
v -0.144453 -0.089250 -0.129774
v -0.144993 -0.090980 -0.129774
v -0.145737 -0.092631 -0.129774
v -0.146674 -0.094181 -0.129774
v -0.147792 -0.095606 -0.129774
v -0.149073 -0.096886 -0.129774
v -0.150500 -0.098003 -0.129774
v -0.152050 -0.098939 -0.129774
v -0.153702 -0.099682 -0.129774
v -0.155432 -0.100220 -0.129774
v -0.157214 -0.100546 -0.129774
v -0.144126 -0.087103 -0.124595
v -0.144123 -0.081753 -0.110074
v -0.144120 -0.073025 -0.100540
v -0.144111 -0.053905 -0.093110
v -0.144106 -0.041030 -0.094249
v -0.144100 -0.027279 -0.101347
v -0.144095 -0.015695 -0.118277
v -0.144094 -0.013876 -0.131073
v -0.144102 -0.031512 -0.161209
v -0.144107 -0.043560 -0.165891
v -0.144116 -0.063993 -0.164083
v -0.144121 -0.076917 -0.155571
v -0.144124 -0.084216 -0.144904
v -0.144109 -0.048713 -0.093018
v -0.144436 -0.048618 -0.091239
v -0.144975 -0.048527 -0.089512
v -0.145718 -0.048439 -0.087862
v -0.146655 -0.048357 -0.086314
v -0.147772 -0.048281 -0.084891
v -0.149053 -0.048212 -0.083612
v -0.150479 -0.048153 -0.082496
v -0.152029 -0.048102 -0.081560
v -0.153681 -0.048062 -0.080818
v -0.155410 -0.048033 -0.080280
v -0.157192 -0.048015 -0.079954
v -0.157193 -0.051536 -0.079892
v -0.155411 -0.051531 -0.080218
v -0.153682 -0.051522 -0.080757
v -0.152030 -0.051510 -0.081500
v -0.150480 -0.051494 -0.082437
v -0.149054 -0.051475 -0.083554
v -0.147773 -0.051453 -0.084835
v -0.146656 -0.051428 -0.086260
v -0.145719 -0.051401 -0.087810
v -0.144976 -0.051372 -0.089462
v -0.144437 -0.051342 -0.091191
v -0.144110 -0.051310 -0.092972
v -0.144108 -0.046125 -0.093247
v -0.144435 -0.045905 -0.091479
v -0.144973 -0.045692 -0.089763
v -0.145717 -0.045488 -0.088123
v -0.146654 -0.045297 -0.086585
v -0.147771 -0.045120 -0.085170
v -0.149051 -0.044962 -0.083899
v -0.150477 -0.044824 -0.082791
v -0.152027 -0.044708 -0.081861
v -0.153679 -0.044615 -0.081123
v -0.155408 -0.044548 -0.080588
v -0.157190 -0.044507 -0.080264
v -0.144107 -0.043560 -0.093658
v -0.144433 -0.043216 -0.091910
v -0.144972 -0.042882 -0.090213
v -0.145715 -0.042563 -0.088592
v -0.146652 -0.042263 -0.087071
v -0.147769 -0.041988 -0.085672
v -0.149050 -0.041740 -0.084415
v -0.150476 -0.041524 -0.083319
v -0.152026 -0.041343 -0.082400
v -0.153678 -0.041199 -0.081670
v -0.155407 -0.041094 -0.081141
v -0.157189 -0.041030 -0.080821
v -0.144432 -0.040563 -0.092529
v -0.144971 -0.040111 -0.090860
v -0.145714 -0.039678 -0.089266
v -0.146651 -0.039272 -0.087770
v -0.147768 -0.038899 -0.086394
v -0.149049 -0.038563 -0.085157
v -0.150474 -0.038270 -0.084079
v -0.152024 -0.038024 -0.083175
v -0.153676 -0.037829 -0.082457
v -0.155405 -0.037687 -0.081937
v -0.157187 -0.037601 -0.081622
v -0.144104 -0.036126 -0.095958
v -0.144430 -0.035422 -0.094321
v -0.144969 -0.034739 -0.092732
v -0.145712 -0.034087 -0.091214
v -0.146649 -0.033474 -0.089790
v -0.147765 -0.032911 -0.088480
v -0.149046 -0.032404 -0.087304
v -0.150472 -0.031963 -0.086277
v -0.152022 -0.031592 -0.085416
v -0.153673 -0.031298 -0.084733
v -0.155403 -0.031084 -0.084238
v -0.157184 -0.030955 -0.083938
v -0.157186 -0.034237 -0.082663
v -0.155404 -0.034345 -0.082971
v -0.153675 -0.034523 -0.083480
v -0.152023 -0.034769 -0.084182
v -0.150473 -0.035078 -0.085067
v -0.149047 -0.035446 -0.086122
v -0.147767 -0.035868 -0.087331
v -0.146650 -0.036338 -0.088678
v -0.145713 -0.036848 -0.090141
v -0.144970 -0.037392 -0.091701
v -0.144431 -0.037961 -0.093334
v -0.144105 -0.038548 -0.095017
v -0.144103 -0.033777 -0.097067
v -0.144429 -0.032960 -0.095484
v -0.144968 -0.032166 -0.093947
v -0.145711 -0.031408 -0.092480
v -0.146647 -0.030697 -0.091102
v -0.147764 -0.030042 -0.089835
v -0.149045 -0.029454 -0.088697
v -0.150470 -0.028941 -0.087704
v -0.152020 -0.028511 -0.086872
v -0.153672 -0.028169 -0.086211
v -0.155401 -0.027921 -0.085732
v -0.157183 -0.027770 -0.085442
v -0.144102 -0.031512 -0.098340
v -0.144428 -0.030585 -0.096818
v -0.144967 -0.029685 -0.095341
v -0.145710 -0.028825 -0.093930
v -0.146646 -0.028018 -0.092607
v -0.147763 -0.027276 -0.091389
v -0.149044 -0.026609 -0.090295
v -0.150469 -0.026028 -0.089341
v -0.152019 -0.025539 -0.088541
v -0.153671 -0.025152 -0.087906
v -0.155400 -0.024871 -0.087446
v -0.157182 -0.024700 -0.087167
v -0.144101 -0.029342 -0.099769
v -0.144427 -0.028310 -0.098316
v -0.144966 -0.027308 -0.096906
v -0.145709 -0.026351 -0.095560
v -0.146645 -0.025453 -0.094296
v -0.147762 -0.024627 -0.093134
v -0.149042 -0.023884 -0.092090
v -0.150468 -0.023237 -0.091179
v -0.152018 -0.022693 -0.090415
v -0.153670 -0.022262 -0.089809
v -0.155399 -0.021949 -0.089370
v -0.157180 -0.021759 -0.089104
v -0.144426 -0.026147 -0.099971
v -0.144965 -0.025048 -0.098636
v -0.145708 -0.023998 -0.097360
v -0.146644 -0.023013 -0.096163
v -0.147761 -0.022107 -0.095062
v -0.149041 -0.021293 -0.094072
v -0.150467 -0.020583 -0.093210
v -0.152017 -0.019987 -0.092486
v -0.153668 -0.019514 -0.091912
v -0.155398 -0.019171 -0.091496
v -0.157179 -0.018963 -0.091243
v -0.144099 -0.023511 -0.104921
v -0.144424 -0.022197 -0.103718
v -0.144963 -0.020921 -0.102550
v -0.145706 -0.019702 -0.101434
v -0.146642 -0.018558 -0.100388
v -0.147759 -0.017506 -0.099425
v -0.149039 -0.016561 -0.098560
v -0.150465 -0.015736 -0.097806
v -0.152015 -0.015044 -0.097173
v -0.153666 -0.014495 -0.096671
v -0.155395 -0.014097 -0.096307
v -0.157177 -0.013856 -0.096087
v -0.157178 -0.016324 -0.093575
v -0.155396 -0.016549 -0.093812
v -0.153667 -0.016921 -0.094203
v -0.152016 -0.017433 -0.094742
v -0.150466 -0.018078 -0.095422
v -0.149040 -0.018848 -0.096233
v -0.147760 -0.019730 -0.097162
v -0.146643 -0.020711 -0.098197
v -0.145707 -0.021778 -0.099321
v -0.144964 -0.022915 -0.100520
v -0.144425 -0.024106 -0.101775
v -0.144099 -0.025332 -0.103067
v -0.144098 -0.021825 -0.106898
v -0.144424 -0.020430 -0.105790
v -0.144962 -0.019075 -0.104715
v -0.145705 -0.017780 -0.103689
v -0.146641 -0.016565 -0.102725
v -0.147758 -0.015448 -0.101839
v -0.149038 -0.014444 -0.101043
v -0.150464 -0.013568 -0.100349
v -0.152014 -0.012833 -0.099766
v -0.153665 -0.012250 -0.099304
v -0.155394 -0.011828 -0.098969
v -0.157176 -0.011571 -0.098767
v -0.144097 -0.020284 -0.108989
v -0.144423 -0.018813 -0.107982
v -0.144961 -0.017386 -0.107006
v -0.145704 -0.016022 -0.106073
v -0.146641 -0.014742 -0.105198
v -0.147757 -0.013565 -0.104393
v -0.149038 -0.012508 -0.103669
v -0.150463 -0.011585 -0.103038
v -0.152013 -0.010811 -0.102509
v -0.153664 -0.010197 -0.102089
v -0.155394 -0.009751 -0.101785
v -0.157175 -0.009481 -0.101601
v -0.144097 -0.018893 -0.111183
v -0.144422 -0.017355 -0.110283
v -0.144961 -0.015862 -0.109410
v -0.145703 -0.014436 -0.108576
v -0.146640 -0.013098 -0.107793
v -0.147757 -0.011867 -0.107072
v -0.149037 -0.010761 -0.106425
v -0.150462 -0.009796 -0.105861
v -0.152012 -0.008987 -0.105388
v -0.153664 -0.008345 -0.105012
v -0.155393 -0.007879 -0.104740
v -0.157174 -0.007596 -0.104575
v -0.144096 -0.017661 -0.113470
v -0.144422 -0.016063 -0.112681
v -0.144960 -0.014513 -0.111915
v -0.145703 -0.013031 -0.111184
v -0.146639 -0.011641 -0.110497
v -0.147756 -0.010362 -0.109865
v -0.149036 -0.009214 -0.109298
v -0.150462 -0.008211 -0.108803
v -0.152011 -0.007371 -0.108388
v -0.153663 -0.006703 -0.108059
v -0.155392 -0.006220 -0.107820
v -0.157174 -0.005926 -0.107675
v -0.144096 -0.016593 -0.115839
v -0.144421 -0.014944 -0.115164
v -0.144960 -0.013343 -0.114509
v -0.145702 -0.011814 -0.113884
v -0.146639 -0.010379 -0.113297
v -0.147755 -0.009058 -0.112757
v -0.149036 -0.007872 -0.112272
v -0.150461 -0.006838 -0.111850
v -0.152011 -0.005970 -0.111495
v -0.153662 -0.005281 -0.111213
v -0.155391 -0.004782 -0.111009
v -0.157173 -0.004479 -0.110886
v -0.144095 -0.014971 -0.120772
v -0.144421 -0.013243 -0.120336
v -0.144959 -0.011566 -0.119913
v -0.145702 -0.009964 -0.119509
v -0.146638 -0.008461 -0.119130
v -0.147755 -0.007078 -0.118781
v -0.149035 -0.005835 -0.118468
v -0.150460 -0.004751 -0.118195
v -0.152010 -0.003842 -0.117965
v -0.153661 -0.003121 -0.117784
v -0.155391 -0.002597 -0.117652
v -0.157172 -0.002280 -0.117572
v -0.157173 -0.003261 -0.114190
v -0.155391 -0.003572 -0.114292
v -0.153662 -0.004085 -0.114460
v -0.152010 -0.004792 -0.114693
v -0.150461 -0.005683 -0.114985
v -0.149035 -0.006744 -0.115334
v -0.147755 -0.007962 -0.115734
v -0.146638 -0.009317 -0.116180
v -0.145702 -0.010790 -0.116664
v -0.144959 -0.012359 -0.117180
v -0.144421 -0.014002 -0.117720
v -0.144095 -0.014425 -0.123312
v -0.144420 -0.012670 -0.122999
v -0.144959 -0.010968 -0.122695
v -0.145701 -0.009341 -0.122405
v -0.146638 -0.007815 -0.122133
v -0.147754 -0.006411 -0.121883
v -0.149035 -0.005149 -0.121658
v -0.150460 -0.004049 -0.121462
v -0.152010 -0.003126 -0.121297
v -0.153661 -0.002393 -0.121167
v -0.155390 -0.001862 -0.121072
v -0.157172 -0.001540 -0.121015
v -0.144095 -0.014059 -0.125884
v -0.144420 -0.012287 -0.125696
v -0.144958 -0.010567 -0.125513
v -0.145701 -0.008924 -0.125338
v -0.146638 -0.007383 -0.125174
v -0.147754 -0.005964 -0.125024
v -0.149034 -0.004690 -0.124888
v -0.150460 -0.003579 -0.124770
v -0.152009 -0.002646 -0.124671
v -0.153661 -0.001906 -0.124593
v -0.155390 -0.001370 -0.124536
v -0.157172 -0.001044 -0.124501
v -0.144094 -0.013876 -0.128475
v -0.144420 -0.012095 -0.128413
v -0.144958 -0.010367 -0.128351
v -0.145701 -0.008716 -0.128293
v -0.146637 -0.007166 -0.128238
v -0.147754 -0.005740 -0.128188
v -0.149034 -0.004460 -0.128143
v -0.150460 -0.003343 -0.128104
v -0.152009 -0.002406 -0.128070
v -0.153661 -0.001662 -0.128044
v -0.155390 -0.001123 -0.128025
v -0.157171 -0.000796 -0.128014
v -0.144420 -0.012095 -0.131136
v -0.144958 -0.010367 -0.131197
v -0.145701 -0.008716 -0.131256
v -0.146637 -0.007166 -0.131310
v -0.147754 -0.005740 -0.131361
v -0.149034 -0.004460 -0.131406
v -0.150460 -0.003343 -0.131445
v -0.152009 -0.002406 -0.131478
v -0.153661 -0.001662 -0.131505
v -0.155390 -0.001123 -0.131524
v -0.157171 -0.000796 -0.131535
v -0.144095 -0.014425 -0.136237
v -0.144420 -0.012670 -0.136550
v -0.144959 -0.010968 -0.136854
v -0.145701 -0.009341 -0.137144
v -0.146638 -0.007815 -0.137416
v -0.147754 -0.006411 -0.137666
v -0.149035 -0.005149 -0.137891
v -0.150460 -0.004049 -0.138087
v -0.152010 -0.003126 -0.138252
v -0.153661 -0.002393 -0.138382
v -0.155390 -0.001862 -0.138477
v -0.157172 -0.001540 -0.138534
v -0.157172 -0.001044 -0.135048
v -0.155390 -0.001370 -0.135013
v -0.153661 -0.001906 -0.134956
v -0.152009 -0.002646 -0.134878
v -0.150460 -0.003579 -0.134779
v -0.149034 -0.004690 -0.134661
v -0.147754 -0.005964 -0.134525
v -0.146638 -0.007383 -0.134375
v -0.145701 -0.008924 -0.134211
v -0.144958 -0.010567 -0.134036
v -0.144420 -0.012287 -0.133853
v -0.144095 -0.014059 -0.133665
v -0.144095 -0.014971 -0.138777
v -0.144421 -0.013243 -0.139213
v -0.144959 -0.011566 -0.139636
v -0.145702 -0.009964 -0.140040
v -0.146638 -0.008461 -0.140419
v -0.147755 -0.007078 -0.140768
v -0.149035 -0.005835 -0.141081
v -0.150460 -0.004751 -0.141354
v -0.152010 -0.003842 -0.141583
v -0.153661 -0.003121 -0.141765
v -0.155391 -0.002597 -0.141897
v -0.157172 -0.002280 -0.141977
v -0.144095 -0.015695 -0.141272
v -0.144421 -0.014002 -0.141829
v -0.144959 -0.012359 -0.142369
v -0.145702 -0.010790 -0.142885
v -0.146638 -0.009317 -0.143369
v -0.147755 -0.007962 -0.143815
v -0.149035 -0.006744 -0.144215
v -0.150461 -0.005683 -0.144564
v -0.152010 -0.004792 -0.144856
v -0.153662 -0.004085 -0.145089
v -0.155391 -0.003572 -0.145257
v -0.157173 -0.003261 -0.145359
v -0.144096 -0.016593 -0.143710
v -0.144421 -0.014944 -0.144385
v -0.144960 -0.013343 -0.145039
v -0.145702 -0.011814 -0.145665
v -0.146639 -0.010379 -0.146252
v -0.147755 -0.009058 -0.146791
v -0.149036 -0.007872 -0.147276
v -0.150461 -0.006838 -0.147699
v -0.152011 -0.005970 -0.148054
v -0.153662 -0.005281 -0.148336
v -0.155391 -0.004782 -0.148540
v -0.157173 -0.004479 -0.148663
v -0.144096 -0.017661 -0.146078
v -0.144422 -0.016063 -0.146868
v -0.144960 -0.014513 -0.147634
v -0.145703 -0.013031 -0.148365
v -0.146639 -0.011641 -0.149052
v -0.147756 -0.010362 -0.149684
v -0.149036 -0.009214 -0.150251
v -0.150462 -0.008211 -0.150746
v -0.152011 -0.007371 -0.151161
v -0.153663 -0.006703 -0.151490
v -0.155392 -0.006220 -0.151729
v -0.157174 -0.005926 -0.151873
v -0.144097 -0.020284 -0.150560
v -0.144423 -0.018813 -0.151566
v -0.144961 -0.017386 -0.152543
v -0.145704 -0.016022 -0.153476
v -0.146641 -0.014742 -0.154351
v -0.147757 -0.013565 -0.155156
v -0.149038 -0.012508 -0.155880
v -0.150463 -0.011585 -0.156510
v -0.152013 -0.010811 -0.157040
v -0.153664 -0.010197 -0.157459
v -0.155394 -0.009751 -0.157764
v -0.157175 -0.009481 -0.157948
v -0.157174 -0.007597 -0.154974
v -0.155393 -0.007880 -0.154810
v -0.153664 -0.008346 -0.154539
v -0.152012 -0.008989 -0.154164
v -0.150462 -0.009798 -0.153691
v -0.149037 -0.010763 -0.153127
v -0.147757 -0.011870 -0.152481
v -0.146640 -0.013101 -0.151761
v -0.145703 -0.014440 -0.150979
v -0.144961 -0.015866 -0.150145
v -0.144422 -0.017359 -0.149272
v -0.144097 -0.018897 -0.148372
v -0.144098 -0.021825 -0.152651
v -0.144424 -0.020430 -0.153759
v -0.144962 -0.019075 -0.154833
v -0.145705 -0.017780 -0.155860
v -0.146641 -0.016565 -0.156823
v -0.147758 -0.015448 -0.157710
v -0.149038 -0.014444 -0.158506
v -0.150464 -0.013568 -0.159200
v -0.152014 -0.012833 -0.159782
v -0.153665 -0.012250 -0.160244
v -0.155394 -0.011828 -0.160579
v -0.157176 -0.011571 -0.160782
v -0.144099 -0.023511 -0.154628
v -0.144424 -0.022197 -0.155831
v -0.144963 -0.020921 -0.156999
v -0.145706 -0.019702 -0.158114
v -0.146642 -0.018558 -0.159161
v -0.147759 -0.017506 -0.160124
v -0.149039 -0.016561 -0.160989
v -0.150465 -0.015736 -0.161743
v -0.152015 -0.015044 -0.162376
v -0.153666 -0.014495 -0.162878
v -0.155395 -0.014097 -0.163242
v -0.157177 -0.013856 -0.163462
v -0.144099 -0.025332 -0.156481
v -0.144425 -0.024106 -0.157774
v -0.144964 -0.022915 -0.159029
v -0.145707 -0.021778 -0.160227
v -0.146643 -0.020711 -0.161352
v -0.147760 -0.019730 -0.162387
v -0.149040 -0.018848 -0.163316
v -0.150466 -0.018078 -0.164127
v -0.152016 -0.017433 -0.164807
v -0.153667 -0.016921 -0.165346
v -0.155396 -0.016549 -0.165737
v -0.157178 -0.016324 -0.165974
v -0.144100 -0.027279 -0.158202
v -0.144426 -0.026147 -0.159578
v -0.144965 -0.025048 -0.160913
v -0.145708 -0.023998 -0.162189
v -0.146644 -0.023013 -0.163386
v -0.147761 -0.022107 -0.164487
v -0.149041 -0.021293 -0.165477
v -0.150467 -0.020583 -0.166339
v -0.152017 -0.019987 -0.167063
v -0.153668 -0.019514 -0.167637
v -0.155398 -0.019171 -0.168053
v -0.157179 -0.018963 -0.168305
v -0.144101 -0.029342 -0.159780
v -0.144427 -0.028310 -0.161233
v -0.144966 -0.027308 -0.162642
v -0.145709 -0.026351 -0.163989
v -0.146645 -0.025453 -0.165253
v -0.147762 -0.024627 -0.166415
v -0.149042 -0.023884 -0.167459
v -0.150468 -0.023237 -0.168370
v -0.152018 -0.022693 -0.169134
v -0.153670 -0.022262 -0.169740
v -0.155399 -0.021949 -0.170179
v -0.157180 -0.021759 -0.170445
v -0.144103 -0.033777 -0.162482
v -0.144429 -0.032960 -0.164065
v -0.144968 -0.032166 -0.165602
v -0.145711 -0.031408 -0.167069
v -0.146647 -0.030697 -0.168447
v -0.147764 -0.030042 -0.169714
v -0.149045 -0.029454 -0.170852
v -0.150470 -0.028941 -0.171845
v -0.152020 -0.028511 -0.172677
v -0.153672 -0.028169 -0.173338
v -0.155401 -0.027921 -0.173817
v -0.157183 -0.027770 -0.174107
v -0.157182 -0.024700 -0.172382
v -0.155400 -0.024871 -0.172103
v -0.153671 -0.025152 -0.171643
v -0.152019 -0.025539 -0.171008
v -0.150469 -0.026028 -0.170208
v -0.149044 -0.026609 -0.169254
v -0.147763 -0.027276 -0.168160
v -0.146646 -0.028018 -0.166942
v -0.145710 -0.028825 -0.165618
v -0.144967 -0.029685 -0.164208
v -0.144428 -0.030585 -0.162731
v -0.144104 -0.036126 -0.163591
v -0.144430 -0.035422 -0.165228
v -0.144969 -0.034739 -0.166817
v -0.145712 -0.034087 -0.168334
v -0.146649 -0.033474 -0.169759
v -0.147765 -0.032911 -0.171069
v -0.149046 -0.032404 -0.172245
v -0.150472 -0.031963 -0.173272
v -0.152022 -0.031592 -0.174133
v -0.153673 -0.031298 -0.174816
v -0.155403 -0.031084 -0.175311
v -0.157184 -0.030955 -0.175611
v -0.144105 -0.038548 -0.164532
v -0.144431 -0.037961 -0.166215
v -0.144970 -0.037392 -0.167848
v -0.145713 -0.036848 -0.169407
v -0.146650 -0.036338 -0.170871
v -0.147767 -0.035868 -0.172218
v -0.149047 -0.035446 -0.173427
v -0.150473 -0.035078 -0.174482
v -0.152023 -0.034769 -0.175367
v -0.153675 -0.034523 -0.176069
v -0.155404 -0.034345 -0.176578
v -0.157186 -0.034237 -0.176886
v -0.144106 -0.041030 -0.165300
v -0.144432 -0.040563 -0.167020
v -0.144971 -0.040111 -0.168689
v -0.145714 -0.039678 -0.170283
v -0.146651 -0.039272 -0.171779
v -0.147768 -0.038899 -0.173155
v -0.149049 -0.038563 -0.174392
v -0.150474 -0.038270 -0.175470
v -0.152024 -0.038024 -0.176374
v -0.153676 -0.037829 -0.177092
v -0.155405 -0.037687 -0.177612
v -0.157187 -0.037601 -0.177927
v -0.144433 -0.043216 -0.167639
v -0.144972 -0.042882 -0.169336
v -0.145715 -0.042563 -0.170957
v -0.146652 -0.042263 -0.172478
v -0.147769 -0.041988 -0.173877
v -0.149050 -0.041740 -0.175134
v -0.150476 -0.041524 -0.176230
v -0.152026 -0.041343 -0.177149
v -0.153678 -0.041199 -0.177879
v -0.155407 -0.041094 -0.178407
v -0.157189 -0.041030 -0.178728
v -0.144109 -0.048713 -0.166531
v -0.144436 -0.048618 -0.168310
v -0.144975 -0.048527 -0.170037
v -0.145718 -0.048439 -0.171686
v -0.146655 -0.048357 -0.173234
v -0.147772 -0.048281 -0.174658
v -0.149053 -0.048212 -0.175937
v -0.150479 -0.048153 -0.177053
v -0.152029 -0.048102 -0.177989
v -0.153681 -0.048062 -0.178731
v -0.155410 -0.048033 -0.179269
v -0.157192 -0.048015 -0.179595
v -0.157190 -0.044507 -0.179285
v -0.155408 -0.044548 -0.178961
v -0.153679 -0.044615 -0.178426
v -0.152027 -0.044708 -0.177688
v -0.150477 -0.044824 -0.176758
v -0.149051 -0.044962 -0.175650
v -0.147771 -0.045120 -0.174379
v -0.146654 -0.045297 -0.172964
v -0.145717 -0.045488 -0.171425
v -0.144973 -0.045692 -0.169786
v -0.144435 -0.045905 -0.168070
v -0.144108 -0.046125 -0.166302
v -0.144110 -0.051310 -0.166577
v -0.144437 -0.051342 -0.168358
v -0.144976 -0.051372 -0.170087
v -0.145719 -0.051401 -0.171739
v -0.146656 -0.051428 -0.173289
v -0.147773 -0.051453 -0.174714
v -0.149054 -0.051475 -0.175995
v -0.150480 -0.051494 -0.177112
v -0.152030 -0.051510 -0.178049
v -0.153682 -0.051522 -0.178792
v -0.155411 -0.051531 -0.179331
v -0.157193 -0.051536 -0.179657
v -0.144111 -0.053905 -0.166439
v -0.144438 -0.054062 -0.168214
v -0.144977 -0.054214 -0.169937
v -0.145720 -0.054359 -0.171582
v -0.146658 -0.054495 -0.173126
v -0.147775 -0.054621 -0.174546
v -0.149056 -0.054733 -0.175822
v -0.150481 -0.054831 -0.176935
v -0.152032 -0.054913 -0.177868
v -0.153683 -0.054978 -0.178609
v -0.155413 -0.055024 -0.179146
v -0.157195 -0.055052 -0.179471
v -0.144113 -0.056483 -0.166119
v -0.144439 -0.056765 -0.167878
v -0.144978 -0.057038 -0.169586
v -0.145722 -0.057299 -0.171217
v -0.146659 -0.057544 -0.172747
v -0.147776 -0.057769 -0.174155
v -0.149057 -0.057971 -0.175420
v -0.150483 -0.058147 -0.176523
v -0.152033 -0.058295 -0.177448
v -0.153685 -0.058412 -0.178182
v -0.155414 -0.058496 -0.178715
v -0.157196 -0.058547 -0.179037
v -0.144114 -0.059032 -0.165618
v -0.144440 -0.059437 -0.167353
v -0.144979 -0.059830 -0.169037
v -0.145723 -0.060206 -0.170645
v -0.146660 -0.060558 -0.172155
v -0.147777 -0.060882 -0.173543
v -0.149058 -0.061173 -0.174791
v -0.150484 -0.061426 -0.175878
v -0.152035 -0.061638 -0.176791
v -0.153686 -0.061807 -0.177515
v -0.155416 -0.061929 -0.178040
v -0.157197 -0.062002 -0.178358
v -0.144115 -0.061540 -0.164938
v -0.144441 -0.062066 -0.166640
v -0.144981 -0.062577 -0.168292
v -0.145724 -0.063065 -0.169870
v -0.146661 -0.063523 -0.171351
v -0.147779 -0.063944 -0.172713
v -0.149060 -0.064322 -0.173937
v -0.150486 -0.064651 -0.175004
v -0.152036 -0.064928 -0.175899
v -0.153688 -0.065147 -0.176609
v -0.155417 -0.065305 -0.177124
v -0.157199 -0.065401 -0.177436
v -0.144117 -0.066380 -0.163057
v -0.144444 -0.067141 -0.164668
v -0.144983 -0.067879 -0.166232
v -0.145726 -0.068584 -0.167726
v -0.146664 -0.069246 -0.169127
v -0.147781 -0.069854 -0.170416
v -0.149062 -0.070401 -0.171575
v -0.150488 -0.070877 -0.172585
v -0.152039 -0.071277 -0.173432
v -0.153691 -0.071593 -0.174104
v -0.155420 -0.071823 -0.174592
v -0.157202 -0.071961 -0.174887
v -0.157200 -0.068726 -0.176277
v -0.155419 -0.068609 -0.175973
v -0.153689 -0.068414 -0.175471
v -0.152037 -0.068146 -0.174778
v -0.150487 -0.067807 -0.173904
v -0.149061 -0.067403 -0.172863
v -0.147780 -0.066940 -0.171669
v -0.146663 -0.066424 -0.170340
v -0.145725 -0.065862 -0.168895
v -0.144982 -0.065264 -0.167356
v -0.144443 -0.064638 -0.165744
v -0.144118 -0.068689 -0.161865
v -0.144445 -0.069561 -0.163419
v -0.144984 -0.070408 -0.164927
v -0.145728 -0.071217 -0.166367
v -0.146665 -0.071975 -0.167718
v -0.147782 -0.072673 -0.168961
v -0.149063 -0.073300 -0.170078
v -0.150490 -0.073846 -0.171052
v -0.152040 -0.074305 -0.171869
v -0.153692 -0.074668 -0.172517
v -0.155421 -0.074931 -0.172987
v -0.157203 -0.075091 -0.173271
v -0.144119 -0.070907 -0.160514
v -0.144446 -0.071887 -0.162002
v -0.144985 -0.072838 -0.163446
v -0.145729 -0.073746 -0.164825
v -0.146666 -0.074599 -0.166120
v -0.147784 -0.075383 -0.167311
v -0.149065 -0.076087 -0.168380
v -0.150491 -0.076700 -0.169313
v -0.152041 -0.077215 -0.170096
v -0.153693 -0.077623 -0.170717
v -0.155423 -0.077919 -0.171167
v -0.157204 -0.078098 -0.171440
v -0.144120 -0.073025 -0.159009
v -0.144447 -0.074108 -0.160424
v -0.144986 -0.075158 -0.161798
v -0.145730 -0.076161 -0.163110
v -0.146667 -0.077103 -0.164341
v -0.147785 -0.077969 -0.165473
v -0.149066 -0.078746 -0.166491
v -0.150492 -0.079425 -0.167378
v -0.152042 -0.079993 -0.168122
v -0.153694 -0.080444 -0.168713
v -0.155424 -0.080771 -0.169141
v -0.157206 -0.080969 -0.169400
v -0.144120 -0.075032 -0.157359
v -0.144447 -0.076211 -0.158694
v -0.144987 -0.077356 -0.159990
v -0.145731 -0.078449 -0.161228
v -0.146668 -0.079475 -0.162389
v -0.147786 -0.080419 -0.163458
v -0.149067 -0.081266 -0.164418
v -0.150493 -0.082005 -0.165255
v -0.152043 -0.082625 -0.165957
v -0.153695 -0.083117 -0.166514
v -0.155425 -0.083473 -0.166918
v -0.157207 -0.083688 -0.167163
v -0.144122 -0.078671 -0.153655
v -0.144449 -0.080027 -0.154811
v -0.144988 -0.081342 -0.155932
v -0.145732 -0.082599 -0.157004
v -0.146670 -0.083778 -0.158010
v -0.147788 -0.084863 -0.158935
v -0.149069 -0.085837 -0.159766
v -0.150495 -0.086687 -0.160491
v -0.152045 -0.087399 -0.161099
v -0.153697 -0.087964 -0.161581
v -0.155427 -0.088373 -0.161930
v -0.157209 -0.088621 -0.162142
v -0.157208 -0.086243 -0.164740
v -0.155426 -0.086011 -0.164511
v -0.153696 -0.085627 -0.164133
v -0.152044 -0.085098 -0.163612
v -0.150494 -0.084430 -0.162955
v -0.149068 -0.083634 -0.162173
v -0.147787 -0.082721 -0.161275
v -0.146669 -0.081704 -0.160276
v -0.145732 -0.080599 -0.159189
v -0.144988 -0.079421 -0.158032
v -0.144448 -0.078188 -0.156820
v -0.144123 -0.080286 -0.151619
v -0.144450 -0.081720 -0.152677
v -0.144989 -0.083111 -0.153703
v -0.145733 -0.084440 -0.154683
v -0.146671 -0.085688 -0.155603
v -0.147788 -0.086835 -0.156450
v -0.149070 -0.087865 -0.157210
v -0.150496 -0.088763 -0.157873
v -0.152046 -0.089517 -0.158429
v -0.153698 -0.090115 -0.158870
v -0.155428 -0.090548 -0.159190
v -0.157210 -0.090810 -0.159384
v -0.144123 -0.081753 -0.149475
v -0.144450 -0.083258 -0.150429
v -0.144990 -0.084718 -0.151354
v -0.145734 -0.086113 -0.152238
v -0.146672 -0.087422 -0.153068
v -0.147789 -0.088626 -0.153831
v -0.149070 -0.089708 -0.154517
v -0.150497 -0.090651 -0.155115
v -0.152047 -0.091441 -0.155616
v -0.153699 -0.092069 -0.156014
v -0.155429 -0.092523 -0.156303
v -0.157211 -0.092798 -0.156477
v -0.144124 -0.083065 -0.147233
v -0.144451 -0.084633 -0.148078
v -0.144991 -0.086156 -0.148898
v -0.145735 -0.087610 -0.149682
v -0.146672 -0.088974 -0.150417
v -0.147790 -0.090229 -0.151093
v -0.149071 -0.091356 -0.151701
v -0.150497 -0.092338 -0.152231
v -0.152048 -0.093163 -0.152675
v -0.153700 -0.093817 -0.153028
v -0.155429 -0.094290 -0.153283
v -0.157211 -0.094577 -0.153438
v -0.144452 -0.085840 -0.145636
v -0.144991 -0.087416 -0.146347
v -0.145735 -0.088922 -0.147026
v -0.146673 -0.090334 -0.147663
v -0.147790 -0.091634 -0.148249
v -0.149072 -0.092801 -0.148775
v -0.150498 -0.093819 -0.149235
v -0.152049 -0.094672 -0.149620
v -0.153701 -0.095349 -0.149925
v -0.155430 -0.095840 -0.150147
v -0.157212 -0.096137 -0.150281
v -0.144125 -0.086011 -0.140031
v -0.144452 -0.087722 -0.140528
v -0.144992 -0.089383 -0.141009
v -0.145736 -0.090969 -0.141470
v -0.146674 -0.092457 -0.141902
v -0.147791 -0.093826 -0.142299
v -0.149073 -0.095055 -0.142656
v -0.150499 -0.096128 -0.142967
v -0.152050 -0.097027 -0.143228
v -0.153702 -0.097740 -0.143435
v -0.155431 -0.098257 -0.143586
v -0.157213 -0.098570 -0.143677
v -0.157213 -0.097470 -0.147022
v -0.155431 -0.097164 -0.146909
v -0.153701 -0.096659 -0.146723
v -0.152049 -0.095962 -0.146466
v -0.150499 -0.095084 -0.146142
v -0.149072 -0.094036 -0.145755
v -0.147791 -0.092835 -0.145313
v -0.146673 -0.091497 -0.144820
v -0.145736 -0.090043 -0.144284
v -0.144992 -0.088494 -0.143713
v -0.144452 -0.086871 -0.143115
v -0.144125 -0.085199 -0.142499
v -0.144125 -0.086646 -0.137512
v -0.144453 -0.088388 -0.137886
v -0.144992 -0.090079 -0.138250
v -0.145736 -0.091693 -0.138597
v -0.146674 -0.093208 -0.138923
v -0.147792 -0.094602 -0.139223
v -0.149073 -0.095854 -0.139492
v -0.150499 -0.096945 -0.139727
v -0.152050 -0.097861 -0.139924
v -0.153702 -0.098587 -0.140080
v -0.155432 -0.099113 -0.140193
v -0.157213 -0.099431 -0.140262
v -0.144126 -0.087103 -0.134954
v -0.144453 -0.088866 -0.135205
v -0.144992 -0.090578 -0.135448
v -0.145737 -0.092213 -0.135681
v -0.146674 -0.093748 -0.135899
v -0.147792 -0.095159 -0.136100
v -0.149073 -0.096426 -0.136280
v -0.150500 -0.097532 -0.136437
v -0.152050 -0.098459 -0.136569
v -0.153702 -0.099194 -0.136674
v -0.155432 -0.099727 -0.136749
v -0.157214 -0.100049 -0.136795
v -0.144126 -0.087377 -0.132371
v -0.144453 -0.089154 -0.132496
v -0.144993 -0.090879 -0.132618
v -0.145737 -0.092527 -0.132735
v -0.146674 -0.094072 -0.132844
v -0.147792 -0.095494 -0.132945
v -0.149073 -0.096771 -0.133035
v -0.150500 -0.097885 -0.133114
v -0.152050 -0.098819 -0.133180
v -0.153702 -0.099560 -0.133233
v -0.155432 -0.100097 -0.133271
v -0.157214 -0.100422 -0.133294
v -0.144126 -0.087377 -0.127178
v -0.144453 -0.089154 -0.127052
v -0.144993 -0.090879 -0.126930
v -0.145737 -0.092527 -0.126814
v -0.146674 -0.094072 -0.126704
v -0.147792 -0.095494 -0.126604
v -0.149073 -0.096771 -0.126514
v -0.150500 -0.097885 -0.126435
v -0.152050 -0.098819 -0.126369
v -0.153702 -0.099560 -0.126316
v -0.155432 -0.100097 -0.126278
v -0.157214 -0.100422 -0.126255
v -0.144125 -0.086646 -0.122037
v -0.144453 -0.088388 -0.121662
v -0.144992 -0.090079 -0.121299
v -0.145736 -0.091693 -0.120952
v -0.146674 -0.093208 -0.120626
v -0.147792 -0.094602 -0.120326
v -0.149073 -0.095854 -0.120057
v -0.150499 -0.096945 -0.119822
v -0.152050 -0.097861 -0.119625
v -0.153702 -0.098587 -0.119469
v -0.155432 -0.099113 -0.119355
v -0.157213 -0.099431 -0.119287
v -0.157214 -0.100049 -0.122753
v -0.155432 -0.099727 -0.122799
v -0.153702 -0.099194 -0.122875
v -0.152050 -0.098459 -0.122980
v -0.150500 -0.097532 -0.123112
v -0.149073 -0.096426 -0.123269
v -0.147792 -0.095159 -0.123449
v -0.146674 -0.093748 -0.123650
v -0.145737 -0.092213 -0.123868
v -0.144992 -0.090578 -0.124100
v -0.144453 -0.088866 -0.124344
v -0.144125 -0.086011 -0.119518
v -0.144452 -0.087722 -0.119021
v -0.144992 -0.089383 -0.118539
v -0.145736 -0.090969 -0.118079
v -0.146674 -0.092457 -0.117647
v -0.147791 -0.093826 -0.117250
v -0.149073 -0.095055 -0.116893
v -0.150499 -0.096128 -0.116582
v -0.152050 -0.097027 -0.116321
v -0.153702 -0.097740 -0.116113
v -0.155431 -0.098257 -0.115963
v -0.157213 -0.098570 -0.115872
v -0.144125 -0.085199 -0.117050
v -0.144452 -0.086871 -0.116434
v -0.144992 -0.088494 -0.115836
v -0.145736 -0.090043 -0.115265
v -0.146673 -0.091497 -0.114729
v -0.147791 -0.092835 -0.114236
v -0.149072 -0.094036 -0.113793
v -0.150499 -0.095084 -0.113407
v -0.152049 -0.095962 -0.113083
v -0.153701 -0.096659 -0.112826
v -0.155431 -0.097164 -0.112640
v -0.157213 -0.097470 -0.112527
v -0.144124 -0.084216 -0.114645
v -0.144452 -0.085840 -0.113913
v -0.144991 -0.087416 -0.113202
v -0.145735 -0.088922 -0.112523
v -0.146673 -0.090334 -0.111886
v -0.147790 -0.091634 -0.111300
v -0.149072 -0.092801 -0.110773
v -0.150498 -0.093819 -0.110314
v -0.152049 -0.094672 -0.109929
v -0.153701 -0.095349 -0.109623
v -0.155430 -0.095840 -0.109402
v -0.157212 -0.096137 -0.109268
v -0.144124 -0.083065 -0.112316
v -0.144451 -0.084633 -0.111471
v -0.144991 -0.086156 -0.110651
v -0.145735 -0.087610 -0.109867
v -0.146672 -0.088974 -0.109132
v -0.147790 -0.090229 -0.108456
v -0.149071 -0.091356 -0.107848
v -0.150497 -0.092338 -0.107318
v -0.152048 -0.093163 -0.106874
v -0.153700 -0.093817 -0.106521
v -0.155429 -0.094290 -0.106266
v -0.157211 -0.094577 -0.106111
v -0.144123 -0.080286 -0.107929
v -0.144450 -0.081720 -0.106872
v -0.144989 -0.083111 -0.105846
v -0.145733 -0.084440 -0.104865
v -0.146671 -0.085688 -0.103946
v -0.147788 -0.086835 -0.103099
v -0.149070 -0.087865 -0.102339
v -0.150496 -0.088763 -0.101676
v -0.152046 -0.089517 -0.101120
v -0.153698 -0.090115 -0.100679
v -0.155428 -0.090548 -0.100359
v -0.157210 -0.090810 -0.100165
v -0.157211 -0.092798 -0.103071
v -0.155429 -0.092523 -0.103246
v -0.153699 -0.092069 -0.103535
v -0.152047 -0.091441 -0.103932
v -0.150497 -0.090651 -0.104434
v -0.149070 -0.089708 -0.105032
v -0.147789 -0.088626 -0.105717
v -0.146672 -0.087422 -0.106481
v -0.145734 -0.086113 -0.107310
v -0.144990 -0.084718 -0.108194
v -0.144450 -0.083258 -0.109120
v -0.144122 -0.078671 -0.105894
v -0.144449 -0.080027 -0.104738
v -0.144988 -0.081342 -0.103616
v -0.145732 -0.082599 -0.102545
v -0.146670 -0.083778 -0.101539
v -0.147788 -0.084863 -0.100614
v -0.149069 -0.085837 -0.099783
v -0.150495 -0.086687 -0.099058
v -0.152045 -0.087399 -0.098450
v -0.153697 -0.087964 -0.097968
v -0.155427 -0.088373 -0.097618
v -0.157209 -0.088621 -0.097407
v -0.144121 -0.076917 -0.103978
v -0.144448 -0.078188 -0.102729
v -0.144988 -0.079421 -0.101517
v -0.145732 -0.080599 -0.100360
v -0.146669 -0.081704 -0.099273
v -0.147787 -0.082721 -0.098274
v -0.149068 -0.083634 -0.097376
v -0.150494 -0.084430 -0.096593
v -0.152044 -0.085098 -0.095937
v -0.153696 -0.085627 -0.095416
v -0.155426 -0.086011 -0.095038
v -0.157208 -0.086243 -0.094809
v -0.144120 -0.075032 -0.102190
v -0.144447 -0.076211 -0.100855
v -0.144987 -0.077356 -0.099559
v -0.145731 -0.078449 -0.098321
v -0.146668 -0.079475 -0.097159
v -0.147786 -0.080419 -0.096091
v -0.149067 -0.081266 -0.095131
v -0.150493 -0.082005 -0.094294
v -0.152043 -0.082625 -0.093592
v -0.153695 -0.083117 -0.093034
v -0.155425 -0.083473 -0.092631
v -0.157207 -0.083688 -0.092386
v -0.144447 -0.074108 -0.099125
v -0.144986 -0.075158 -0.097751
v -0.145730 -0.076161 -0.096439
v -0.146667 -0.077103 -0.095208
v -0.147785 -0.077969 -0.094075
v -0.149066 -0.078746 -0.093058
v -0.150492 -0.079425 -0.092171
v -0.152042 -0.079993 -0.091427
v -0.153694 -0.080444 -0.090836
v -0.155424 -0.080771 -0.090408
v -0.157206 -0.080969 -0.090149
v -0.144118 -0.068689 -0.097683
v -0.144445 -0.069561 -0.096130
v -0.144984 -0.070408 -0.094622
v -0.145728 -0.071217 -0.093182
v -0.146665 -0.071975 -0.091831
v -0.147782 -0.072673 -0.090588
v -0.149063 -0.073300 -0.089471
v -0.150490 -0.073846 -0.088497
v -0.152040 -0.074305 -0.087680
v -0.153692 -0.074668 -0.087032
v -0.155421 -0.074931 -0.086562
v -0.157203 -0.075091 -0.086277
v -0.157204 -0.078098 -0.088109
v -0.155423 -0.077919 -0.088382
v -0.153693 -0.077623 -0.088832
v -0.152041 -0.077215 -0.089453
v -0.150491 -0.076700 -0.090235
v -0.149065 -0.076087 -0.091168
v -0.147784 -0.075383 -0.092238
v -0.146666 -0.074599 -0.093429
v -0.145729 -0.073746 -0.094723
v -0.144985 -0.072838 -0.096103
v -0.144446 -0.071887 -0.097547
v -0.144119 -0.070907 -0.099035
v -0.144117 -0.066380 -0.096492
v -0.144444 -0.067141 -0.094881
v -0.144983 -0.067879 -0.093317
v -0.145726 -0.068584 -0.091823
v -0.146664 -0.069246 -0.090422
v -0.147781 -0.069854 -0.089132
v -0.149062 -0.070401 -0.087974
v -0.150488 -0.070877 -0.086964
v -0.152039 -0.071277 -0.086117
v -0.153691 -0.071593 -0.085445
v -0.155420 -0.071823 -0.084957
v -0.157202 -0.071961 -0.084662
v -0.144116 -0.063993 -0.095466
v -0.144443 -0.064638 -0.093805
v -0.144982 -0.065264 -0.092193
v -0.145725 -0.065862 -0.090654
v -0.146663 -0.066424 -0.089209
v -0.147780 -0.066940 -0.087880
v -0.149061 -0.067403 -0.086686
v -0.150487 -0.067807 -0.085645
v -0.152037 -0.068146 -0.084771
v -0.153689 -0.068414 -0.084078
v -0.155419 -0.068609 -0.083576
v -0.157200 -0.068726 -0.083272
v -0.144115 -0.061540 -0.094611
v -0.144441 -0.062066 -0.092909
v -0.144981 -0.062577 -0.091257
v -0.145724 -0.063065 -0.089679
v -0.146661 -0.063523 -0.088198
v -0.147779 -0.063944 -0.086836
v -0.149060 -0.064322 -0.085612
v -0.150486 -0.064651 -0.084545
v -0.152036 -0.064928 -0.083650
v -0.153688 -0.065147 -0.082939
v -0.155417 -0.065305 -0.082425
v -0.157199 -0.065401 -0.082113
v -0.144114 -0.059032 -0.093931
v -0.144440 -0.059437 -0.092196
v -0.144979 -0.059830 -0.090512
v -0.145723 -0.060206 -0.088903
v -0.146660 -0.060558 -0.087394
v -0.147777 -0.060882 -0.086005
v -0.149058 -0.061173 -0.084758
v -0.150484 -0.061426 -0.083670
v -0.152035 -0.061638 -0.082758
v -0.153686 -0.061807 -0.082034
v -0.155416 -0.061929 -0.081509
v -0.157197 -0.062002 -0.081191
v -0.144113 -0.056483 -0.093430
v -0.144439 -0.056765 -0.091670
v -0.144978 -0.057038 -0.089963
v -0.145722 -0.057299 -0.088332
v -0.146659 -0.057544 -0.086801
v -0.147776 -0.057769 -0.085393
v -0.149057 -0.057971 -0.084129
v -0.150483 -0.058147 -0.083026
v -0.152033 -0.058295 -0.082100
v -0.153685 -0.058412 -0.081366
v -0.155414 -0.058496 -0.080834
v -0.157196 -0.058547 -0.080512
v -0.157195 -0.055052 -0.080078
v -0.155413 -0.055024 -0.080403
v -0.153683 -0.054978 -0.080940
v -0.152032 -0.054913 -0.081680
v -0.150481 -0.054831 -0.082614
v -0.149056 -0.054733 -0.083727
v -0.147775 -0.054621 -0.085002
v -0.146658 -0.054495 -0.086423
v -0.145720 -0.054359 -0.087967
v -0.144977 -0.054214 -0.089612
v -0.144438 -0.054062 -0.091335
v -0.144001 -0.050661 -0.123774
v -0.144000 -0.049453 -0.123897
v -0.144000 -0.048295 -0.124261
v -0.143999 -0.047233 -0.124850
v -0.143999 -0.046312 -0.125641
v -0.143999 -0.045569 -0.126601
v -0.143998 -0.045034 -0.127691
v -0.143998 -0.044730 -0.128866
v -0.143998 -0.044669 -0.130078
v -0.143998 -0.044852 -0.131278
v -0.143998 -0.045274 -0.132417
v -0.143999 -0.045916 -0.133447
v -0.143999 -0.046753 -0.134327
v -0.143999 -0.047749 -0.135020
v -0.144000 -0.048865 -0.135499
v -0.144000 -0.050054 -0.135744
v -0.144001 -0.051268 -0.135744
v -0.144001 -0.052457 -0.135499
v -0.144002 -0.053573 -0.135020
v -0.144002 -0.054569 -0.134327
v -0.144003 -0.055406 -0.133447
v -0.144003 -0.056048 -0.132417
v -0.144003 -0.056469 -0.131278
v -0.144003 -0.056653 -0.130078
v -0.144003 -0.056592 -0.128866
v -0.144003 -0.056287 -0.127691
v -0.144003 -0.055753 -0.126601
v -0.144003 -0.055010 -0.125641
v -0.144002 -0.054089 -0.124850
v -0.144002 -0.053027 -0.124261
v -0.144001 -0.051869 -0.123897
v -0.139003 -0.055135 -0.133774
v -0.139003 -0.055841 -0.132806
v -0.139003 -0.056340 -0.131717
v -0.139003 -0.056613 -0.130550
v -0.139003 -0.056648 -0.129352
v -0.139003 -0.056445 -0.128171
v -0.139003 -0.056011 -0.127054
v -0.139003 -0.055364 -0.126046
v -0.139002 -0.054529 -0.125186
v -0.139002 -0.053540 -0.124509
v -0.139001 -0.052437 -0.124043
v -0.139001 -0.051262 -0.123804
v -0.139000 -0.050064 -0.123804
v -0.139000 -0.048890 -0.124043
v -0.138999 -0.047786 -0.124509
v -0.138999 -0.046797 -0.125186
v -0.138999 -0.045962 -0.126046
v -0.138998 -0.045315 -0.127054
v -0.138998 -0.044881 -0.128171
v -0.138998 -0.044678 -0.129352
v -0.138998 -0.044713 -0.130550
v -0.138998 -0.044986 -0.131717
v -0.138998 -0.045485 -0.132806
v -0.138999 -0.046191 -0.133774
v -0.136499 -0.046192 -0.133774
v -0.136498 -0.045486 -0.132806
v -0.136498 -0.044987 -0.131717
v -0.136498 -0.044714 -0.130550
v -0.136498 -0.044679 -0.129352
v -0.136498 -0.044882 -0.128171
v -0.136498 -0.045316 -0.127054
v -0.136499 -0.045963 -0.126046
v -0.136499 -0.046798 -0.125186
v -0.136499 -0.047787 -0.124509
v -0.136500 -0.048891 -0.124043
v -0.136500 -0.050065 -0.123804
v -0.136501 -0.051263 -0.123804
v -0.136501 -0.052438 -0.124043
v -0.136502 -0.053541 -0.124509
v -0.136502 -0.054530 -0.125186
v -0.136503 -0.055365 -0.126046
v -0.136503 -0.056012 -0.127054
v -0.136503 -0.056446 -0.128171
v -0.136503 -0.056649 -0.129352
v -0.136503 -0.056614 -0.130550
v -0.136503 -0.056341 -0.131717
v -0.136503 -0.055842 -0.132806
v -0.136503 -0.055136 -0.133774
v -0.130001 -0.050667 -0.123774
v -0.130000 -0.049459 -0.123897
v -0.130000 -0.048301 -0.124261
v -0.129999 -0.047239 -0.124850
v -0.129999 -0.046318 -0.125641
v -0.129999 -0.045575 -0.126601
v -0.129998 -0.045040 -0.127691
v -0.129998 -0.044736 -0.128866
v -0.129998 -0.044675 -0.130078
v -0.129998 -0.044858 -0.131278
v -0.129998 -0.045280 -0.132417
v -0.129999 -0.045922 -0.133447
v -0.129999 -0.046759 -0.134327
v -0.129999 -0.047755 -0.135020
v -0.130000 -0.048871 -0.135499
v -0.130000 -0.050060 -0.135744
v -0.130001 -0.051274 -0.135744
v -0.130001 -0.052463 -0.135499
v -0.130002 -0.053579 -0.135020
v -0.130002 -0.054575 -0.134327
v -0.130003 -0.055412 -0.133447
v -0.130003 -0.056054 -0.132417
v -0.130003 -0.056475 -0.131278
v -0.130003 -0.056659 -0.130078
v -0.130003 -0.056598 -0.128866
v -0.130003 -0.056293 -0.127691
v -0.130003 -0.055759 -0.126601
v -0.130003 -0.055016 -0.125641
v -0.130002 -0.054094 -0.124850
v -0.130002 -0.053033 -0.124261
v -0.130001 -0.051875 -0.123897
v -0.139005 -0.061163 -0.068274
v -0.138992 -0.030634 -0.068274
v -0.138992 -0.030634 -0.133774
v -0.139005 -0.061163 -0.133774
v -0.181005 -0.061145 -0.068274
v -0.180992 -0.030616 -0.068274
v -0.182518 -0.028529 -0.068274
v -0.183837 -0.026307 -0.068274
v -0.184937 -0.023968 -0.068274
v -0.185809 -0.021535 -0.068274
v -0.186444 -0.019029 -0.068274
v -0.186837 -0.016475 -0.068274
v -0.186984 -0.013894 -0.068274
v -0.186883 -0.011312 -0.068274
v -0.186536 -0.008750 -0.068274
v -0.185945 -0.006234 -0.068274
v -0.185117 -0.003786 -0.068274
v -0.184058 -0.001428 -0.068274
v -0.182779 0.000818 -0.068274
v -0.181291 0.002931 -0.068274
v -0.179607 0.004892 -0.068274
v -0.177744 0.006684 -0.068274
v -0.175718 0.008288 -0.068274
v -0.173548 0.009692 -0.068274
v -0.171253 0.010882 -0.068274
v -0.168855 0.011847 -0.068274
v -0.166376 0.012578 -0.068274
v -0.163839 0.013069 -0.068274
v -0.161266 0.013315 -0.068274
v -0.158681 0.013314 -0.068274
v -0.156108 0.013066 -0.068274
v -0.153571 0.012573 -0.068274
v -0.151093 0.011840 -0.068274
v -0.148696 0.010873 -0.068274
v -0.146402 0.009681 -0.068274
v -0.144233 0.008275 -0.068274
v -0.142209 0.006668 -0.068274
v -0.140347 0.004876 -0.068274
v -0.138665 0.002913 -0.068274
v -0.137179 0.000798 -0.068274
v -0.135901 -0.001448 -0.068274
v -0.134845 -0.003807 -0.068274
v -0.134018 -0.006256 -0.068274
v -0.133430 -0.008773 -0.068274
v -0.133085 -0.011334 -0.068274
v -0.132986 -0.013917 -0.068274
v -0.133135 -0.016498 -0.068274
v -0.133530 -0.019052 -0.068274
v -0.134167 -0.021557 -0.068274
v -0.135041 -0.023989 -0.068274
v -0.136144 -0.026327 -0.068274
v -0.137465 -0.028549 -0.068274
v -0.180992 -0.030616 -0.133774
v -0.181959 -0.029344 -0.133774
v -0.182848 -0.028016 -0.133774
v -0.183658 -0.026639 -0.133774
v -0.184449 -0.025079 -0.131583
v -0.185137 -0.023472 -0.129323
v -0.185720 -0.021823 -0.127006
v -0.186194 -0.020140 -0.124641
v -0.186559 -0.018430 -0.122237
v -0.186813 -0.016699 -0.119805
v -0.186954 -0.014956 -0.117355
v -0.186981 -0.013208 -0.114897
v -0.186896 -0.011461 -0.112442
v -0.186697 -0.009724 -0.109999
v -0.186387 -0.008003 -0.107580
v -0.185966 -0.006306 -0.105194
v -0.185435 -0.004639 -0.102851
v -0.184799 -0.003011 -0.100562
v -0.184058 -0.001427 -0.098335
v -0.183215 0.000106 -0.096180
v -0.182276 0.001581 -0.094106
v -0.181243 0.002992 -0.092122
v -0.180121 0.004333 -0.090236
v -0.178914 0.005599 -0.088456
v -0.177628 0.006784 -0.086790
v -0.176268 0.007883 -0.085244
v -0.174840 0.008892 -0.083825
v -0.173349 0.009806 -0.082539
v -0.171803 0.010622 -0.081391
v -0.170206 0.011336 -0.080386
v -0.168567 0.011946 -0.079529
v -0.166892 0.012447 -0.078822
v -0.165188 0.012840 -0.078270
v -0.163462 0.013121 -0.077873
v -0.161721 0.013290 -0.077635
v -0.159973 0.013346 -0.077555
v -0.158226 0.013288 -0.077635
v -0.156485 0.013118 -0.077873
v -0.154760 0.012835 -0.078270
v -0.153056 0.012442 -0.078822
v -0.151381 0.011938 -0.079529
v -0.149742 0.011328 -0.080386
v -0.148147 0.010612 -0.081391
v -0.146601 0.009795 -0.082539
v -0.145111 0.008879 -0.083825
v -0.143683 0.007869 -0.085244
v -0.142324 0.006769 -0.086790
v -0.141039 0.005583 -0.088456
v -0.139834 0.004316 -0.090236
v -0.138713 0.002974 -0.092122
v -0.137681 0.001562 -0.094106
v -0.136743 0.000086 -0.096180
v -0.135902 -0.001447 -0.098335
v -0.135162 -0.003032 -0.100562
v -0.134527 -0.004661 -0.102851
v -0.133998 -0.006328 -0.105194
v -0.133578 -0.008025 -0.107580
v -0.133269 -0.009746 -0.109999
v -0.133072 -0.011484 -0.112442
v -0.132988 -0.013231 -0.114897
v -0.133018 -0.014979 -0.117355
v -0.133160 -0.016722 -0.119805
v -0.133415 -0.018452 -0.122237
v -0.133781 -0.020162 -0.124640
v -0.134257 -0.021845 -0.127006
v -0.134841 -0.023493 -0.129323
v -0.135531 -0.025100 -0.131583
v -0.136323 -0.026659 -0.133774
v -0.137134 -0.028036 -0.133774
v -0.138025 -0.029362 -0.133774
v -0.182518 -0.028529 -0.101024
v -0.183837 -0.026307 -0.101024
v -0.184937 -0.023968 -0.101024
v -0.185809 -0.021535 -0.101024
v -0.186444 -0.019029 -0.101024
v -0.186837 -0.016475 -0.101024
v -0.186984 -0.013894 -0.101024
v -0.186883 -0.011312 -0.101024
v -0.186536 -0.008750 -0.101024
v -0.185945 -0.006234 -0.101024
v -0.185117 -0.003786 -0.101024
v -0.134845 -0.003807 -0.101024
v -0.134018 -0.006256 -0.101024
v -0.133430 -0.008773 -0.101024
v -0.133085 -0.011334 -0.101024
v -0.132986 -0.013917 -0.101024
v -0.133135 -0.016498 -0.101024
v -0.133530 -0.019052 -0.101024
v -0.134167 -0.021557 -0.101024
v -0.135041 -0.023989 -0.101024
v -0.136144 -0.026327 -0.101024
v -0.137465 -0.028549 -0.101024
v -0.181005 -0.061145 -0.133774
v -0.181003 -0.055117 -0.133774
v -0.181003 -0.055823 -0.132806
v -0.181003 -0.056322 -0.131717
v -0.181003 -0.056595 -0.130550
v -0.181003 -0.056630 -0.129352
v -0.181003 -0.056427 -0.128171
v -0.181003 -0.055993 -0.127054
v -0.181003 -0.055346 -0.126046
v -0.181002 -0.054511 -0.125186
v -0.181002 -0.053522 -0.124509
v -0.181001 -0.052419 -0.124043
v -0.181001 -0.051244 -0.123804
v -0.181000 -0.050046 -0.123804
v -0.181000 -0.048872 -0.124043
v -0.180999 -0.047768 -0.124509
v -0.180999 -0.046779 -0.125186
v -0.180999 -0.045944 -0.126046
v -0.180998 -0.045297 -0.127054
v -0.180998 -0.044863 -0.128171
v -0.180998 -0.044660 -0.129352
v -0.180998 -0.044696 -0.130550
v -0.180998 -0.044968 -0.131717
v -0.180998 -0.045467 -0.132806
v -0.180999 -0.046173 -0.133774
v -0.183499 -0.046172 -0.133774
v -0.183493 -0.031477 -0.133774
v -0.184590 -0.029929 -0.133774
v -0.185585 -0.028313 -0.133774
v -0.186474 -0.026638 -0.133774
v -0.187243 -0.024935 -0.131381
v -0.187902 -0.023187 -0.128925
v -0.188450 -0.021400 -0.126414
v -0.188883 -0.019583 -0.123860
v -0.189200 -0.017742 -0.121272
v -0.189401 -0.015884 -0.118661
v -0.189483 -0.014018 -0.116037
v -0.189447 -0.012150 -0.113412
v -0.189292 -0.010288 -0.110794
v -0.189020 -0.008440 -0.108196
v -0.188632 -0.006612 -0.105627
v -0.188129 -0.004813 -0.103097
v -0.187513 -0.003049 -0.100618
v -0.186786 -0.001328 -0.098198
v -0.185952 0.000344 -0.095847
v -0.185014 0.001959 -0.093576
v -0.183976 0.003513 -0.091392
v -0.182841 0.004997 -0.089305
v -0.181615 0.006406 -0.087323
v -0.180301 0.007735 -0.085454
v -0.178907 0.008978 -0.083706
v -0.177436 0.010130 -0.082085
v -0.175896 0.011187 -0.080599
v -0.174291 0.012145 -0.079252
v -0.172629 0.012999 -0.078051
v -0.170917 0.013746 -0.077000
v -0.169161 0.014383 -0.076103
v -0.167367 0.014907 -0.075365
v -0.165545 0.015317 -0.074788
v -0.163700 0.015611 -0.074373
v -0.161840 0.015787 -0.074124
v -0.159972 0.015846 -0.074041
v -0.158105 0.015786 -0.074124
v -0.156245 0.015608 -0.074373
v -0.154401 0.015312 -0.074788
v -0.152578 0.014901 -0.075365
v -0.150785 0.014375 -0.076103
v -0.149030 0.013736 -0.077000
v -0.147318 0.012988 -0.078051
v -0.145657 0.012133 -0.079252
v -0.144053 0.011174 -0.080599
v -0.142514 0.010116 -0.082085
v -0.141044 0.008962 -0.083706
v -0.139650 0.007718 -0.085454
v -0.138338 0.006388 -0.087323
v -0.137113 0.004977 -0.089305
v -0.135980 0.003492 -0.091392
v -0.134942 0.001938 -0.093576
v -0.134006 0.000322 -0.095847
v -0.133173 -0.001351 -0.098198
v -0.132448 -0.003073 -0.100618
v -0.131833 -0.004837 -0.103097
v -0.131332 -0.006637 -0.105627
v -0.130945 -0.008464 -0.108196
v -0.130675 -0.010313 -0.110794
v -0.130522 -0.012175 -0.113412
v -0.130488 -0.014043 -0.116037
v -0.130571 -0.015909 -0.118661
v -0.130773 -0.017767 -0.121272
v -0.131092 -0.019608 -0.123860
v -0.131527 -0.021425 -0.126414
v -0.132076 -0.023210 -0.128925
v -0.132737 -0.024958 -0.131381
v -0.133507 -0.026660 -0.133774
v -0.136493 -0.031497 -0.133774
v -0.134398 -0.028335 -0.133774
v -0.135394 -0.029950 -0.133774
v -0.136493 -0.031497 -0.065774
v -0.136494 -0.034640 -0.065774
v -0.136505 -0.061164 -0.065774
v -0.136505 -0.061164 -0.133774
v -0.183505 -0.061144 -0.065774
v -0.183505 -0.061144 -0.133774
v -0.183503 -0.055116 -0.133774
v -0.183503 -0.055822 -0.132806
v -0.183503 -0.056321 -0.131717
v -0.183503 -0.056594 -0.130550
v -0.183503 -0.056629 -0.129352
v -0.183503 -0.056426 -0.128171
v -0.183503 -0.055992 -0.127054
v -0.183503 -0.055345 -0.126046
v -0.183502 -0.054510 -0.125186
v -0.183502 -0.053521 -0.124509
v -0.183501 -0.052418 -0.124043
v -0.183501 -0.051243 -0.123804
v -0.183500 -0.050045 -0.123804
v -0.183500 -0.048871 -0.124043
v -0.183499 -0.047767 -0.124509
v -0.183499 -0.046778 -0.125186
v -0.183499 -0.045943 -0.126046
v -0.183498 -0.045296 -0.127054
v -0.183498 -0.044862 -0.128171
v -0.183498 -0.044659 -0.129352
v -0.183498 -0.044694 -0.130550
v -0.183498 -0.044967 -0.131717
v -0.183498 -0.045466 -0.132806
v -0.190001 -0.050641 -0.123774
v -0.190001 -0.051849 -0.123897
v -0.190002 -0.053008 -0.124261
v -0.190002 -0.054069 -0.124850
v -0.190003 -0.054990 -0.125641
v -0.190003 -0.055733 -0.126601
v -0.190003 -0.056268 -0.127691
v -0.190003 -0.056572 -0.128866
v -0.190003 -0.056634 -0.130078
v -0.190003 -0.056450 -0.131278
v -0.190003 -0.056028 -0.132417
v -0.190003 -0.055386 -0.133447
v -0.190002 -0.054550 -0.134327
v -0.190002 -0.053553 -0.135020
v -0.190001 -0.052438 -0.135499
v -0.190001 -0.051248 -0.135744
v -0.190000 -0.050034 -0.135744
v -0.190000 -0.048845 -0.135499
v -0.189999 -0.047730 -0.135020
v -0.189999 -0.046733 -0.134327
v -0.189999 -0.045897 -0.133447
v -0.189998 -0.045255 -0.132417
v -0.189998 -0.044833 -0.131278
v -0.189998 -0.044649 -0.130078
v -0.189998 -0.044711 -0.128866
v -0.189998 -0.045015 -0.127691
v -0.189999 -0.045550 -0.126601
v -0.189999 -0.046293 -0.125641
v -0.189999 -0.047214 -0.124850
v -0.190000 -0.048275 -0.124261
v -0.190000 -0.049434 -0.123897
v -0.183494 -0.034620 -0.065774
v -0.183493 -0.031477 -0.065774
v -0.185009 -0.029277 -0.065774
v -0.186320 -0.026948 -0.065774
v -0.187415 -0.024511 -0.065774
v -0.188284 -0.021984 -0.065774
v -0.188922 -0.019389 -0.065774
v -0.189322 -0.016747 -0.065774
v -0.189482 -0.014080 -0.065774
v -0.189399 -0.011409 -0.065774
v -0.189076 -0.008757 -0.065774
v -0.188513 -0.006145 -0.065774
v -0.187717 -0.003594 -0.065774
v -0.186693 -0.001126 -0.065774
v -0.185449 0.001239 -0.065774
v -0.183997 0.003482 -0.065774
v -0.182348 0.005585 -0.065774
v -0.180516 0.007529 -0.065774
v -0.178515 0.009300 -0.065774
v -0.176362 0.010883 -0.065774
v -0.174074 0.012264 -0.065774
v -0.171671 0.013432 -0.065774
v -0.169172 0.014379 -0.065774
v -0.166598 0.015095 -0.065774
v -0.163970 0.015576 -0.065774
v -0.161308 0.015816 -0.065774
v -0.158636 0.015815 -0.065774
v -0.155975 0.015572 -0.065774
v -0.153347 0.015089 -0.065774
v -0.150774 0.014371 -0.065774
v -0.148276 0.013422 -0.065774
v -0.145874 0.012252 -0.065774
v -0.143587 0.010869 -0.065774
v -0.141436 0.009284 -0.065774
v -0.139436 0.007512 -0.065774
v -0.137605 0.005566 -0.065774
v -0.135958 0.003462 -0.065774
v -0.134508 0.001217 -0.065774
v -0.133267 -0.001149 -0.065774
v -0.132245 -0.003618 -0.065774
v -0.131450 -0.006169 -0.065774
v -0.130890 -0.008782 -0.065774
v -0.130569 -0.011434 -0.065774
v -0.130488 -0.014105 -0.065774
v -0.130650 -0.016772 -0.065774
v -0.131053 -0.019414 -0.065774
v -0.131693 -0.022008 -0.065774
v -0.132565 -0.024534 -0.065774
v -0.133662 -0.026971 -0.065774
v -0.134974 -0.029298 -0.065774
v -0.133611 -0.026871 -0.099774
v -0.132503 -0.024379 -0.099774
v -0.131630 -0.021794 -0.099774
v -0.131000 -0.019141 -0.099774
v -0.130617 -0.016440 -0.099774
v -0.130485 -0.013715 -0.099774
v -0.130605 -0.010990 -0.099774
v -0.130977 -0.008288 -0.099774
v -0.187502 -0.003021 -0.099774
v -0.188988 -0.008263 -0.099774
v -0.189362 -0.010965 -0.099774
v -0.189485 -0.013690 -0.099774
v -0.189355 -0.016415 -0.099774
v -0.188975 -0.019116 -0.099774
v -0.188347 -0.021770 -0.099774
v -0.187476 -0.024355 -0.099774
v -0.186370 -0.026849 -0.099774
v -0.185038 -0.029229 -0.099774
v -0.134945 -0.029251 -0.099774
v -0.131597 -0.005632 -0.099774
v -0.132459 -0.003044 -0.099774
v -0.188366 -0.005608 -0.099774
v -0.185254 -0.032462 -0.065774
v -0.186816 -0.030156 -0.065774
v -0.188169 -0.027722 -0.065774
v -0.189302 -0.025178 -0.065774
v -0.190205 -0.022543 -0.065774
v -0.190872 -0.019839 -0.065774
v -0.191297 -0.017087 -0.065774
v -0.191478 -0.014308 -0.065774
v -0.191413 -0.011523 -0.065774
v -0.191102 -0.008756 -0.065774
v -0.190547 -0.006026 -0.065774
v -0.189754 -0.003357 -0.065774
v -0.188728 -0.000768 -0.065774
v -0.187478 0.001721 -0.065774
v -0.186012 0.004089 -0.065774
v -0.184343 0.006319 -0.065774
v -0.182484 0.008392 -0.065774
v -0.180449 0.010293 -0.065774
v -0.178254 0.012007 -0.065774
v -0.175916 0.013521 -0.065774
v -0.173453 0.014821 -0.065774
v -0.170885 0.015900 -0.065774
v -0.168232 0.016747 -0.065774
v -0.165515 0.017357 -0.065774
v -0.162754 0.017724 -0.065774
v -0.159972 0.017846 -0.065774
v -0.157189 0.017722 -0.065774
v -0.154429 0.017352 -0.065774
v -0.151712 0.016740 -0.065774
v -0.149060 0.015891 -0.065774
v -0.146493 0.014810 -0.065774
v -0.144031 0.013507 -0.065774
v -0.141695 0.011992 -0.065774
v -0.139501 0.010276 -0.065774
v -0.137467 0.008373 -0.065774
v -0.135610 0.006298 -0.065774
v -0.133943 0.004067 -0.065774
v -0.132479 0.001698 -0.065774
v -0.131231 -0.000792 -0.065774
v -0.130207 -0.003382 -0.065774
v -0.129416 -0.006052 -0.065774
v -0.128864 -0.008782 -0.065774
v -0.128555 -0.011550 -0.065774
v -0.128492 -0.014334 -0.065774
v -0.128675 -0.017113 -0.065774
v -0.129103 -0.019865 -0.065774
v -0.129773 -0.022569 -0.065774
v -0.130678 -0.025202 -0.065774
v -0.131813 -0.027746 -0.065774
v -0.133168 -0.030179 -0.065774
v -0.134732 -0.032483 -0.065774
v -0.181546 -0.036619 -0.065774
v -0.179428 -0.038438 -0.065774
v -0.177158 -0.040061 -0.065774
v -0.174753 -0.041478 -0.065774
v -0.172232 -0.042676 -0.065774
v -0.169614 -0.043646 -0.065774
v -0.166921 -0.044381 -0.065774
v -0.164174 -0.044874 -0.065774
v -0.161394 -0.045123 -0.065774
v -0.158603 -0.045124 -0.065774
v -0.155822 -0.044878 -0.065774
v -0.153075 -0.044387 -0.065774
v -0.150381 -0.043654 -0.065774
v -0.147763 -0.042686 -0.065774
v -0.145241 -0.041491 -0.065774
v -0.142835 -0.040076 -0.065774
v -0.140563 -0.038454 -0.065774
v -0.138444 -0.036637 -0.065774
v -0.191485 -0.013641 -0.052774
v -0.191361 -0.010857 -0.052774
v -0.190991 -0.008095 -0.052774
v -0.190378 -0.005376 -0.052774
v -0.189527 -0.002723 -0.052774
v -0.188446 -0.000154 -0.052774
v -0.187141 0.002308 -0.052774
v -0.185624 0.004646 -0.052774
v -0.183906 0.006840 -0.052774
v -0.182002 0.008874 -0.052774
v -0.179924 0.010732 -0.052774
v -0.177691 0.012399 -0.052774
v -0.175319 0.013862 -0.052774
v -0.172827 0.015109 -0.052774
v -0.170235 0.016132 -0.052774
v -0.167562 0.016921 -0.052774
v -0.164831 0.017471 -0.052774
v -0.162061 0.017777 -0.052774
v -0.159275 0.017838 -0.052774
v -0.156494 0.017652 -0.052774
v -0.153741 0.017221 -0.052774
v -0.151037 0.016548 -0.052774
v -0.148403 0.015639 -0.052774
v -0.145859 0.014501 -0.052774
v -0.143426 0.013142 -0.052774
v -0.141122 0.011574 -0.052774
v -0.138967 0.009808 -0.052774
v -0.136975 0.007859 -0.052774
v -0.135164 0.005741 -0.052774
v -0.133547 0.003471 -0.052774
v -0.132137 0.001068 -0.052774
v -0.130945 -0.001451 -0.052774
v -0.129980 -0.004066 -0.052774
v -0.129250 -0.006755 -0.052774
v -0.128760 -0.009498 -0.052774
v -0.128515 -0.012274 -0.052774
v -0.128516 -0.015061 -0.052774
v -0.128764 -0.017837 -0.052774
v -0.129256 -0.020580 -0.052774
v -0.129988 -0.023268 -0.052774
v -0.130955 -0.025882 -0.052774
v -0.132149 -0.028400 -0.052774
v -0.133561 -0.030802 -0.052774
v -0.135180 -0.033070 -0.052774
v -0.136993 -0.035186 -0.052774
v -0.138986 -0.037134 -0.052774
v -0.141144 -0.038898 -0.052774
v -0.143449 -0.040465 -0.052774
v -0.145883 -0.041821 -0.052774
v -0.148427 -0.042957 -0.052774
v -0.151062 -0.043864 -0.052774
v -0.153767 -0.044534 -0.052774
v -0.156521 -0.044963 -0.052774
v -0.159302 -0.045147 -0.052774
v -0.162087 -0.045084 -0.052774
v -0.164857 -0.044775 -0.052774
v -0.167588 -0.044223 -0.052774
v -0.170260 -0.043431 -0.052774
v -0.172852 -0.042406 -0.052774
v -0.175343 -0.041157 -0.052774
v -0.177713 -0.039692 -0.052774
v -0.179945 -0.038023 -0.052774
v -0.182021 -0.036164 -0.052774
v -0.183924 -0.034128 -0.052774
v -0.185640 -0.031932 -0.052774
v -0.187155 -0.029593 -0.052774
v -0.188457 -0.027130 -0.052774
v -0.189537 -0.024561 -0.052774
v -0.190385 -0.021906 -0.052774
v -0.190995 -0.019187 -0.052774
v -0.191363 -0.016425 -0.052774
v -0.126965 0.033832 -0.052774
v -0.127005 -0.061168 -0.052774
v -0.193005 -0.061140 -0.052774
v -0.192965 0.033860 -0.052774
v -0.141720 0.021713 -0.052774
v -0.141597 0.020696 -0.052774
v -0.141234 0.019738 -0.052774
v -0.140652 0.018894 -0.052774
v -0.139886 0.018215 -0.052774
v -0.138979 0.017738 -0.052774
v -0.137984 0.017493 -0.052774
v -0.136959 0.017492 -0.052774
v -0.135965 0.017737 -0.052774
v -0.135057 0.018213 -0.052774
v -0.134290 0.018892 -0.052774
v -0.133708 0.019735 -0.052774
v -0.133344 0.020692 -0.052774
v -0.133220 0.021709 -0.052774
v -0.133218 0.025209 -0.052774
v -0.133342 0.026227 -0.052774
v -0.133704 0.027185 -0.052774
v -0.134286 0.028028 -0.052774
v -0.135053 0.028708 -0.052774
v -0.135960 0.029184 -0.052774
v -0.136954 0.029430 -0.052774
v -0.137979 0.029431 -0.052774
v -0.138974 0.029186 -0.052774
v -0.139881 0.028710 -0.052774
v -0.140648 0.028031 -0.052774
v -0.141231 0.027188 -0.052774
v -0.141595 0.026230 -0.052774
v -0.141718 0.025213 -0.052774
v -0.133250 -0.049041 -0.052774
v -0.133373 -0.048023 -0.052774
v -0.133736 -0.047065 -0.052774
v -0.134318 -0.046222 -0.052774
v -0.135084 -0.045542 -0.052774
v -0.135991 -0.045066 -0.052774
v -0.136986 -0.044820 -0.052774
v -0.138010 -0.044819 -0.052774
v -0.139005 -0.045064 -0.052774
v -0.139913 -0.045540 -0.052774
v -0.140680 -0.046219 -0.052774
v -0.141262 -0.047062 -0.052774
v -0.141626 -0.048020 -0.052774
v -0.141750 -0.049037 -0.052774
v -0.141751 -0.052537 -0.052774
v -0.141628 -0.053554 -0.052774
v -0.141266 -0.054512 -0.052774
v -0.140684 -0.055356 -0.052774
v -0.139917 -0.056035 -0.052774
v -0.139010 -0.056512 -0.052774
v -0.138016 -0.056757 -0.052774
v -0.136991 -0.056758 -0.052774
v -0.135996 -0.056513 -0.052774
v -0.135089 -0.056037 -0.052774
v -0.134322 -0.055358 -0.052774
v -0.133739 -0.054515 -0.052774
v -0.133375 -0.053558 -0.052774
v -0.133251 -0.052541 -0.052774
v -0.186720 0.021732 -0.052774
v -0.186597 0.020715 -0.052774
v -0.186234 0.019757 -0.052774
v -0.185652 0.018913 -0.052774
v -0.184886 0.018234 -0.052774
v -0.183979 0.017757 -0.052774
v -0.182984 0.017512 -0.052774
v -0.181959 0.017511 -0.052774
v -0.180965 0.017756 -0.052774
v -0.180057 0.018232 -0.052774
v -0.179290 0.018911 -0.052774
v -0.178708 0.019754 -0.052774
v -0.178344 0.020712 -0.052774
v -0.178220 0.021729 -0.052774
v -0.178218 0.025229 -0.052774
v -0.178342 0.026246 -0.052774
v -0.178704 0.027204 -0.052774
v -0.179286 0.028047 -0.052774
v -0.180053 0.028727 -0.052774
v -0.180960 0.029204 -0.052774
v -0.181954 0.029449 -0.052774
v -0.182979 0.029450 -0.052774
v -0.183974 0.029205 -0.052774
v -0.184881 0.028729 -0.052774
v -0.185648 0.028050 -0.052774
v -0.186231 0.027207 -0.052774
v -0.186595 0.026249 -0.052774
v -0.186718 0.025232 -0.052774
v -0.178250 -0.049021 -0.052774
v -0.178373 -0.048004 -0.052774
v -0.178736 -0.047046 -0.052774
v -0.179318 -0.046203 -0.052774
v -0.180084 -0.045523 -0.052774
v -0.180991 -0.045046 -0.052774
v -0.181986 -0.044801 -0.052774
v -0.183010 -0.044800 -0.052774
v -0.184005 -0.045045 -0.052774
v -0.184913 -0.045521 -0.052774
v -0.185680 -0.046200 -0.052774
v -0.186262 -0.047043 -0.052774
v -0.186626 -0.048001 -0.052774
v -0.186750 -0.049018 -0.052774
v -0.186751 -0.052518 -0.052774
v -0.186628 -0.053535 -0.052774
v -0.186266 -0.054493 -0.052774
v -0.185684 -0.055336 -0.052774
v -0.184917 -0.056016 -0.052774
v -0.184010 -0.056493 -0.052774
v -0.183016 -0.056738 -0.052774
v -0.181991 -0.056739 -0.052774
v -0.180996 -0.056494 -0.052774
v -0.180089 -0.056018 -0.052774
v -0.179322 -0.055339 -0.052774
v -0.178739 -0.054496 -0.052774
v -0.178375 -0.053538 -0.052774
v -0.178251 -0.052521 -0.052774
v -0.126965 0.033832 -0.049774
v -0.127005 -0.061168 -0.049774
v -0.192965 0.033860 -0.049774
v -0.193005 -0.061140 -0.049774
v -0.133220 0.021709 -0.049774
v -0.133344 0.020692 -0.049774
v -0.133708 0.019735 -0.049774
v -0.134290 0.018892 -0.049774
v -0.135057 0.018213 -0.049774
v -0.135965 0.017737 -0.049774
v -0.136959 0.017492 -0.049774
v -0.137984 0.017493 -0.049774
v -0.138979 0.017738 -0.049774
v -0.139886 0.018215 -0.049774
v -0.140652 0.018894 -0.049774
v -0.141234 0.019738 -0.049774
v -0.141597 0.020696 -0.049774
v -0.141720 0.021713 -0.049774
v -0.141718 0.025213 -0.049774
v -0.141595 0.026230 -0.049774
v -0.141231 0.027188 -0.049774
v -0.140648 0.028031 -0.049774
v -0.139881 0.028710 -0.049774
v -0.138974 0.029186 -0.049774
v -0.137979 0.029431 -0.049774
v -0.136954 0.029430 -0.049774
v -0.135960 0.029184 -0.049774
v -0.135053 0.028708 -0.049774
v -0.134286 0.028028 -0.049774
v -0.133704 0.027185 -0.049774
v -0.133342 0.026227 -0.049774
v -0.133218 0.025209 -0.049774
v -0.141750 -0.049037 -0.049774
v -0.141626 -0.048020 -0.049774
v -0.141262 -0.047062 -0.049774
v -0.140680 -0.046219 -0.049774
v -0.139913 -0.045540 -0.049774
v -0.139005 -0.045064 -0.049774
v -0.138010 -0.044819 -0.049774
v -0.136986 -0.044820 -0.049774
v -0.135991 -0.045066 -0.049774
v -0.135084 -0.045542 -0.049774
v -0.134318 -0.046222 -0.049774
v -0.133736 -0.047065 -0.049774
v -0.133373 -0.048023 -0.049774
v -0.133250 -0.049041 -0.049774
v -0.133251 -0.052541 -0.049774
v -0.133375 -0.053558 -0.049774
v -0.133739 -0.054515 -0.049774
v -0.134322 -0.055358 -0.049774
v -0.135089 -0.056037 -0.049774
v -0.135996 -0.056513 -0.049774
v -0.136991 -0.056758 -0.049774
v -0.138016 -0.056757 -0.049774
v -0.139010 -0.056512 -0.049774
v -0.139917 -0.056035 -0.049774
v -0.140684 -0.055356 -0.049774
v -0.141266 -0.054512 -0.049774
v -0.141628 -0.053554 -0.049774
v -0.141751 -0.052537 -0.049774
v -0.178220 0.021729 -0.049774
v -0.178344 0.020712 -0.049774
v -0.178708 0.019754 -0.049774
v -0.179290 0.018911 -0.049774
v -0.180057 0.018232 -0.049774
v -0.180965 0.017756 -0.049774
v -0.181959 0.017511 -0.049774
v -0.182984 0.017512 -0.049774
v -0.183979 0.017757 -0.049774
v -0.184886 0.018234 -0.049774
v -0.185652 0.018913 -0.049774
v -0.186234 0.019757 -0.049774
v -0.186597 0.020715 -0.049774
v -0.186720 0.021732 -0.049774
v -0.186718 0.025232 -0.049774
v -0.186595 0.026249 -0.049774
v -0.186231 0.027207 -0.049774
v -0.185648 0.028050 -0.049774
v -0.184881 0.028729 -0.049774
v -0.183974 0.029205 -0.049774
v -0.182979 0.029450 -0.049774
v -0.181954 0.029449 -0.049774
v -0.180960 0.029204 -0.049774
v -0.180053 0.028727 -0.049774
v -0.179286 0.028047 -0.049774
v -0.178704 0.027204 -0.049774
v -0.178342 0.026246 -0.049774
v -0.178218 0.025229 -0.049774
v -0.186750 -0.049018 -0.049774
v -0.186626 -0.048001 -0.049774
v -0.186262 -0.047043 -0.049774
v -0.185680 -0.046200 -0.049774
v -0.184913 -0.045521 -0.049774
v -0.184005 -0.045045 -0.049774
v -0.183010 -0.044800 -0.049774
v -0.181986 -0.044801 -0.049774
v -0.180991 -0.045046 -0.049774
v -0.180084 -0.045523 -0.049774
v -0.179318 -0.046203 -0.049774
v -0.178736 -0.047046 -0.049774
v -0.178373 -0.048004 -0.049774
v -0.178250 -0.049021 -0.049774
v -0.178251 -0.052521 -0.049774
v -0.178375 -0.053538 -0.049774
v -0.178739 -0.054496 -0.049774
v -0.179322 -0.055339 -0.049774
v -0.180089 -0.056018 -0.049774
v -0.180996 -0.056494 -0.049774
v -0.181991 -0.056739 -0.049774
v -0.183016 -0.056738 -0.049774
v -0.184010 -0.056493 -0.049774
v -0.184917 -0.056016 -0.049774
v -0.185684 -0.055336 -0.049774
v -0.186266 -0.054493 -0.049774
v -0.186628 -0.053535 -0.049774
v -0.186751 -0.052518 -0.049774
vt 3.949011 7.711527 0.000000
vt 4.181182 4.820724 0.000000
vt 4.241883 7.723802 0.000000
vt 4.302584 4.820724 0.000000
vt 4.534756 7.711527 0.000000
vt 4.825574 7.674788 0.000000
vt 4.421501 4.796286 0.000000
vt 5.112298 7.613843 0.000000
vt 5.392917 7.529119 0.000000
vt 5.665462 7.421211 0.000000
vt 4.533065 4.748410 0.000000
vt 5.928021 7.290875 0.000000
vt 6.178754 7.139026 0.000000
vt 4.632707 4.679057 0.000000
vt 6.415901 6.966729 0.000000
vt 6.637798 6.775192 0.000000
vt 6.842890 6.565759 0.000000
vt 4.716349 4.591066 0.000000
vt 7.029738 6.339899 0.000000
vt 7.197031 6.099196 0.000000
vt 4.780566 4.488039 0.000000
vt 7.343596 5.845338 0.000000
vt 7.468404 5.580107 0.000000
vt 7.570581 5.305362 0.000000
vt 4.822730 4.374194 0.000000
vt 7.649410 5.023030 0.000000
vt 7.704337 4.735093 0.000000
vt 4.841113 4.254192 0.000000
vt 7.734977 4.443569 0.000000
vt 7.741116 4.150504 0.000000
vt 4.834964 4.132945 0.000000
vt 7.722710 3.857952 0.000000
vt 7.679889 3.567968 0.000000
vt 7.612952 3.282583 0.000000
vt 4.804535 4.015419 0.000000
vt 7.522370 3.003800 0.000000
vt 7.408778 2.733575 0.000000
vt 4.751070 3.906424 0.000000
vt 7.272972 2.473802 0.000000
vt 7.115906 2.226305 0.000000
vt 6.938680 1.992818 0.000000
vt 4.676759 3.810422 0.000000
vt 6.742538 1.774980 0.000000
vt 6.528856 1.574319 0.000000
vt 4.584644 3.731344 0.000000
vt 6.299132 1.392243 0.000000
vt 6.054978 1.230027 0.000000
vt 4.478497 3.672427 0.000000
vt 5.798107 1.088811 0.000000
vt 5.530319 0.969584 0.000000
vt 5.253495 0.873184 0.000000
vt 4.362663 3.636084 0.000000
vt 4.969574 0.800286 0.000000
vt 4.680550 0.751401 0.000000
vt 4.241883 3.623802 0.000000
vt 4.388448 0.726872 0.000000
vt 4.095319 0.726872 0.000000
vt 3.803217 0.751401 0.000000
vt 4.121104 3.636084 0.000000
vt 3.514192 0.800286 0.000000
vt 3.230272 0.873184 0.000000
vt 4.005270 3.672427 0.000000
vt 2.953447 0.969584 0.000000
vt 2.685660 1.088811 0.000000
vt 2.428789 1.230027 0.000000
vt 3.899122 3.731344 0.000000
vt 2.184635 1.392243 0.000000
vt 1.954911 1.574319 0.000000
vt 3.807008 3.810422 0.000000
vt 1.741229 1.774980 0.000000
vt 1.545087 1.992818 0.000000
vt 3.732697 3.906424 0.000000
vt 1.367861 2.226305 0.000000
vt 1.210795 2.473802 0.000000
vt 1.074989 2.733575 0.000000
vt 3.679232 4.015419 0.000000
vt 0.961396 3.003800 0.000000
vt 0.870814 3.282583 0.000000
vt 3.648802 4.132945 0.000000
vt 0.803878 3.567968 0.000000
vt 0.761057 3.857952 0.000000
vt 0.742651 4.150504 0.000000
vt 3.642654 4.254192 0.000000
vt 0.748790 4.443569 0.000000
vt 0.779430 4.735093 0.000000
vt 3.661037 4.374194 0.000000
vt 0.834357 5.023030 0.000000
vt 0.913186 5.305362 0.000000
vt 3.703201 4.488039 0.000000
vt 1.015362 5.580107 0.000000
vt 1.140171 5.845338 0.000000
vt 1.286736 6.099196 0.000000
vt 3.767418 4.591066 0.000000
vt 1.454029 6.339899 0.000000
vt 1.640877 6.565759 0.000000
vt 3.851060 4.679057 0.000000
vt 1.845969 6.775192 0.000000
vt 2.067866 6.966729 0.000000
vt 2.305013 7.139026 0.000000
vt 3.950702 4.748410 0.000000
vt 2.555746 7.290875 0.000000
vt 2.818305 7.421211 0.000000
vt 4.062266 4.796286 0.000000
vt 3.090850 7.529119 0.000000
vt 3.371469 7.613843 0.000000
vt 3.658193 7.674788 0.000000
vt -2.356194 -7.545941 0.000000
vt -2.174949 -7.244361 0.000000
vt -2.356194 -7.163868 0.000000
vt -2.174949 -6.922390 0.000000
vt -2.356194 -6.781795 0.000000
vt -2.174949 -6.600418 0.000000
vt -2.356194 -6.399722 0.000000
vt -2.174949 -6.278446 0.000000
vt -2.356194 -6.017649 0.000000
vt -2.174949 -5.956475 0.000000
vt -2.356194 -5.635576 0.000000
vt -2.174949 -5.635494 0.000000
vt -2.174949 -5.312532 0.000000
vt -1.993703 -5.635411 0.000000
vt -1.993703 -5.312532 0.000000
vt -1.812457 -5.635329 0.000000
vt -1.812457 -5.312532 0.000000
vt -1.631212 -5.635246 0.000000
vt -1.631212 -5.312532 0.000000
vt -1.449966 -5.635164 0.000000
vt -1.449966 -5.312532 0.000000
vt -1.268720 -5.635081 0.000000
vt -1.268720 -5.312532 0.000000
vt -1.087474 -5.634998 0.000000
vt -1.087474 -5.312532 0.000000
vt -0.906229 -5.634916 0.000000
vt -0.906229 -5.312532 0.000000
vt -0.724983 -5.634833 0.000000
vt -0.724983 -5.312532 0.000000
vt -0.543737 -5.634751 0.000000
vt -0.543737 -5.312532 0.000000
vt -0.362491 -5.634668 0.000000
vt -0.362491 -5.312532 0.000000
vt -0.181246 -5.634586 0.000000
vt -0.181246 -5.312532 0.000000
vt 0.000000 -5.473517 0.000000
vt 0.000000 -5.151546 0.000000
vt -2.356194 -7.928014 0.000000
vt -2.174949 -7.888304 0.000000
vt -2.174949 -7.566333 0.000000
vt -1.993703 -7.566333 0.000000
vt -1.993703 -7.244361 0.000000
vt -1.812457 -7.566333 0.000000
vt -1.812457 -7.244361 0.000000
vt -1.631212 -7.566333 0.000000
vt -1.631212 -7.244361 0.000000
vt -1.449966 -7.566333 0.000000
vt -1.449966 -7.244361 0.000000
vt -1.268720 -7.566333 0.000000
vt -1.268720 -7.244361 0.000000
vt -1.087474 -7.566333 0.000000
vt -1.087474 -7.244361 0.000000
vt -0.906229 -7.566333 0.000000
vt -0.906229 -7.244361 0.000000
vt -0.724983 -7.566333 0.000000
vt -0.724983 -7.244361 0.000000
vt -0.543737 -7.566333 0.000000
vt -0.543737 -7.244361 0.000000
vt -0.362491 -7.566333 0.000000
vt -0.362491 -7.244361 0.000000
vt -0.181246 -7.566333 0.000000
vt -0.181246 -7.244361 0.000000
vt 0.000000 -7.405347 0.000000
vt 0.000000 -7.083375 0.000000
vt -2.174949 -8.210276 0.000000
vt -2.356194 -8.310087 0.000000
vt -2.174949 -8.532248 0.000000
vt -2.356194 -8.692160 0.000000
vt -2.174949 -8.854219 0.000000
vt -2.356194 -9.074233 0.000000
vt -2.174949 -9.176191 0.000000
vt -2.356194 -9.456306 0.000000
vt -2.174949 -9.498162 0.000000
vt -2.356194 -9.838379 0.000000
vt -2.174949 -9.820134 0.000000
vt -2.174949 -10.142106 0.000000
vt -1.993703 -10.142106 0.000000
vt -1.993703 -10.464077 0.000000
vt -1.812457 -10.464077 0.000000
vt -1.812457 -10.786049 0.000000
vt -1.631212 -10.786049 0.000000
vt -1.631212 -11.108020 0.000000
vt -1.449966 -11.108020 0.000000
vt -1.449966 -11.429992 0.000000
vt -1.268720 -11.429992 0.000000
vt -1.449966 -11.749982 0.000000
vt -1.268720 -11.750230 0.000000
vt -1.449966 -12.073935 0.000000
vt -1.268720 -12.073935 0.000000
vt -1.268720 -12.395907 0.000000
vt -1.087474 -12.395907 0.000000
vt -1.087474 -12.717878 0.000000
vt -0.906229 -12.717878 0.000000
vt -0.906229 -13.039850 0.000000
vt -0.724983 -13.039850 0.000000
vt -0.724983 -13.361822 0.000000
vt -0.543737 -13.361822 0.000000
vt -0.543737 -13.683793 0.000000
vt -0.362491 -13.683793 0.000000
vt -0.362491 -14.005765 0.000000
vt -0.181246 -14.005765 0.000000
vt -0.181246 -14.327736 0.000000
vt 0.000000 -14.166751 0.000000
vt 0.000000 -14.488722 0.000000
vt 0.000000 14.166751 0.000000
vt -0.181246 14.327736 0.000000
vt -0.181246 14.005765 0.000000
vt 0.000000 13.844779 0.000000
vt -0.181246 13.683793 0.000000
vt 0.000000 13.522807 0.000000
vt -0.181246 13.361822 0.000000
vt 0.000000 13.200836 0.000000
vt -0.181246 13.039850 0.000000
vt 0.000000 12.878864 0.000000
vt -0.181246 12.717878 0.000000
vt 0.000000 12.556893 0.000000
vt -0.181246 12.395907 0.000000
vt 0.000000 12.234921 0.000000
vt -0.181246 12.073935 0.000000
vt 0.000000 11.912949 0.000000
vt -0.181246 11.751964 0.000000
vt 0.000000 11.590978 0.000000
vt -0.181246 11.429992 0.000000
vt 0.000000 11.269006 0.000000
vt -0.181246 11.108020 0.000000
vt 0.000000 10.947035 0.000000
vt -0.181246 10.786049 0.000000
vt 0.000000 10.625063 0.000000
vt -0.181246 10.464077 0.000000
vt 0.000000 10.303091 0.000000
vt -0.181246 10.142106 0.000000
vt 0.000000 9.981120 0.000000
vt -0.181246 9.820134 0.000000
vt 0.000000 9.659148 0.000000
vt -0.181246 9.498162 0.000000
vt 0.000000 9.337177 0.000000
vt -0.181246 9.176191 0.000000
vt 0.000000 9.015205 0.000000
vt -0.181246 8.854219 0.000000
vt 0.000000 8.693233 0.000000
vt -0.181246 8.532248 0.000000
vt 0.000000 8.371262 0.000000
vt -0.181246 8.210276 0.000000
vt 0.000000 8.049290 0.000000
vt -0.181246 7.888304 0.000000
vt 0.000000 7.727319 0.000000
vt -0.181246 7.566333 0.000000
vt 0.000000 7.405347 0.000000
vt -0.181246 7.244361 0.000000
vt -0.000000 7.083375 0.000000
vt -0.181246 6.922390 0.000000
vt 0.000000 6.761404 0.000000
vt -0.181246 6.600418 0.000000
vt 0.000000 6.439432 0.000000
vt -0.181246 6.278446 0.000000
vt 0.000000 6.117461 0.000000
vt -0.181246 5.956475 0.000000
vt 0.000000 5.795489 0.000000
vt -0.181246 5.634503 0.000000
vt 0.000000 5.473517 0.000000
vt -0.181246 5.312532 0.000000
vt 0.000000 5.151546 0.000000
vt -0.181246 4.990560 0.000000
vt 0.000000 4.829574 0.000000
vt -0.181246 4.668588 0.000000
vt 0.000000 4.507602 0.000000
vt -0.181246 4.346617 0.000000
vt 0.000000 4.185631 0.000000
vt -0.181246 4.024645 0.000000
vt 0.000000 3.863659 0.000000
vt -0.181246 3.702673 0.000000
vt 0.000000 3.541688 0.000000
vt -0.181246 3.380702 0.000000
vt 0.000000 3.219716 0.000000
vt -0.181246 3.058730 0.000000
vt 0.000000 2.897744 0.000000
vt -0.181246 2.736759 0.000000
vt 0.000000 2.575773 0.000000
vt -0.181246 2.414787 0.000000
vt 0.000000 2.253801 0.000000
vt -0.181246 2.092815 0.000000
vt 0.000000 1.931830 0.000000
vt -0.181246 1.770844 0.000000
vt 0.000000 1.609858 0.000000
vt -0.181246 1.448872 0.000000
vt 0.000000 1.287886 0.000000
vt -0.181246 1.126901 0.000000
vt 0.000000 0.965915 0.000000
vt -0.181246 0.804929 0.000000
vt 0.000000 0.643943 0.000000
vt -0.181246 0.482957 0.000000
vt 0.000000 0.321972 0.000000
vt -0.181246 0.160986 0.000000
vt -0.000000 -0.000000 0.000000
vt -0.181246 -0.160986 0.000000
vt 0.000000 -0.321972 0.000000
vt -0.181246 -0.482957 0.000000
vt 0.000000 -0.643943 0.000000
vt -0.181246 -0.804929 0.000000
vt 0.000000 -0.965915 0.000000
vt -0.181246 -1.126901 0.000000
vt 0.000000 -1.287886 0.000000
vt -0.181246 -1.448872 0.000000
vt 0.000000 -1.609858 0.000000
vt -0.181246 -1.770844 0.000000
vt 0.000000 -1.931830 0.000000
vt -0.181246 -2.092815 0.000000
vt 0.000000 -2.253801 0.000000
vt -0.181246 -2.414787 0.000000
vt 0.000000 -2.575773 0.000000
vt -0.181246 -2.736759 0.000000
vt 0.000000 -2.897744 0.000000
vt -0.181246 -3.058730 0.000000
vt 0.000000 -3.219716 0.000000
vt -0.181246 -3.380702 0.000000
vt 0.000000 -3.541688 0.000000
vt -0.181246 -3.702673 0.000000
vt 0.000000 -3.863659 0.000000
vt -0.181246 -4.024645 0.000000
vt 0.000000 -4.185631 0.000000
vt -0.181246 -4.346617 0.000000
vt 0.000000 -4.507602 0.000000
vt -0.181246 -4.668588 0.000000
vt 0.000000 -4.829574 0.000000
vt -0.181246 -4.990560 0.000000
vt -2.356194 -10.220452 0.000000
vt -2.174949 -10.464077 0.000000
vt -1.993703 -10.786049 0.000000
vt -1.812457 -11.108020 0.000000
vt -1.631212 -11.429992 0.000000
vt -1.631212 -11.749735 0.000000
vt -1.631212 -12.073935 0.000000
vt -1.449966 -12.395907 0.000000
vt -1.268720 -12.717878 0.000000
vt -1.087474 -13.039850 0.000000
vt -0.906229 -13.361822 0.000000
vt -0.724983 -13.683793 0.000000
vt -0.543737 -14.005765 0.000000
vt -0.362491 -14.327736 0.000000
vt -0.362491 14.327736 0.000000
vt -2.356194 -10.602525 0.000000
vt -2.174949 -10.786049 0.000000
vt -1.993703 -11.108020 0.000000
vt -1.812457 -11.429992 0.000000
vt -1.812457 -11.749487 0.000000
vt -1.812457 -12.073935 0.000000
vt -1.631212 -12.395907 0.000000
vt -1.449966 -12.717878 0.000000
vt -1.268720 -13.039850 0.000000
vt -1.087474 -13.361822 0.000000
vt -0.906229 -13.683793 0.000000
vt -0.724983 -14.005765 0.000000
vt -0.543737 -14.327736 0.000000
vt -0.543737 14.327736 0.000000
vt -0.362491 14.005765 0.000000
vt -2.356194 -10.984598 0.000000
vt -2.174949 -11.108020 0.000000
vt -1.993703 -11.429992 0.000000
vt -1.993703 -11.749239 0.000000
vt -1.993703 -12.073935 0.000000
vt -1.812457 -12.395907 0.000000
vt -1.631212 -12.717878 0.000000
vt -1.449966 -13.039850 0.000000
vt -1.268720 -13.361822 0.000000
vt -1.087474 -13.683793 0.000000
vt -0.906229 -14.005765 0.000000
vt -0.724983 -14.327736 0.000000
vt -0.724983 14.327736 0.000000
vt -0.543737 14.005765 0.000000
vt -0.362491 13.683793 0.000000
vt -2.356194 -11.366671 0.000000
vt -2.174949 -11.429992 0.000000
vt -2.174949 -11.748992 0.000000
vt -2.174949 -12.073935 0.000000
vt -1.993703 -12.395907 0.000000
vt -1.812457 -12.717878 0.000000
vt -1.631212 -13.039850 0.000000
vt -1.449966 -13.361822 0.000000
vt -1.268720 -13.683793 0.000000
vt -1.087474 -14.005765 0.000000
vt -0.906229 -14.327736 0.000000
vt -0.906229 14.327736 0.000000
vt -0.724983 14.005765 0.000000
vt -0.543737 13.683793 0.000000
vt -0.362491 13.361822 0.000000
vt -2.356194 -11.748744 0.000000
vt -2.356194 -12.130817 0.000000
vt -2.174949 -12.395907 0.000000
vt -2.356194 -12.512890 0.000000
vt -2.174949 -12.717878 0.000000
vt -2.356194 -12.894963 0.000000
vt -2.174949 -13.039850 0.000000
vt -2.356194 -13.277036 0.000000
vt -2.174949 -13.361822 0.000000
vt -2.356194 -13.659109 0.000000
vt -2.174949 -13.683793 0.000000
vt -2.174949 -14.005765 0.000000
vt -1.993703 -14.005765 0.000000
vt -1.993703 -14.327736 0.000000
vt -1.812457 -14.327736 0.000000
vt -1.812457 14.327736 0.000000
vt -1.993703 14.327736 0.000000
vt -1.812457 14.005765 0.000000
vt -1.631212 14.005765 0.000000
vt -1.631212 13.683793 0.000000
vt -1.449966 13.683793 0.000000
vt -1.449966 13.361822 0.000000
vt -1.268720 13.361822 0.000000
vt -1.268720 13.039850 0.000000
vt -1.087474 13.039850 0.000000
vt -1.087474 12.717878 0.000000
vt -0.906229 12.717878 0.000000
vt -0.906229 12.395907 0.000000
vt -0.724983 12.395907 0.000000
vt -0.724983 12.073935 0.000000
vt -0.543737 12.073935 0.000000
vt -0.543737 11.751964 0.000000
vt -0.362491 11.751964 0.000000
vt -0.362491 11.429992 0.000000
vt -2.356194 -14.041182 0.000000
vt -2.174949 -14.327736 0.000000
vt -2.174949 14.327736 0.000000
vt -1.993703 14.005765 0.000000
vt -1.812457 13.683793 0.000000
vt -1.631212 13.361822 0.000000
vt -1.449966 13.039850 0.000000
vt -1.268720 12.717878 0.000000
vt -1.087474 12.395907 0.000000
vt -0.906229 12.073935 0.000000
vt -0.724983 11.751964 0.000000
vt -0.543737 11.429992 0.000000
vt -0.362491 11.108020 0.000000
vt -2.356194 14.614291 0.000000
vt -2.356194 14.232218 0.000000
vt -2.174949 14.005765 0.000000
vt -1.993703 13.683793 0.000000
vt -1.812457 13.361822 0.000000
vt -1.631212 13.039850 0.000000
vt -1.449966 12.717878 0.000000
vt -1.268720 12.395907 0.000000
vt -1.087474 12.073935 0.000000
vt -0.906229 11.751964 0.000000
vt -0.724983 11.429992 0.000000
vt -0.543737 11.108020 0.000000
vt -0.362491 10.786049 0.000000
vt -2.356194 13.850145 0.000000
vt -2.174949 13.683793 0.000000
vt -1.993703 13.361822 0.000000
vt -1.812457 13.039850 0.000000
vt -1.631212 12.717878 0.000000
vt -1.449966 12.395907 0.000000
vt -1.268720 12.073935 0.000000
vt -1.087474 11.751964 0.000000
vt -0.906229 11.429992 0.000000
vt -0.724983 11.108020 0.000000
vt -0.543737 10.786049 0.000000
vt -0.362491 10.464077 0.000000
vt -2.356194 13.468072 0.000000
vt -2.174949 13.361822 0.000000
vt -1.993703 13.039850 0.000000
vt -1.812457 12.717878 0.000000
vt -1.631212 12.395907 0.000000
vt -1.449966 12.073935 0.000000
vt -1.268720 11.751964 0.000000
vt -1.087474 11.429992 0.000000
vt -0.906229 11.108020 0.000000
vt -0.724983 10.786049 0.000000
vt -0.543737 10.464077 0.000000
vt -0.362491 10.142106 0.000000
vt -2.356194 13.085999 0.000000
vt -2.174949 13.039850 0.000000
vt -1.993703 12.717878 0.000000
vt -1.812457 12.395907 0.000000
vt -1.631212 12.073935 0.000000
vt -1.449966 11.751964 0.000000
vt -1.268720 11.429992 0.000000
vt -1.087474 11.108020 0.000000
vt -0.906229 10.786049 0.000000
vt -0.724983 10.464077 0.000000
vt -0.543737 10.142106 0.000000
vt -0.362491 9.820134 0.000000
vt -2.356194 12.703926 0.000000
vt -2.174949 12.717878 0.000000
vt -1.993703 12.395907 0.000000
vt -1.812457 12.073935 0.000000
vt -1.631212 11.751964 0.000000
vt -1.449966 11.429992 0.000000
vt -1.268720 11.108020 0.000000
vt -1.087474 10.786049 0.000000
vt -0.906229 10.464077 0.000000
vt -0.724983 10.142106 0.000000
vt -0.543737 9.820134 0.000000
vt -0.362491 9.498162 0.000000
vt -2.174949 12.395907 0.000000
vt -2.356194 12.321853 0.000000
vt -2.174949 12.073935 0.000000
vt -2.356194 11.939780 0.000000
vt -2.174949 11.751964 0.000000
vt -2.356194 11.557707 0.000000
vt -2.174949 11.429992 0.000000
vt -2.356194 11.175634 0.000000
vt -2.174949 11.108020 0.000000
vt -2.356194 10.793561 0.000000
vt -2.174949 10.786049 0.000000
vt -2.174949 10.464077 0.000000
vt -1.993703 10.464077 0.000000
vt -1.993703 10.142106 0.000000
vt -1.812457 10.142106 0.000000
vt -1.812457 9.820134 0.000000
vt -1.631212 9.820134 0.000000
vt -1.631212 9.498162 0.000000
vt -1.449966 9.498162 0.000000
vt -1.449966 9.176191 0.000000
vt -1.268720 9.176191 0.000000
vt -1.268720 8.854219 0.000000
vt -1.087474 8.854219 0.000000
vt -1.087474 8.532248 0.000000
vt -0.906229 8.532248 0.000000
vt -0.906229 8.210276 0.000000
vt -0.724983 8.210276 0.000000
vt -0.724983 7.888304 0.000000
vt -0.543737 7.888304 0.000000
vt -0.543737 7.566333 0.000000
vt -0.362491 7.566333 0.000000
vt -0.362491 7.244361 0.000000
vt -2.356194 10.411489 0.000000
vt -2.174949 10.142106 0.000000
vt -1.993703 9.820134 0.000000
vt -1.812457 9.498162 0.000000
vt -1.631212 9.176191 0.000000
vt -1.449966 8.854219 0.000000
vt -1.268720 8.532248 0.000000
vt -1.087474 8.210276 0.000000
vt -0.906229 7.888304 0.000000
vt -0.724983 7.566333 0.000000
vt -0.543737 7.244361 0.000000
vt -0.362491 6.922390 0.000000
vt -2.356194 10.029416 0.000000
vt -2.174949 9.820134 0.000000
vt -1.993703 9.498162 0.000000
vt -1.812457 9.176191 0.000000
vt -1.631212 8.854219 0.000000
vt -1.449966 8.532248 0.000000
vt -1.268720 8.210276 0.000000
vt -1.087474 7.888304 0.000000
vt -0.906229 7.566333 0.000000
vt -0.724983 7.244361 0.000000
vt -0.543737 6.922390 0.000000
vt -0.362491 6.600418 0.000000
vt -2.356194 9.647343 0.000000
vt -2.174949 9.498162 0.000000
vt -1.993703 9.176191 0.000000
vt -1.812457 8.854219 0.000000
vt -1.631212 8.532248 0.000000
vt -1.449966 8.210276 0.000000
vt -1.268720 7.888304 0.000000
vt -1.087474 7.566333 0.000000
vt -0.906229 7.244361 0.000000
vt -0.724983 6.922390 0.000000
vt -0.543737 6.600418 0.000000
vt -0.362491 6.278446 0.000000
vt -2.356194 9.265270 0.000000
vt -2.174949 9.176191 0.000000
vt -1.993703 8.854219 0.000000
vt -1.812457 8.532248 0.000000
vt -1.631212 8.210276 0.000000
vt -1.449966 7.888304 0.000000
vt -1.268720 7.566333 0.000000
vt -1.087474 7.244361 0.000000
vt -0.906229 6.922390 0.000000
vt -0.724983 6.600418 0.000000
vt -0.543737 6.278446 0.000000
vt -0.362491 5.956475 0.000000
vt -2.356194 8.883197 0.000000
vt -2.174949 8.854219 0.000000
vt -1.993703 8.532248 0.000000
vt -1.812457 8.210276 0.000000
vt -1.631212 7.888304 0.000000
vt -1.449966 7.566333 0.000000
vt -1.268720 7.244361 0.000000
vt -1.087474 6.922390 0.000000
vt -0.906229 6.600418 0.000000
vt -0.724983 6.278446 0.000000
vt -0.543737 5.956475 0.000000
vt -0.362491 5.634503 0.000000
vt -2.174949 8.532248 0.000000
vt -2.356194 8.501124 0.000000
vt -2.174949 8.210276 0.000000
vt -2.356194 8.119051 0.000000
vt -2.174949 7.888304 0.000000
vt -2.356194 7.736978 0.000000
vt -2.174949 7.566333 0.000000
vt -2.356194 7.354905 0.000000
vt -2.174949 7.244361 0.000000
vt -2.356194 6.972832 0.000000
vt -2.174949 6.922390 0.000000
vt -2.356194 6.590759 0.000000
vt -2.174949 6.600418 0.000000
vt -2.174949 6.278446 0.000000
vt -1.993703 6.278446 0.000000
vt -1.993703 5.956475 0.000000
vt -1.812457 5.956475 0.000000
vt -1.812457 5.634503 0.000000
vt -1.631212 5.634503 0.000000
vt -1.631212 5.312532 0.000000
vt -1.449966 5.312532 0.000000
vt -1.449966 4.990560 0.000000
vt -1.268720 4.990560 0.000000
vt -1.268720 4.668588 0.000000
vt -1.087474 4.668588 0.000000
vt -1.087474 4.346617 0.000000
vt -0.906229 4.346617 0.000000
vt -0.906229 4.024645 0.000000
vt -0.724983 4.024645 0.000000
vt -0.724983 3.702673 0.000000
vt -0.543737 3.702673 0.000000
vt -0.543737 3.380702 0.000000
vt -0.362491 3.380702 0.000000
vt -0.362491 3.058730 0.000000
vt -2.356194 6.208686 0.000000
vt -2.174949 5.956475 0.000000
vt -1.993703 5.634503 0.000000
vt -1.812457 5.312532 0.000000
vt -1.631212 4.990560 0.000000
vt -1.449966 4.668588 0.000000
vt -1.268720 4.346617 0.000000
vt -1.087474 4.024645 0.000000
vt -0.906229 3.702673 0.000000
vt -0.724983 3.380702 0.000000
vt -0.543737 3.058730 0.000000
vt -0.362491 2.736759 0.000000
vt -2.356194 5.826613 0.000000
vt -2.174949 5.634503 0.000000
vt -1.993703 5.312532 0.000000
vt -1.812457 4.990560 0.000000
vt -1.631212 4.668588 0.000000
vt -1.449966 4.346617 0.000000
vt -1.268720 4.024645 0.000000
vt -1.087474 3.702673 0.000000
vt -0.906229 3.380702 0.000000
vt -0.724983 3.058730 0.000000
vt -0.543737 2.736759 0.000000
vt -0.362491 2.414787 0.000000
vt -2.356194 5.444540 0.000000
vt -2.174949 5.312532 0.000000
vt -1.993703 4.990560 0.000000
vt -1.812457 4.668588 0.000000
vt -1.631212 4.346617 0.000000
vt -1.449966 4.024645 0.000000
vt -1.268720 3.702673 0.000000
vt -1.087474 3.380702 0.000000
vt -0.906229 3.058730 0.000000
vt -0.724983 2.736759 0.000000
vt -0.543737 2.414787 0.000000
vt -0.362491 2.092815 0.000000
vt -2.356194 5.062467 0.000000
vt -2.174949 4.990560 0.000000
vt -1.993703 4.668588 0.000000
vt -1.812457 4.346617 0.000000
vt -1.631212 4.024645 0.000000
vt -1.449966 3.702673 0.000000
vt -1.268720 3.380702 0.000000
vt -1.087474 3.058730 0.000000
vt -0.906229 2.736759 0.000000
vt -0.724983 2.414787 0.000000
vt -0.543737 2.092815 0.000000
vt -0.362491 1.770844 0.000000
vt -2.356194 4.680394 0.000000
vt -2.174949 4.668588 0.000000
vt -1.993703 4.346617 0.000000
vt -1.812457 4.024645 0.000000
vt -1.631212 3.702673 0.000000
vt -1.449966 3.380702 0.000000
vt -1.268720 3.058730 0.000000
vt -1.087474 2.736759 0.000000
vt -0.906229 2.414787 0.000000
vt -0.724983 2.092815 0.000000
vt -0.543737 1.770844 0.000000
vt -0.362491 1.448872 0.000000
vt -2.174949 4.346617 0.000000
vt -2.356194 4.298321 0.000000
vt -2.174949 4.024645 0.000000
vt -2.356194 3.916248 0.000000
vt -2.174949 3.702673 0.000000
vt -2.356194 3.534175 0.000000
vt -2.174949 3.380702 0.000000
vt -2.356194 3.152102 0.000000
vt -2.174949 3.058730 0.000000
vt -2.356194 2.770029 0.000000
vt -2.174949 2.736759 0.000000
vt -2.356194 2.387956 0.000000
vt -2.174949 2.414787 0.000000
vt -2.174949 2.092815 0.000000
vt -1.993703 2.092815 0.000000
vt -1.993703 1.770844 0.000000
vt -1.812457 1.770844 0.000000
vt -1.812457 1.448872 0.000000
vt -1.631212 1.448872 0.000000
vt -1.631212 1.126901 0.000000
vt -1.449966 1.126901 0.000000
vt -1.449966 0.804929 0.000000
vt -1.268720 0.804929 0.000000
vt -1.268720 0.482957 0.000000
vt -1.087474 0.482957 0.000000
vt -1.087474 0.160986 0.000000
vt -0.906229 0.160986 0.000000
vt -0.906229 -0.160986 0.000000
vt -0.724983 -0.160986 0.000000
vt -0.724983 -0.482957 0.000000
vt -0.543737 -0.482957 0.000000
vt -0.543737 -0.804929 0.000000
vt -0.362491 -0.804929 0.000000
vt -0.362491 -1.126901 0.000000
vt -2.356194 2.005883 0.000000
vt -2.174949 1.770844 0.000000
vt -1.993703 1.448872 0.000000
vt -1.812457 1.126901 0.000000
vt -1.631212 0.804929 0.000000
vt -1.449966 0.482957 0.000000
vt -1.268720 0.160986 0.000000
vt -1.087474 -0.160986 0.000000
vt -0.906229 -0.482957 0.000000
vt -0.724983 -0.804929 0.000000
vt -0.543737 -1.126901 0.000000
vt -0.362491 -1.448872 0.000000
vt -2.356194 1.623810 0.000000
vt -2.174949 1.448872 0.000000
vt -1.993703 1.126901 0.000000
vt -1.812457 0.804929 0.000000
vt -1.631212 0.482957 0.000000
vt -1.449966 0.160986 0.000000
vt -1.268720 -0.160986 0.000000
vt -1.087474 -0.482957 0.000000
vt -0.906229 -0.804929 0.000000
vt -0.724983 -1.126901 0.000000
vt -0.543737 -1.448872 0.000000
vt -0.362491 -1.770844 0.000000
vt -2.356194 1.241737 0.000000
vt -2.174949 1.126901 0.000000
vt -1.993703 0.804929 0.000000
vt -1.812457 0.482957 0.000000
vt -1.631212 0.160986 0.000000
vt -1.449966 -0.160986 0.000000
vt -1.268720 -0.482957 0.000000
vt -1.087474 -0.804929 0.000000
vt -0.906229 -1.126901 0.000000
vt -0.724983 -1.448872 0.000000
vt -0.543737 -1.770844 0.000000
vt -0.362491 -2.092815 0.000000
vt -2.356194 0.859664 0.000000
vt -2.174949 0.804929 0.000000
vt -1.993703 0.482957 0.000000
vt -1.812457 0.160986 0.000000
vt -1.631212 -0.160986 0.000000
vt -1.449966 -0.482957 0.000000
vt -1.268720 -0.804929 0.000000
vt -1.087474 -1.126901 0.000000
vt -0.906229 -1.448872 0.000000
vt -0.724983 -1.770844 0.000000
vt -0.543737 -2.092815 0.000000
vt -0.362491 -2.414787 0.000000
vt -2.356194 0.477591 0.000000
vt -2.174949 0.482957 0.000000
vt -1.993703 0.160986 0.000000
vt -1.812457 -0.160986 0.000000
vt -1.631212 -0.482957 0.000000
vt -1.449966 -0.804929 0.000000
vt -1.268720 -1.126901 0.000000
vt -1.087474 -1.448872 0.000000
vt -0.906229 -1.770844 0.000000
vt -0.724983 -2.092815 0.000000
vt -0.543737 -2.414787 0.000000
vt -0.362491 -2.736759 0.000000
vt -2.174949 0.160986 0.000000
vt -2.356194 0.095518 0.000000
vt -2.174949 -0.160986 0.000000
vt -2.356194 -0.286555 0.000000
vt -2.174949 -0.482957 0.000000
vt -2.356194 -0.668628 0.000000
vt -2.174949 -0.804929 0.000000
vt -2.356194 -1.050701 0.000000
vt -2.174949 -1.126901 0.000000
vt -2.356194 -1.432774 0.000000
vt -2.174949 -1.448872 0.000000
vt -2.174949 -1.770844 0.000000
vt -1.993703 -1.770844 0.000000
vt -1.993703 -2.092815 0.000000
vt -1.812457 -2.092815 0.000000
vt -1.812457 -2.414787 0.000000
vt -1.631212 -2.414787 0.000000
vt -1.631212 -2.736759 0.000000
vt -1.449966 -2.736759 0.000000
vt -1.449966 -3.058730 0.000000
vt -1.268720 -3.058730 0.000000
vt -1.268720 -3.380702 0.000000
vt -1.087474 -3.380702 0.000000
vt -1.087474 -3.702673 0.000000
vt -0.906229 -3.702673 0.000000
vt -0.906229 -4.024645 0.000000
vt -0.724983 -4.024645 0.000000
vt -0.724983 -4.346617 0.000000
vt -0.543737 -4.346617 0.000000
vt -0.543737 -4.668588 0.000000
vt -0.362491 -4.668588 0.000000
vt -0.362491 -4.990560 0.000000
vt -2.356194 -1.814847 0.000000
vt -2.174949 -2.092815 0.000000
vt -1.993703 -2.414787 0.000000
vt -1.812457 -2.736759 0.000000
vt -1.631212 -3.058730 0.000000
vt -1.449966 -3.380702 0.000000
vt -1.268720 -3.702673 0.000000
vt -1.087474 -4.024645 0.000000
vt -0.906229 -4.346617 0.000000
vt -0.724983 -4.668588 0.000000
vt -0.543737 -4.990560 0.000000
vt -2.356194 -2.196920 0.000000
vt -2.174949 -2.414787 0.000000
vt -1.993703 -2.736759 0.000000
vt -1.812457 -3.058730 0.000000
vt -1.631212 -3.380702 0.000000
vt -1.449966 -3.702673 0.000000
vt -1.268720 -4.024645 0.000000
vt -1.087474 -4.346617 0.000000
vt -0.906229 -4.668588 0.000000
vt -0.724983 -4.990560 0.000000
vt -2.356194 -2.578993 0.000000
vt -2.174949 -2.736759 0.000000
vt -1.993703 -3.058730 0.000000
vt -1.812457 -3.380702 0.000000
vt -1.631212 -3.702673 0.000000
vt -1.449966 -4.024645 0.000000
vt -1.268720 -4.346617 0.000000
vt -1.087474 -4.668588 0.000000
vt -0.906229 -4.990560 0.000000
vt -2.356194 -2.961066 0.000000
vt -2.174949 -3.058730 0.000000
vt -1.993703 -3.380702 0.000000
vt -1.812457 -3.702673 0.000000
vt -1.631212 -4.024645 0.000000
vt -1.449966 -4.346617 0.000000
vt -1.268720 -4.668588 0.000000
vt -1.087474 -4.990560 0.000000
vt -2.356194 -3.343139 0.000000
vt -2.174949 -3.380702 0.000000
vt -1.993703 -3.702673 0.000000
vt -1.812457 -4.024645 0.000000
vt -1.631212 -4.346617 0.000000
vt -1.449966 -4.668588 0.000000
vt -1.268720 -4.990560 0.000000
vt -2.356194 -3.725211 0.000000
vt -2.174949 -3.702673 0.000000
vt -1.993703 -4.024645 0.000000
vt -1.812457 -4.346617 0.000000
vt -1.631212 -4.668588 0.000000
vt -1.449966 -4.990560 0.000000
vt -2.174949 -4.024645 0.000000
vt -2.356194 -4.107284 0.000000
vt -2.174949 -4.346617 0.000000
vt -2.356194 -4.489357 0.000000
vt -2.174949 -4.668588 0.000000
vt -2.356194 -4.871430 0.000000
vt -2.174949 -4.990560 0.000000
vt -2.356194 -5.253503 0.000000
vt 0.000000 -13.844779 0.000000
vt -0.181246 -13.683793 0.000000
vt -0.362491 -13.361822 0.000000
vt -0.543737 -13.039850 0.000000
vt -0.724983 -12.717878 0.000000
vt -0.906229 -12.395907 0.000000
vt -1.087474 -12.073935 0.000000
vt -1.087474 -11.750478 0.000000
vt -1.087474 -11.429992 0.000000
vt -1.268720 -11.108020 0.000000
vt -1.449966 -10.786049 0.000000
vt -1.631212 -10.464077 0.000000
vt -1.812457 -10.142106 0.000000
vt -1.993703 -9.820134 0.000000
vt 0.000000 -13.522807 0.000000
vt -0.181246 -13.361822 0.000000
vt -0.362491 -13.039850 0.000000
vt -0.543737 -12.717878 0.000000
vt -0.724983 -12.395907 0.000000
vt -0.906229 -12.073935 0.000000
vt -0.906229 -11.750725 0.000000
vt -0.906229 -11.429992 0.000000
vt -1.087474 -11.108020 0.000000
vt -1.268720 -10.786049 0.000000
vt -1.449966 -10.464077 0.000000
vt -1.631212 -10.142106 0.000000
vt -1.812457 -9.820134 0.000000
vt -1.993703 -9.498162 0.000000
vt 0.000000 -13.200836 0.000000
vt -0.181246 -13.039850 0.000000
vt -0.362491 -12.717878 0.000000
vt -0.543737 -12.395907 0.000000
vt -0.724983 -12.073935 0.000000
vt -0.724983 -11.750973 0.000000
vt -0.724983 -11.429992 0.000000
vt -0.906229 -11.108020 0.000000
vt -1.087474 -10.786049 0.000000
vt -1.268720 -10.464077 0.000000
vt -1.449966 -10.142106 0.000000
vt -1.631212 -9.820134 0.000000
vt -1.812457 -9.498162 0.000000
vt -1.993703 -9.176191 0.000000
vt 0.000000 -12.878864 0.000000
vt -0.181246 -12.717878 0.000000
vt -0.362491 -12.395907 0.000000
vt -0.543737 -12.073935 0.000000
vt -0.543737 -11.751221 0.000000
vt -0.543737 -11.429992 0.000000
vt -0.724983 -11.108020 0.000000
vt -0.906229 -10.786049 0.000000
vt -1.087474 -10.464077 0.000000
vt -1.268720 -10.142106 0.000000
vt -1.449966 -9.820134 0.000000
vt -1.631212 -9.498162 0.000000
vt -1.812457 -9.176191 0.000000
vt -1.993703 -8.854219 0.000000
vt 0.000000 -12.556893 0.000000
vt -0.181246 -12.395907 0.000000
vt -0.362491 -12.073935 0.000000
vt -0.362491 -11.751468 0.000000
vt -0.362491 -11.429992 0.000000
vt -0.543737 -11.108020 0.000000
vt -0.724983 -10.786049 0.000000
vt -0.906229 -10.464077 0.000000
vt -1.087474 -10.142106 0.000000
vt -1.268720 -9.820134 0.000000
vt -1.449966 -9.498162 0.000000
vt -1.631212 -9.176191 0.000000
vt -1.812457 -8.854219 0.000000
vt -1.993703 -8.532248 0.000000
vt 0.000000 -12.234921 0.000000
vt -0.181246 -12.073935 0.000000
vt -0.181246 -11.751716 0.000000
vt -0.181246 -11.429992 0.000000
vt -0.362491 -11.108020 0.000000
vt -0.543737 -10.786049 0.000000
vt -0.724983 -10.464077 0.000000
vt -0.906229 -10.142106 0.000000
vt -1.087474 -9.820134 0.000000
vt -1.268720 -9.498162 0.000000
vt -1.449966 -9.176191 0.000000
vt -1.631212 -8.854219 0.000000
vt -1.812457 -8.532248 0.000000
vt -1.993703 -8.210276 0.000000
vt 0.000000 -11.912949 0.000000
vt 0.000000 -11.590978 0.000000
vt 0.000000 -11.269006 0.000000
vt -0.181246 -11.108020 0.000000
vt -0.362491 -10.786049 0.000000
vt -0.543737 -10.464077 0.000000
vt -0.724983 -10.142106 0.000000
vt -0.906229 -9.820134 0.000000
vt -1.087474 -9.498162 0.000000
vt -1.268720 -9.176191 0.000000
vt -1.449966 -8.854219 0.000000
vt -1.631212 -8.532248 0.000000
vt -1.812457 -8.210276 0.000000
vt -1.993703 -7.888304 0.000000
vt 0.000000 -10.947035 0.000000
vt -0.181246 -10.786049 0.000000
vt -0.362491 -10.464077 0.000000
vt -0.543737 -10.142106 0.000000
vt -0.724983 -9.820134 0.000000
vt -0.906229 -9.498162 0.000000
vt -1.087474 -9.176191 0.000000
vt -1.268720 -8.854219 0.000000
vt -1.449966 -8.532248 0.000000
vt -1.631212 -8.210276 0.000000
vt -1.812457 -7.888304 0.000000
vt 0.000000 -10.625063 0.000000
vt -0.181246 -10.464077 0.000000
vt -0.362491 -10.142106 0.000000
vt -0.543737 -9.820134 0.000000
vt -0.724983 -9.498162 0.000000
vt -0.906229 -9.176191 0.000000
vt -1.087474 -8.854219 0.000000
vt -1.268720 -8.532248 0.000000
vt -1.449966 -8.210276 0.000000
vt -1.631212 -7.888304 0.000000
vt 0.000000 -10.303091 0.000000
vt -0.181246 -10.142106 0.000000
vt -0.362491 -9.820134 0.000000
vt -0.543737 -9.498162 0.000000
vt -0.724983 -9.176191 0.000000
vt -0.906229 -8.854219 0.000000
vt -1.087474 -8.532248 0.000000
vt -1.268720 -8.210276 0.000000
vt -1.449966 -7.888304 0.000000
vt 0.000000 -9.981120 0.000000
vt -0.181246 -9.820134 0.000000
vt -0.362491 -9.498162 0.000000
vt -0.543737 -9.176191 0.000000
vt -0.724983 -8.854219 0.000000
vt -0.906229 -8.532248 0.000000
vt -1.087474 -8.210276 0.000000
vt -1.268720 -7.888304 0.000000
vt 0.000000 -9.659148 0.000000
vt -0.181246 -9.498162 0.000000
vt -0.362491 -9.176191 0.000000
vt -0.543737 -8.854219 0.000000
vt -0.724983 -8.532248 0.000000
vt -0.906229 -8.210276 0.000000
vt -1.087474 -7.888304 0.000000
vt 0.000000 -9.337177 0.000000
vt -0.181246 -9.176191 0.000000
vt -0.362491 -8.854219 0.000000
vt -0.543737 -8.532248 0.000000
vt -0.724983 -8.210276 0.000000
vt -0.906229 -7.888304 0.000000
vt 0.000000 -9.015205 0.000000
vt -0.181246 -8.854219 0.000000
vt -0.362491 -8.532248 0.000000
vt -0.543737 -8.210276 0.000000
vt -0.724983 -7.888304 0.000000
vt 0.000000 -8.693233 0.000000
vt -0.181246 -8.532248 0.000000
vt -0.362491 -8.210276 0.000000
vt -0.543737 -7.888304 0.000000
vt 0.000000 -8.371262 0.000000
vt -0.181246 -8.210276 0.000000
vt -0.362491 -7.888304 0.000000
vt 0.000000 -8.049290 0.000000
vt -0.181246 -7.888304 0.000000
vt 0.000000 -7.727319 0.000000
vt -0.181246 -6.922390 0.000000
vt 0.000000 -6.761404 0.000000
vt -0.181246 -6.600418 0.000000
vt 0.000000 -6.439432 0.000000
vt -0.181246 -6.278446 0.000000
vt 0.000000 -6.117461 0.000000
vt -0.181246 -5.956475 0.000000
vt 0.000000 -5.795489 0.000000
vt -1.631212 -14.327736 0.000000
vt -1.812457 -14.005765 0.000000
vt -1.631212 -14.005765 0.000000
vt -1.812457 -13.683793 0.000000
vt -1.631212 -13.683793 0.000000
vt -1.812457 -13.361822 0.000000
vt -1.631212 -13.361822 0.000000
vt -1.812457 -13.039850 0.000000
vt -1.449966 -14.327736 0.000000
vt -1.449966 -14.005765 0.000000
vt -1.449966 -13.683793 0.000000
vt -1.631212 14.327736 0.000000
vt -1.449966 14.005765 0.000000
vt -1.449966 14.327736 0.000000
vt -1.268720 14.005765 0.000000
vt -1.268720 14.327736 0.000000
vt -1.087474 14.005765 0.000000
vt -1.087474 14.327736 0.000000
vt -0.906229 14.005765 0.000000
vt -1.268720 -14.327736 0.000000
vt -1.268720 -14.005765 0.000000
vt -1.087474 -14.327736 0.000000
vt -1.993703 -6.922390 0.000000
vt -1.993703 -6.600418 0.000000
vt -1.993703 -6.278446 0.000000
vt -1.993703 -5.956475 0.000000
vt -1.812457 -6.922390 0.000000
vt -1.812457 -6.600418 0.000000
vt -1.812457 -6.278446 0.000000
vt -1.812457 -5.956475 0.000000
vt -1.631212 -6.922390 0.000000
vt -1.631212 -6.600418 0.000000
vt -1.631212 -6.278446 0.000000
vt -1.631212 -5.956475 0.000000
vt -1.449966 -6.922390 0.000000
vt -1.449966 -6.600418 0.000000
vt -1.449966 -6.278446 0.000000
vt -1.449966 -5.956475 0.000000
vt -1.268720 -6.922390 0.000000
vt -1.268720 -6.600418 0.000000
vt -1.268720 -6.278446 0.000000
vt -1.268720 -5.956475 0.000000
vt -1.087474 -6.922390 0.000000
vt -1.087474 -6.600418 0.000000
vt -1.087474 -6.278446 0.000000
vt -1.087474 -5.956475 0.000000
vt -0.906229 -6.922390 0.000000
vt -0.906229 -6.600418 0.000000
vt -0.906229 -6.278446 0.000000
vt -0.906229 -5.956475 0.000000
vt -0.724983 -6.922390 0.000000
vt -0.724983 -6.600418 0.000000
vt -0.724983 -6.278446 0.000000
vt -0.724983 -5.956475 0.000000
vt -0.543737 -6.922390 0.000000
vt -0.543737 -6.600418 0.000000
vt -0.543737 -6.278446 0.000000
vt -0.543737 -5.956475 0.000000
vt -0.362491 -6.922390 0.000000
vt -0.362491 -6.600418 0.000000
vt -0.362491 -6.278446 0.000000
vt -0.362491 -5.956475 0.000000
vt -1.993703 -12.717878 0.000000
vt -1.993703 -13.039850 0.000000
vt -1.993703 -13.361822 0.000000
vt -1.993703 -13.683793 0.000000
vt -1.268720 13.683793 0.000000
vt -1.087474 13.683793 0.000000
vt -0.906229 13.683793 0.000000
vt -0.724983 13.683793 0.000000
vt -1.087474 13.361822 0.000000
vt -0.906229 13.361822 0.000000
vt -0.724983 13.361822 0.000000
vt -0.543737 13.361822 0.000000
vt -0.906229 13.039850 0.000000
vt -0.724983 13.039850 0.000000
vt -0.543737 13.039850 0.000000
vt -0.362491 13.039850 0.000000
vt -0.724983 12.717878 0.000000
vt -0.543737 12.717878 0.000000
vt -0.362491 12.717878 0.000000
vt -1.993703 12.073935 0.000000
vt -1.812457 11.751964 0.000000
vt -1.631212 11.429992 0.000000
vt -1.449966 11.108020 0.000000
vt -1.268720 10.786049 0.000000
vt -1.087474 10.464077 0.000000
vt -0.906229 10.142106 0.000000
vt -0.724983 9.820134 0.000000
vt -0.543737 9.498162 0.000000
vt -0.362491 9.176191 0.000000
vt -0.543737 12.395907 0.000000
vt -0.362491 12.395907 0.000000
vt -0.362491 12.073935 0.000000
vt -1.993703 11.751964 0.000000
vt -1.812457 11.429992 0.000000
vt -1.631212 11.108020 0.000000
vt -1.449966 10.786049 0.000000
vt -1.268720 10.464077 0.000000
vt -1.087474 10.142106 0.000000
vt -0.906229 9.820134 0.000000
vt -0.724983 9.498162 0.000000
vt -0.543737 9.176191 0.000000
vt -0.362491 8.854219 0.000000
vt -1.993703 11.429992 0.000000
vt -1.812457 11.108020 0.000000
vt -1.631212 10.786049 0.000000
vt -1.449966 10.464077 0.000000
vt -1.268720 10.142106 0.000000
vt -1.087474 9.820134 0.000000
vt -0.906229 9.498162 0.000000
vt -0.724983 9.176191 0.000000
vt -0.543737 8.854219 0.000000
vt -0.362491 8.532248 0.000000
vt -1.993703 11.108020 0.000000
vt -1.812457 10.786049 0.000000
vt -1.631212 10.464077 0.000000
vt -1.449966 10.142106 0.000000
vt -1.268720 9.820134 0.000000
vt -1.087474 9.498162 0.000000
vt -0.906229 9.176191 0.000000
vt -0.724983 8.854219 0.000000
vt -0.543737 8.532248 0.000000
vt -0.362491 8.210276 0.000000
vt -1.993703 10.786049 0.000000
vt -1.812457 10.464077 0.000000
vt -1.631212 10.142106 0.000000
vt -1.449966 9.820134 0.000000
vt -1.268720 9.498162 0.000000
vt -1.087474 9.176191 0.000000
vt -0.906229 8.854219 0.000000
vt -0.724983 8.532248 0.000000
vt -0.543737 8.210276 0.000000
vt -0.362491 7.888304 0.000000
vt -1.993703 8.210276 0.000000
vt -1.812457 7.888304 0.000000
vt -1.631212 7.566333 0.000000
vt -1.449966 7.244361 0.000000
vt -1.268720 6.922390 0.000000
vt -1.087474 6.600418 0.000000
vt -0.906229 6.278446 0.000000
vt -0.724983 5.956475 0.000000
vt -0.543737 5.634503 0.000000
vt -0.362491 5.312532 0.000000
vt -1.993703 7.888304 0.000000
vt -1.993703 7.566333 0.000000
vt -1.993703 7.244361 0.000000
vt -1.993703 6.922390 0.000000
vt -1.993703 6.600418 0.000000
vt -1.812457 7.566333 0.000000
vt -1.631212 7.244361 0.000000
vt -1.449966 6.922390 0.000000
vt -1.268720 6.600418 0.000000
vt -1.087474 6.278446 0.000000
vt -0.906229 5.956475 0.000000
vt -0.724983 5.634503 0.000000
vt -0.543737 5.312532 0.000000
vt -0.362491 4.990560 0.000000
vt -1.812457 7.244361 0.000000
vt -1.812457 6.922390 0.000000
vt -1.812457 6.600418 0.000000
vt -1.812457 6.278446 0.000000
vt -1.631212 6.922390 0.000000
vt -1.449966 6.600418 0.000000
vt -1.268720 6.278446 0.000000
vt -1.087474 5.956475 0.000000
vt -0.906229 5.634503 0.000000
vt -0.724983 5.312532 0.000000
vt -0.543737 4.990560 0.000000
vt -0.362491 4.668588 0.000000
vt -1.631212 6.600418 0.000000
vt -1.631212 6.278446 0.000000
vt -1.631212 5.956475 0.000000
vt -1.449966 6.278446 0.000000
vt -1.268720 5.956475 0.000000
vt -1.087474 5.634503 0.000000
vt -0.906229 5.312532 0.000000
vt -0.724983 4.990560 0.000000
vt -0.543737 4.668588 0.000000
vt -0.362491 4.346617 0.000000
vt -1.449966 5.956475 0.000000
vt -1.449966 5.634503 0.000000
vt -1.268720 5.634503 0.000000
vt -1.087474 5.312532 0.000000
vt -0.906229 4.990560 0.000000
vt -0.724983 4.668588 0.000000
vt -0.543737 4.346617 0.000000
vt -0.362491 4.024645 0.000000
vt -1.268720 5.312532 0.000000
vt -1.087474 4.990560 0.000000
vt -0.906229 4.668588 0.000000
vt -0.724983 4.346617 0.000000
vt -0.543737 4.024645 0.000000
vt -0.362491 3.702673 0.000000
vt -1.993703 4.024645 0.000000
vt -1.812457 3.702673 0.000000
vt -1.631212 3.380702 0.000000
vt -1.449966 3.058730 0.000000
vt -1.268720 2.736759 0.000000
vt -1.087474 2.414787 0.000000
vt -0.906229 2.092815 0.000000
vt -0.724983 1.770844 0.000000
vt -0.543737 1.448872 0.000000
vt -0.362491 1.126901 0.000000
vt -1.993703 3.702673 0.000000
vt -1.993703 3.380702 0.000000
vt -1.993703 3.058730 0.000000
vt -1.993703 2.736759 0.000000
vt -1.993703 2.414787 0.000000
vt -1.812457 3.380702 0.000000
vt -1.631212 3.058730 0.000000
vt -1.449966 2.736759 0.000000
vt -1.268720 2.414787 0.000000
vt -1.087474 2.092815 0.000000
vt -0.906229 1.770844 0.000000
vt -0.724983 1.448872 0.000000
vt -0.543737 1.126901 0.000000
vt -0.362491 0.804929 0.000000
vt -1.812457 3.058730 0.000000
vt -1.812457 2.736759 0.000000
vt -1.812457 2.414787 0.000000
vt -1.812457 2.092815 0.000000
vt -1.631212 2.736759 0.000000
vt -1.449966 2.414787 0.000000
vt -1.268720 2.092815 0.000000
vt -1.087474 1.770844 0.000000
vt -0.906229 1.448872 0.000000
vt -0.724983 1.126901 0.000000
vt -0.543737 0.804929 0.000000
vt -0.362491 0.482957 0.000000
vt -1.631212 2.414787 0.000000
vt -1.631212 2.092815 0.000000
vt -1.631212 1.770844 0.000000
vt -1.449966 2.092815 0.000000
vt -1.268720 1.770844 0.000000
vt -1.087474 1.448872 0.000000
vt -0.906229 1.126901 0.000000
vt -0.724983 0.804929 0.000000
vt -0.543737 0.482957 0.000000
vt -0.362491 0.160986 0.000000
vt -1.449966 1.770844 0.000000
vt -1.449966 1.448872 0.000000
vt -1.268720 1.448872 0.000000
vt -1.087474 1.126901 0.000000
vt -0.906229 0.804929 0.000000
vt -0.724983 0.482957 0.000000
vt -0.543737 0.160986 0.000000
vt -0.362491 -0.160986 0.000000
vt -1.268720 1.126901 0.000000
vt -1.087474 0.804929 0.000000
vt -0.906229 0.482957 0.000000
vt -0.724983 0.160986 0.000000
vt -0.543737 -0.160986 0.000000
vt -0.362491 -0.482957 0.000000
vt -1.993703 -0.160986 0.000000
vt -1.812457 -0.482957 0.000000
vt -1.631212 -0.804929 0.000000
vt -1.449966 -1.126901 0.000000
vt -1.268720 -1.448872 0.000000
vt -1.087474 -1.770844 0.000000
vt -0.906229 -2.092815 0.000000
vt -0.724983 -2.414787 0.000000
vt -0.543737 -2.736759 0.000000
vt -0.362491 -3.058730 0.000000
vt -1.993703 -0.482957 0.000000
vt -1.812457 -0.804929 0.000000
vt -1.631212 -1.126901 0.000000
vt -1.449966 -1.448872 0.000000
vt -1.268720 -1.770844 0.000000
vt -1.087474 -2.092815 0.000000
vt -0.906229 -2.414787 0.000000
vt -0.724983 -2.736759 0.000000
vt -0.543737 -3.058730 0.000000
vt -0.362491 -3.380702 0.000000
vt -1.993703 -0.804929 0.000000
vt -1.812457 -1.126901 0.000000
vt -1.631212 -1.448872 0.000000
vt -1.449966 -1.770844 0.000000
vt -1.268720 -2.092815 0.000000
vt -1.087474 -2.414787 0.000000
vt -0.906229 -2.736759 0.000000
vt -0.724983 -3.058730 0.000000
vt -0.543737 -3.380702 0.000000
vt -0.362491 -3.702673 0.000000
vt -1.993703 -1.126901 0.000000
vt -1.812457 -1.448872 0.000000
vt -1.631212 -1.770844 0.000000
vt -1.449966 -2.092815 0.000000
vt -1.268720 -2.414787 0.000000
vt -1.087474 -2.736759 0.000000
vt -0.906229 -3.058730 0.000000
vt -0.724983 -3.380702 0.000000
vt -0.543737 -3.702673 0.000000
vt -0.362491 -4.024645 0.000000
vt -1.993703 -1.448872 0.000000
vt -1.812457 -1.770844 0.000000
vt -1.631212 -2.092815 0.000000
vt -1.449966 -2.414787 0.000000
vt -1.268720 -2.736759 0.000000
vt -1.087474 -3.058730 0.000000
vt -0.906229 -3.380702 0.000000
vt -0.724983 -3.702673 0.000000
vt -0.543737 -4.024645 0.000000
vt -0.362491 -4.346617 0.000000
vt -1.993703 -4.346617 0.000000
vt -1.812457 -4.668588 0.000000
vt -1.631212 -4.990560 0.000000
vt -1.993703 -4.668588 0.000000
vt -1.812457 -4.990560 0.000000
vt -1.993703 -4.990560 0.000000
vt -0.100000 7.470490 0.000000
vt 0.100000 7.765735 0.000000
vt -0.100000 7.823478 0.000000
vt 0.100000 8.118723 0.000000
vt -0.100000 8.176466 0.000000
vt 0.100000 8.471711 0.000000
vt -0.100000 8.529454 0.000000
vt 0.100000 8.824698 0.000000
vt -0.100000 8.882442 0.000000
vt 0.100000 9.177686 0.000000
vt -0.100000 9.235430 0.000000
vt 0.100000 9.530674 0.000000
vt -0.100000 9.588418 0.000000
vt 0.100000 9.883662 0.000000
vt -0.100000 9.941406 0.000000
vt 0.100000 10.236650 0.000000
vt -0.100000 10.294394 0.000000
vt 0.100000 10.589638 0.000000
vt -0.100000 10.647382 0.000000
vt 0.100000 10.942626 0.000000
vt -0.100000 11.000369 0.000000
vt 0.100000 11.295614 0.000000
vt -0.100000 11.353357 0.000000
vt 0.100000 11.648602 0.000000
vt -0.100000 11.706345 0.000000
vt 0.100000 12.001590 0.000000
vt -0.100000 12.059333 0.000000
vt 0.100000 12.354578 0.000000
vt -0.100000 12.412321 0.000000
vt 0.100000 12.707566 0.000000
vt -0.100000 12.765309 0.000000
vt 0.100000 13.060554 0.000000
vt -0.100000 13.118297 0.000000
vt 0.100000 13.413542 0.000000
vt -0.100000 13.471285 0.000000
vt 0.100000 13.766530 0.000000
vt -0.100000 13.824273 0.000000
vt 0.100000 14.119518 0.000000
vt -0.100000 14.177261 0.000000
vt 0.100000 14.472505 0.000000
vt -0.100000 14.530249 0.000000
vt 0.100000 14.825493 0.000000
vt -0.100000 14.883237 0.000000
vt 0.100000 15.178481 0.000000
vt -0.100000 15.236225 0.000000
vt 0.100000 15.531469 0.000000
vt -0.100000 15.589213 0.000000
vt 0.100000 15.884457 0.000000
vt -0.100000 15.942201 0.000000
vt -0.100000 -15.473726 0.000000
vt 0.100000 -15.531469 0.000000
vt 0.100000 -15.178481 0.000000
vt -0.100000 -15.120738 0.000000
vt 0.100000 -14.825493 0.000000
vt -0.100000 -14.767750 0.000000
vt 0.100000 -14.472505 0.000000
vt -0.100000 -14.414762 0.000000
vt 0.100000 -14.119518 0.000000
vt -0.100000 -14.061774 0.000000
vt 0.100000 -13.766530 0.000000
vt -0.100000 -13.708786 0.000000
vt 0.100000 -13.413542 0.000000
vt -0.100000 -13.355798 0.000000
vt 0.100000 -13.060554 0.000000
vt -0.100000 -13.002810 0.000000
vt 0.100000 -12.707566 0.000000
vt -0.100000 -12.649822 0.000000
vt 0.100000 -12.354578 0.000000
vt -0.100000 -12.296834 0.000000
vt 0.100000 -12.001590 0.000000
vt -0.100000 -11.943847 0.000000
vt 0.100000 -11.648602 0.000000
vt -0.100000 -11.590859 0.000000
vt 0.100000 -11.295614 0.000000
vt -0.100000 -11.237871 0.000000
vt 0.100000 -10.942626 0.000000
vt -0.100000 -10.884883 0.000000
vt 0.100000 -10.589638 0.000000
vt -0.100000 -10.531895 0.000000
vt 0.100000 -10.236650 0.000000
vt -0.100000 -10.178907 0.000000
vt 0.100000 -9.883662 0.000000
vt -0.100000 -9.825919 0.000000
vt 0.100000 -9.530674 0.000000
vt -0.100000 -9.472931 0.000000
vt 0.100000 -9.177686 0.000000
vt -0.100000 -9.119943 0.000000
vt 0.100000 -8.824698 0.000000
vt -0.100000 -8.766955 0.000000
vt 0.100000 -8.471711 0.000000
vt -0.100000 -8.413967 0.000000
vt 0.100000 -8.118723 0.000000
vt -0.100000 -8.060979 0.000000
vt 0.100000 -7.765735 0.000000
vt -0.100000 -7.707991 0.000000
vt 0.100000 -7.412747 0.000000
vt -0.100000 -7.355003 0.000000
vt 0.100000 -7.059759 0.000000
vt -0.100000 -7.002015 0.000000
vt 0.100000 -6.706771 0.000000
vt -0.100000 -6.649027 0.000000
vt 0.100000 -6.353783 0.000000
vt -0.100000 -6.296040 0.000000
vt 0.100000 -6.000795 0.000000
vt -0.100000 -5.943052 0.000000
vt 0.100000 -5.647807 0.000000
vt -0.100000 -5.590064 0.000000
vt 0.100000 -5.294819 0.000000
vt -0.100000 -5.237076 0.000000
vt 0.100000 -4.941831 0.000000
vt -0.100000 -4.884088 0.000000
vt 0.100000 -4.588843 0.000000
vt -0.100000 -4.531100 0.000000
vt 0.100000 -4.235855 0.000000
vt -0.100000 -4.178112 0.000000
vt 0.100000 -3.882867 0.000000
vt -0.100000 -3.825124 0.000000
vt 0.100000 -3.529879 0.000000
vt -0.100000 -3.472136 0.000000
vt 0.100000 -3.176891 0.000000
vt -0.100000 -3.119148 0.000000
vt 0.100000 -2.823904 0.000000
vt -0.100000 -2.766160 0.000000
vt 0.100000 -2.470916 0.000000
vt -0.100000 -2.413172 0.000000
vt 0.100000 -2.117928 0.000000
vt -0.100000 -2.060184 0.000000
vt 0.100000 -1.764940 0.000000
vt -0.100000 -1.707196 0.000000
vt 0.100000 -1.411952 0.000000
vt -0.100000 -1.354208 0.000000
vt 0.100000 -1.058964 0.000000
vt -0.100000 -1.001220 0.000000
vt 0.100000 -0.705976 0.000000
vt -0.100000 -0.648233 0.000000
vt 0.100000 -0.352988 0.000000
vt -0.100000 -0.295245 0.000000
vt 0.100000 0.000000 0.000000
vt -0.100000 0.057743 0.000000
vt 0.100000 0.352988 0.000000
vt -0.100000 0.410731 0.000000
vt 0.100000 0.705976 0.000000
vt -0.100000 0.763719 0.000000
vt 0.100000 1.058964 0.000000
vt -0.100000 1.116707 0.000000
vt 0.100000 1.411952 0.000000
vt -0.100000 1.469695 0.000000
vt 0.100000 1.764940 0.000000
vt -0.100000 1.822683 0.000000
vt 0.100000 2.117928 0.000000
vt -0.100000 2.175671 0.000000
vt 0.100000 2.470916 0.000000
vt -0.100000 2.528659 0.000000
vt 0.100000 2.823904 0.000000
vt -0.100000 2.881647 0.000000
vt 0.100000 3.176891 0.000000
vt -0.100000 3.234635 0.000000
vt 0.100000 3.529879 0.000000
vt -0.100000 3.587623 0.000000
vt 0.100000 3.882867 0.000000
vt -0.100000 3.940611 0.000000
vt 0.100000 4.235855 0.000000
vt -0.100000 4.293599 0.000000
vt 0.100000 4.588843 0.000000
vt -0.100000 4.646587 0.000000
vt 0.100000 4.941831 0.000000
vt -0.100000 4.999575 0.000000
vt 0.100000 5.294819 0.000000
vt -0.100000 5.352562 0.000000
vt 0.100000 5.647807 0.000000
vt -0.100000 5.705550 0.000000
vt 0.100000 6.000795 0.000000
vt -0.100000 6.058538 0.000000
vt 0.100000 6.353783 0.000000
vt -0.100000 6.411526 0.000000
vt 0.100000 6.706771 0.000000
vt -0.100000 6.764514 0.000000
vt 0.100000 7.059759 0.000000
vt -0.100000 7.117502 0.000000
vt 0.100000 7.412747 0.000000
vt 2.356194 -6.753972 0.000000
vt 2.174949 -6.922390 0.000000
vt 2.356194 -7.136045 0.000000
vt 2.174949 -7.244361 0.000000
vt 2.356194 -7.518118 0.000000
vt 2.174949 -7.566333 0.000000
vt 2.356194 -7.900191 0.000000
vt 2.174949 -7.888304 0.000000
vt 2.174949 -8.210276 0.000000
vt 1.993703 -7.888304 0.000000
vt 1.993703 -8.210276 0.000000
vt 1.812457 -7.888304 0.000000
vt 1.812457 -8.210276 0.000000
vt 1.631212 -7.888304 0.000000
vt 1.631212 -8.210276 0.000000
vt 1.449966 -7.888304 0.000000
vt 1.449966 -8.210276 0.000000
vt 1.268720 -7.888304 0.000000
vt 1.268720 -8.210276 0.000000
vt 1.087474 -7.888304 0.000000
vt 1.087474 -8.210276 0.000000
vt 0.906229 -7.888304 0.000000
vt 0.906229 -8.210276 0.000000
vt 0.724983 -7.888304 0.000000
vt 0.724983 -8.210276 0.000000
vt 0.543737 -7.888304 0.000000
vt 0.543737 -8.210276 0.000000
vt 0.362491 -7.888304 0.000000
vt 0.362491 -8.210276 0.000000
vt 0.181246 -7.888304 0.000000
vt 0.181246 -8.210276 0.000000
vt 0.000000 -8.101960 0.000000
vt 0.000000 -8.423931 0.000000
vt 2.174949 -6.600418 0.000000
vt 2.356194 -6.371899 0.000000
vt 2.174949 -6.278446 0.000000
vt 2.356194 -5.989826 0.000000
vt 2.174949 -5.956475 0.000000
vt 2.356194 -5.607753 0.000000
vt 2.174949 -5.634503 0.000000
vt 2.174949 -5.312532 0.000000
vt 1.993703 -5.312532 0.000000
vt 1.993703 -4.990560 0.000000
vt 1.812457 -4.990560 0.000000
vt 1.812457 -4.668588 0.000000
vt 1.631212 -4.668588 0.000000
vt 1.631212 -4.346617 0.000000
vt 1.449966 -4.346617 0.000000
vt 1.449966 -4.024645 0.000000
vt 1.268720 -4.024645 0.000000
vt 1.268720 -3.702673 0.000000
vt 1.087474 -3.702673 0.000000
vt 1.087474 -3.380702 0.000000
vt 0.906229 -3.380702 0.000000
vt 0.906229 -3.058730 0.000000
vt 0.724983 -3.058730 0.000000
vt 0.724983 -2.736759 0.000000
vt 0.543737 -2.736759 0.000000
vt 0.543737 -2.414787 0.000000
vt 0.362491 -2.414787 0.000000
vt 0.362491 -2.092815 0.000000
vt 0.181246 -2.092815 0.000000
vt 0.181246 -1.770844 0.000000
vt -0.000000 -1.984499 0.000000
vt -0.000000 -1.662528 0.000000
vt 0.181246 -1.448872 0.000000
vt -0.000000 -1.340556 0.000000
vt 0.181246 -1.126901 0.000000
vt -0.000000 -1.018584 0.000000
vt 0.181246 -0.804929 0.000000
vt -0.000000 -0.696613 0.000000
vt 0.181246 -0.482957 0.000000
vt -0.000000 -0.374641 0.000000
vt 0.181246 -0.160986 0.000000
vt -0.000000 -0.052670 0.000000
vt 0.181246 0.160986 0.000000
vt -0.000000 0.269302 0.000000
vt 0.181246 0.482957 0.000000
vt -0.000000 0.591274 0.000000
vt 0.181246 0.804929 0.000000
vt -0.000000 0.913245 0.000000
vt 0.181246 1.126901 0.000000
vt -0.000000 1.235217 0.000000
vt 0.181246 1.448872 0.000000
vt -0.000000 1.557188 0.000000
vt 0.181246 1.770844 0.000000
vt -0.000000 1.879160 0.000000
vt 0.181246 2.092815 0.000000
vt -0.000000 2.201132 0.000000
vt 0.181246 2.414863 0.000000
vt -0.000000 2.523103 0.000000
vt 0.181246 2.736759 0.000000
vt -0.000000 2.845075 0.000000
vt 0.181246 3.058730 0.000000
vt -0.000000 3.167046 0.000000
vt 0.181246 3.380702 0.000000
vt -0.000000 3.489018 0.000000
vt 0.181246 3.702673 0.000000
vt -0.000000 3.810990 0.000000
vt 0.181246 4.024645 0.000000
vt -0.000000 4.132961 0.000000
vt 0.181246 4.346617 0.000000
vt -0.000000 4.454933 0.000000
vt 0.181246 4.668588 0.000000
vt -0.000000 4.776905 0.000000
vt 0.181246 4.990560 0.000000
vt -0.000000 5.098876 0.000000
vt 0.181246 5.312532 0.000000
vt -0.000000 5.420848 0.000000
vt 0.181246 5.634503 0.000000
vt -0.000000 5.742819 0.000000
vt 0.181246 5.956475 0.000000
vt -0.000000 6.064791 0.000000
vt 0.181246 6.278446 0.000000
vt -0.000000 6.386763 0.000000
vt 0.181246 6.600418 0.000000
vt -0.000000 6.708734 0.000000
vt 0.181246 6.922390 0.000000
vt -0.000000 7.030706 0.000000
vt 0.181246 7.244361 0.000000
vt 0.000000 7.352677 0.000000
vt 0.181246 7.566333 0.000000
vt 0.000000 7.674649 0.000000
vt 0.181246 7.888304 0.000000
vt 0.000000 7.996621 0.000000
vt 0.181246 8.210276 0.000000
vt 0.000000 8.318592 0.000000
vt 0.181246 8.532248 0.000000
vt 0.000000 8.640564 0.000000
vt 0.181246 8.854219 0.000000
vt 0.000000 8.962535 0.000000
vt 0.181246 9.176191 0.000000
vt 0.000000 9.284507 0.000000
vt 0.181246 9.498162 0.000000
vt 0.000000 9.606479 0.000000
vt 0.181246 9.820134 0.000000
vt 0.000000 9.928450 0.000000
vt 0.181246 10.142106 0.000000
vt 0.000000 10.250422 0.000000
vt 0.181246 10.464077 0.000000
vt 0.000000 10.572393 0.000000
vt 0.181246 10.786049 0.000000
vt 0.000000 10.894365 0.000000
vt 0.181246 11.108020 0.000000
vt 0.000000 11.216337 0.000000
vt 0.181246 11.429992 0.000000
vt 0.000000 11.538308 0.000000
vt 0.181246 11.751964 0.000000
vt 0.000000 11.860280 0.000000
vt 0.181246 12.073935 0.000000
vt 0.000000 12.182251 0.000000
vt 0.181246 12.395907 0.000000
vt 0.000000 12.504223 0.000000
vt 0.181246 12.717878 0.000000
vt 0.000000 12.826195 0.000000
vt 0.181246 13.039850 0.000000
vt 0.000000 13.148166 0.000000
vt 0.181246 13.361822 0.000000
vt 0.000000 13.470138 0.000000
vt 0.181246 13.683793 0.000000
vt 0.000000 13.792110 0.000000
vt 0.181246 14.005765 0.000000
vt 0.000000 14.114081 0.000000
vt 0.181246 14.327736 0.000000
vt 0.000000 14.436053 0.000000
vt 0.000000 -14.219420 0.000000
vt 0.181246 -14.327736 0.000000
vt 0.181246 -14.005765 0.000000
vt 0.000000 -13.897449 0.000000
vt 0.181246 -13.683793 0.000000
vt 0.000000 -13.575477 0.000000
vt 0.181246 -13.361822 0.000000
vt 0.000000 -13.253505 0.000000
vt 0.181246 -13.039850 0.000000
vt 0.000000 -12.931534 0.000000
vt 0.181246 -12.717878 0.000000
vt 0.000000 -12.609562 0.000000
vt 0.181246 -12.395907 0.000000
vt 0.000000 -12.287591 0.000000
vt 0.181246 -12.073935 0.000000
vt 0.000000 -11.965619 0.000000
vt 0.181246 -11.751964 0.000000
vt 0.000000 -11.643647 0.000000
vt 0.181246 -11.429992 0.000000
vt 0.000000 -11.321676 0.000000
vt 0.181246 -11.108020 0.000000
vt 0.000000 -10.999704 0.000000
vt 0.181246 -10.786049 0.000000
vt 0.000000 -10.677733 0.000000
vt 0.181246 -10.464077 0.000000
vt 0.000000 -10.355761 0.000000
vt 0.181246 -10.142106 0.000000
vt 0.000000 -10.033789 0.000000
vt 0.181246 -9.820134 0.000000
vt 0.000000 -9.711818 0.000000
vt 0.181246 -9.498162 0.000000
vt 0.000000 -9.389846 0.000000
vt 0.181246 -9.176191 0.000000
vt 0.000000 -9.067875 0.000000
vt 0.181246 -8.854219 0.000000
vt 0.000000 -8.745903 0.000000
vt 0.181246 -8.532248 0.000000
vt 2.356194 -5.225680 0.000000
vt 2.174949 -4.990560 0.000000
vt 1.993703 -4.668588 0.000000
vt 1.812457 -4.346617 0.000000
vt 1.631212 -4.024645 0.000000
vt 1.449966 -3.702673 0.000000
vt 1.268720 -3.380702 0.000000
vt 1.087474 -3.058730 0.000000
vt 0.906229 -2.736759 0.000000
vt 0.724983 -2.414787 0.000000
vt 0.543737 -2.092815 0.000000
vt 0.362491 -1.770844 0.000000
vt 2.356194 -4.843607 0.000000
vt 2.174949 -4.668588 0.000000
vt 1.993703 -4.346617 0.000000
vt 1.812457 -4.024645 0.000000
vt 1.631212 -3.702673 0.000000
vt 1.449966 -3.380702 0.000000
vt 1.268720 -3.058730 0.000000
vt 1.087474 -2.736759 0.000000
vt 0.906229 -2.414787 0.000000
vt 0.724983 -2.092815 0.000000
vt 0.543737 -1.770844 0.000000
vt 0.362491 -1.448872 0.000000
vt 2.356194 -4.461534 0.000000
vt 2.174949 -4.346617 0.000000
vt 1.993703 -4.024645 0.000000
vt 1.812457 -3.702673 0.000000
vt 1.631212 -3.380702 0.000000
vt 1.449966 -3.058730 0.000000
vt 1.268720 -2.736759 0.000000
vt 1.087474 -2.414787 0.000000
vt 0.906229 -2.092815 0.000000
vt 0.724983 -1.770844 0.000000
vt 0.543737 -1.448872 0.000000
vt 0.362491 -1.126901 0.000000
vt 2.356194 -4.079461 0.000000
vt 2.174949 -4.024645 0.000000
vt 1.993703 -3.702673 0.000000
vt 1.812457 -3.380702 0.000000
vt 1.631212 -3.058730 0.000000
vt 1.449966 -2.736759 0.000000
vt 1.268720 -2.414787 0.000000
vt 1.087474 -2.092815 0.000000
vt 0.906229 -1.770844 0.000000
vt 0.724983 -1.448872 0.000000
vt 0.543737 -1.126901 0.000000
vt 0.362491 -0.804929 0.000000
vt 2.356194 -3.697388 0.000000
vt 2.174949 -3.702673 0.000000
vt 1.993703 -3.380702 0.000000
vt 1.812457 -3.058730 0.000000
vt 1.631212 -2.736759 0.000000
vt 1.449966 -2.414787 0.000000
vt 1.268720 -2.092815 0.000000
vt 1.087474 -1.770844 0.000000
vt 0.906229 -1.448872 0.000000
vt 0.724983 -1.126901 0.000000
vt 0.543737 -0.804929 0.000000
vt 0.362491 -0.482957 0.000000
vt 2.174949 -3.380702 0.000000
vt 2.356194 -3.315315 0.000000
vt 2.174949 -3.058730 0.000000
vt 2.356194 -2.933242 0.000000
vt 2.174949 -2.736759 0.000000
vt 2.356194 -2.551169 0.000000
vt 2.174949 -2.414787 0.000000
vt 2.356194 -2.169096 0.000000
vt 2.174949 -2.092815 0.000000
vt 2.356194 -1.787023 0.000000
vt 2.174949 -1.770844 0.000000
vt 2.174949 -1.448872 0.000000
vt 1.993703 -1.448872 0.000000
vt 1.993703 -1.126901 0.000000
vt 1.812457 -1.126901 0.000000
vt 1.812457 -0.804929 0.000000
vt 1.631212 -0.804929 0.000000
vt 1.631212 -0.482957 0.000000
vt 1.449966 -0.482957 0.000000
vt 1.449966 -0.160986 0.000000
vt 1.268720 -0.160986 0.000000
vt 1.268720 0.160986 0.000000
vt 1.087474 0.160986 0.000000
vt 1.087474 0.482957 0.000000
vt 0.906229 0.482957 0.000000
vt 0.906229 0.804929 0.000000
vt 0.724983 0.804929 0.000000
vt 0.724983 1.126901 0.000000
vt 0.543737 1.126901 0.000000
vt 0.543737 1.448872 0.000000
vt 0.362491 1.448872 0.000000
vt 0.362491 1.770844 0.000000
vt 2.356194 -1.404950 0.000000
vt 2.174949 -1.126901 0.000000
vt 1.993703 -0.804929 0.000000
vt 1.812457 -0.482957 0.000000
vt 1.631212 -0.160986 0.000000
vt 1.449966 0.160986 0.000000
vt 1.268720 0.482957 0.000000
vt 1.087474 0.804929 0.000000
vt 0.906229 1.126901 0.000000
vt 0.724983 1.448872 0.000000
vt 0.543737 1.770844 0.000000
vt 0.362491 2.092815 0.000000
vt 2.356194 -1.022877 0.000000
vt 2.174949 -0.804929 0.000000
vt 1.993703 -0.482957 0.000000
vt 1.812457 -0.160986 0.000000
vt 1.631212 0.160986 0.000000
vt 1.449966 0.482957 0.000000
vt 1.268720 0.804929 0.000000
vt 1.087474 1.126901 0.000000
vt 0.906229 1.448872 0.000000
vt 0.724983 1.770844 0.000000
vt 0.543737 2.092815 0.000000
vt 0.362491 2.414940 0.000000
vt 2.356194 -0.640804 0.000000
vt 2.174949 -0.482957 0.000000
vt 1.993703 -0.160986 0.000000
vt 1.812457 0.160986 0.000000
vt 1.631212 0.482957 0.000000
vt 1.449966 0.804929 0.000000
vt 1.268720 1.126901 0.000000
vt 1.087474 1.448872 0.000000
vt 0.906229 1.770844 0.000000
vt 0.724983 2.092815 0.000000
vt 0.543737 2.415016 0.000000
vt 0.362491 2.736759 0.000000
vt 2.356194 -0.258731 0.000000
vt 2.174949 -0.160986 0.000000
vt 1.993703 0.160986 0.000000
vt 1.812457 0.482957 0.000000
vt 1.631212 0.804929 0.000000
vt 1.449966 1.126901 0.000000
vt 1.268720 1.448872 0.000000
vt 1.087474 1.770844 0.000000
vt 0.906229 2.092815 0.000000
vt 0.724983 2.415092 0.000000
vt 0.543737 2.736759 0.000000
vt 0.362491 3.058730 0.000000
vt 2.356194 0.123342 0.000000
vt 2.174949 0.160986 0.000000
vt 1.993703 0.482957 0.000000
vt 1.812457 0.804929 0.000000
vt 1.631212 1.126901 0.000000
vt 1.449966 1.448872 0.000000
vt 1.268720 1.770844 0.000000
vt 1.087474 2.092815 0.000000
vt 0.906229 2.415169 0.000000
vt 0.724983 2.736759 0.000000
vt 0.543737 3.058730 0.000000
vt 0.362491 3.380702 0.000000
vt 2.356194 0.505415 0.000000
vt 2.174949 0.482957 0.000000
vt 1.993703 0.804929 0.000000
vt 1.812457 1.126901 0.000000
vt 1.631212 1.448872 0.000000
vt 1.449966 1.770844 0.000000
vt 1.268720 2.092815 0.000000
vt 1.087474 2.415245 0.000000
vt 0.906229 2.736759 0.000000
vt 0.724983 3.058730 0.000000
vt 0.543737 3.380702 0.000000
vt 0.362491 3.702673 0.000000
vt 2.174949 0.804929 0.000000
vt 2.356194 0.887488 0.000000
vt 2.174949 1.126901 0.000000
vt 2.356194 1.269560 0.000000
vt 2.174949 1.448872 0.000000
vt 2.356194 1.651633 0.000000
vt 2.174949 1.770844 0.000000
vt 2.356194 2.033706 0.000000
vt 2.174949 2.092815 0.000000
vt 2.356194 2.415779 0.000000
vt 2.174949 2.415703 0.000000
vt 2.174949 2.736759 0.000000
vt 1.993703 2.736759 0.000000
vt 1.993703 3.058730 0.000000
vt 1.812457 3.058730 0.000000
vt 1.812457 3.380702 0.000000
vt 1.631212 3.380702 0.000000
vt 1.631212 3.702673 0.000000
vt 1.449966 3.702673 0.000000
vt 1.449966 4.024645 0.000000
vt 1.268720 4.024645 0.000000
vt 1.268720 4.346617 0.000000
vt 1.087474 4.346617 0.000000
vt 1.087474 4.668588 0.000000
vt 0.906229 4.668588 0.000000
vt 0.906229 4.990560 0.000000
vt 0.724983 4.990560 0.000000
vt 0.724983 5.312532 0.000000
vt 0.543737 5.312532 0.000000
vt 0.543737 5.634503 0.000000
vt 0.362491 5.634503 0.000000
vt 0.362491 5.956475 0.000000
vt 2.356194 2.797852 0.000000
vt 2.174949 3.058730 0.000000
vt 1.993703 3.380702 0.000000
vt 1.812457 3.702673 0.000000
vt 1.631212 4.024645 0.000000
vt 1.449966 4.346617 0.000000
vt 1.268720 4.668588 0.000000
vt 1.087474 4.990560 0.000000
vt 0.906229 5.312532 0.000000
vt 0.724983 5.634503 0.000000
vt 0.543737 5.956475 0.000000
vt 0.362491 6.278446 0.000000
vt 2.356194 3.179925 0.000000
vt 2.174949 3.380702 0.000000
vt 1.993703 3.702673 0.000000
vt 1.812457 4.024645 0.000000
vt 1.631212 4.346617 0.000000
vt 1.449966 4.668588 0.000000
vt 1.268720 4.990560 0.000000
vt 1.087474 5.312532 0.000000
vt 0.906229 5.634503 0.000000
vt 0.724983 5.956475 0.000000
vt 0.543737 6.278446 0.000000
vt 0.362491 6.600418 0.000000
vt 2.356194 3.561998 0.000000
vt 2.174949 3.702673 0.000000
vt 1.993703 4.024645 0.000000
vt 1.812457 4.346617 0.000000
vt 1.631212 4.668588 0.000000
vt 1.449966 4.990560 0.000000
vt 1.268720 5.312532 0.000000
vt 1.087474 5.634503 0.000000
vt 0.906229 5.956475 0.000000
vt 0.724983 6.278446 0.000000
vt 0.543737 6.600418 0.000000
vt 0.362491 6.922390 0.000000
vt 2.356194 3.944071 0.000000
vt 2.174949 4.024645 0.000000
vt 1.993703 4.346617 0.000000
vt 1.812457 4.668588 0.000000
vt 1.631212 4.990560 0.000000
vt 1.449966 5.312532 0.000000
vt 1.268720 5.634503 0.000000
vt 1.087474 5.956475 0.000000
vt 0.906229 6.278446 0.000000
vt 0.724983 6.600418 0.000000
vt 0.543737 6.922390 0.000000
vt 0.362491 7.244361 0.000000
vt 2.356194 4.326144 0.000000
vt 2.174949 4.346617 0.000000
vt 1.993703 4.668588 0.000000
vt 1.812457 4.990560 0.000000
vt 1.631212 5.312532 0.000000
vt 1.449966 5.634503 0.000000
vt 1.268720 5.956475 0.000000
vt 1.087474 6.278446 0.000000
vt 0.906229 6.600418 0.000000
vt 0.724983 6.922390 0.000000
vt 0.543737 7.244361 0.000000
vt 0.362491 7.566333 0.000000
vt 2.174949 4.668588 0.000000
vt 2.356194 4.708217 0.000000
vt 2.174949 4.990560 0.000000
vt 2.356194 5.090290 0.000000
vt 2.174949 5.312532 0.000000
vt 2.356194 5.472363 0.000000
vt 2.174949 5.634503 0.000000
vt 2.356194 5.854436 0.000000
vt 2.174949 5.956475 0.000000
vt 2.356194 6.236509 0.000000
vt 2.174949 6.278446 0.000000
vt 2.356194 6.618582 0.000000
vt 2.174949 6.600418 0.000000
vt 2.174949 6.922390 0.000000
vt 1.993703 6.922390 0.000000
vt 1.993703 7.244361 0.000000
vt 1.812457 7.244361 0.000000
vt 1.812457 7.566333 0.000000
vt 1.631212 7.566333 0.000000
vt 1.631212 7.888304 0.000000
vt 1.449966 7.888304 0.000000
vt 1.449966 8.210276 0.000000
vt 1.268720 8.210276 0.000000
vt 1.268720 8.532248 0.000000
vt 1.087474 8.532248 0.000000
vt 1.087474 8.854219 0.000000
vt 0.906229 8.854219 0.000000
vt 0.906229 9.176191 0.000000
vt 0.724983 9.176191 0.000000
vt 0.724983 9.498162 0.000000
vt 0.543737 9.498162 0.000000
vt 0.543737 9.820134 0.000000
vt 0.362491 9.820134 0.000000
vt 0.362491 10.142106 0.000000
vt 2.356194 7.000655 0.000000
vt 2.174949 7.244361 0.000000
vt 1.993703 7.566333 0.000000
vt 1.812457 7.888304 0.000000
vt 1.631212 8.210276 0.000000
vt 1.449966 8.532248 0.000000
vt 1.268720 8.854219 0.000000
vt 1.087474 9.176191 0.000000
vt 0.906229 9.498162 0.000000
vt 0.724983 9.820134 0.000000
vt 0.543737 10.142106 0.000000
vt 0.362491 10.464077 0.000000
vt 2.356194 7.382728 0.000000
vt 2.174949 7.566333 0.000000
vt 1.993703 7.888304 0.000000
vt 1.812457 8.210276 0.000000
vt 1.631212 8.532248 0.000000
vt 1.449966 8.854219 0.000000
vt 1.268720 9.176191 0.000000
vt 1.087474 9.498162 0.000000
vt 0.906229 9.820134 0.000000
vt 0.724983 10.142106 0.000000
vt 0.543737 10.464077 0.000000
vt 0.362491 10.786049 0.000000
vt 2.356194 7.764801 0.000000
vt 2.174949 7.888304 0.000000
vt 1.993703 8.210276 0.000000
vt 1.812457 8.532248 0.000000
vt 1.631212 8.854219 0.000000
vt 1.449966 9.176191 0.000000
vt 1.268720 9.498162 0.000000
vt 1.087474 9.820134 0.000000
vt 0.906229 10.142106 0.000000
vt 0.724983 10.464077 0.000000
vt 0.543737 10.786049 0.000000
vt 0.362491 11.108020 0.000000
vt 2.356194 8.146874 0.000000
vt 2.174949 8.210276 0.000000
vt 1.993703 8.532248 0.000000
vt 1.812457 8.854219 0.000000
vt 1.631212 9.176191 0.000000
vt 1.449966 9.498162 0.000000
vt 1.268720 9.820134 0.000000
vt 1.087474 10.142106 0.000000
vt 0.906229 10.464077 0.000000
vt 0.724983 10.786049 0.000000
vt 0.543737 11.108020 0.000000
vt 0.362491 11.429992 0.000000
vt 2.356194 8.528947 0.000000
vt 2.174949 8.532248 0.000000
vt 1.993703 8.854219 0.000000
vt 1.812457 9.176191 0.000000
vt 1.631212 9.498162 0.000000
vt 1.449966 9.820134 0.000000
vt 1.268720 10.142106 0.000000
vt 1.087474 10.464077 0.000000
vt 0.906229 10.786049 0.000000
vt 0.724983 11.108020 0.000000
vt 0.543737 11.429992 0.000000
vt 0.362491 11.751964 0.000000
vt 2.174949 8.854219 0.000000
vt 2.356194 8.911020 0.000000
vt 2.174949 9.176191 0.000000
vt 2.356194 9.293093 0.000000
vt 2.174949 9.498162 0.000000
vt 2.356194 9.675166 0.000000
vt 2.174949 9.820134 0.000000
vt 2.356194 10.057239 0.000000
vt 2.174949 10.142106 0.000000
vt 2.356194 10.439312 0.000000
vt 2.174949 10.464077 0.000000
vt 2.174949 10.786049 0.000000
vt 1.993703 10.786049 0.000000
vt 1.993703 11.108020 0.000000
vt 1.812457 11.108020 0.000000
vt 1.812457 11.429992 0.000000
vt 1.631212 11.429992 0.000000
vt 1.631212 11.751964 0.000000
vt 1.449966 11.751964 0.000000
vt 1.449966 12.073935 0.000000
vt 1.268720 12.073935 0.000000
vt 1.268720 12.395907 0.000000
vt 1.087474 12.395907 0.000000
vt 1.087474 12.717878 0.000000
vt 0.906229 12.717878 0.000000
vt 0.906229 13.039850 0.000000
vt 0.724983 13.039850 0.000000
vt 0.724983 13.361822 0.000000
vt 0.543737 13.361822 0.000000
vt 0.543737 13.683793 0.000000
vt 0.362491 13.683793 0.000000
vt 0.362491 14.005765 0.000000
vt 2.356194 10.821385 0.000000
vt 2.174949 11.108020 0.000000
vt 1.993703 11.429992 0.000000
vt 1.812457 11.751964 0.000000
vt 1.631212 12.073935 0.000000
vt 1.449966 12.395907 0.000000
vt 1.268720 12.717878 0.000000
vt 1.087474 13.039850 0.000000
vt 0.906229 13.361822 0.000000
vt 0.724983 13.683793 0.000000
vt 0.543737 14.005765 0.000000
vt 0.362491 14.327736 0.000000
vt 0.362491 -14.327736 0.000000
vt 2.356194 11.203458 0.000000
vt 2.174949 11.429992 0.000000
vt 1.993703 11.751964 0.000000
vt 1.812457 12.073935 0.000000
vt 1.631212 12.395907 0.000000
vt 1.449966 12.717878 0.000000
vt 1.268720 13.039850 0.000000
vt 1.087474 13.361822 0.000000
vt 0.906229 13.683793 0.000000
vt 0.724983 14.005765 0.000000
vt 0.543737 14.327736 0.000000
vt 0.543737 -14.327736 0.000000
vt 0.362491 -14.005765 0.000000
vt 2.356194 11.585531 0.000000
vt 2.174949 11.751964 0.000000
vt 1.993703 12.073935 0.000000
vt 1.812457 12.395907 0.000000
vt 1.631212 12.717878 0.000000
vt 1.449966 13.039850 0.000000
vt 1.268720 13.361822 0.000000
vt 1.087474 13.683793 0.000000
vt 0.906229 14.005765 0.000000
vt 0.724983 14.327736 0.000000
vt 0.724983 -14.327736 0.000000
vt 0.543737 -14.005765 0.000000
vt 0.362491 -13.683793 0.000000
vt 2.356194 11.967604 0.000000
vt 2.174949 12.073935 0.000000
vt 1.993703 12.395907 0.000000
vt 1.812457 12.717878 0.000000
vt 1.631212 13.039850 0.000000
vt 1.449966 13.361822 0.000000
vt 1.268720 13.683793 0.000000
vt 1.087474 14.005765 0.000000
vt 0.906229 14.327736 0.000000
vt 0.906229 -14.327736 0.000000
vt 0.724983 -14.005765 0.000000
vt 0.543737 -13.683793 0.000000
vt 0.362491 -13.361822 0.000000
vt 2.356194 12.349677 0.000000
vt 2.174949 12.395907 0.000000
vt 1.993703 12.717878 0.000000
vt 1.812457 13.039850 0.000000
vt 1.631212 13.361822 0.000000
vt 1.449966 13.683793 0.000000
vt 1.268720 14.005765 0.000000
vt 1.087474 14.327736 0.000000
vt 1.087474 -14.327736 0.000000
vt 0.906229 -14.005765 0.000000
vt 0.724983 -13.683793 0.000000
vt 0.543737 -13.361822 0.000000
vt 0.362491 -13.039850 0.000000
vt 2.356194 12.731750 0.000000
vt 2.174949 12.717878 0.000000
vt 1.993703 13.039850 0.000000
vt 1.812457 13.361822 0.000000
vt 1.631212 13.683793 0.000000
vt 1.449966 14.005765 0.000000
vt 1.268720 14.327736 0.000000
vt 1.268720 -14.327736 0.000000
vt 1.087474 -14.005765 0.000000
vt 0.906229 -13.683793 0.000000
vt 0.724983 -13.361822 0.000000
vt 0.543737 -13.039850 0.000000
vt 0.362491 -12.717878 0.000000
vt 2.174949 13.039850 0.000000
vt 2.356194 13.113823 0.000000
vt 2.174949 13.361822 0.000000
vt 2.356194 13.495896 0.000000
vt 2.174949 13.683793 0.000000
vt 2.356194 13.877969 0.000000
vt 2.174949 14.005765 0.000000
vt 2.356194 14.260042 0.000000
vt 2.174949 14.327736 0.000000
vt 2.174949 -14.327736 0.000000
vt 2.356194 -14.395431 0.000000
vt 2.356194 -14.013358 0.000000
vt 2.174949 -14.005765 0.000000
vt 2.174949 -13.683793 0.000000
vt 1.993703 -13.683793 0.000000
vt 1.993703 -13.361822 0.000000
vt 1.812457 -13.361822 0.000000
vt 1.812457 -13.039850 0.000000
vt 1.631212 -13.039850 0.000000
vt 1.631212 -12.717878 0.000000
vt 1.449966 -12.717878 0.000000
vt 1.449966 -12.395907 0.000000
vt 1.268720 -12.395907 0.000000
vt 1.268720 -12.073935 0.000000
vt 1.087474 -12.073935 0.000000
vt 1.087474 -11.751964 0.000000
vt 0.906229 -11.751964 0.000000
vt 0.906229 -11.429992 0.000000
vt 0.724983 -11.429992 0.000000
vt 0.724983 -11.108020 0.000000
vt 0.543737 -11.108020 0.000000
vt 0.543737 -10.786049 0.000000
vt 0.362491 -10.786049 0.000000
vt 0.362491 -10.464077 0.000000
vt 2.356194 -13.631285 0.000000
vt 2.174949 -13.361822 0.000000
vt 1.993703 -13.039850 0.000000
vt 1.812457 -12.717878 0.000000
vt 1.631212 -12.395907 0.000000
vt 1.449966 -12.073935 0.000000
vt 1.268720 -11.751964 0.000000
vt 1.087474 -11.429992 0.000000
vt 0.906229 -11.108020 0.000000
vt 0.724983 -10.786049 0.000000
vt 0.543737 -10.464077 0.000000
vt 0.362491 -10.142106 0.000000
vt 2.356194 -13.249212 0.000000
vt 2.174949 -13.039850 0.000000
vt 1.993703 -12.717878 0.000000
vt 1.812457 -12.395907 0.000000
vt 1.631212 -12.073935 0.000000
vt 1.449966 -11.751964 0.000000
vt 1.268720 -11.429992 0.000000
vt 1.087474 -11.108020 0.000000
vt 0.906229 -10.786049 0.000000
vt 0.724983 -10.464077 0.000000
vt 0.543737 -10.142106 0.000000
vt 0.362491 -9.820134 0.000000
vt 2.356194 -12.867140 0.000000
vt 2.174949 -12.717878 0.000000
vt 1.993703 -12.395907 0.000000
vt 1.812457 -12.073935 0.000000
vt 1.631212 -11.751964 0.000000
vt 1.449966 -11.429992 0.000000
vt 1.268720 -11.108020 0.000000
vt 1.087474 -10.786049 0.000000
vt 0.906229 -10.464077 0.000000
vt 0.724983 -10.142106 0.000000
vt 0.543737 -9.820134 0.000000
vt 0.362491 -9.498162 0.000000
vt 2.356194 -12.485067 0.000000
vt 2.174949 -12.395907 0.000000
vt 1.993703 -12.073935 0.000000
vt 1.812457 -11.751964 0.000000
vt 1.631212 -11.429992 0.000000
vt 1.449966 -11.108020 0.000000
vt 1.268720 -10.786049 0.000000
vt 1.087474 -10.464077 0.000000
vt 0.906229 -10.142106 0.000000
vt 0.724983 -9.820134 0.000000
vt 0.543737 -9.498162 0.000000
vt 0.362491 -9.176191 0.000000
vt 2.356194 -12.102994 0.000000
vt 2.174949 -12.073935 0.000000
vt 1.993703 -11.751964 0.000000
vt 1.812457 -11.429992 0.000000
vt 1.631212 -11.108020 0.000000
vt 1.449966 -10.786049 0.000000
vt 1.268720 -10.464077 0.000000
vt 1.087474 -10.142106 0.000000
vt 0.906229 -9.820134 0.000000
vt 0.724983 -9.498162 0.000000
vt 0.543737 -9.176191 0.000000
vt 0.362491 -8.854219 0.000000
vt 2.174949 -11.751964 0.000000
vt 2.356194 -11.720921 0.000000
vt 2.174949 -11.429992 0.000000
vt 2.356194 -11.338848 0.000000
vt 2.174949 -11.108020 0.000000
vt 2.356194 -10.956775 0.000000
vt 2.174949 -10.786049 0.000000
vt 2.356194 -10.574702 0.000000
vt 2.174949 -10.464077 0.000000
vt 2.356194 -10.192629 0.000000
vt 2.174949 -10.142106 0.000000
vt 2.356194 -9.810556 0.000000
vt 2.174949 -9.820134 0.000000
vt 2.174949 -9.498162 0.000000
vt 1.993703 -9.498162 0.000000
vt 1.993703 -9.176191 0.000000
vt 1.812457 -9.176191 0.000000
vt 1.812457 -8.854219 0.000000
vt 1.631212 -8.854219 0.000000
vt 1.631212 -8.532248 0.000000
vt 1.449966 -8.532248 0.000000
vt 2.356194 -9.428483 0.000000
vt 2.174949 -9.176191 0.000000
vt 1.993703 -8.854219 0.000000
vt 1.812457 -8.532248 0.000000
vt 2.356194 -9.046410 0.000000
vt 2.174949 -8.854219 0.000000
vt 1.993703 -8.532248 0.000000
vt 2.356194 -8.664337 0.000000
vt 2.174949 -8.532248 0.000000
vt 2.356194 -8.282264 0.000000
vt 0.000000 -7.458017 0.000000
vt 0.181246 -7.244361 0.000000
vt -0.000000 -7.136045 0.000000
vt 0.181246 -6.922390 0.000000
vt -0.000000 -6.814073 0.000000
vt 0.181246 -6.600418 0.000000
vt -0.000000 -6.492102 0.000000
vt 0.181246 -6.278446 0.000000
vt -0.000000 -6.170130 0.000000
vt 0.181246 -5.956475 0.000000
vt -0.000000 -5.848158 0.000000
vt 0.181246 -5.634503 0.000000
vt -0.000000 -5.526187 0.000000
vt 0.181246 -5.312532 0.000000
vt -0.000000 -5.204215 0.000000
vt 0.181246 -4.990560 0.000000
vt -0.000000 -4.882244 0.000000
vt 0.181246 -4.668588 0.000000
vt -0.000000 -4.560272 0.000000
vt 0.181246 -4.346617 0.000000
vt -0.000000 -4.238300 0.000000
vt 0.181246 -4.024645 0.000000
vt -0.000000 -3.916329 0.000000
vt 0.181246 -3.702673 0.000000
vt -0.000000 -3.594357 0.000000
vt 0.181246 -3.380702 0.000000
vt -0.000000 -3.272386 0.000000
vt 0.181246 -3.058730 0.000000
vt -0.000000 -2.950414 0.000000
vt 0.181246 -2.736759 0.000000
vt -0.000000 -2.628442 0.000000
vt 0.181246 -2.414787 0.000000
vt -0.000000 -2.306471 0.000000
vt 0.181246 -7.566333 0.000000
vt 0.000000 -7.779988 0.000000
vt 1.993703 14.327736 0.000000
vt 1.993703 14.005765 0.000000
vt 1.993703 13.683793 0.000000
vt 1.993703 13.361822 0.000000
vt 1.812457 14.327736 0.000000
vt 1.812457 14.005765 0.000000
vt 1.812457 13.683793 0.000000
vt 1.993703 -14.327736 0.000000
vt 1.993703 -14.005765 0.000000
vt 1.631212 14.327736 0.000000
vt 1.631212 14.005765 0.000000
vt 1.812457 -14.327736 0.000000
vt 1.812457 -14.005765 0.000000
vt 1.812457 -13.683793 0.000000
vt 1.449966 14.327736 0.000000
vt 1.631212 -14.327736 0.000000
vt 1.631212 -14.005765 0.000000
vt 1.631212 -13.683793 0.000000
vt 1.631212 -13.361822 0.000000
vt 1.449966 -14.327736 0.000000
vt 1.268720 -14.005765 0.000000
vt 1.087474 -13.683793 0.000000
vt 0.906229 -13.361822 0.000000
vt 0.724983 -13.039850 0.000000
vt 0.543737 -12.717878 0.000000
vt 0.362491 -12.395907 0.000000
vt 1.449966 -14.005765 0.000000
vt 1.449966 -13.683793 0.000000
vt 1.449966 -13.361822 0.000000
vt 1.449966 -13.039850 0.000000
vt 1.993703 -6.922390 0.000000
vt 1.993703 -7.244361 0.000000
vt 1.993703 -7.566333 0.000000
vt 1.812457 -6.922390 0.000000
vt 1.812457 -7.244361 0.000000
vt 1.812457 -7.566333 0.000000
vt 1.993703 -6.600418 0.000000
vt 1.993703 -6.278446 0.000000
vt 1.993703 -5.956475 0.000000
vt 1.993703 -5.634503 0.000000
vt 1.631212 -6.922390 0.000000
vt 1.631212 -7.244361 0.000000
vt 1.631212 -7.566333 0.000000
vt 1.812457 -6.600418 0.000000
vt 1.812457 -6.278446 0.000000
vt 1.812457 -5.956475 0.000000
vt 1.812457 -5.634503 0.000000
vt 1.812457 -5.312532 0.000000
vt 1.449966 -6.922390 0.000000
vt 1.449966 -7.244361 0.000000
vt 1.449966 -7.566333 0.000000
vt 1.631212 -6.600418 0.000000
vt 1.631212 -6.278446 0.000000
vt 1.631212 -5.956475 0.000000
vt 1.631212 -5.634503 0.000000
vt 1.631212 -5.312532 0.000000
vt 1.631212 -4.990560 0.000000
vt 1.268720 -6.922390 0.000000
vt 1.268720 -7.244361 0.000000
vt 1.268720 -7.566333 0.000000
vt 1.449966 -6.600418 0.000000
vt 1.449966 -6.278446 0.000000
vt 1.449966 -5.956475 0.000000
vt 1.449966 -5.634503 0.000000
vt 1.449966 -5.312532 0.000000
vt 1.449966 -4.990560 0.000000
vt 1.449966 -4.668588 0.000000
vt 1.087474 -6.922390 0.000000
vt 1.087474 -7.244361 0.000000
vt 1.087474 -7.566333 0.000000
vt 1.268720 -6.600418 0.000000
vt 1.268720 -6.278446 0.000000
vt 1.268720 -5.956475 0.000000
vt 1.268720 -5.634503 0.000000
vt 1.268720 -5.312532 0.000000
vt 1.268720 -4.990560 0.000000
vt 1.268720 -4.668588 0.000000
vt 1.268720 -4.346617 0.000000
vt 0.906229 -6.922390 0.000000
vt 0.906229 -7.244361 0.000000
vt 0.906229 -7.566333 0.000000
vt 1.087474 -6.600418 0.000000
vt 1.087474 -6.278446 0.000000
vt 1.087474 -5.956475 0.000000
vt 1.087474 -5.634503 0.000000
vt 1.087474 -5.312532 0.000000
vt 1.087474 -4.990560 0.000000
vt 1.087474 -4.668588 0.000000
vt 1.087474 -4.346617 0.000000
vt 1.087474 -4.024645 0.000000
vt 0.724983 -6.922390 0.000000
vt 0.724983 -7.244361 0.000000
vt 0.724983 -7.566333 0.000000
vt 0.906229 -6.600418 0.000000
vt 0.906229 -6.278446 0.000000
vt 0.906229 -5.956475 0.000000
vt 0.906229 -5.634503 0.000000
vt 0.906229 -5.312532 0.000000
vt 0.906229 -4.990560 0.000000
vt 0.906229 -4.668588 0.000000
vt 0.906229 -4.346617 0.000000
vt 0.906229 -4.024645 0.000000
vt 0.906229 -3.702673 0.000000
vt 0.543737 -6.922390 0.000000
vt 0.543737 -7.244361 0.000000
vt 0.543737 -7.566333 0.000000
vt 0.724983 -6.600418 0.000000
vt 0.724983 -6.278446 0.000000
vt 0.724983 -5.956475 0.000000
vt 0.724983 -5.634503 0.000000
vt 0.724983 -5.312532 0.000000
vt 0.724983 -4.990560 0.000000
vt 0.724983 -4.668588 0.000000
vt 0.724983 -4.346617 0.000000
vt 0.724983 -4.024645 0.000000
vt 0.724983 -3.702673 0.000000
vt 0.724983 -3.380702 0.000000
vt 0.362491 -6.922390 0.000000
vt 0.362491 -7.244361 0.000000
vt 0.362491 -7.566333 0.000000
vt 0.543737 -6.600418 0.000000
vt 0.543737 -6.278446 0.000000
vt 0.543737 -5.956475 0.000000
vt 0.543737 -5.634503 0.000000
vt 0.543737 -5.312532 0.000000
vt 0.543737 -4.990560 0.000000
vt 0.543737 -4.668588 0.000000
vt 0.543737 -4.346617 0.000000
vt 0.543737 -4.024645 0.000000
vt 0.543737 -3.702673 0.000000
vt 0.543737 -3.380702 0.000000
vt 0.543737 -3.058730 0.000000
vt 0.362491 -6.600418 0.000000
vt 0.362491 -6.278446 0.000000
vt 0.362491 -5.956475 0.000000
vt 0.362491 -5.634503 0.000000
vt 0.362491 -5.312532 0.000000
vt 0.362491 -4.990560 0.000000
vt 0.362491 -4.668588 0.000000
vt 0.362491 -4.346617 0.000000
vt 0.362491 -4.024645 0.000000
vt 0.362491 -3.702673 0.000000
vt 0.362491 -3.380702 0.000000
vt 0.362491 -3.058730 0.000000
vt 0.362491 -2.736759 0.000000
vt 1.993703 -3.058730 0.000000
vt 1.812457 -2.736759 0.000000
vt 1.631212 -2.414787 0.000000
vt 1.449966 -2.092815 0.000000
vt 1.268720 -1.770844 0.000000
vt 1.087474 -1.448872 0.000000
vt 0.906229 -1.126901 0.000000
vt 0.724983 -0.804929 0.000000
vt 0.543737 -0.482957 0.000000
vt 0.362491 -0.160986 0.000000
vt 1.993703 -2.736759 0.000000
vt 1.812457 -2.414787 0.000000
vt 1.631212 -2.092815 0.000000
vt 1.449966 -1.770844 0.000000
vt 1.268720 -1.448872 0.000000
vt 1.087474 -1.126901 0.000000
vt 0.906229 -0.804929 0.000000
vt 0.724983 -0.482957 0.000000
vt 0.543737 -0.160986 0.000000
vt 0.362491 0.160986 0.000000
vt 1.993703 -2.414787 0.000000
vt 1.812457 -2.092815 0.000000
vt 1.631212 -1.770844 0.000000
vt 1.449966 -1.448872 0.000000
vt 1.268720 -1.126901 0.000000
vt 1.087474 -0.804929 0.000000
vt 0.906229 -0.482957 0.000000
vt 0.724983 -0.160986 0.000000
vt 0.543737 0.160986 0.000000
vt 0.362491 0.482957 0.000000
vt 1.993703 -2.092815 0.000000
vt 1.812457 -1.770844 0.000000
vt 1.631212 -1.448872 0.000000
vt 1.449966 -1.126901 0.000000
vt 1.268720 -0.804929 0.000000
vt 1.087474 -0.482957 0.000000
vt 0.906229 -0.160986 0.000000
vt 0.724983 0.160986 0.000000
vt 0.543737 0.482957 0.000000
vt 0.362491 0.804929 0.000000
vt 1.993703 -1.770844 0.000000
vt 1.812457 -1.448872 0.000000
vt 1.631212 -1.126901 0.000000
vt 1.449966 -0.804929 0.000000
vt 1.268720 -0.482957 0.000000
vt 1.087474 -0.160986 0.000000
vt 0.906229 0.160986 0.000000
vt 0.724983 0.482957 0.000000
vt 0.543737 0.804929 0.000000
vt 0.362491 1.126901 0.000000
vt 1.993703 1.126901 0.000000
vt 1.812457 1.448872 0.000000
vt 1.631212 1.770844 0.000000
vt 1.449966 2.092815 0.000000
vt 1.268720 2.415321 0.000000
vt 1.087474 2.736759 0.000000
vt 0.906229 3.058730 0.000000
vt 0.724983 3.380702 0.000000
vt 0.543737 3.702673 0.000000
vt 0.362491 4.024645 0.000000
vt 1.993703 1.448872 0.000000
vt 1.812457 1.770844 0.000000
vt 1.631212 2.092815 0.000000
vt 1.449966 2.415398 0.000000
vt 1.268720 2.736759 0.000000
vt 1.087474 3.058730 0.000000
vt 0.906229 3.380702 0.000000
vt 0.724983 3.702673 0.000000
vt 0.543737 4.024645 0.000000
vt 0.362491 4.346617 0.000000
vt 1.993703 1.770844 0.000000
vt 1.812457 2.092815 0.000000
vt 1.631212 2.415474 0.000000
vt 1.449966 2.736759 0.000000
vt 1.268720 3.058730 0.000000
vt 1.087474 3.380702 0.000000
vt 0.906229 3.702673 0.000000
vt 0.724983 4.024645 0.000000
vt 0.543737 4.346617 0.000000
vt 0.362491 4.668588 0.000000
vt 1.993703 2.092815 0.000000
vt 1.812457 2.415550 0.000000
vt 1.631212 2.736759 0.000000
vt 1.449966 3.058730 0.000000
vt 1.268720 3.380702 0.000000
vt 1.087474 3.702673 0.000000
vt 0.906229 4.024645 0.000000
vt 0.724983 4.346617 0.000000
vt 0.543737 4.668588 0.000000
vt 0.362491 4.990560 0.000000
vt 1.993703 2.415627 0.000000
vt 1.812457 2.736759 0.000000
vt 1.631212 3.058730 0.000000
vt 1.449966 3.380702 0.000000
vt 1.268720 3.702673 0.000000
vt 1.087474 4.024645 0.000000
vt 0.906229 4.346617 0.000000
vt 0.724983 4.668588 0.000000
vt 0.543737 4.990560 0.000000
vt 0.362491 5.312532 0.000000
vt 1.993703 4.990560 0.000000
vt 1.812457 5.312532 0.000000
vt 1.631212 5.634503 0.000000
vt 1.449966 5.956475 0.000000
vt 1.268720 6.278446 0.000000
vt 1.087474 6.600418 0.000000
vt 0.906229 6.922390 0.000000
vt 0.724983 7.244361 0.000000
vt 0.543737 7.566333 0.000000
vt 0.362491 7.888304 0.000000
vt 1.993703 5.312532 0.000000
vt 1.993703 5.634503 0.000000
vt 1.993703 5.956475 0.000000
vt 1.993703 6.278446 0.000000
vt 1.993703 6.600418 0.000000
vt 1.812457 5.634503 0.000000
vt 1.631212 5.956475 0.000000
vt 1.449966 6.278446 0.000000
vt 1.268720 6.600418 0.000000
vt 1.087474 6.922390 0.000000
vt 0.906229 7.244361 0.000000
vt 0.724983 7.566333 0.000000
vt 0.543737 7.888304 0.000000
vt 0.362491 8.210276 0.000000
vt 1.812457 5.956475 0.000000
vt 1.812457 6.278446 0.000000
vt 1.812457 6.600418 0.000000
vt 1.812457 6.922390 0.000000
vt 1.631212 6.278446 0.000000
vt 1.449966 6.600418 0.000000
vt 1.268720 6.922390 0.000000
vt 1.087474 7.244361 0.000000
vt 0.906229 7.566333 0.000000
vt 0.724983 7.888304 0.000000
vt 0.543737 8.210276 0.000000
vt 0.362491 8.532248 0.000000
vt 1.631212 6.600418 0.000000
vt 1.631212 6.922390 0.000000
vt 1.631212 7.244361 0.000000
vt 1.449966 6.922390 0.000000
vt 1.268720 7.244361 0.000000
vt 1.087474 7.566333 0.000000
vt 0.906229 7.888304 0.000000
vt 0.724983 8.210276 0.000000
vt 0.543737 8.532248 0.000000
vt 0.362491 8.854219 0.000000
vt 1.449966 7.244361 0.000000
vt 1.449966 7.566333 0.000000
vt 1.268720 7.566333 0.000000
vt 1.087474 7.888304 0.000000
vt 0.906229 8.210276 0.000000
vt 0.724983 8.532248 0.000000
vt 0.543737 8.854219 0.000000
vt 0.362491 9.176191 0.000000
vt 1.268720 7.888304 0.000000
vt 1.087474 8.210276 0.000000
vt 0.906229 8.532248 0.000000
vt 0.724983 8.854219 0.000000
vt 0.543737 9.176191 0.000000
vt 0.362491 9.498162 0.000000
vt 1.993703 9.176191 0.000000
vt 1.812457 9.498162 0.000000
vt 1.631212 9.820134 0.000000
vt 1.449966 10.142106 0.000000
vt 1.268720 10.464077 0.000000
vt 1.087474 10.786049 0.000000
vt 0.906229 11.108020 0.000000
vt 0.724983 11.429992 0.000000
vt 0.543737 11.751964 0.000000
vt 0.362491 12.073935 0.000000
vt 1.993703 9.498162 0.000000
vt 1.993703 9.820134 0.000000
vt 1.993703 10.142106 0.000000
vt 1.993703 10.464077 0.000000
vt 1.812457 9.820134 0.000000
vt 1.631212 10.142106 0.000000
vt 1.449966 10.464077 0.000000
vt 1.268720 10.786049 0.000000
vt 1.087474 11.108020 0.000000
vt 0.906229 11.429992 0.000000
vt 0.724983 11.751964 0.000000
vt 0.543737 12.073935 0.000000
vt 0.362491 12.395907 0.000000
vt 1.812457 10.142106 0.000000
vt 1.812457 10.464077 0.000000
vt 1.812457 10.786049 0.000000
vt 1.631212 10.464077 0.000000
vt 1.449966 10.786049 0.000000
vt 1.268720 11.108020 0.000000
vt 1.087474 11.429992 0.000000
vt 0.906229 11.751964 0.000000
vt 0.724983 12.073935 0.000000
vt 0.543737 12.395907 0.000000
vt 0.362491 12.717878 0.000000
vt 1.631212 10.786049 0.000000
vt 1.631212 11.108020 0.000000
vt 1.449966 11.108020 0.000000
vt 1.268720 11.429992 0.000000
vt 1.087474 11.751964 0.000000
vt 0.906229 12.073935 0.000000
vt 0.724983 12.395907 0.000000
vt 0.543737 12.717878 0.000000
vt 0.362491 13.039850 0.000000
vt 1.449966 11.429992 0.000000
vt 1.268720 11.751964 0.000000
vt 1.087474 12.073935 0.000000
vt 0.906229 12.395907 0.000000
vt 0.724983 12.717878 0.000000
vt 0.543737 13.039850 0.000000
vt 0.362491 13.361822 0.000000
vt 1.268720 -13.683793 0.000000
vt 1.087474 -13.361822 0.000000
vt 0.906229 -13.039850 0.000000
vt 0.724983 -12.717878 0.000000
vt 0.543737 -12.395907 0.000000
vt 0.362491 -12.073935 0.000000
vt 1.268720 -13.361822 0.000000
vt 1.268720 -13.039850 0.000000
vt 1.268720 -12.717878 0.000000
vt 1.087474 -13.039850 0.000000
vt 0.906229 -12.717878 0.000000
vt 0.724983 -12.395907 0.000000
vt 0.543737 -12.073935 0.000000
vt 0.362491 -11.751964 0.000000
vt 1.087474 -12.717878 0.000000
vt 1.087474 -12.395907 0.000000
vt 0.906229 -12.395907 0.000000
vt 0.724983 -12.073935 0.000000
vt 0.543737 -11.751964 0.000000
vt 0.362491 -11.429992 0.000000
vt 0.906229 -12.073935 0.000000
vt 0.724983 -11.751964 0.000000
vt 0.543737 -11.429992 0.000000
vt 0.362491 -11.108020 0.000000
vt 1.993703 -11.429992 0.000000
vt 1.812457 -11.108020 0.000000
vt 1.631212 -10.786049 0.000000
vt 1.449966 -10.464077 0.000000
vt 1.268720 -10.142106 0.000000
vt 1.087474 -9.820134 0.000000
vt 0.906229 -9.498162 0.000000
vt 0.724983 -9.176191 0.000000
vt 0.543737 -8.854219 0.000000
vt 0.362491 -8.532248 0.000000
vt 1.993703 -11.108020 0.000000
vt 1.993703 -10.786049 0.000000
vt 1.993703 -10.464077 0.000000
vt 1.993703 -10.142106 0.000000
vt 1.993703 -9.820134 0.000000
vt 1.812457 -10.786049 0.000000
vt 1.631212 -10.464077 0.000000
vt 1.449966 -10.142106 0.000000
vt 1.268720 -9.820134 0.000000
vt 1.087474 -9.498162 0.000000
vt 0.906229 -9.176191 0.000000
vt 0.724983 -8.854219 0.000000
vt 0.543737 -8.532248 0.000000
vt 1.812457 -10.464077 0.000000
vt 1.812457 -10.142106 0.000000
vt 1.812457 -9.820134 0.000000
vt 1.812457 -9.498162 0.000000
vt 1.631212 -10.142106 0.000000
vt 1.449966 -9.820134 0.000000
vt 1.268720 -9.498162 0.000000
vt 1.087474 -9.176191 0.000000
vt 0.906229 -8.854219 0.000000
vt 0.724983 -8.532248 0.000000
vt 1.631212 -9.820134 0.000000
vt 1.631212 -9.498162 0.000000
vt 1.631212 -9.176191 0.000000
vt 1.449966 -9.498162 0.000000
vt 1.268720 -9.176191 0.000000
vt 1.087474 -8.854219 0.000000
vt 0.906229 -8.532248 0.000000
vt 1.449966 -9.176191 0.000000
vt 1.449966 -8.854219 0.000000
vt 1.268720 -8.854219 0.000000
vt 1.087474 -8.532248 0.000000
vt 1.268720 -8.532248 0.000000
vt -3.922411 -0.737929 0.000000
vt -4.215203 -0.723867 0.000000
vt -4.236555 -3.623802 0.000000
vt -4.508145 -0.734355 0.000000
vt -4.357334 -3.636084 0.000000
vt -4.799181 -0.769319 0.000000
vt -5.086272 -0.828514 0.000000
vt -5.367402 -0.911524 0.000000
vt -4.473169 -3.672427 0.000000
vt -5.640600 -1.017768 0.000000
vt -5.903950 -1.146499 0.000000
vt -4.579316 -3.731344 0.000000
vt -6.155605 -1.296816 0.000000
vt -6.393798 -1.467663 0.000000
vt -6.616860 -1.657843 0.000000
vt -4.671431 -3.810422 0.000000
vt -6.823226 -1.866021 0.000000
vt -7.011448 -2.090737 0.000000
vt -4.745742 -3.906424 0.000000
vt -7.180207 -2.330415 0.000000
vt -7.328317 -2.583374 0.000000
vt -4.799206 -4.015419 0.000000
vt -7.454742 -2.847839 0.000000
vt -7.558593 -3.121955 0.000000
vt -7.639142 -3.403801 0.000000
vt -4.829636 -4.132945 0.000000
vt -7.695825 -3.691398 0.000000
vt -7.728243 -3.982729 0.000000
vt -4.835785 -4.254192 0.000000
vt -7.736170 -4.275752 0.000000
vt -7.719549 -4.568409 0.000000
vt -7.678497 -4.858650 0.000000
vt -4.817401 -4.374194 0.000000
vt -7.613303 -5.144438 0.000000
vt -7.524424 -5.423768 0.000000
vt -4.775238 -4.488039 0.000000
vt -7.412482 -5.694682 0.000000
vt -7.278264 -5.955278 0.000000
vt -4.711020 -4.591066 0.000000
vt -7.122710 -6.203729 0.000000
vt -6.946912 -6.438292 0.000000
vt -6.752102 -6.657323 0.000000
vt -4.627379 -4.679057 0.000000
vt -6.539648 -6.859283 0.000000
vt -6.311040 -7.042758 0.000000
vt -4.527736 -4.748410 0.000000
vt -6.067880 -7.206460 0.000000
vt -5.811875 -7.349241 0.000000
vt -5.544820 -7.470099 0.000000
vt -4.416173 -4.796286 0.000000
vt -5.268589 -7.568186 0.000000
vt -4.985118 -7.642816 0.000000
vt -4.297256 -4.820724 0.000000
vt -4.696397 -7.693463 0.000000
vt -4.404451 -7.719773 0.000000
vt -4.111327 -7.721561 0.000000
vt -4.175854 -4.820724 0.000000
vt -3.819081 -7.698815 0.000000
vt -3.529763 -7.651694 0.000000
vt -4.056937 -4.796286 0.000000
vt -3.245404 -7.580530 0.000000
vt -2.967996 -7.485820 0.000000
vt -3.945374 -4.748410 0.000000
vt -2.699486 -7.368229 0.000000
vt -2.441758 -7.228582 0.000000
vt -2.196619 -7.067860 0.000000
vt -3.845732 -4.679057 0.000000
vt -1.965789 -6.887188 0.000000
vt -1.750887 -6.687834 0.000000
vt -3.762090 -4.591066 0.000000
vt -1.553419 -6.471197 0.000000
vt -1.374772 -6.238796 0.000000
vt -1.216199 -5.992261 0.000000
vt -3.697872 -4.488039 0.000000
vt -1.078811 -5.733322 0.000000
vt -0.963572 -5.463795 0.000000
vt -3.655709 -4.374194 0.000000
vt -0.871291 -5.185570 0.000000
vt -0.802615 -4.900599 0.000000
vt -0.758025 -4.610880 0.000000
vt -3.637325 -4.254192 0.000000
vt -0.737835 -4.318447 0.000000
vt -0.742186 -4.025350 0.000000
vt -3.643474 -4.132945 0.000000
vt -0.771047 -3.733644 0.000000
vt -0.824216 -3.445377 0.000000
vt -3.673904 -4.015419 0.000000
vt -0.901321 -3.162570 0.000000
vt -1.001820 -2.887207 0.000000
vt -1.125008 -2.621219 0.000000
vt -3.727369 -3.906424 0.000000
vt -1.270021 -2.366472 0.000000
vt -1.435843 -2.124752 0.000000
vt -3.801679 -3.810422 0.000000
vt -1.621309 -1.897757 0.000000
vt -1.825120 -1.687076 0.000000
vt -2.045845 -1.494189 0.000000
vt -3.893794 -3.731344 0.000000
vt -2.281936 -1.320448 0.000000
vt -2.531737 -1.167072 0.000000
vt -3.999942 -3.672427 0.000000
vt -2.793497 -1.035137 0.000000
vt -3.065379 -0.925568 0.000000
vt -4.115776 -3.636084 0.000000
vt -3.345475 -0.839134 0.000000
vt -3.631822 -0.776441 0.000000
vt 0.700000 1.064088 0.000000
vt 0.200000 1.002491 0.000000
vt 0.700000 0.942478 0.000000
vt 0.200000 0.882464 0.000000
vt 0.700000 0.820868 0.000000
vt 0.200000 0.762437 0.000000
vt 0.700000 0.699258 0.000000
vt 0.200000 0.642409 0.000000
vt 0.700000 0.577648 0.000000
vt 0.200000 0.522382 0.000000
vt 0.700000 0.456038 0.000000
vt 0.200000 0.402355 0.000000
vt 0.700000 0.334428 0.000000
vt 0.200000 0.282327 0.000000
vt 0.700000 0.212818 0.000000
vt 0.200000 0.162300 0.000000
vt 0.700000 0.091208 0.000000
vt 0.200000 0.042273 0.000000
vt 0.700000 -0.030403 0.000000
vt 0.200000 -0.077755 0.000000
vt 0.700000 -0.152013 0.000000
vt 0.200000 -0.197782 0.000000
vt 0.700000 -0.273623 0.000000
vt 0.200000 -0.317809 0.000000
vt 0.700000 -0.395233 0.000000
vt 0.200000 -0.437837 0.000000
vt 0.700000 -0.516843 0.000000
vt -0.050000 -0.437837 0.000000
vt -0.700000 -0.516843 0.000000
vt -0.700000 -0.395233 0.000000
vt -0.050000 -0.317809 0.000000
vt -0.700000 -0.273623 0.000000
vt -0.050000 -0.197782 0.000000
vt -0.700000 -0.152013 0.000000
vt -0.050000 -0.077755 0.000000
vt -0.700000 -0.030403 0.000000
vt -0.050000 0.042273 0.000000
vt -0.700000 0.091208 0.000000
vt -0.050000 0.162300 0.000000
vt -0.700000 0.212818 0.000000
vt -0.050000 0.282327 0.000000
vt -0.700000 0.334428 0.000000
vt -0.050000 0.402355 0.000000
vt -0.700000 0.456038 0.000000
vt -0.050000 0.522382 0.000000
vt -0.700000 0.577648 0.000000
vt -0.050000 0.642409 0.000000
vt -0.700000 0.699258 0.000000
vt -0.050000 0.762437 0.000000
vt -0.700000 0.820868 0.000000
vt -0.050000 0.882464 0.000000
vt -0.700000 0.942478 0.000000
vt -0.050000 1.002491 0.000000
vt -0.700000 1.064088 0.000000
vt -0.050000 1.122519 0.000000
vt -0.700000 1.185698 0.000000
vt -0.050000 1.242546 0.000000
vt -0.700000 1.307308 0.000000
vt -0.050000 1.362573 0.000000
vt -0.700000 1.428918 0.000000
vt -0.050000 1.482601 0.000000
vt -0.700000 1.550528 0.000000
vt -0.050000 1.602628 0.000000
vt -0.700000 1.672138 0.000000
vt -0.050000 1.722655 0.000000
vt -0.700000 1.793748 0.000000
vt -0.050000 1.842683 0.000000
vt -0.700000 1.915358 0.000000
vt -0.050000 1.962710 0.000000
vt -0.700000 -1.854553 0.000000
vt -0.050000 -1.807201 0.000000
vt -0.700000 -1.732943 0.000000
vt -0.050000 -1.687174 0.000000
vt -0.700000 -1.611333 0.000000
vt -0.050000 -1.567146 0.000000
vt -0.700000 -1.489723 0.000000
vt -0.050000 -1.447119 0.000000
vt -0.700000 -1.368113 0.000000
vt 0.700000 -1.368113 0.000000
vt 0.700000 -1.246503 0.000000
vt 0.200000 1.122519 0.000000
vt 0.700000 1.185698 0.000000
vt 0.200000 1.242546 0.000000
vt 0.700000 1.307308 0.000000
vt 0.200000 1.362573 0.000000
vt 0.700000 1.428918 0.000000
vt 0.200000 1.482601 0.000000
vt 0.700000 1.550528 0.000000
vt 0.200000 1.602628 0.000000
vt 0.700000 1.672138 0.000000
vt 0.200000 1.722655 0.000000
vt 0.700000 1.793748 0.000000
vt 0.200000 1.842683 0.000000
vt 0.700000 1.915358 0.000000
vt 0.200000 1.962710 0.000000
vt 0.200000 -1.807201 0.000000
vt 0.700000 -1.854553 0.000000
vt 0.700000 -1.732943 0.000000
vt 0.200000 -1.687174 0.000000
vt 0.700000 -1.611333 0.000000
vt 0.200000 -1.567146 0.000000
vt 0.700000 -1.489723 0.000000
vt 0.200000 -1.447119 0.000000
vt -0.700000 -1.246503 0.000000
vt 0.700000 -1.124893 0.000000
vt -0.700000 -1.124893 0.000000
vt 0.700000 -1.003283 0.000000
vt -0.700000 -1.003283 0.000000
vt 0.700000 -0.881673 0.000000
vt -0.700000 -0.881673 0.000000
vt 0.700000 -0.760063 0.000000
vt -0.700000 -0.760063 0.000000
vt 0.700000 -0.638453 0.000000
vt -0.700000 -0.638453 0.000000
vt 0.329093 7.228802 0.000000
vt 2.154686 1.651992 0.000000
vt 3.382037 7.228802 0.000000
vt 2.272124 1.675803 0.000000
vt 2.391951 1.675803 0.000000
vt 0.329093 0.678802 0.000000
vt 1.797245 1.350826 0.000000
vt 1.861965 1.451672 0.000000
vt 1.945433 1.537646 0.000000
vt 1.884824 0.678802 0.000000
vt 1.814257 0.775647 0.000000
vt 1.764341 0.884583 0.000000
vt 1.737068 1.001265 0.000000
vt 1.733526 1.121040 0.000000
vt 1.753855 1.239130 0.000000
vt 2.044322 1.605319 0.000000
vt 2.509389 1.651992 0.000000
vt 2.619753 1.605319 0.000000
vt 2.718641 1.537646 0.000000
vt 2.802110 1.451672 0.000000
vt 2.866830 1.350826 0.000000
vt 3.382037 0.678802 0.000000
vt 2.910220 1.239130 0.000000
vt 2.930549 1.121040 0.000000
vt 2.927006 1.001265 0.000000
vt 2.899733 0.884583 0.000000
vt 2.849818 0.775647 0.000000
vt 2.779251 0.678802 0.000000
vt 1.906744 -4.957284 0.000000
vt 2.059392 -5.165858 0.000000
vt 6.259392 -5.165858 0.000000
vt 2.059392 -8.218802 0.000000
vt 6.259392 -8.218802 0.000000
vt 6.412040 -4.957284 0.000000
vt 1.774740 -4.735069 0.000000
vt 6.544044 -4.735069 0.000000
vt 1.664587 -4.501251 0.000000
vt 6.654197 -4.501251 0.000000
vt 1.577297 -4.257971 0.000000
vt 6.741487 -4.257971 0.000000
vt 1.513669 -4.007459 0.000000
vt 6.805115 -4.007459 0.000000
vt 1.474286 -3.752012 0.000000
vt 6.844498 -3.752012 0.000000
vt 6.859275 -3.493968 0.000000
vt 6.849310 -3.235695 0.000000
vt 6.814696 -2.979557 0.000000
vt 6.755749 -2.727903 0.000000
vt 6.673009 -2.483038 0.000000
vt 6.567234 -2.247207 0.000000
vt 6.439395 -2.022570 0.000000
vt 6.290662 -1.811187 0.000000
vt 6.122398 -1.614993 0.000000
vt 5.936145 -1.435788 0.000000
vt 5.733611 -1.275213 0.000000
vt 5.516650 -1.134739 0.000000
vt 5.287252 -1.015655 0.000000
vt 5.047519 -0.919051 0.000000
vt 4.799646 -0.845812 0.000000
vt 4.545906 -0.796611 0.000000
vt 4.288625 -0.771897 0.000000
vt 4.030159 -0.771897 0.000000
vt 1.459509 -3.493968 0.000000
vt 3.772877 -0.796611 0.000000
vt 3.519138 -0.845812 0.000000
vt 3.271265 -0.919051 0.000000
vt 3.031532 -1.015655 0.000000
vt 2.802133 -1.134739 0.000000
vt 2.585173 -1.275213 0.000000
vt 2.382639 -1.435788 0.000000
vt 2.196386 -1.614993 0.000000
vt 2.028122 -1.811187 0.000000
vt 1.879389 -2.022570 0.000000
vt 1.751549 -2.247207 0.000000
vt 1.645775 -2.483038 0.000000
vt 1.563035 -2.727903 0.000000
vt 1.504088 -2.979557 0.000000
vt 1.469474 -3.235695 0.000000
vt -3.275000 -1.835119 0.000000
vt 3.275000 -1.835119 0.000000
vt 0.000000 -1.576555 0.000000
vt 3.275000 -1.675321 0.000000
vt 3.275000 -1.515523 0.000000
vt 0.000000 -1.317990 0.000000
vt 3.275000 -1.355724 0.000000
vt 3.055813 -1.180822 0.000000
vt 0.000000 -1.059425 0.000000
vt 2.829882 -1.005920 0.000000
vt 2.598157 -0.831017 0.000000
vt 0.000000 -0.800861 0.000000
vt 2.361609 -0.656115 0.000000
vt 0.000000 -0.542296 0.000000
vt 2.121229 -0.481213 0.000000
vt 1.878028 -0.306310 0.000000
vt 0.000000 -0.283731 0.000000
vt 1.633024 -0.131408 0.000000
vt 0.000000 -0.025167 0.000000
vt 1.387245 0.043494 0.000000
vt 0.000000 0.233398 0.000000
vt 1.141723 0.218397 0.000000
vt 0.897487 0.393299 0.000000
vt 0.000000 0.491963 0.000000
vt 0.655562 0.568201 0.000000
vt -3.275000 0.750527 0.000000
vt 0.000000 0.750527 0.000000
vt 0.182691 0.918006 0.000000
vt 0.416963 0.743104 0.000000
vt -0.046273 1.092908 0.000000
vt 0.000000 1.009092 0.000000
vt -3.275000 1.009092 0.000000
vt -0.268966 1.267811 0.000000
vt -3.275000 1.267657 0.000000
vt -0.484455 1.442713 0.000000
vt -3.275000 1.526221 0.000000
vt -0.691837 1.617615 0.000000
vt -3.275000 1.784786 0.000000
vt -0.890241 1.792517 0.000000
vt -1.078835 1.967420 0.000000
vt -3.275000 2.043351 0.000000
vt -1.256827 2.142322 0.000000
vt -3.275000 2.301915 0.000000
vt -1.423472 2.317224 0.000000
vt -1.578070 2.492127 0.000000
vt -3.275000 2.560480 0.000000
vt -1.719973 2.667029 0.000000
vt -3.275000 2.819044 0.000000
vt -1.848584 2.841931 0.000000
vt -1.963366 3.016834 0.000000
vt -3.275000 3.077609 0.000000
vt -2.063836 3.191736 0.000000
vt -3.275000 3.336174 0.000000
vt -2.149574 3.366638 0.000000
vt -2.220218 3.541541 0.000000
vt -3.275000 3.594738 0.000000
vt -2.275473 3.716443 0.000000
vt -3.275000 3.853303 0.000000
vt -2.315108 3.891345 0.000000
vt -2.338955 4.066248 0.000000
vt -3.275000 4.111868 0.000000
vt -2.346916 4.241150 0.000000
vt -3.275000 4.370432 0.000000
vt -2.338955 4.416052 0.000000
vt -3.275000 4.628997 0.000000
vt -2.315108 4.590954 0.000000
vt -2.275474 4.765857 0.000000
vt -3.275000 4.887562 0.000000
vt -2.220218 4.940759 0.000000
vt -3.275000 5.146126 0.000000
vt -2.149574 5.115661 0.000000
vt -2.063837 5.290564 0.000000
vt -3.275000 5.404691 0.000000
vt -1.963367 5.465466 0.000000
vt -3.275000 5.663256 0.000000
vt -1.848585 5.640368 0.000000
vt -1.719973 5.815271 0.000000
vt -3.275000 5.921820 0.000000
vt -1.578070 5.990173 0.000000
vt -3.275000 6.180385 0.000000
vt -1.423472 6.165075 0.000000
vt -1.256828 6.339978 0.000000
vt -3.275000 6.438950 0.000000
vt -1.078835 6.514880 0.000000
vt -3.275000 6.697514 0.000000
vt -0.890241 6.689782 0.000000
vt -0.691838 6.864685 0.000000
vt -3.275000 6.956079 0.000000
vt -0.484456 7.039587 0.000000
vt -3.275000 7.214644 0.000000
vt -0.268967 7.214489 0.000000
vt -0.046273 7.389392 0.000000
vt 0.182690 7.564294 0.000000
vt 0.000000 7.473208 0.000000
vt -3.275000 7.473208 0.000000
vt 0.416963 7.739196 0.000000
vt 0.000000 7.731773 0.000000
vt -3.275000 7.731773 0.000000
vt 0.655562 7.914099 0.000000
vt 0.000000 7.990338 0.000000
vt -3.275000 7.990338 0.000000
vt -3.275000 8.248902 0.000000
vt 0.000000 8.248902 0.000000
vt -3.275000 8.507467 0.000000
vt 0.000000 8.507467 0.000000
vt -3.275000 8.766032 0.000000
vt 0.000000 8.766032 0.000000
vt -3.275000 9.024596 0.000000
vt 0.000000 9.024596 0.000000
vt -3.275000 9.283161 0.000000
vt 0.000000 9.283161 0.000000
vt -3.275000 9.541726 0.000000
vt 0.000000 9.541726 0.000000
vt -3.275000 9.800290 0.000000
vt 0.000000 9.800290 0.000000
vt -3.275000 10.058855 0.000000
vt 0.000000 10.058855 0.000000
vt -3.275000 10.317419 0.000000
vt 3.275000 10.157621 0.000000
vt 3.275000 10.317419 0.000000
vt 0.897487 8.089001 0.000000
vt 1.141722 8.263903 0.000000
vt 1.387244 8.438806 0.000000
vt 1.633023 8.613708 0.000000
vt 1.878027 8.788610 0.000000
vt 2.121229 8.963513 0.000000
vt 2.361608 9.138415 0.000000
vt 2.598156 9.313317 0.000000
vt 2.829882 9.488220 0.000000
vt 3.055812 9.663122 0.000000
vt 3.275000 9.838024 0.000000
vt 3.275000 9.997823 0.000000
vt -3.275000 0.491963 0.000000
vt -3.275000 0.233398 0.000000
vt -3.275000 -0.025167 0.000000
vt -3.275000 -0.283731 0.000000
vt -3.275000 -0.542296 0.000000
vt -3.275000 -0.800861 0.000000
vt -3.275000 -1.059425 0.000000
vt -3.275000 -1.317990 0.000000
vt -3.275000 -1.576555 0.000000
vt -3.382039 -0.678802 0.000000
vt -2.154688 -6.255612 0.000000
vt -0.329095 -0.678802 0.000000
vt -2.044324 -6.302285 0.000000
vt -1.945435 -6.369958 0.000000
vt -3.382039 -7.228802 0.000000
vt -2.866832 -6.556778 0.000000
vt -2.802112 -6.455933 0.000000
vt -2.718643 -6.369958 0.000000
vt -2.779253 -7.228802 0.000000
vt -2.849820 -7.131958 0.000000
vt -2.899735 -7.023022 0.000000
vt -2.927008 -6.906339 0.000000
vt -2.930550 -6.786564 0.000000
vt -2.910221 -6.668474 0.000000
vt -2.619754 -6.302285 0.000000
vt -2.509390 -6.255612 0.000000
vt -2.391953 -6.231801 0.000000
vt -2.272125 -6.231801 0.000000
vt -1.861966 -6.455933 0.000000
vt -1.797246 -6.556778 0.000000
vt -0.329095 -7.228802 0.000000
vt -1.753857 -6.668474 0.000000
vt -1.733528 -6.786564 0.000000
vt -1.737070 -6.906339 0.000000
vt -1.764343 -7.023022 0.000000
vt -1.814258 -7.131958 0.000000
vt -1.884825 -7.228802 0.000000
vt 0.175344 -0.489534 0.000000
vt 0.078640 -0.616721 0.000000
vt 0.328640 -0.702920 0.000000
vt 0.078640 -2.172451 0.000000
vt 0.328640 -2.172451 0.000000
vt 0.438409 -0.548171 0.000000
vt 0.345363 -0.219134 0.000000
vt 0.264355 -0.356851 0.000000
vt 0.538004 -0.386687 0.000000
vt 0.627013 -0.219134 0.000000
vt 8.096927 1.218296 0.000000
vt 7.827932 1.139141 0.000000
vt 8.096927 0.936646 0.000000
vt 7.803236 0.859701 0.000000
vt 7.550663 1.070246 0.000000
vt 7.501733 0.793687 0.000000
vt 7.266283 1.011900 0.000000
vt 7.193625 0.738869 0.000000
vt 6.975983 0.964348 0.000000
vt 6.880150 0.695466 0.000000
vt 6.680981 0.927789 0.000000
vt 6.562563 0.663653 0.000000
vt 6.382516 0.902376 0.000000
vt 6.242140 0.643557 0.000000
vt 6.081839 0.888217 0.000000
vt 5.920165 0.635259 0.000000
vt 5.780212 0.885370 0.000000
vt 5.597929 0.638793 0.000000
vt 5.478899 0.893848 0.000000
vt 5.276725 0.654143 0.000000
vt 5.179165 0.913614 0.000000
vt 4.957842 0.681249 0.000000
vt 4.882267 0.944587 0.000000
vt 4.642558 0.720001 0.000000
vt 4.589450 0.986636 0.000000
vt 4.332138 0.770245 0.000000
vt 4.301944 1.039584 0.000000
vt 4.027828 0.831778 0.000000
vt 4.020952 1.103210 0.000000
vt 3.730846 0.904354 0.000000
vt 3.747656 1.177247 0.000000
vt 3.442386 0.987683 0.000000
vt 3.483200 1.261384 0.000000
vt 3.163603 1.081428 0.000000
vt 3.228695 1.355268 0.000000
vt 2.895615 1.185216 0.000000
vt 2.985207 1.458505 0.000000
vt 2.639499 1.298629 0.000000
vt 2.753759 1.570663 0.000000
vt 2.396281 1.421212 0.000000
vt 2.535320 1.691271 0.000000
vt 2.166936 1.552474 0.000000
vt 2.330808 1.819822 0.000000
vt 1.952384 1.691889 0.000000
vt 2.141081 1.955778 0.000000
vt 1.753487 1.838896 0.000000
vt 1.966934 2.098569 0.000000
vt 1.571041 1.992907 0.000000
vt 1.809097 2.247595 0.000000
vt 1.405779 2.153304 0.000000
vt 1.668233 2.402231 0.000000
vt 1.258362 2.319443 0.000000
vt 1.544933 2.561829 0.000000
vt 1.129384 2.490659 0.000000
vt 1.439713 2.725718 0.000000
vt 1.019360 2.666263 0.000000
vt 1.353016 2.893213 0.000000
vt 0.928733 2.845553 0.000000
vt 1.285205 3.063609 0.000000
vt 0.857865 3.027809 0.000000
vt 1.236564 3.236193 0.000000
vt 0.807041 3.212299 0.000000
vt 1.207298 3.410240 0.000000
vt 0.776465 3.398285 0.000000
vt 1.197529 3.585020 0.000000
vt 0.766259 3.585019 0.000000
vt 0.776465 3.771754 0.000000
vt 1.207298 3.759800 0.000000
vt 0.807041 3.957739 0.000000
vt 1.236564 3.933846 0.000000
vt 0.857865 4.142230 0.000000
vt 1.285205 4.106430 0.000000
vt 0.928733 4.324486 0.000000
vt 1.353016 4.276826 0.000000
vt 1.019360 4.503775 0.000000
vt 1.439713 4.444321 0.000000
vt 1.129384 4.679380 0.000000
vt 1.544933 4.608211 0.000000
vt 1.258362 4.850595 0.000000
vt 1.668233 4.767808 0.000000
vt 1.405779 5.016735 0.000000
vt 1.809097 4.922444 0.000000
vt 1.571041 5.177132 0.000000
vt 1.966934 5.071470 0.000000
vt 1.753487 5.331143 0.000000
vt 2.141081 5.214261 0.000000
vt 1.952384 5.478150 0.000000
vt 2.330809 5.350217 0.000000
vt 2.166936 5.617565 0.000000
vt 2.535321 5.478768 0.000000
vt 2.396281 5.748827 0.000000
vt 2.753759 5.599376 0.000000
vt 2.639499 5.871410 0.000000
vt 2.985208 5.711534 0.000000
vt 2.895615 5.984823 0.000000
vt 3.228695 5.814771 0.000000
vt 3.163603 6.088610 0.000000
vt 3.483201 5.908655 0.000000
vt 3.442386 6.182356 0.000000
vt 3.747656 5.992792 0.000000
vt 3.730846 6.265684 0.000000
vt 4.020953 6.066829 0.000000
vt 4.027828 6.338261 0.000000
vt 4.301944 6.130455 0.000000
vt 4.332138 6.399794 0.000000
vt 4.589451 6.183403 0.000000
vt 4.642558 6.450038 0.000000
vt 4.882268 6.225452 0.000000
vt 4.957842 6.488790 0.000000
vt 5.179166 6.256425 0.000000
vt 5.276725 6.515896 0.000000
vt 5.478900 6.276191 0.000000
vt 5.597929 6.531246 0.000000
vt 5.780213 6.284669 0.000000
vt 5.920165 6.534779 0.000000
vt 6.081840 6.281822 0.000000
vt 6.242140 6.526481 0.000000
vt 6.382517 6.267663 0.000000
vt 6.562563 6.506386 0.000000
vt 6.680982 6.242250 0.000000
vt 6.880150 6.474573 0.000000
vt 6.975983 6.205691 0.000000
vt 7.193625 6.431170 0.000000
vt 7.266283 6.158139 0.000000
vt 7.501733 6.376351 0.000000
vt 7.550664 6.099793 0.000000
vt 7.803236 6.310337 0.000000
vt 7.827933 6.030898 0.000000
vt 8.096927 6.233392 0.000000
vt 8.096927 5.951743 0.000000
vt 0.377013 -2.172451 0.000000
vt 0.627013 -2.172451 0.000000
vt 0.377013 -0.702920 0.000000
vt 0.627013 -0.616721 0.000000
vt 0.530308 -0.489534 0.000000
vt 0.441297 -0.356850 0.000000
vt 0.360289 -0.219134 0.000000
vt 0.267243 -0.548171 0.000000
vt 0.167648 -0.386687 0.000000
vt 0.078640 -0.219134 0.000000
vt -2.684435 -7.503802 0.000000
vt -2.755002 -7.406958 0.000000
vt -3.287221 -7.503802 0.000000
vt -2.804917 -7.298022 0.000000
vt -2.832190 -7.181339 0.000000
vt -2.835733 -7.061564 0.000000
vt -2.815404 -6.943474 0.000000
vt -2.772014 -6.831778 0.000000
vt -3.287221 -0.703802 0.000000
vt -2.707294 -6.730933 0.000000
vt -2.623825 -6.644958 0.000000
vt -2.524936 -6.577285 0.000000
vt -2.414572 -6.530612 0.000000
vt -2.297135 -6.506801 0.000000
vt -2.177307 -6.506801 0.000000
vt -2.059870 -6.530612 0.000000
vt -0.634839 -0.703802 0.000000
vt -1.949506 -6.577285 0.000000
vt -1.850617 -6.644958 0.000000
vt -1.767149 -6.730933 0.000000
vt -1.702429 -6.831778 0.000000
vt -0.320477 -7.503802 0.000000
vt -1.659039 -6.943474 0.000000
vt -1.638710 -7.061564 0.000000
vt -1.642252 -7.181339 0.000000
vt -1.669525 -7.298022 0.000000
vt -1.719440 -7.406958 0.000000
vt -1.790008 -7.503802 0.000000
vt -0.320477 -0.703802 0.000000
vt -0.743802 -0.143802 0.000000
vt -0.864581 -0.156084 0.000000
vt -0.623023 -0.156084 0.000000
vt -0.507189 -0.192427 0.000000
vt -0.980416 -0.192427 0.000000
vt -0.401041 -0.251344 0.000000
vt -1.086563 -0.251344 0.000000
vt -0.308926 -0.330422 0.000000
vt -1.178678 -0.330422 0.000000
vt -0.234616 -0.426424 0.000000
vt -1.252989 -0.426424 0.000000
vt -0.181151 -0.535419 0.000000
vt -1.306453 -0.535419 0.000000
vt -0.150721 -0.652945 0.000000
vt -1.336883 -0.652945 0.000000
vt -0.144572 -0.774192 0.000000
vt -1.343032 -0.774192 0.000000
vt -0.162956 -0.894194 0.000000
vt -1.324648 -0.894194 0.000000
vt -0.205119 -1.008039 0.000000
vt -1.282485 -1.008039 0.000000
vt -0.269337 -1.111066 0.000000
vt -1.218268 -1.111066 0.000000
vt -0.352979 -1.199057 0.000000
vt -1.134626 -1.199057 0.000000
vt -0.452621 -1.268410 0.000000
vt -1.034983 -1.268410 0.000000
vt -0.564184 -1.316286 0.000000
vt -0.923420 -1.316286 0.000000
vt -0.683101 -1.340724 0.000000
vt -0.804503 -1.340724 0.000000
vt 0.298802 -0.084081 0.000000
vt 0.048802 -0.084081 0.000000
vt 0.298802 -0.686867 0.000000
vt 0.048802 -0.686867 0.000000
vt -0.953802 -4.943802 0.000000
vt -0.703802 -5.193802 0.000000
vt -0.953802 -0.743802 0.000000
vt -0.703802 -0.493802 0.000000
vt -7.503802 -0.493802 0.000000
vt -7.503802 -4.943802 0.000000
vt -7.503802 -5.193802 0.000000
vt -7.503802 -0.743802 0.000000
vt 0.298802 -0.084081 0.000000
vt 0.048802 -0.084081 0.000000
vt 0.298802 -0.686867 0.000000
vt 0.048802 -0.686867 0.000000
vt -0.700000 -1.064088 0.000000
vt 0.700000 -1.003283 0.000000
vt -0.700000 -0.942478 0.000000
vt 0.700000 -0.881673 0.000000
vt -0.700000 -0.820868 0.000000
vt 0.700000 -0.760063 0.000000
vt -0.700000 -0.699258 0.000000
vt 0.700000 -0.638453 0.000000
vt -0.700000 -0.577648 0.000000
vt 0.700000 -0.516843 0.000000
vt -0.700000 -0.456038 0.000000
vt -0.200000 -0.437837 0.000000
vt -0.700000 -0.334428 0.000000
vt -0.200000 -0.317809 0.000000
vt -0.700000 -0.212818 0.000000
vt -0.200000 -0.197782 0.000000
vt -0.700000 -0.091208 0.000000
vt -0.200000 -0.077755 0.000000
vt -0.700000 0.030403 0.000000
vt -0.200000 0.042273 0.000000
vt -0.700000 0.152013 0.000000
vt -0.200000 0.162300 0.000000
vt -0.700000 0.273623 0.000000
vt -0.200000 0.282327 0.000000
vt -0.700000 0.395233 0.000000
vt -0.200000 0.402355 0.000000
vt -0.700000 0.516843 0.000000
vt -0.200000 0.522382 0.000000
vt -0.700000 0.638453 0.000000
vt -0.200000 0.642409 0.000000
vt -0.700000 0.760063 0.000000
vt -0.200000 0.762437 0.000000
vt -0.700000 0.881673 0.000000
vt -0.200000 0.882464 0.000000
vt -0.200000 1.002491 0.000000
vt 0.700000 -1.124893 0.000000
vt -0.700000 -1.185698 0.000000
vt 0.700000 -1.246503 0.000000
vt -0.700000 -1.307308 0.000000
vt 0.700000 -1.368113 0.000000
vt -0.700000 -1.428918 0.000000
vt 0.050000 -1.447119 0.000000
vt -0.200000 -1.447119 0.000000
vt -0.700000 -1.550528 0.000000
vt -0.200000 -1.567146 0.000000
vt -0.700000 -1.672138 0.000000
vt -0.200000 -1.687174 0.000000
vt -0.700000 -1.793748 0.000000
vt -0.200000 -1.807201 0.000000
vt -0.200000 1.962710 0.000000
vt -0.700000 1.976163 0.000000
vt -0.700000 1.854553 0.000000
vt -0.200000 1.842683 0.000000
vt -0.700000 1.732943 0.000000
vt -0.200000 1.722655 0.000000
vt -0.700000 1.611333 0.000000
vt -0.200000 1.602628 0.000000
vt -0.700000 1.489723 0.000000
vt -0.200000 1.482601 0.000000
vt -0.700000 1.368113 0.000000
vt -0.200000 1.362573 0.000000
vt -0.700000 1.246503 0.000000
vt -0.200000 1.242546 0.000000
vt -0.700000 1.124893 0.000000
vt -0.200000 1.122519 0.000000
vt -0.700000 1.003283 0.000000
vt 0.700000 -1.489723 0.000000
vt 0.050000 -1.567146 0.000000
vt 0.700000 -1.611333 0.000000
vt 0.050000 -1.687174 0.000000
vt 0.700000 -1.732943 0.000000
vt 0.050000 -1.807201 0.000000
vt 0.700000 -1.854553 0.000000
vt 0.700000 1.915358 0.000000
vt 0.050000 1.962710 0.000000
vt 0.050000 1.842683 0.000000
vt 0.700000 1.793748 0.000000
vt 0.050000 1.722655 0.000000
vt 0.700000 1.672138 0.000000
vt 0.050000 1.602628 0.000000
vt 0.700000 1.550528 0.000000
vt 0.050000 1.482601 0.000000
vt 0.700000 1.428918 0.000000
vt 0.050000 1.362573 0.000000
vt 0.700000 1.307308 0.000000
vt 0.050000 1.242546 0.000000
vt 0.700000 1.185698 0.000000
vt 0.050000 1.122519 0.000000
vt 0.700000 1.064088 0.000000
vt 0.050000 1.002491 0.000000
vt 0.700000 0.942478 0.000000
vt 0.050000 0.882464 0.000000
vt 0.700000 0.820868 0.000000
vt 0.050000 0.762437 0.000000
vt 0.700000 0.699258 0.000000
vt 0.050000 0.642409 0.000000
vt 0.700000 0.577648 0.000000
vt 0.050000 0.522382 0.000000
vt 0.700000 0.456038 0.000000
vt 0.050000 0.402355 0.000000
vt 0.700000 0.334428 0.000000
vt 0.050000 0.282327 0.000000
vt 0.700000 0.212818 0.000000
vt 0.050000 0.162300 0.000000
vt 0.700000 0.091208 0.000000
vt 0.050000 0.042273 0.000000
vt 0.700000 -0.030403 0.000000
vt 0.050000 -0.077755 0.000000
vt 0.700000 -0.152013 0.000000
vt 0.050000 -0.197782 0.000000
vt 0.700000 -0.273623 0.000000
vt 0.050000 -0.317809 0.000000
vt 0.700000 -0.395233 0.000000
vt 0.050000 -0.437837 0.000000
vt 1.790008 0.703802 0.000000
vt 1.719440 0.800647 0.000000
vt 0.320477 0.703802 0.000000
vt 1.669525 0.909583 0.000000
vt 1.642252 1.026265 0.000000
vt 1.638710 1.146040 0.000000
vt 1.659039 1.264130 0.000000
vt 1.702429 1.375826 0.000000
vt 0.634839 7.503802 0.000000
vt 1.767149 1.476672 0.000000
vt 1.850617 1.562646 0.000000
vt 1.949506 1.630319 0.000000
vt 2.059870 1.676992 0.000000
vt 3.287221 7.503802 0.000000
vt 2.177307 1.700803 0.000000
vt 2.297135 1.700803 0.000000
vt 2.414572 1.676992 0.000000
vt 2.524936 1.630319 0.000000
vt 2.623825 1.562646 0.000000
vt 2.707294 1.476672 0.000000
vt 2.772014 1.375826 0.000000
vt 3.287221 0.703802 0.000000
vt 2.815404 1.264130 0.000000
vt 2.835733 1.146040 0.000000
vt 2.832190 1.026265 0.000000
vt 2.804917 0.909583 0.000000
vt 2.755002 0.800647 0.000000
vt 2.684435 0.703802 0.000000
vt 0.320477 7.503802 0.000000
vt 0.743802 1.343802 0.000000
vt 0.623023 1.331520 0.000000
vt 0.864581 1.331520 0.000000
vt 0.980416 1.295177 0.000000
vt 0.507189 1.295177 0.000000
vt 1.086563 1.236260 0.000000
vt 0.401041 1.236260 0.000000
vt 1.178678 1.157182 0.000000
vt 0.308926 1.157182 0.000000
vt 1.252989 1.061181 0.000000
vt 0.234616 1.061181 0.000000
vt 1.306453 0.952185 0.000000
vt 0.181151 0.952185 0.000000
vt 1.336883 0.834659 0.000000
vt 0.150721 0.834659 0.000000
vt 1.343032 0.713413 0.000000
vt 0.144572 0.713413 0.000000
vt 1.324648 0.593411 0.000000
vt 0.162956 0.593411 0.000000
vt 1.282485 0.479566 0.000000
vt 0.205119 0.479566 0.000000
vt 1.218268 0.376539 0.000000
vt 0.269337 0.376539 0.000000
vt 1.134626 0.288547 0.000000
vt 0.352979 0.288547 0.000000
vt 1.034983 0.219194 0.000000
vt 0.452621 0.219194 0.000000
vt 0.923420 0.171319 0.000000
vt 0.564184 0.171319 0.000000
vt 0.804503 0.146881 0.000000
vt 0.683101 0.146881 0.000000
vt -3.400000 -7.732286 0.000000
vt -3.400000 -7.922046 0.000000
vt 0.000000 -7.898497 0.000000
vt -3.160689 -8.108905 0.000000
vt 0.000000 -8.171363 0.000000
vt -2.915011 -8.295765 0.000000
vt 0.000000 -8.444229 0.000000
vt -2.663952 -8.482624 0.000000
vt -2.408520 -8.669484 0.000000
vt 0.000000 -8.717095 0.000000
vt -2.149737 -8.856343 0.000000
vt 0.000000 -8.989961 0.000000
vt -1.888643 -9.043202 0.000000
vt 0.000000 -9.262827 0.000000
vt -1.626284 -9.230062 0.000000
vt -1.363713 -9.416921 0.000000
vt 0.000000 -9.535693 0.000000
vt -1.101983 -9.603781 0.000000
vt 0.000000 -9.808559 0.000000
vt -0.842144 -9.790640 0.000000
vt -0.585237 -9.977500 0.000000
vt -0.332294 -10.164359 0.000000
vt 0.000000 -10.081425 0.000000
vt 3.400000 -10.025738 0.000000
vt 3.400000 -9.758441 0.000000
vt 3.400000 -9.491143 0.000000
vt 3.400000 -9.223846 0.000000
vt 3.400000 -8.956549 0.000000
vt 3.400000 -8.689252 0.000000
vt 3.400000 -8.421954 0.000000
vt 3.400000 -8.154657 0.000000
vt 3.400000 -7.887360 0.000000
vt 0.000000 -7.625632 0.000000
vt 3.400000 -7.620063 0.000000
vt -3.400000 -7.352766 0.000000
vt 3.400000 -7.352766 0.000000
vt -0.084329 -10.351218 0.000000
vt 0.000000 -10.354291 0.000000
vt 3.400000 -10.293035 0.000000
vt 0.157664 -10.538078 0.000000
vt 3.400000 -10.560332 0.000000
vt 0.392713 -10.724937 0.000000
vt 3.400000 -10.827629 0.000000
vt 0.619877 -10.911797 0.000000
vt 3.400000 -11.094927 0.000000
vt 0.838244 -11.098656 0.000000
vt 1.046938 -11.285516 0.000000
vt 3.400000 -11.362224 0.000000
vt 1.245123 -11.472375 0.000000
vt 3.400000 -11.629521 0.000000
vt 1.432003 -11.659234 0.000000
vt 1.606828 -11.846094 0.000000
vt 3.400000 -11.896818 0.000000
vt 1.768898 -12.032953 0.000000
vt 3.400000 -12.164116 0.000000
vt 1.917562 -12.219813 0.000000
vt 3.400000 -12.431413 0.000000
vt 2.052225 -12.406672 0.000000
vt 2.172346 -12.593531 0.000000
vt 3.400000 -12.698710 0.000000
vt 2.277443 -12.780391 0.000000
vt 3.400000 -12.966007 0.000000
vt 2.367095 -12.967250 0.000000
vt 2.440942 -13.154110 0.000000
vt 3.400000 -13.233304 0.000000
vt 2.498688 -13.340969 0.000000
vt 3.400000 -13.500602 0.000000
vt 2.540101 -13.527829 0.000000
vt 2.565016 -13.714688 0.000000
vt 3.400000 -13.767899 0.000000
vt 2.573332 -13.901547 0.000000
vt 3.400000 -14.035196 0.000000
vt 2.565016 -14.088407 0.000000
vt 3.400000 -14.302493 0.000000
vt 2.540101 -14.275266 0.000000
vt 2.498688 -14.462126 0.000000
vt 3.400000 -14.569791 0.000000
vt 2.440942 -14.648985 0.000000
vt 3.400000 -14.837088 0.000000
vt 2.367095 -14.835845 0.000000
vt 2.277443 -15.022704 0.000000
vt 3.400000 -15.104385 0.000000
vt 2.172346 -15.209563 0.000000
vt 3.400000 -15.371682 0.000000
vt 2.052225 -15.396423 0.000000
vt 1.917562 -15.583282 0.000000
vt 3.400000 -15.638979 0.000000
vt 1.768898 -15.770142 0.000000
vt 3.400000 -15.906277 0.000000
vt 1.606828 -15.957001 0.000000
vt 3.400000 -16.173574 0.000000
vt 1.432003 -16.143861 0.000000
vt 1.245123 -16.330720 0.000000
vt 3.400000 -16.440871 0.000000
vt 1.046938 -16.517579 0.000000
vt 3.400000 -16.708168 0.000000
vt 0.838244 -16.704439 0.000000
vt 0.619877 -16.891298 0.000000
vt 3.400000 -16.975466 0.000000
vt 0.392713 -17.078158 0.000000
vt 3.400000 -17.242763 0.000000
vt 0.157664 -17.265017 0.000000
vt -0.000000 -17.448804 0.000000
vt -0.084329 -17.451877 0.000000
vt -0.332294 -17.638736 0.000000
vt -0.585237 -17.825595 0.000000
vt 0.000000 -17.721670 0.000000
vt 3.400000 -17.510060 0.000000
vt -0.842144 -18.012455 0.000000
vt 0.000000 -17.994536 0.000000
vt 3.400000 -17.777357 0.000000
vt -1.101983 -18.199314 0.000000
vt 0.000000 -18.267402 0.000000
vt 3.400000 -18.044654 0.000000
vt 3.400000 -18.311952 0.000000
vt 0.000000 -18.540268 0.000000
vt 3.400000 -18.579249 0.000000
vt 0.000000 -18.813134 0.000000
vt 3.400000 -18.846546 0.000000
vt 0.000000 -19.086000 0.000000
vt 3.400000 -19.113843 0.000000
vt 0.000000 -19.358866 0.000000
vt 3.400000 -19.381140 0.000000
vt 0.000000 -19.631732 0.000000
vt 3.400000 -19.648438 0.000000
vt 0.000000 -19.904598 0.000000
vt 3.400000 -19.915735 0.000000
vt 0.000000 -20.177463 0.000000
vt 3.400000 -20.183032 0.000000
vt 3.400000 -20.450329 0.000000
vt -3.400000 -20.260569 0.000000
vt -3.400000 -20.450329 0.000000
vt -1.363713 -18.386174 0.000000
vt -1.626284 -18.573033 0.000000
vt -1.888643 -18.759893 0.000000
vt -2.149737 -18.946752 0.000000
vt -2.408520 -19.133611 0.000000
vt -2.663952 -19.320471 0.000000
vt -2.915011 -19.507330 0.000000
vt -3.160689 -19.694190 0.000000
vt -3.400000 -19.881049 0.000000
vt -3.400000 -20.070809 0.000000
vt -3.400000 -7.542526 0.000000
vt 6.520502 -5.796182 0.000000
vt 6.696594 -5.580414 0.000000
vt 6.520502 -5.481819 0.000000
vt 6.852940 -5.349935 0.000000
vt 6.672220 -5.261864 0.000000
vt 6.988317 -5.106548 0.000000
vt 6.803413 -5.029082 0.000000
vt 7.101667 -4.852154 0.000000
vt 6.913005 -4.785384 0.000000
vt 7.192104 -4.588743 0.000000
vt 7.000096 -4.532770 0.000000
vt 7.258922 -4.318374 0.000000
vt 7.063972 -4.273311 0.000000
vt 7.301597 -4.043159 0.000000
vt 7.104108 -4.009137 0.000000
vt 7.319796 -3.765251 0.000000
vt 7.120176 -3.742414 0.000000
vt 7.313377 -3.486821 0.000000
vt 7.112044 -3.475332 0.000000
vt 7.282391 -3.210046 0.000000
vt 7.079778 -3.210082 0.000000
vt 7.227078 -2.937091 0.000000
vt 7.023643 -2.948839 0.000000
vt 7.147873 -2.670087 0.000000
vt 6.944100 -2.693747 0.000000
vt 7.045393 -2.411124 0.000000
vt 6.841801 -2.446900 0.000000
vt 6.920440 -2.162224 0.000000
vt 6.717585 -2.210321 0.000000
vt 6.773991 -1.925334 0.000000
vt 6.572472 -1.985952 0.000000
vt 6.607190 -1.702305 0.000000
vt 6.407653 -1.775635 0.000000
vt 6.421342 -1.494881 0.000000
vt 6.224479 -1.581094 0.000000
vt 6.217899 -1.304683 0.000000
vt 6.024453 -1.403925 0.000000
vt 5.998452 -1.133198 0.000000
vt 5.809217 -1.245583 0.000000
vt 5.764715 -0.981767 0.000000
vt 5.580536 -1.107366 0.000000
vt 5.518516 -0.851573 0.000000
vt 5.340286 -0.990409 0.000000
vt 5.261780 -0.743634 0.000000
vt 5.090439 -0.895670 0.000000
vt 4.996514 -0.658793 0.000000
vt 4.833045 -0.823927 0.000000
vt 4.724790 -0.597715 0.000000
vt 4.570215 -0.775769 0.000000
vt 4.448733 -0.560876 0.000000
vt 4.304105 -0.751591 0.000000
vt 4.170502 -0.548564 0.000000
vt 4.036899 -0.751591 0.000000
vt 3.892271 -0.560876 0.000000
vt 3.770790 -0.775769 0.000000
vt 3.616214 -0.597715 0.000000
vt 3.507959 -0.823927 0.000000
vt 3.344491 -0.658793 0.000000
vt 3.250565 -0.895670 0.000000
vt 3.079224 -0.743634 0.000000
vt 3.000718 -0.990409 0.000000
vt 2.822488 -0.851573 0.000000
vt 2.760468 -1.107366 0.000000
vt 2.576289 -0.981767 0.000000
vt 2.531787 -1.245583 0.000000
vt 2.342553 -1.133198 0.000000
vt 2.316551 -1.403925 0.000000
vt 2.123105 -1.304683 0.000000
vt 2.116525 -1.581094 0.000000
vt 1.919662 -1.494881 0.000000
vt 1.933351 -1.775635 0.000000
vt 1.733814 -1.702305 0.000000
vt 1.768532 -1.985952 0.000000
vt 1.567013 -1.925334 0.000000
vt 1.623419 -2.210321 0.000000
vt 1.420564 -2.162224 0.000000
vt 1.499203 -2.446900 0.000000
vt 1.295611 -2.411124 0.000000
vt 1.396904 -2.693747 0.000000
vt 1.193131 -2.670087 0.000000
vt 1.317361 -2.948839 0.000000
vt 1.113926 -2.937091 0.000000
vt 1.261226 -3.210082 0.000000
vt 1.058613 -3.210046 0.000000
vt 1.228960 -3.475332 0.000000
vt 1.027627 -3.486821 0.000000
vt 1.220828 -3.742414 0.000000
vt 1.021208 -3.765251 0.000000
vt 1.236896 -4.009137 0.000000
vt 1.039407 -4.043159 0.000000
vt 1.277033 -4.273311 0.000000
vt 1.082082 -4.318374 0.000000
vt 1.340908 -4.532770 0.000000
vt 1.148900 -4.588743 0.000000
vt 1.427999 -4.785384 0.000000
vt 1.239337 -4.852154 0.000000
vt 1.537591 -5.029082 0.000000
vt 1.352687 -5.106548 0.000000
vt 1.668784 -5.261864 0.000000
vt 1.488064 -5.349935 0.000000
vt 1.820502 -5.481819 0.000000
vt 1.644410 -5.580414 0.000000
vt 1.820502 -5.796182 0.000000
vt -0.650000 -2.574664 0.000000
vt 0.650000 -2.508849 0.000000
vt -0.650000 -2.295447 0.000000
vt 0.650000 -2.230088 0.000000
vt -0.650000 -2.016853 0.000000
vt 0.650000 -1.951327 0.000000
vt -0.650000 -1.738258 0.000000
vt 0.650000 -1.672566 0.000000
vt -0.650000 -1.459664 0.000000
vt 0.650000 -1.393805 0.000000
vt -0.650000 -1.181070 0.000000
vt 0.650000 -1.115044 0.000000
vt -0.650000 -0.902475 0.000000
vt 0.650000 -0.836283 0.000000
vt -0.650000 -0.623881 0.000000
vt 0.650000 -0.557522 0.000000
vt -0.650000 -0.345286 0.000000
vt 0.650000 -0.278761 0.000000
vt -0.650000 -0.066692 0.000000
vt 0.650000 0.000000 0.000000
vt -0.650000 0.211903 0.000000
vt 0.650000 0.278761 0.000000
vt -0.650000 0.490497 0.000000
vt 0.650000 0.557522 0.000000
vt -0.650000 0.769092 0.000000
vt 0.650000 0.836283 0.000000
vt -0.650000 1.047686 0.000000
vt 0.650000 1.115044 0.000000
vt -0.650000 1.326281 0.000000
vt 0.650000 1.393805 0.000000
vt -0.650000 1.604875 0.000000
vt 0.650000 1.672566 0.000000
vt -0.650000 1.883469 0.000000
vt 0.650000 1.951327 0.000000
vt -0.650000 2.162064 0.000000
vt 0.650000 2.230088 0.000000
vt -0.650000 2.440658 0.000000
vt 0.650000 2.508849 0.000000
vt -0.650000 2.719253 0.000000
vt 0.650000 2.787610 0.000000
vt -0.650000 2.997847 0.000000
vt 0.650000 3.066371 0.000000
vt -0.650000 3.276442 0.000000
vt 0.650000 3.345132 0.000000
vt -0.650000 3.555036 0.000000
vt 0.650000 3.623893 0.000000
vt -0.650000 3.833631 0.000000
vt 0.650000 3.902655 0.000000
vt -0.650000 4.112225 0.000000
vt 0.650000 4.181416 0.000000
vt -0.650000 4.390820 0.000000
vt 0.650000 4.460177 0.000000
vt -0.650000 4.669414 0.000000
vt 0.650000 4.738938 0.000000
vt -0.650000 4.948008 0.000000
vt 0.650000 5.017699 0.000000
vt -0.650000 5.226603 0.000000
vt 0.650000 5.296460 0.000000
vt -0.650000 5.505197 0.000000
vt 0.650000 5.575221 0.000000
vt -0.650000 5.783792 0.000000
vt 0.650000 5.853982 0.000000
vt -0.650000 6.062386 0.000000
vt 0.650000 6.132743 0.000000
vt -0.650000 6.340981 0.000000
vt 0.650000 6.411504 0.000000
vt -0.650000 6.619575 0.000000
vt 0.650000 6.690265 0.000000
vt -0.650000 6.898170 0.000000
vt 0.650000 6.969026 0.000000
vt -0.650000 7.176764 0.000000
vt 0.650000 7.247787 0.000000
vt -0.650000 7.455359 0.000000
vt 0.650000 7.526548 0.000000
vt -0.650000 7.733953 0.000000
vt 0.650000 7.805309 0.000000
vt -0.650000 8.012547 0.000000
vt 0.650000 8.084070 0.000000
vt -0.650000 8.291142 0.000000
vt 0.650000 8.362831 0.000000
vt -0.650000 8.569736 0.000000
vt 0.650000 8.641592 0.000000
vt -0.650000 8.848331 0.000000
vt 0.650000 8.920353 0.000000
vt -0.650000 9.126925 0.000000
vt 0.650000 9.199114 0.000000
vt -0.650000 9.405520 0.000000
vt 0.650000 9.477875 0.000000
vt -0.650000 9.684114 0.000000
vt 0.650000 9.756636 0.000000
vt -0.650000 -10.107920 0.000000
vt 0.650000 -10.035397 0.000000
vt -0.650000 -9.829325 0.000000
vt 0.650000 -9.756636 0.000000
vt -0.650000 -9.550731 0.000000
vt 0.650000 -9.477875 0.000000
vt -0.650000 -9.272136 0.000000
vt 0.650000 -9.199114 0.000000
vt -0.650000 -8.993542 0.000000
vt 0.650000 -8.920353 0.000000
vt -0.650000 -8.714947 0.000000
vt 0.650000 -8.641592 0.000000
vt -0.650000 -8.436353 0.000000
vt 0.650000 -8.362831 0.000000
vt -0.650000 -8.157758 0.000000
vt 0.650000 -8.084070 0.000000
vt -0.650000 -7.879164 0.000000
vt 0.650000 -7.805309 0.000000
vt -0.650000 -7.600569 0.000000
vt 0.650000 -7.526548 0.000000
vt -0.650000 -7.321353 0.000000
vt 0.650000 -7.247787 0.000000
vt -0.650000 -7.042136 0.000000
vt 0.650000 -6.969026 0.000000
vt -0.650000 -6.762919 0.000000
vt 0.650000 -6.690265 0.000000
vt -0.650000 -6.483702 0.000000
vt 0.650000 -6.411504 0.000000
vt -0.650000 -6.204485 0.000000
vt 0.650000 -6.132743 0.000000
vt -0.650000 -5.925268 0.000000
vt 0.650000 -5.853982 0.000000
vt -0.650000 -5.646051 0.000000
vt 0.650000 -5.575221 0.000000
vt -0.650000 -5.366834 0.000000
vt 0.650000 -5.296460 0.000000
vt -0.650000 -5.087617 0.000000
vt 0.650000 -5.017699 0.000000
vt -0.650000 -4.808400 0.000000
vt 0.650000 -4.738938 0.000000
vt -0.650000 -4.529183 0.000000
vt 0.650000 -4.460177 0.000000
vt -0.650000 -4.249966 0.000000
vt 0.650000 -4.181416 0.000000
vt -0.650000 -3.970749 0.000000
vt 0.650000 -3.902655 0.000000
vt -0.650000 -3.691532 0.000000
vt 0.650000 -3.623893 0.000000
vt -0.650000 -3.412315 0.000000
vt 0.650000 -3.345132 0.000000
vt -0.650000 -3.133098 0.000000
vt 0.650000 -3.066371 0.000000
vt -0.650000 -2.853881 0.000000
vt 0.650000 -2.787610 0.000000
vt 5.193802 -0.289040 0.000000
vt 4.998886 -0.488837 0.000000
vt 5.193802 -2.941423 0.000000
vt 4.787048 -0.670595 0.000000
vt 4.559952 -0.832886 0.000000
vt 4.319381 -0.974437 0.000000
vt 4.067224 -1.094135 0.000000
vt 3.805460 -1.191042 0.000000
vt 3.536145 -1.264395 0.000000
vt 3.261395 -1.313620 0.000000
vt 2.983365 -1.338329 0.000000
vt 2.704239 -1.338329 0.000000
vt 0.493802 -2.941423 0.000000
vt 2.426210 -1.313620 0.000000
vt 2.151459 -1.264395 0.000000
vt 1.882144 -1.191042 0.000000
vt 1.620381 -1.094135 0.000000
vt 1.368223 -0.974437 0.000000
vt 1.127652 -0.832886 0.000000
vt 0.900556 -0.670595 0.000000
vt 0.688718 -0.488837 0.000000
vt 0.493802 -0.289040 0.000000
vt 0.683802 -10.473802 0.000000
vt 0.836885 -5.584467 0.000000
vt 0.683802 -0.973802 0.000000
vt 0.861514 -5.306887 0.000000
vt 0.910579 -5.032571 0.000000
vt 7.283802 -10.473802 0.000000
vt 1.884509 -10.008684 0.000000
vt 1.785030 -10.033203 0.000000
vt 1.682574 -10.033203 0.000000
vt 7.283802 -0.973802 0.000000
vt 7.133802 -5.723802 0.000000
vt 7.121476 -6.002199 0.000000
vt 7.084593 -6.278418 0.000000
vt 6.083095 -1.438920 0.000000
vt 6.182574 -1.414401 0.000000
vt 6.285030 -1.414401 0.000000
vt 2.146452 -2.288011 0.000000
vt 2.572392 -2.907702 0.000000
vt 2.158802 -2.186302 0.000000
vt 2.826802 -2.793981 0.000000
vt 2.158802 -1.836302 0.000000
vt 3.090268 -2.703190 0.000000
vt 2.146452 -1.734593 0.000000
vt 3.360726 -2.636040 0.000000
vt 2.110121 -1.638795 0.000000
vt 3.636061 -2.593055 0.000000
vt 3.914118 -2.574573 0.000000
vt 2.110121 -2.383809 0.000000
vt 2.329028 -3.043462 0.000000
vt 2.051919 -2.468129 0.000000
vt 1.975230 -2.536070 0.000000
vt 2.098614 -3.200200 0.000000
vt 1.884509 -2.583684 0.000000
vt 1.785030 -2.608203 0.000000
vt 1.882955 -3.376689 0.000000
vt 1.682574 -2.608203 0.000000
vt 1.683738 -3.571546 0.000000
vt 1.583095 -2.583684 0.000000
vt 1.492375 -2.536070 0.000000
vt 1.502522 -3.783248 0.000000
vt 1.415685 -2.468129 0.000000
vt 1.340725 -4.010138 0.000000
vt 1.357483 -2.383809 0.000000
vt 1.199614 -4.250439 0.000000
vt 1.321152 -2.288011 0.000000
vt 1.080293 -4.502271 0.000000
vt 0.983696 -4.763664 0.000000
vt 1.308802 -2.186302 0.000000
vt 1.308802 -1.836302 0.000000
vt 1.321152 -1.734593 0.000000
vt 1.357483 -1.638795 0.000000
vt 1.415685 -1.554475 0.000000
vt 1.492375 -1.486534 0.000000
vt 1.583095 -1.438920 0.000000
vt 1.682574 -1.414401 0.000000
vt 1.785030 -1.414401 0.000000
vt 1.884509 -1.438920 0.000000
vt 5.992375 -1.486534 0.000000
vt 1.975230 -1.486534 0.000000
vt 5.915685 -1.554475 0.000000
vt 2.051919 -1.554475 0.000000
vt 1.308802 -9.611302 0.000000
vt 1.308802 -9.261302 0.000000
vt 1.321152 -9.159593 0.000000
vt 1.080293 -6.945333 0.000000
vt 1.199614 -7.197165 0.000000
vt 1.357483 -9.063795 0.000000
vt 1.340725 -7.437466 0.000000
vt 1.415685 -8.979475 0.000000
vt 1.502522 -7.664356 0.000000
vt 1.492375 -8.911534 0.000000
vt 1.683738 -7.876058 0.000000
vt 1.583095 -8.863920 0.000000
vt 1.682574 -8.839401 0.000000
vt 1.882955 -8.070916 0.000000
vt 1.785030 -8.839401 0.000000
vt 2.098614 -8.247404 0.000000
vt 1.884509 -8.863920 0.000000
vt 1.975230 -8.911534 0.000000
vt 2.329028 -8.404142 0.000000
vt 2.051919 -8.979475 0.000000
vt 2.110121 -9.063795 0.000000
vt 2.572392 -8.539902 0.000000
vt 2.146452 -9.159593 0.000000
vt 2.158802 -9.261302 0.000000
vt 2.826802 -8.653623 0.000000
vt 2.158802 -9.611302 0.000000
vt 3.090268 -8.744414 0.000000
vt 2.146452 -9.713011 0.000000
vt 3.360726 -8.811564 0.000000
vt 2.110121 -9.808809 0.000000
vt 3.636061 -8.854549 0.000000
vt 3.914118 -8.873031 0.000000
vt 2.051919 -9.893129 0.000000
vt 5.915685 -9.893129 0.000000
vt 5.992375 -9.961070 0.000000
vt 1.975230 -9.961070 0.000000
vt 6.083095 -10.008684 0.000000
vt 1.583095 -10.008684 0.000000
vt 1.492375 -9.961070 0.000000
vt 1.415685 -9.893129 0.000000
vt 1.357483 -9.808809 0.000000
vt 1.321152 -9.713011 0.000000
vt 6.658802 -1.836302 0.000000
vt 6.658802 -2.186302 0.000000
vt 6.646452 -2.288011 0.000000
vt 6.830437 -4.375035 0.000000
vt 6.700093 -4.128727 0.000000
vt 6.610121 -2.383809 0.000000
vt 6.548491 -3.894903 0.000000
vt 6.551919 -2.468129 0.000000
vt 6.376816 -3.675392 0.000000
vt 6.475230 -2.536070 0.000000
vt 6.384509 -2.583684 0.000000
vt 6.186413 -3.471913 0.000000
vt 6.285030 -2.608203 0.000000
vt 6.182574 -2.608203 0.000000
vt 5.978772 -3.286058 0.000000
vt 6.083095 -2.583684 0.000000
vt 5.755517 -3.119282 0.000000
vt 5.992375 -2.536070 0.000000
vt 5.915685 -2.468129 0.000000
vt 5.518397 -2.972890 0.000000
vt 5.857483 -2.383809 0.000000
vt 5.821152 -2.288011 0.000000
vt 5.269265 -2.848027 0.000000
vt 5.808802 -2.186302 0.000000
vt 5.010074 -2.745671 0.000000
vt 5.808802 -1.836302 0.000000
vt 4.742850 -2.666623 0.000000
vt 5.821152 -1.734593 0.000000
vt 4.469686 -2.611501 0.000000
vt 5.857483 -1.638795 0.000000
vt 4.192719 -2.580738 0.000000
vt 6.384509 -1.438920 0.000000
vt 6.475230 -1.486534 0.000000
vt 6.551919 -1.554475 0.000000
vt 6.610121 -1.638795 0.000000
vt 6.646452 -1.734593 0.000000
vt 5.821152 -9.159593 0.000000
vt 5.269265 -8.599577 0.000000
vt 5.808802 -9.261302 0.000000
vt 5.010074 -8.701933 0.000000
vt 5.808802 -9.611302 0.000000
vt 4.742850 -8.780981 0.000000
vt 5.821152 -9.713011 0.000000
vt 4.469686 -8.836103 0.000000
vt 5.857483 -9.808809 0.000000
vt 4.192719 -8.866866 0.000000
vt 5.518397 -8.474715 0.000000
vt 5.857483 -9.063795 0.000000
vt 5.915685 -8.979475 0.000000
vt 5.755517 -8.328322 0.000000
vt 5.992375 -8.911534 0.000000
vt 6.083095 -8.863920 0.000000
vt 5.978772 -8.161546 0.000000
vt 6.182574 -8.839401 0.000000
vt 6.186413 -7.975691 0.000000
vt 6.285030 -8.839401 0.000000
vt 6.384509 -8.863920 0.000000
vt 6.376816 -7.772212 0.000000
vt 6.475230 -8.911534 0.000000
vt 6.551919 -8.979475 0.000000
vt 6.548491 -7.552701 0.000000
vt 6.610121 -9.063795 0.000000
vt 6.700093 -7.318877 0.000000
vt 6.646452 -9.159593 0.000000
vt 6.830437 -7.072569 0.000000
vt 6.938501 -6.815705 0.000000
vt 7.023442 -6.550296 0.000000
vt 6.658802 -9.261302 0.000000
vt 6.658802 -9.611302 0.000000
vt 6.646452 -9.713011 0.000000
vt 6.610121 -9.808809 0.000000
vt 6.551919 -9.893129 0.000000
vt 6.475230 -9.961070 0.000000
vt 6.384509 -10.008684 0.000000
vt 6.285030 -10.033203 0.000000
vt 6.182574 -10.033203 0.000000
vt 0.983696 -6.683940 0.000000
vt 0.910579 -6.415033 0.000000
vt 0.861514 -6.140717 0.000000
vt 0.836885 -5.863137 0.000000
vt 6.938501 -4.631899 0.000000
vt 7.023442 -4.897308 0.000000
vt 7.084593 -5.169186 0.000000
vt 7.121476 -5.445405 0.000000
vt -0.973802 -0.053802 0.000000
vt -10.473802 -0.053802 0.000000
vt -0.973802 -0.353802 0.000000
vt -10.473802 -0.353802 0.000000
vt 0.683802 -0.973802 0.000000
vt 1.884509 -1.438920 0.000000
vt 7.283802 -0.973802 0.000000
vt 6.083095 -1.438920 0.000000
vt 6.182574 -1.414401 0.000000
vt 0.683802 -10.473802 0.000000
vt 1.321152 -2.288011 0.000000
vt 1.308802 -2.186302 0.000000
vt 1.308802 -1.836302 0.000000
vt 7.283802 -10.473802 0.000000
vt 6.083095 -10.008684 0.000000
vt 1.884509 -10.008684 0.000000
vt 1.785030 -10.033203 0.000000
vt 6.646452 -2.288011 0.000000
vt 6.646452 -9.159593 0.000000
vt 6.658802 -9.261302 0.000000
vt 6.658802 -1.836302 0.000000
vt 6.658802 -2.186302 0.000000
vt 6.610121 -2.383809 0.000000
vt 6.610121 -9.063795 0.000000
vt 6.551919 -2.468129 0.000000
vt 6.551919 -8.979475 0.000000
vt 6.475230 -2.536070 0.000000
vt 6.475230 -8.911534 0.000000
vt 6.384509 -2.583684 0.000000
vt 6.384509 -8.863920 0.000000
vt 6.285030 -2.608203 0.000000
vt 6.285030 -8.839401 0.000000
vt 6.182574 -2.608203 0.000000
vt 6.182574 -8.839401 0.000000
vt 6.083095 -8.863920 0.000000
vt 6.083095 -2.583684 0.000000
vt 5.992375 -8.911534 0.000000
vt 5.992375 -2.536070 0.000000
vt 5.915685 -8.979475 0.000000
vt 5.915685 -2.468129 0.000000
vt 2.051919 -8.979475 0.000000
vt 2.051919 -2.468129 0.000000
vt 1.975230 -2.536070 0.000000
vt 5.857483 -2.383809 0.000000
vt 2.110121 -2.383809 0.000000
vt 5.821152 -2.288011 0.000000
vt 2.146452 -2.288011 0.000000
vt 5.808802 -2.186302 0.000000
vt 2.158802 -2.186302 0.000000
vt 5.808802 -1.836302 0.000000
vt 2.158802 -1.836302 0.000000
vt 5.821152 -1.734593 0.000000
vt 2.146452 -1.734593 0.000000
vt 5.857483 -1.638795 0.000000
vt 2.110121 -1.638795 0.000000
vt 5.915685 -1.554475 0.000000
vt 2.051919 -1.554475 0.000000
vt 5.992375 -1.486534 0.000000
vt 1.975230 -1.486534 0.000000
vt 6.285030 -1.414401 0.000000
vt 6.384509 -1.438920 0.000000
vt 6.475230 -1.486534 0.000000
vt 6.551919 -1.554475 0.000000
vt 6.610121 -1.638795 0.000000
vt 6.646452 -1.734593 0.000000
vt 5.821152 -9.159593 0.000000
vt 2.158802 -9.261302 0.000000
vt 5.808802 -9.261302 0.000000
vt 2.158802 -9.611302 0.000000
vt 5.808802 -9.611302 0.000000
vt 2.146452 -9.713011 0.000000
vt 5.821152 -9.713011 0.000000
vt 2.110121 -9.808809 0.000000
vt 5.857483 -9.808809 0.000000
vt 2.051919 -9.893129 0.000000
vt 5.915685 -9.893129 0.000000
vt 1.975230 -9.961070 0.000000
vt 5.992375 -9.961070 0.000000
vt 2.146452 -9.159593 0.000000
vt 5.857483 -9.063795 0.000000
vt 2.110121 -9.063795 0.000000
vt 6.658802 -9.611302 0.000000
vt 6.646452 -9.713011 0.000000
vt 6.610121 -9.808809 0.000000
vt 6.551919 -9.893129 0.000000
vt 6.475230 -9.961070 0.000000
vt 6.384509 -10.008684 0.000000
vt 6.285030 -10.033203 0.000000
vt 6.182574 -10.033203 0.000000
vt 1.975230 -8.911534 0.000000
vt 1.884509 -2.583684 0.000000
vt 1.884509 -8.863920 0.000000
vt 1.785030 -2.608203 0.000000
vt 1.785030 -8.839401 0.000000
vt 1.682574 -2.608203 0.000000
vt 1.682574 -8.839401 0.000000
vt 1.583095 -8.863920 0.000000
vt 1.583095 -2.583684 0.000000
vt 1.492375 -8.911534 0.000000
vt 1.492375 -2.536070 0.000000
vt 1.415685 -8.979475 0.000000
vt 1.415685 -2.468129 0.000000
vt 1.357483 -2.383809 0.000000
vt 1.357483 -9.063795 0.000000
vt 1.321152 -9.159593 0.000000
vt 1.308802 -9.261302 0.000000
vt 1.308802 -9.611302 0.000000
vt 1.321152 -9.713011 0.000000
vt 1.357483 -9.808809 0.000000
vt 1.415685 -9.893129 0.000000
vt 1.492375 -9.961070 0.000000
vt 1.583095 -10.008684 0.000000
vt 1.682574 -10.033203 0.000000
vt 1.321152 -1.734593 0.000000
vt 1.357483 -1.638795 0.000000
vt 1.415685 -1.554475 0.000000
vt 1.492375 -1.486534 0.000000
vt 1.583095 -1.438920 0.000000
vt 1.682574 -1.414401 0.000000
vt 1.785030 -1.414401 0.000000
vt 0.053802 0.683802 0.000000
vt 0.353802 0.683802 0.000000
vt 0.053802 7.283802 0.000000
vt 0.353802 7.283802 0.000000
vt 10.473802 0.353802 0.000000
vt 0.973802 0.353802 0.000000
vt 10.473802 0.053802 0.000000
vt 0.973802 0.053802 0.000000
vt -0.053802 -0.683802 0.000000
vt -0.353802 -0.683802 0.000000
vt -0.053802 -7.283802 0.000000
vt -0.353802 -7.283802 0.000000
vt 0.058802 0.353802 0.000000
vt 0.058802 0.053802 0.000000
vt 0.408802 0.353802 0.000000
vt 0.408802 0.053802 0.000000
vt -0.150000 -1.335177 0.000000
vt 0.150000 -1.335177 0.000000
vt -0.150000 -1.232471 0.000000
vt 0.150000 -1.232471 0.000000
vt -0.150000 -1.129765 0.000000
vt 0.150000 -1.129765 0.000000
vt -0.150000 -1.027059 0.000000
vt 0.150000 -1.027059 0.000000
vt -0.150000 -0.924353 0.000000
vt 0.150000 -0.924353 0.000000
vt -0.150000 -0.821647 0.000000
vt 0.150000 -0.821647 0.000000
vt -0.150000 -0.718941 0.000000
vt 0.150000 -0.718941 0.000000
vt -0.150000 -0.616235 0.000000
vt 0.150000 -0.616235 0.000000
vt -0.150000 -0.513530 0.000000
vt 0.150000 -0.513530 0.000000
vt -0.150000 -0.410824 0.000000
vt 0.150000 -0.410824 0.000000
vt -0.150000 -0.308118 0.000000
vt 0.150000 -0.308118 0.000000
vt -0.150000 -0.205412 0.000000
vt 0.150000 -0.205412 0.000000
vt -0.150000 -0.102706 0.000000
vt 0.150000 -0.102706 0.000000
vt -0.150000 -0.000000 0.000000
vt 0.150000 0.000000 0.000000
vt -0.408802 -0.053802 0.000000
vt -0.408802 -0.353802 0.000000
vt -0.058802 -0.053802 0.000000
vt -0.058802 -0.353802 0.000000
vt -0.150000 0.000000 0.000000
vt 0.150000 0.000000 0.000000
vt -0.150000 0.102706 0.000000
vt 0.150000 0.102706 0.000000
vt -0.150000 0.205412 0.000000
vt 0.150000 0.205412 0.000000
vt -0.150000 0.308118 0.000000
vt 0.150000 0.308118 0.000000
vt -0.150000 0.410824 0.000000
vt 0.150000 0.410824 0.000000
vt -0.150000 0.513530 0.000000
vt 0.150000 0.513530 0.000000
vt -0.150000 0.616235 0.000000
vt 0.150000 0.616235 0.000000
vt -0.150000 0.718941 0.000000
vt 0.150000 0.718941 0.000000
vt -0.150000 0.821647 0.000000
vt 0.150000 0.821647 0.000000
vt -0.150000 0.924353 0.000000
vt 0.150000 0.924353 0.000000
vt -0.150000 1.027059 0.000000
vt 0.150000 1.027059 0.000000
vt -0.150000 1.129765 0.000000
vt 0.150000 1.129765 0.000000
vt -0.150000 1.232471 0.000000
vt 0.150000 1.232471 0.000000
vt -0.150000 1.335177 0.000000
vt 0.150000 1.335177 0.000000
vt -0.150000 0.000000 0.000000
vt 0.150000 0.000000 0.000000
vt -0.150000 0.102706 0.000000
vt 0.150000 0.102706 0.000000
vt -0.150000 0.205412 0.000000
vt 0.150000 0.205412 0.000000
vt -0.150000 0.308118 0.000000
vt 0.150000 0.308118 0.000000
vt -0.150000 0.410824 0.000000
vt 0.150000 0.410824 0.000000
vt -0.150000 0.513530 0.000000
vt 0.150000 0.513530 0.000000
vt -0.150000 0.616235 0.000000
vt 0.150000 0.616235 0.000000
vt -0.150000 0.718941 0.000000
vt 0.150000 0.718941 0.000000
vt -0.150000 0.821647 0.000000
vt 0.150000 0.821647 0.000000
vt -0.150000 0.924353 0.000000
vt 0.150000 0.924353 0.000000
vt -0.150000 1.027059 0.000000
vt 0.150000 1.027059 0.000000
vt -0.150000 1.129765 0.000000
vt 0.150000 1.129765 0.000000
vt -0.150000 1.232471 0.000000
vt 0.150000 1.232471 0.000000
vt -0.150000 1.335177 0.000000
vt 0.150000 1.335177 0.000000
vt -0.408802 -0.053802 0.000000
vt -0.408802 -0.353802 0.000000
vt -0.058802 -0.053802 0.000000
vt -0.058802 -0.353802 0.000000
vt -0.150000 -1.335177 0.000000
vt 0.150000 -1.335177 0.000000
vt -0.150000 -1.232471 0.000000
vt 0.150000 -1.232471 0.000000
vt -0.150000 -1.129765 0.000000
vt 0.150000 -1.129765 0.000000
vt -0.150000 -1.027059 0.000000
vt 0.150000 -1.027059 0.000000
vt -0.150000 -0.924353 0.000000
vt 0.150000 -0.924353 0.000000
vt -0.150000 -0.821647 0.000000
vt 0.150000 -0.821647 0.000000
vt -0.150000 -0.718941 0.000000
vt 0.150000 -0.718941 0.000000
vt -0.150000 -0.616235 0.000000
vt 0.150000 -0.616235 0.000000
vt -0.150000 -0.513530 0.000000
vt 0.150000 -0.513530 0.000000
vt -0.150000 -0.410824 0.000000
vt 0.150000 -0.410824 0.000000
vt -0.150000 -0.308118 0.000000
vt 0.150000 -0.308118 0.000000
vt -0.150000 -0.205412 0.000000
vt 0.150000 -0.205412 0.000000
vt -0.150000 -0.102706 0.000000
vt 0.150000 -0.102706 0.000000
vt -0.150000 -0.000000 0.000000
vt 0.150000 0.000000 0.000000
vt 0.058802 0.353802 0.000000
vt 0.058802 0.053802 0.000000
vt 0.408802 0.353802 0.000000
vt 0.408802 0.053802 0.000000
vt -0.150000 -1.335177 0.000000
vt 0.150000 -1.335177 0.000000
vt -0.150000 -1.232471 0.000000
vt 0.150000 -1.232471 0.000000
vt -0.150000 -1.129765 0.000000
vt 0.150000 -1.129765 0.000000
vt -0.150000 -1.027059 0.000000
vt 0.150000 -1.027059 0.000000
vt -0.150000 -0.924353 0.000000
vt 0.150000 -0.924353 0.000000
vt -0.150000 -0.821647 0.000000
vt 0.150000 -0.821647 0.000000
vt -0.150000 -0.718941 0.000000
vt 0.150000 -0.718941 0.000000
vt -0.150000 -0.616235 0.000000
vt 0.150000 -0.616235 0.000000
vt -0.150000 -0.513530 0.000000
vt 0.150000 -0.513530 0.000000
vt -0.150000 -0.410824 0.000000
vt 0.150000 -0.410824 0.000000
vt -0.150000 -0.308118 0.000000
vt 0.150000 -0.308118 0.000000
vt -0.150000 -0.205412 0.000000
vt 0.150000 -0.205412 0.000000
vt -0.150000 -0.102706 0.000000
vt 0.150000 -0.102706 0.000000
vt -0.150000 -0.000000 0.000000
vt 0.150000 -0.000000 0.000000
vt 0.058802 0.353802 0.000000
vt 0.058802 0.053802 0.000000
vt 0.408802 0.353802 0.000000
vt 0.408802 0.053802 0.000000
vt -0.150000 -0.000000 0.000000
vt 0.150000 -0.000000 0.000000
vt -0.150000 0.102706 0.000000
vt 0.150000 0.102706 0.000000
vt -0.150000 0.205412 0.000000
vt 0.150000 0.205412 0.000000
vt -0.150000 0.308118 0.000000
vt 0.150000 0.308118 0.000000
vt -0.150000 0.410824 0.000000
vt 0.150000 0.410824 0.000000
vt -0.150000 0.513530 0.000000
vt 0.150000 0.513530 0.000000
vt -0.150000 0.616235 0.000000
vt 0.150000 0.616235 0.000000
vt -0.150000 0.718941 0.000000
vt 0.150000 0.718941 0.000000
vt -0.150000 0.821647 0.000000
vt 0.150000 0.821647 0.000000
vt -0.150000 0.924353 0.000000
vt 0.150000 0.924353 0.000000
vt -0.150000 1.027059 0.000000
vt 0.150000 1.027059 0.000000
vt -0.150000 1.129765 0.000000
vt 0.150000 1.129765 0.000000
vt -0.150000 1.232471 0.000000
vt 0.150000 1.232471 0.000000
vt -0.150000 1.335177 0.000000
vt 0.150000 1.335177 0.000000
vt -0.408802 -0.053802 0.000000
vt -0.408802 -0.353802 0.000000
vt -0.058802 -0.053802 0.000000
vt -0.058802 -0.353802 0.000000
vt -0.408802 -0.053802 0.000000
vt -0.408802 -0.353802 0.000000
vt -0.058802 -0.053802 0.000000
vt -0.058802 -0.353802 0.000000
vt -0.150000 -0.000000 0.000000
vt 0.150000 -0.000000 0.000000
vt -0.150000 0.102706 0.000000
vt 0.150000 0.102706 0.000000
vt -0.150000 0.205412 0.000000
vt 0.150000 0.205412 0.000000
vt -0.150000 0.308118 0.000000
vt 0.150000 0.308118 0.000000
vt -0.150000 0.410824 0.000000
vt 0.150000 0.410824 0.000000
vt -0.150000 0.513530 0.000000
vt 0.150000 0.513530 0.000000
vt -0.150000 0.616235 0.000000
vt 0.150000 0.616235 0.000000
vt -0.150000 0.718941 0.000000
vt 0.150000 0.718941 0.000000
vt -0.150000 0.821647 0.000000
vt 0.150000 0.821647 0.000000
vt -0.150000 0.924353 0.000000
vt 0.150000 0.924353 0.000000
vt -0.150000 1.027059 0.000000
vt 0.150000 1.027059 0.000000
vt -0.150000 1.129765 0.000000
vt 0.150000 1.129765 0.000000
vt -0.150000 1.232471 0.000000
vt 0.150000 1.232471 0.000000
vt -0.150000 1.335177 0.000000
vt 0.150000 1.335177 0.000000
vt 0.058802 0.353802 0.000000
vt 0.058802 0.053802 0.000000
vt 0.408802 0.353802 0.000000
vt 0.408802 0.053802 0.000000
vt -0.150000 -1.335177 0.000000
vt 0.150000 -1.335177 0.000000
vt -0.150000 -1.232471 0.000000
vt 0.150000 -1.232471 0.000000
vt -0.150000 -1.129765 0.000000
vt 0.150000 -1.129765 0.000000
vt -0.150000 -1.027059 0.000000
vt 0.150000 -1.027059 0.000000
vt -0.150000 -0.924353 0.000000
vt 0.150000 -0.924353 0.000000
vt -0.150000 -0.821647 0.000000
vt 0.150000 -0.821647 0.000000
vt -0.150000 -0.718941 0.000000
vt 0.150000 -0.718941 0.000000
vt -0.150000 -0.616235 0.000000
vt 0.150000 -0.616235 0.000000
vt -0.150000 -0.513530 0.000000
vt 0.150000 -0.513530 0.000000
vt -0.150000 -0.410824 0.000000
vt 0.150000 -0.410824 0.000000
vt -0.150000 -0.308118 0.000000
vt 0.150000 -0.308118 0.000000
vt -0.150000 -0.205412 0.000000
vt 0.150000 -0.205412 0.000000
vt -0.150000 -0.102706 0.000000
vt 0.150000 -0.102706 0.000000
vt -0.150000 -0.000000 0.000000
vt 0.150000 0.000000 0.000000
vn -99.999991 0.042491 0.000000
vn -99.999991 0.042491 0.000000
vn -99.999991 0.042491 0.000000
vn -99.999991 0.042491 0.000000
vn -99.999991 0.042491 0.000000
vn -99.999991 0.042491 0.000000
vn -99.999991 0.042491 0.000000
vn -99.999991 0.042491 0.000000
vn -99.999991 0.042491 0.000000
vn -99.999991 0.042491 0.000000
vn -99.999991 0.042491 0.000000
vn -99.999991 0.042491 0.000000
vn -99.999991 0.042491 0.000000
vn -99.999991 0.042491 0.000000
vn -99.999991 0.042491 0.000000
vn -99.999991 0.042491 0.000000
vn -99.999991 0.042491 0.000000
vn -99.999991 0.042491 0.000000
vn -99.999991 0.042491 0.000000
vn -99.999991 0.042491 0.000000
vn -99.999991 0.042491 0.000000
vn -99.999991 0.042491 0.000000
vn -99.999991 0.042491 0.000000
vn -99.999991 0.042491 0.000000
vn -99.999991 0.042491 0.000000
vn -99.999991 0.042491 0.000000
vn -99.999991 0.042491 0.000000
vn -99.999991 0.042491 0.000000
vn -99.999991 0.042491 0.000000
vn -99.999991 0.042491 0.000000
vn -99.999991 0.042491 0.000000
vn -99.999991 0.042491 0.000000
vn -99.999991 0.042491 0.000000
vn -99.999991 0.042491 0.000000
vn -99.999991 0.042491 0.000000
vn -99.999991 0.042491 0.000000
vn -99.999991 0.042491 0.000000
vn -99.999991 0.042491 0.000000
vn -99.999991 0.042491 0.000000
vn -99.999991 0.042491 0.000000
vn -99.999991 0.042491 0.000000
vn -99.999991 0.042491 0.000000
vn -99.999991 0.042491 0.000000
vn -99.999991 0.042491 0.000000
vn -99.999991 0.042491 0.000000
vn -99.999991 0.042491 0.000000
vn -99.999991 0.042491 0.000000
vn -99.999991 0.042491 0.000000
vn -99.999991 0.042491 0.000000
vn -99.999991 0.042491 0.000000
vn -99.999991 0.042491 0.000000
vn -99.999991 0.042491 0.000000
vn -99.999991 0.042491 0.000000
vn -99.999991 0.042491 0.000000
vn -99.999991 0.042491 0.000000
vn -99.999991 0.042491 0.000000
vn -99.999991 0.042491 0.000000
vn -99.999991 0.042491 0.000000
vn -99.999991 0.042491 0.000000
vn -99.999991 0.042491 0.000000
vn -99.999991 0.042491 0.000000
vn -99.999991 0.042491 0.000000
vn -99.999991 0.042491 0.000000
vn -99.999991 0.042491 0.000000
vn -99.999991 0.042491 0.000000
vn -99.999991 0.042491 0.000000
vn -99.999991 0.042491 0.000000
vn -99.999991 0.042491 0.000000
vn -99.999991 0.042491 0.000000
vn -99.999991 0.042491 0.000000
vn -99.999991 0.042491 0.000000
vn -99.999991 0.042491 0.000000
vn -99.999991 0.042491 0.000000
vn -99.999991 0.042491 0.000000
vn -99.999991 0.042491 0.000000
vn -99.999991 0.042491 0.000000
vn -99.999991 0.042491 0.000000
vn -99.999991 0.042491 0.000000
vn -99.999991 0.042491 0.000000
vn -99.999991 0.042491 0.000000
vn -99.999991 0.042491 0.000000
vn -99.999991 0.042491 0.000000
vn -99.999991 0.042491 0.000000
vn -99.999991 0.042491 0.000000
vn -99.999991 0.042491 0.000000
vn -99.999991 0.042491 0.000000
vn -99.999991 0.042491 0.000000
vn -99.999991 0.042491 0.000000
vn -99.999991 0.042491 0.000000
vn -99.999991 0.042491 0.000000
vn -99.999991 0.042491 0.000000
vn -99.999991 0.042491 0.000000
vn -99.999991 0.042491 0.000000
vn -99.999991 0.042491 0.000000
vn -99.999991 0.042491 0.000000
vn -99.999991 0.042491 0.000000
vn -99.999991 0.042491 0.000000
vn -99.999991 0.042491 0.000000
vn -99.999991 0.042491 0.000000
vn -99.999991 0.042491 0.000000
vn -99.999991 0.042491 0.000000
vn -99.999991 0.042491 0.000000
vn -99.999991 0.042491 0.000000
vn -99.999991 0.042491 0.000000
vn -99.999991 0.042491 0.000000
vn -99.999991 0.042491 0.000000
vn -99.999991 0.042491 -0.000000
vn -99.270969 -0.170548 12.051791
vn -99.270607 0.680102 12.036776
vn -99.999991 0.042491 0.000000
vn -99.270247 1.527575 11.961794
vn -99.999991 0.042491 0.000000
vn -99.269890 2.367647 11.827219
vn -99.999991 0.042491 0.000000
vn -99.269538 3.196134 11.633722
vn -99.999991 0.042491 0.000000
vn -99.269194 4.006436 11.383127
vn -99.268856 4.801921 11.074104
vn -97.090828 7.912367 22.600121
vn -97.090158 9.491328 21.986723
vn -93.496660 11.703319 33.487414
vn -93.495666 14.042330 32.578726
vn -88.539099 15.323995 43.886252
vn -88.537797 18.388563 42.695658
vn -82.290439 18.721578 53.645001
vn -82.288848 22.466650 52.189991
vn -74.841799 21.846497 62.621368
vn -74.839942 26.217123 60.923276
vn -66.301797 24.653153 70.684467
vn -66.299701 29.585290 68.768163
vn -56.794965 27.100584 77.716731
vn -56.792661 32.522038 75.610255
vn -46.459934 29.153062 83.615630
vn -46.457456 34.984541 81.349780
vn -35.447413 30.780614 88.295157
vn -35.444797 36.936891 85.903041
vn -23.917989 31.959461 91.687091
vn -23.915273 38.350617 89.203643
vn -12.039786 32.672366 93.741986
vn -12.037011 39.205106 91.203454
vn 0.015390 36.220953 93.209669
vn 0.018146 42.705640 90.422497
vn -99.999991 0.042491 -0.000000
vn -99.271689 -1.864437 11.901921
vn -99.271330 -1.020139 12.006764
vn -97.095069 -2.067893 23.838443
vn -97.094352 -0.381100 23.927839
vn -93.502944 -3.085492 35.322503
vn -93.501882 -0.586094 35.454966
vn -88.547335 -4.058097 46.291482
vn -88.545943 -0.782542 46.465079
vn -82.300506 -4.971527 56.585427
vn -82.298805 -0.967579 56.797627
vn -74.853551 -5.812460 66.054229
vn -74.851565 -1.138506 66.301938
vn -66.315063 -6.568635 74.559811
vn -66.312821 -1.292831 74.839417
vn -56.809551 -7.229024 81.978144
vn -56.807087 -1.428304 82.285569
vn -46.475629 -7.783998 88.201050
vn -46.472977 -1.542949 88.531812
vn -35.463987 -8.225463 93.137787
vn -35.461187 -1.635094 93.487062
vn -23.935200 -8.546983 96.716365
vn -23.932292 -1.703396 97.079060
vn -12.057384 -8.743868 98.884601
vn -12.054411 -1.746859 99.255426
vn -0.002249 -5.292345 99.859857
vn 0.000750 1.764848 99.984425
vn -99.272043 -2.699237 11.737783
vn -99.999991 0.042491 -0.000000
vn -99.272392 -3.520379 11.515167
vn -99.999991 0.042491 -0.000000
vn -99.272734 -4.323773 11.235184
vn -99.999991 0.042491 -0.000000
vn -99.273066 -5.105415 10.899228
vn -99.999991 0.042491 -0.000000
vn -99.273387 -5.861413 10.508972
vn -99.999991 0.042491 -0.000000
vn -99.273696 -6.587999 10.066361
vn -99.273990 -7.281554 9.573600
vn -97.100351 -14.499417 19.007595
vn -97.100906 -15.803972 17.934563
vn -93.511592 -23.438865 26.574457
vn -93.512364 -25.254915 24.852105
vn -88.559680 -33.111968 32.569627
vn -88.560621 -35.326821 30.150159
vn -82.316747 -43.193549 36.854721
vn -82.317806 -45.685562 33.713621
vn -74.873746 -53.339435 39.355138
vn -82.318763 -47.936583 30.425407
vn -74.874863 -55.969063 35.513644
vn -82.319629 -49.974974 26.944030
vn -74.875873 -58.346622 31.452747
vn -74.876754 -60.419847 27.256445
vn -66.341254 -68.207632 30.766167
vn -66.342104 -70.207871 25.876246
vn -56.839283 -77.200050 28.450804
vn -56.840054 -79.014576 22.932620
vn -46.508446 -85.018744 24.673420
vn -46.509096 -86.547352 18.613432
vn -35.499327 -91.397313 19.655251
vn -35.499819 -92.556068 13.158156
vn -23.972410 -96.117773 13.663724
vn -23.972717 -96.842145 6.848923
vn -12.095743 -99.018476 7.002465
vn -12.095848 -99.265757 0.000000
vn -0.042464 -99.937697 3.529146
vn -0.042464 -99.937697 -3.529146
vn -12.095743 -99.018476 -7.002465
vn -0.042253 -99.439813 -10.569857
vn -12.095428 -98.277864 -13.970044
vn -0.041830 -98.446524 -17.557909
vn -12.094905 -97.047611 -20.868025
vn -0.041200 -96.962780 -24.458489
vn -12.094177 -95.333846 -27.662043
vn -0.040364 -94.995972 -31.237218
vn -12.093247 -93.145108 -34.318250
vn -0.039328 -92.555898 -37.860324
vn -12.092120 -90.492300 -40.803485
vn -0.038095 -89.654716 -44.294812
vn -12.090801 -87.388638 -47.085439
vn -0.036672 -86.306879 -50.508626
vn -12.089297 -83.849585 -53.132815
vn -0.035067 -82.529065 -56.470808
vn -12.087616 -79.892771 -58.915487
vn -0.033287 -78.340096 -62.151656
vn -12.085766 -75.537911 -64.404645
vn -0.031341 -73.760840 -67.522867
vn -12.083755 -70.806699 -69.572942
vn -0.029239 -68.814111 -72.557682
vn -12.081595 -65.722706 -74.394630
vn -0.026992 -63.524554 -77.231019
vn -12.079296 -60.311261 -78.845688
vn -0.024610 -57.918521 -81.519595
vn -12.076869 -54.599322 -82.903940
vn -0.022105 -52.023940 -85.402044
vn -12.074326 -48.615346 -86.549170
vn -0.019490 -45.870179 -88.859025
vn -12.071680 -42.389146 -89.763215
vn -0.016779 -39.487895 -91.873314
vn -12.068945 -35.951740 -92.530065
vn -0.013983 -32.908884 -94.429895
vn -12.066134 -29.335198 -94.835935
vn -0.011118 -26.165923 -96.516032
vn -12.063260 -22.572485 -96.669337
vn -0.008198 -19.292605 -98.121330
vn -12.060339 -15.697291 -98.021137
vn -0.005236 -12.323172 -99.237792
vn -12.057384 -8.743868 -98.884601
vn -0.002249 -5.292345 -99.859857
vn -12.054411 -1.746859 -99.255426
vn 0.000750 1.764848 -99.984425
vn -12.051435 5.258879 -99.131766
vn 0.003745 8.813248 -99.610876
vn -12.048469 12.238443 -98.514237
vn 0.006721 15.817742 -98.741071
vn -12.045529 19.157062 -97.405915
vn 0.009664 22.743432 -97.379342
vn -12.042630 25.980266 -95.812321
vn 0.012558 29.555815 -95.532474
vn -12.039786 32.674063 -93.741395
vn 0.015390 36.220953 -93.209669
vn -12.037011 39.205106 -91.203454
vn 0.018146 42.705640 -90.422497
vn -12.034319 45.540856 -88.211142
vn 0.020811 48.977570 -87.184845
vn -12.031723 51.649749 -84.779367
vn 0.023372 55.005495 -83.512843
vn -12.029236 57.501351 -80.925225
vn 0.025817 60.759387 -79.424784
vn -12.026872 63.066510 -76.667918
vn 0.028133 66.210578 -74.941034
vn -12.024641 68.317500 -72.028655
vn 0.030309 71.331911 -70.083933
vn -12.022554 73.228162 -67.030549
vn 0.032334 76.097872 -64.877676
vn -12.020622 77.774030 -61.698500
vn 0.034198 80.484717 -59.348202
vn -12.018856 81.932457 -56.059072
vn 0.035892 84.470592 -53.523059
vn -12.017262 85.682726 -50.140361
vn 0.037407 88.035638 -47.431266
vn -12.015850 89.006154 -43.971853
vn 0.038735 91.162096 -41.103173
vn -12.014626 91.886183 -37.584280
vn 0.039871 93.834388 -34.570306
vn -12.013597 94.308466 -31.009463
vn 0.040808 96.039202 -27.865212
vn -12.012767 96.260933 -24.280159
vn 0.041541 97.765554 -21.021294
vn -12.012141 97.733860 -17.429892
vn 0.042068 99.004842 -14.072650
vn -12.011722 98.719906 -10.492791
vn 0.042385 99.750894 -7.053896
vn -12.011512 99.214161 -3.503415
vn 0.042491 99.999991 0.000000
vn -12.011512 99.214161 3.503415
vn 0.042385 99.750894 7.053896
vn -12.011722 98.719906 10.492791
vn 0.042068 99.004842 14.072650
vn -12.012141 97.733860 17.429892
vn 0.041541 97.765554 21.021294
vn -12.012767 96.260933 24.280159
vn 0.040808 96.039202 27.865212
vn -12.013597 94.308466 31.009463
vn 0.039871 93.834388 34.570306
vn -12.014626 91.886183 37.584280
vn 0.038735 91.162096 41.103173
vn -12.015850 89.006154 43.971853
vn 0.037407 88.035638 47.431266
vn -12.017262 85.682726 50.140361
vn 0.035892 84.470592 53.523059
vn -12.018856 81.932457 56.059072
vn 0.034198 80.484717 59.348202
vn -12.020622 77.774030 61.698500
vn 0.032334 76.097872 64.877676
vn -12.022554 73.228162 67.030549
vn 0.030309 71.331911 70.083933
vn -12.024641 68.317500 72.028655
vn 0.028133 66.210578 74.941034
vn -12.026872 63.066510 76.667918
vn 0.025817 60.759387 79.424784
vn -12.029236 57.501351 80.925225
vn 0.023372 55.005495 83.512843
vn -12.031723 51.649749 84.779367
vn 0.020811 48.977570 87.184845
vn -12.034319 45.540856 88.211142
vn -99.999991 0.042491 -0.000000
vn -99.274270 -7.938622 9.033143
vn -97.101426 -17.029588 16.772183
vn -93.513082 -26.944948 23.005941
vn -88.561487 -37.365490 27.580485
vn -88.562269 -39.205656 24.892589
vn -88.562978 -40.874578 22.042408
vn -82.320383 -51.751004 23.349264
vn -74.877507 -62.191904 22.924353
vn -66.342805 -71.858198 20.857410
vn -56.840657 -80.435336 17.300186
vn -46.509562 -87.644688 12.460712
vn -35.500116 -93.253638 6.595507
vn -23.972820 -97.084004 0.000000
vn -99.999991 0.042491 -0.000000
vn -99.274532 -8.555931 8.447685
vn -97.101911 -18.170157 15.526244
vn -93.513743 -28.500545 21.045163
vn -93.514339 -29.903644 18.995802
vn -93.514880 -31.178138 16.819359
vn -88.563596 -42.327515 19.101597
vn -82.321028 -53.269039 19.638172
vn -74.878128 -63.653966 18.478053
vn -66.343354 -73.150391 15.734665
vn -56.841091 -81.455250 11.581564
vn -46.509843 -88.305283 6.245915
vn -35.500215 -93.486548 0.000000
vn -23.972717 -96.842145 -6.848923
vn -99.999991 0.042491 -0.000000
vn -99.274776 -9.130404 7.820140
vn -97.102357 -19.219998 14.202954
vn -97.102759 -20.166225 12.820980
vn -97.103125 -21.027051 11.351045
vn -93.515352 -32.286795 14.575386
vn -88.564123 -43.569391 16.065622
vn -82.321561 -54.521516 15.829244
vn -74.878615 -64.798749 13.939696
vn -66.343748 -74.078012 10.533530
vn -56.841351 -82.069239 5.805243
vn -46.509937 -88.525848 0.000000
vn -35.500116 -93.253638 -6.595507
vn -23.972410 -96.117773 -13.663724
vn -99.999991 0.042491 -0.000000
vn -99.275001 -9.659180 7.153635
vn -99.275203 -10.135418 6.458126
vn -99.275387 -10.569343 5.717207
vn -97.103443 -21.775262 9.836633
vn -93.515754 -33.234403 12.258799
vn -88.564559 -44.594019 12.949610
vn -82.321977 -55.502195 11.941456
vn -74.878964 -65.620549 9.331893
vn -66.343985 -74.636439 5.279917
vn -56.841439 -82.274242 0.000000
vn -46.509843 -88.305283 -6.245915
vn -35.499819 -92.556068 -13.158156
vn -23.971898 -94.914496 -20.410454
vn -99.999991 0.042491 -0.000000
vn -99.999991 0.042491 -0.000000
vn -99.275547 -10.946196 4.954440
vn -99.999991 0.042491 -0.000000
vn -99.275684 -11.268305 4.166990
vn -99.999991 0.042491 -0.000000
vn -99.275797 -11.534066 3.358780
vn -99.999991 0.042491 -0.000000
vn -99.275886 -11.742155 2.533837
vn -99.999991 0.042491 -0.000000
vn -99.275949 -11.891534 1.696270
vn -99.275987 -11.981461 0.850253
vn -97.104316 -23.830695 1.688108
vn -97.104342 -23.890308 -0.000000
vn -93.516683 -35.420756 -0.000000
vn -93.516646 -35.332425 -2.501346
vn -88.565292 -46.318928 -3.278109
vn -88.565144 -45.972221 -6.539886
vn -82.322276 -56.206192 -7.994176
vn -82.321977 -55.502195 -11.941456
vn -74.878615 -64.798749 -13.939696
vn -74.878128 -63.653966 -18.478053
vn -66.342805 -71.858198 -20.857410
vn -66.342104 -70.207871 -25.876246
vn -56.839283 -77.200050 -28.450804
vn -56.838348 -75.000796 -33.827248
vn -46.506611 -80.700281 -36.395052
vn -46.505435 -77.931940 -41.998300
vn -35.495461 -82.299684 -44.349004
vn -35.494045 -78.966308 -50.044929
vn -23.966413 -82.005861 -51.967776
vn -23.964769 -78.135809 -57.623651
vn -99.999991 0.042491 -0.000000
vn -99.276000 -12.011486 -0.000000
vn -97.104316 -23.830695 -1.688108
vn -93.516533 -35.067871 -4.990230
vn -88.564900 -45.396295 -9.769083
vn -82.321561 -54.521516 -15.829244
vn -74.877507 -62.191904 -22.924353
vn -66.341254 -68.207632 -30.766167
vn -56.837255 -72.427773 -39.035167
vn -46.504094 -74.775248 -47.392315
vn -35.492462 -75.239451 -55.491533
vn -23.962959 -73.876437 -62.992449
vn -99.999991 0.042491 0.000000
vn -99.275987 -11.981461 -0.850253
vn -97.104240 -23.652154 -3.367806
vn -93.516347 -34.628414 -7.454254
vn -88.564559 -44.594019 -12.949610
vn -82.321028 -53.269039 -19.638172
vn -74.876754 -60.419847 -27.256445
vn -66.340259 -65.867445 -35.502812
vn -56.836008 -69.493797 -44.048614
vn -46.502594 -71.245932 -52.550223
vn -35.490719 -71.137679 -60.661681
vn -23.960993 -69.248966 -68.047421
vn -99.999991 0.042491 0.000000
vn -99.275949 -11.891534 -1.696270
vn -97.104114 -23.355573 -5.030725
vn -93.516086 -34.016241 -9.881140
vn -88.564123 -43.569391 -16.065622
vn -82.320383 -51.751004 -23.349264
vn -74.875873 -58.346622 -31.452747
vn -66.339125 -63.198970 -40.062585
vn -56.834614 -66.213486 -48.842613
vn -46.500944 -67.361573 -57.446329
vn -35.488825 -66.681428 -65.529615
vn -23.958880 -64.276450 -72.763384
vn -99.999991 0.042491 0.000000
vn -99.275886 -11.742155 -2.533837
vn -97.103939 -22.942430 -6.668582
vn -93.515754 -33.234403 -12.258799
vn -88.563596 -42.327515 -19.101597
vn -82.319629 -49.974974 -26.944030
vn -74.874869 -55.982559 -35.492353
vn -66.337858 -60.215500 -44.422767
vn -56.833080 -62.603183 -53.393281
vn -46.499151 -63.141524 -62.056240
vn -35.486791 -61.892898 -70.071084
vn -23.956631 -58.983661 -77.116844
vn -99.999991 0.042491 0.000000
vn -99.275797 -11.534066 -3.358780
vn -97.103715 -22.414783 -8.273216
vn -93.515352 -32.286795 -14.575386
vn -88.562978 -40.874578 -22.042408
vn -82.318768 -47.949796 -30.404563
vn -74.873746 -53.339435 -39.355138
vn -66.336462 -56.931899 -48.561638
vn -56.831414 -58.680874 -57.677946
vn -46.497224 -58.606808 -66.356990
vn -35.484625 -56.795946 -74.263463
vn -23.954257 -53.396967 -81.086111
vn -99.999991 0.042491 0.000000
vn -99.275684 -11.268305 -4.166990
vn -97.103443 -21.775262 -9.836633
vn -93.514880 -31.178138 -16.819359
vn -88.562274 -39.217818 -24.873406
vn -82.317806 -45.685562 -33.713621
vn -74.872510 -50.430418 -43.021857
vn -66.334947 -53.364525 -52.458577
vn -56.829623 -54.466100 -61.675262
vn -46.495173 -53.780019 -70.327153
vn -35.482339 -51.415964 -78.085865
vn -23.951770 -47.544202 -84.651412
vn -99.275547 -10.946196 -4.954440
vn -99.999991 0.042491 0.000000
vn -99.275387 -10.569343 -5.717207
vn -99.999991 0.042491 0.000000
vn -99.275205 -10.139624 -6.451492
vn -99.999991 0.042491 0.000000
vn -99.275001 -9.659180 -7.153635
vn -99.999991 0.042491 0.000000
vn -99.274776 -9.130404 -7.820140
vn -99.999991 0.042491 0.000000
vn -99.274532 -8.555931 -8.447685
vn -99.274270 -7.938622 -9.033143
vn -97.100906 -15.803972 -17.934563
vn -97.100351 -14.499417 -19.007595
vn -93.510771 -21.505846 -28.164416
vn -93.509904 -19.465488 -29.614062
vn -88.556456 -25.524705 -38.810353
vn -88.555266 -22.723388 -40.516818
vn -82.310201 -27.787462 -49.526637
vn -82.308687 -24.224600 -51.365833
vn -74.863101 -28.287273 -59.961207
vn -74.861274 -23.987130 -61.809443
vn -66.323780 -27.083596 -69.768439
vn -66.321660 -22.094669 -71.507084
vn -56.816805 -24.299822 -78.621685
vn -56.814423 -18.693340 -80.141627
vn -46.480870 -20.118562 -86.225125
vn -46.478264 -13.986168 -87.430876
vn -35.466770 -14.774778 -92.324505
vn -35.463987 -8.225463 -93.137787
vn -23.935200 -8.546983 -96.716365
vn -23.932292 -1.703396 -97.079060
vn -99.999991 0.042491 0.000000
vn -99.273990 -7.281554 -9.573600
vn -97.099766 -13.122421 -19.985931
vn -93.508995 -17.327956 -30.916172
vn -88.554027 -19.808677 -42.021430
vn -82.307122 -20.540878 -52.949127
vn -74.859396 -19.567326 -63.349748
vn -66.319493 -16.995527 -72.889484
vn -56.812001 -12.993609 -81.262308
vn -46.475629 -7.783998 -88.201050
vn -35.461187 -1.635094 -93.487062
vn -23.929381 5.148728 -96.958111
vn -99.999991 0.042491 0.000000
vn -99.273696 -6.587999 -10.066361
vn -97.099153 -11.679844 -20.864699
vn -93.508050 -15.103899 -32.064259
vn -88.552747 -16.795093 -43.316693
vn -82.305513 -16.754648 -54.268631
vn -74.857476 -15.049880 -64.574448
vn -66.317291 -11.811573 -73.908753
vn -56.809551 -7.229024 -81.978144
vn -46.472977 -1.542949 -88.531812
vn -35.458383 4.963496 -93.370588
vn -23.926480 11.975251 -96.354122
vn -99.999991 0.042491 0.000000
vn -99.273387 -5.861413 -10.508972
vn -97.098516 -10.178873 -21.639520
vn -93.507073 -12.804398 -33.052604
vn -88.551431 -13.697649 -44.396154
vn -82.303869 -12.884773 -55.317771
vn -74.855525 -10.457298 -65.477441
vn -66.315063 -6.568635 -74.559811
vn -56.807087 -1.428304 -82.285569
vn -46.470322 4.705885 -88.421512
vn -35.455590 11.537433 -92.788948
vn -23.923605 18.742165 -95.270102
vn -99.999991 0.042491 0.000000
vn -99.273066 -5.105415 -10.899228
vn -97.097856 -8.626986 -22.306534
vn -93.506069 -10.440907 -33.876282
vn -88.550086 -10.531776 -45.254437
vn -82.302197 -8.950532 -56.091321
vn -74.853551 -5.812460 -66.054229
vn -66.312821 -1.292831 -74.839417
vn -56.804619 4.379652 -82.183051
vn -46.467677 10.931373 -87.870701
vn -35.452821 18.053966 -91.745037
vn -23.920769 25.415758 -93.711451
vn -99.999991 0.042491 0.000000
vn -99.272734 -4.323773 -11.235184
vn -97.097178 -7.031914 -22.862418
vn -93.505043 -8.025203 -34.531191
vn -88.548718 -7.313248 -45.887263
vn -82.300506 -4.971527 -56.585427
vn -74.851565 -1.138506 -66.301938
vn -66.310577 3.989554 -74.746176
vn -56.802160 10.165909 -81.671102
vn -46.465054 17.102500 -86.882123
vn -35.450090 24.480631 -90.244057
vn -23.917987 31.962781 -91.685934
vn -99.272392 -3.520379 -11.515167
vn -99.999991 0.042491 0.000000
vn -99.272043 -2.699237 -11.737783
vn -99.999991 0.042491 0.000000
vn -99.271689 -1.864437 -11.901921
vn -99.999991 0.042491 0.000000
vn -99.271330 -1.020139 -12.006764
vn -99.999991 0.042491 0.000000
vn -99.270969 -0.170548 -12.051791
vn -99.999991 0.042491 -0.000000
vn -99.270607 0.680102 -12.036776
vn -99.999991 0.042491 -0.000000
vn -99.270247 1.527575 -11.961794
vn -99.269890 2.367647 -11.827219
vn -97.092211 4.658278 -23.481971
vn -97.091512 6.303171 -23.097798
vn -93.497673 9.318294 -34.225056
vn -93.496657 11.709381 -33.485302
vn -88.539096 15.331145 -43.883760
vn -88.537797 18.388563 -42.695658
vn -82.288848 22.466650 -52.189991
vn -82.287307 26.092201 -50.477679
vn -74.838143 30.449360 -58.924433
vn -74.836410 34.530058 -56.632031
vn -66.295714 38.968655 -63.924348
vn -66.293839 43.380812 -61.018293
vn -56.786216 47.690145 -67.089311
vn -56.784256 52.303820 -63.559883
vn -46.448413 56.267945 -68.384671
vn -46.446423 60.951616 -64.246637
vn -35.433146 64.357379 -67.842612
vn -35.431181 68.982651 -63.134977
vn -23.901134 71.627652 -65.560775
vn -23.899244 76.073843 -60.345642
vn -99.999991 0.042491 -0.000000
vn -99.269538 3.196134 -11.633722
vn -97.090827 7.916867 -22.598553
vn -93.495666 14.042330 -32.578726
vn -88.536537 21.354559 -41.294848
vn -82.285822 29.587935 -48.513891
vn -74.834749 38.438888 -54.057491
vn -66.292056 47.576988 -57.808248
vn -56.782406 56.657040 -59.713802
vn -46.444562 65.331726 -59.788529
vn -35.429361 73.264329 -58.112808
vn -23.897516 80.141089 -54.829869
vn -99.999991 0.042491 -0.000000
vn -99.269193 4.008908 -11.382266
vn -97.090158 9.491328 -21.986723
vn -93.494704 16.305519 -31.509844
vn -88.535322 24.214354 -39.688309
vn -82.284399 32.936439 -46.308408
vn -74.833169 42.156376 -51.213639
vn -66.290374 51.536278 -54.310205
vn -56.780676 60.728118 -55.570230
vn -46.442839 69.386456 -55.032558
vn -35.427697 77.181084 -52.801123
vn -23.895958 83.809127 -49.040937
vn -99.999991 0.042491 -0.000000
vn -99.268856 4.801921 -11.074104
vn -97.089509 11.018708 -21.265357
vn -93.493777 18.487673 -30.283982
vn -88.534158 26.953702 -37.884045
vn -82.283046 36.121029 -43.872219
vn -74.831679 45.664001 -48.114643
vn -66.288800 55.238958 -50.541592
vn -56.779075 64.496772 -51.149810
vn -46.441263 73.095604 -50.002417
vn -35.426196 80.713401 -47.226386
vn -23.894576 87.059682 -43.007686
vn -99.999991 0.042491 -0.000000
vn -99.268529 5.571220 -10.710772
vn -97.088883 12.491400 -20.438047
vn -93.492889 20.577920 -28.907247
vn -88.533051 29.558956 -35.891044
vn -82.281769 39.125840 -41.217461
vn -74.830285 48.944289 -44.775943
vn -66.287344 58.666580 -46.521182
vn -56.777610 67.944226 -46.474564
vn -46.439841 76.440692 -44.723167
vn -35.424866 83.843683 -41.416369
vn -23.893380 89.876561 -36.760172
vn -99.999991 0.042491 -0.000000
vn -99.268214 6.312974 -10.294079
vn -97.088283 13.902065 -19.508916
vn -93.492044 22.565847 -27.386497
vn -88.532006 32.017135 -33.719236
vn -82.280575 41.935902 -38.357360
vn -74.828995 51.980897 -41.214171
vn -66.286012 61.802069 -42.269007
vn -56.776289 71.053306 -41.567784
vn -46.438582 79.405055 -39.221108
vn -35.423714 86.556336 -35.400018
vn -23.892373 92.245730 -30.329521
vn -99.267912 7.023487 -9.826101
vn -99.999991 0.042491 -0.000000
vn -99.267625 7.699220 -9.309171
vn -99.999991 0.042491 -0.000000
vn -99.267354 8.336805 -8.745862
vn -99.999991 0.042491 -0.000000
vn -99.267101 8.933068 -8.138982
vn -99.999991 0.042491 -0.000000
vn -99.266866 9.485036 -7.491554
vn -99.999991 0.042491 -0.000000
vn -99.266652 9.989960 -6.806804
vn -99.999991 0.042491 -0.000000
vn -99.266458 10.445325 -6.088142
vn -99.266287 10.848863 -5.339150
vn -97.085056 21.497034 -10.600442
vn -97.084761 22.191332 -9.060569
vn -93.487670 32.860503 -13.425456
vn -93.487302 33.725765 -11.076870
vn -88.526836 44.184453 -14.516659
vn -88.526448 45.098474 -11.366427
vn -82.274975 55.116106 -13.894005
vn -82.274617 55.958969 -9.974029
vn -74.823329 65.313925 -11.643048
vn -74.823049 65.972598 -7.009112
vn -66.280633 74.459945 -7.911652
vn -66.280475 74.832617 -2.641604
vn -56.771522 82.271250 -2.904431
vn -56.771522 82.271250 2.904431
vn -46.434713 88.510183 3.124904
vn -46.434900 88.069328 9.359144
vn -35.420979 92.992907 9.882988
vn -35.421373 92.064166 16.416930
vn -23.890949 95.596015 17.047708
vn -23.891561 94.155386 23.747770
vn -99.999991 0.042491 -0.000000
vn -99.266138 11.198561 -4.563558
vn -97.084513 22.775280 -7.475556
vn -93.487006 34.423205 -8.673100
vn -88.526155 45.788004 -8.159567
vn -82.274377 56.523221 -6.004363
vn -74.822909 66.302756 -2.340257
vn -66.280475 74.832617 2.641604
vn -56.771696 81.861499 8.698822
vn -46.435274 87.189814 15.546757
vn -35.421963 90.676841 22.869085
vn -23.892373 92.245730 30.329521
vn -99.999991 0.042491 -0.000000
vn -99.266013 11.492680 -3.765231
vn -97.084313 23.245968 -5.853300
vn -93.486783 34.949348 -6.226120
vn -88.525959 46.249609 -4.912058
vn -82.274257 56.806052 -2.004784
vn -74.822909 66.302756 2.340257
vn -66.280633 74.459945 7.911652
vn -56.772044 81.044038 14.449876
vn -46.435832 85.876024 21.656916
vn -35.422744 88.837844 29.207306
vn -23.893380 89.876561 36.760172
vn -99.999991 0.042491 -0.000000
vn -99.265912 11.729752 -2.948145
vn -97.084162 23.601051 -4.201883
vn -93.486633 35.301573 -3.748123
vn -88.525861 46.480987 -1.640076
vn -82.274257 56.806052 2.004784
vn -74.823049 65.972598 7.009112
vn -66.280949 73.716458 13.142284
vn -56.772563 79.822941 20.128942
vn -46.436572 84.134502 27.659183
vn -35.423714 86.556336 35.400018
vn -23.894576 87.059682 43.007686
vn -99.999991 0.042491 -0.000000
vn -99.265836 11.908598 -2.116372
vn -97.084061 23.838761 -2.529532
vn -93.486558 35.478125 -1.251453
vn -88.525861 46.480987 1.640076
vn -82.274377 56.523221 6.004363
vn -74.823329 65.313925 11.643048
vn -66.281421 72.605859 18.307442
vn -56.773250 78.204289 25.707726
vn -46.437490 81.973924 33.523652
vn -35.424866 83.843683 41.416369
vn -23.895958 83.809127 49.040937
vn -99.999991 0.042491 -0.000000
vn -99.265785 12.028326 -1.274055
vn -97.084011 23.957912 -0.844580
vn -93.486558 35.478125 1.251453
vn -88.525959 46.249609 4.912058
vn -82.274617 55.958969 9.974029
vn -74.823747 64.330021 16.218978
vn -66.282047 71.133682 23.381393
vn -56.774104 76.196148 31.158436
vn -46.438582 79.405055 39.221108
vn -35.426196 80.713401 47.226386
vn -23.897516 80.141089 54.829869
vn -99.265760 12.088339 -0.425392
vn -99.999991 0.042491 -0.000000
vn -99.265760 12.088339 0.425392
vn -99.999991 0.042491 0.000000
vn -99.265785 12.028326 1.274055
vn -99.999991 0.042491 0.000000
vn -99.265836 11.908598 2.116372
vn -99.999991 0.042491 0.000000
vn -99.265912 11.729752 2.948145
vn -99.999991 0.042491 0.000000
vn -99.266013 11.492680 3.765231
vn -99.266138 11.198561 4.563558
vn -97.084761 22.191332 9.060569
vn -97.085056 21.497034 10.600442
vn -93.488107 31.831730 15.707157
vn -93.488612 30.644570 17.910606
vn -88.528552 40.146430 23.472529
vn -88.529298 38.390792 26.243293
vn -82.278459 46.916822 32.079075
vn -82.279470 44.537216 35.306165
vn -74.828995 51.980897 41.214171
vn -74.830285 48.944289 44.775943
vn -66.288800 55.238958 50.541592
vn -66.290374 51.536278 54.310205
vn -56.782406 56.657040 59.713802
vn -56.784256 52.303820 63.559883
vn -46.448413 56.267945 68.384671
vn -46.450522 51.304049 72.182017
vn -35.437475 54.169825 76.222145
vn -35.439817 48.658296 79.852299
vn -23.910101 50.522388 82.920416
vn -23.912640 44.547444 86.276943
vn -99.999991 0.042491 0.000000
vn -99.266287 10.848863 5.339150
vn -97.085397 20.695844 12.087505
vn -93.489181 29.304939 20.024825
vn -88.530125 36.444081 28.883315
vn -82.280575 41.935902 38.357360
vn -74.831679 45.664001 48.114643
vn -66.292056 47.576988 57.808248
vn -56.786216 47.690145 67.089311
vn -46.452740 46.084658 75.619755
vn -35.442262 42.904430 83.084632
vn -99.999991 0.042491 0.000000
vn -99.266458 10.445325 6.088142
vn -97.085781 19.791754 13.514349
vn -93.489812 27.819510 22.039281
vn -88.531030 34.315995 31.379441
vn -82.281769 39.125840 41.217461
vn -74.833169 42.156376 51.213639
vn -66.293839 43.380812 61.018293
vn -56.788277 42.839001 70.284505
vn -46.455055 40.635773 78.680759
vn -99.999991 0.042491 0.000000
vn -99.266652 9.989960 6.806804
vn -97.086207 18.789268 14.873865
vn -93.490502 26.195684 23.943939
vn -88.532006 32.017135 33.719236
vn -82.283046 36.121029 43.872219
vn -74.834749 38.438888 54.057491
vn -66.295714 38.968655 63.924348
vn -56.790429 37.774555 73.129544
vn -99.999991 0.042491 0.000000
vn -99.266866 9.485036 7.491554
vn -97.086672 17.693380 16.159280
vn -93.491247 24.441549 25.729309
vn -88.533051 29.558956 35.891044
vn -82.284399 32.936439 46.308408
vn -74.836410 34.530058 56.632031
vn -66.297671 34.362499 66.511935
vn -99.999991 0.042491 0.000000
vn -99.267101 8.933068 8.138982
vn -97.087176 16.509551 17.364190
vn -93.492044 22.565847 27.386497
vn -88.534158 26.953702 37.884045
vn -82.285822 29.587935 48.513891
vn -74.838143 30.449360 58.924433
vn -99.999991 0.042491 0.000000
vn -99.267354 8.336805 8.745862
vn -97.087713 15.243677 18.482593
vn -93.492889 20.577920 28.907247
vn -88.535322 24.214354 39.688309
vn -82.287307 26.092201 50.477679
vn -99.267625 7.699220 9.309171
vn -99.999991 0.042491 0.000000
vn -99.267912 7.023487 9.826101
vn -99.999991 0.042491 0.000000
vn -99.268214 6.312974 10.294079
vn -99.999991 0.042491 0.000000
vn -99.268529 5.571220 10.710772
vn -99.999991 0.042491 0.000000
vn -0.042253 -99.439813 10.569857
vn -12.095428 -98.277864 13.970044
vn -23.971898 -94.914496 20.410454
vn -35.498641 -89.783146 26.054426
vn -46.507617 -83.066478 30.610486
vn -56.838348 -75.000796 33.827248
vn -66.340259 -65.867445 35.502812
vn -66.339120 -63.185912 40.083184
vn -66.337858 -60.215500 44.422767
vn -74.872510 -50.430418 43.021857
vn -82.315597 -40.486175 39.812211
vn -88.558669 -30.731966 34.826835
vn -93.510771 -21.505846 28.164416
vn -97.099766 -13.122421 19.985931
vn -0.041830 -98.446524 17.557909
vn -12.094905 -97.047611 20.868025
vn -23.971186 -93.238309 27.055499
vn -35.497765 -87.721609 32.323798
vn -46.506611 -80.700281 36.395052
vn -56.837255 -72.427773 39.035167
vn -56.836003 -69.481834 44.067488
vn -56.834614 -66.213486 48.842613
vn -66.336462 -56.931899 48.561638
vn -74.871167 -47.270002 46.474244
vn -82.314361 -37.576926 42.571360
vn -88.557592 -28.198671 36.910537
vn -93.509904 -19.465488 29.614062
vn -97.099153 -11.679844 20.864699
vn -0.041200 -96.962780 24.458489
vn -12.094177 -95.333846 27.662043
vn -23.970276 -91.097562 33.565756
vn -35.496704 -85.222973 38.432134
vn -46.505435 -77.931940 41.998300
vn -46.504089 -74.764952 47.408561
vn -46.502594 -71.245932 52.550223
vn -56.833080 -62.603183 53.393281
vn -66.334947 -53.364525 52.458577
vn -74.869724 -43.873930 49.695098
vn -82.313045 -34.480296 45.118420
vn -88.556456 -25.524705 38.810353
vn -93.508995 -17.327956 30.916172
vn -97.098516 -10.178873 21.639520
vn -0.040364 -94.995971 31.237218
vn -12.093247 -93.145108 34.318250
vn -23.969174 -88.502922 39.908789
vn -35.495461 -82.299684 44.349004
vn -35.494042 -78.958154 50.057796
vn -35.492462 -75.239451 55.491533
vn -46.500944 -67.361573 57.446329
vn -56.831414 -58.680874 57.677946
vn -66.333318 -49.531152 56.094170
vn -74.868188 -40.259121 52.668374
vn -82.311656 -31.211714 47.440702
vn -88.555266 -22.723388 40.516818
vn -93.508050 -15.103899 32.064259
vn -97.097856 -8.626986 22.306534
vn -0.039328 -92.555898 37.860324
vn -12.092120 -90.492300 40.803485
vn -23.967884 -85.467314 46.052999
vn -23.966411 -82.000217 51.976683
vn -23.964769 -78.135809 57.623651
vn -35.490719 -71.137679 60.661681
vn -46.499151 -63.141524 62.056240
vn -56.829623 -54.466100 61.675262
vn -66.331584 -45.450877 59.450304
vn -74.866567 -36.443586 55.379258
vn -82.310201 -27.787462 49.526637
vn -88.554027 -19.808677 42.021430
vn -93.507073 -12.804398 33.052604
vn -97.097178 -7.031914 22.862418
vn -0.038095 -89.654716 44.294812
vn -12.090801 -87.388638 47.085439
vn -12.089296 -83.846699 53.137369
vn -12.087616 -79.892771 58.915487
vn -23.962959 -73.876437 62.992449
vn -35.488825 -66.681428 65.529615
vn -46.497224 -58.606808 66.356990
vn -56.827717 -49.979857 65.365316
vn -66.329754 -41.144028 62.510261
vn -74.864868 -32.446332 57.814246
vn -82.308687 -24.224600 51.365833
vn -88.552747 -16.795093 43.316693
vn -93.506069 -10.440907 33.876282
vn -97.096486 -5.401604 23.304402
vn -0.036672 -86.306879 50.508626
vn -0.035067 -82.529065 56.470808
vn -0.033287 -78.340096 62.151656
vn -12.085766 -75.537911 64.404645
vn -23.960993 -69.248966 68.047421
vn -35.486791 -61.892898 70.071084
vn -46.495173 -53.780019 70.327153
vn -56.825704 -45.244498 68.729722
vn -66.327837 -36.632061 65.258794
vn -74.863101 -28.287273 59.961207
vn -82.307122 -20.540878 52.949127
vn -88.551431 -13.697649 44.396154
vn -93.505043 -8.025203 34.531191
vn -97.095781 -3.744177 23.630285
vn -0.031341 -73.760840 67.522867
vn -12.083755 -70.806699 69.572942
vn -23.958880 -64.276450 72.763384
vn -35.484625 -56.795946 74.263463
vn -46.493008 -48.685201 73.946950
vn -56.823597 -40.283612 71.751721
vn -66.325842 -31.937454 67.682211
vn -74.861274 -23.987130 61.809443
vn -82.305513 -16.754648 54.268631
vn -88.550086 -10.531776 45.254437
vn -93.503999 -5.569319 35.014066
vn -0.029239 -68.814111 72.557682
vn -12.081595 -65.722706 74.394630
vn -23.956631 -58.983661 77.116844
vn -35.482339 -51.415964 78.085865
vn -46.490740 -43.347738 77.198347
vn -56.821403 -35.121915 74.416256
vn -66.323780 -27.083596 69.768439
vn -74.859396 -19.567326 63.349748
vn -82.303869 -12.884773 55.317771
vn -88.548718 -7.313248 45.887263
vn -0.026992 -63.524554 77.231019
vn -12.079296 -60.311261 78.845688
vn -23.954257 -53.396967 81.086111
vn -35.479944 -45.779756 81.519246
vn -46.488380 -37.794220 80.065145
vn -56.819136 -29.785123 76.710053
vn -66.321660 -22.094669 71.507084
vn -74.857476 -15.049880 64.574448
vn -82.302197 -8.950532 56.091321
vn -0.024610 -57.918521 81.519595
vn -12.076869 -54.599322 82.903940
vn -23.951770 -47.544202 84.651412
vn -35.477452 -39.915400 84.546503
vn -46.485941 -32.052315 82.533063
vn -56.816805 -24.299822 78.621685
vn -66.319493 -16.995527 72.889484
vn -74.855525 -10.457298 65.477441
vn -0.022105 -52.023940 85.402044
vn -12.074326 -48.615346 86.549170
vn -23.949183 -41.454523 87.794984
vn -35.474876 -33.852112 87.152554
vn -46.483433 -26.150628 84.589805
vn -56.814423 -18.693340 80.141627
vn -66.317291 -11.811573 73.908753
vn -0.019490 -45.870179 88.859025
vn -12.071680 -42.389146 89.763215
vn -23.946508 -35.158269 90.501165
vn -35.472228 -27.620100 89.324415
vn -46.480870 -20.118562 86.225125
vn -56.812001 -12.993609 81.262308
vn -0.016779 -39.487895 91.873314
vn -12.068945 -35.951740 92.530065
vn -23.943758 -28.686808 92.756474
vn -35.469521 -21.250411 91.051266
vn -46.478264 -13.986168 87.430876
vn -0.013983 -32.908884 94.429895
vn -12.066134 -29.335198 94.835935
vn -23.940947 -22.072380 94.549675
vn -35.466770 -14.774778 92.324505
vn -0.011118 -26.165923 96.516032
vn -12.063260 -22.572485 96.669337
vn -23.938090 -15.347938 95.871834
vn -0.008198 -19.292605 98.121330
vn -12.060339 -15.697291 98.021137
vn -0.005236 -12.323172 99.237792
vn -12.051435 5.258879 99.131766
vn 0.003745 8.813248 99.610876
vn -12.048469 12.238443 98.514237
vn 0.006721 15.817742 98.741071
vn -12.045529 19.157062 97.405915
vn 0.009664 22.743432 97.379342
vn -12.042630 25.980266 95.812321
vn 0.012558 29.555815 95.532474
vn -88.565341 -46.434689 -0.000000
vn -93.516646 -35.332425 2.501346
vn -88.565292 -46.318928 3.278109
vn -93.516533 -35.067871 4.990230
vn -88.565144 -45.972221 6.539886
vn -93.516347 -34.628414 7.454254
vn -88.564900 -45.396295 9.769083
vn -93.516086 -34.016241 9.881140
vn -82.322517 -56.771501 -0.000000
vn -82.322456 -56.629997 4.007070
vn -82.322276 -56.206192 7.994176
vn -82.322456 -56.629997 -4.007070
vn -74.879174 -66.115273 -4.677598
vn -74.879245 -66.280455 -0.000000
vn -66.343985 -74.636439 -5.279917
vn -66.344064 -74.822892 -0.000000
vn -56.841351 -82.069239 -5.805243
vn -74.879174 -66.115273 4.677598
vn -97.093635 1.307797 23.898028
vn -97.092920 2.990384 23.749158
vn -97.092211 4.658278 23.481971
vn -97.091512 6.303171 23.097798
vn -93.500818 1.916421 35.410793
vn -93.499759 4.409586 35.190206
vn -93.498709 6.880981 34.794303
vn -93.497673 9.318294 34.225056
vn -88.544550 2.497099 46.407190
vn -88.543161 5.764487 46.118102
vn -88.541785 9.003344 45.599256
vn -88.540428 12.197534 44.853236
vn -82.297102 3.041364 56.726864
vn -82.295405 7.035328 56.373491
vn -82.293722 10.994418 55.739268
vn -82.292063 14.898908 54.827355
vn -74.849577 3.541278 66.219334
vn -74.847596 8.203579 65.806829
vn -74.845632 12.825168 65.066477
vn -74.843695 17.383021 64.001967
vn -66.310577 3.989554 74.746176
vn -66.308340 9.252203 74.280554
vn -66.306124 14.468899 73.444870
vn -66.303938 19.613651 72.243287
vn -56.804619 4.379652 82.183051
vn -56.802160 10.165909 81.671102
vn -56.799723 15.901640 80.752271
vn -56.797320 21.558270 79.431137
vn -46.470322 4.705885 88.421512
vn -46.467677 10.931373 87.870701
vn -46.465054 17.102500 86.882123
vn -46.462468 23.188521 85.460702
vn -35.458383 4.963496 93.370588
vn -35.455590 11.537433 92.788948
vn -35.452821 18.053966 91.745037
vn -35.450090 24.480631 90.244057
vn -23.929381 5.148728 96.958111
vn -23.926480 11.975251 96.354122
vn -23.923605 18.742165 95.270102
vn -23.920769 25.415758 93.711451
vn -97.103715 -22.414783 8.273216
vn -97.103939 -22.942430 6.668582
vn -97.104114 -23.355573 5.030725
vn -97.104240 -23.652154 3.367806
vn -74.878964 -65.620549 -9.331893
vn -66.343748 -74.078012 -10.533530
vn -56.841091 -81.455250 -11.581564
vn -46.509562 -87.644688 -12.460712
vn -66.343354 -73.150391 -15.734665
vn -56.840657 -80.435336 -17.300186
vn -46.509096 -86.547352 -18.613432
vn -35.499327 -91.397313 -19.655251
vn -56.840054 -79.014576 -22.932620
vn -46.508446 -85.018744 -24.673420
vn -35.498641 -89.783146 -26.054426
vn -23.971186 -93.238309 -27.055499
vn -46.507617 -83.066478 -30.610486
vn -35.497765 -87.721609 -32.323798
vn -23.970276 -91.097562 -33.565756
vn -97.103125 -21.027051 -11.351045
vn -93.514343 -29.913955 -18.979538
vn -88.561487 -37.365490 -27.580485
vn -82.316747 -43.193549 -36.854721
vn -74.871167 -47.270002 -46.474244
vn -66.333318 -49.531152 -56.094170
vn -56.827717 -49.979857 -65.365316
vn -46.493008 -48.685201 -73.946950
vn -35.479944 -45.779756 -81.519246
vn -23.949183 -41.454523 -87.794984
vn -35.496704 -85.222973 -38.432134
vn -23.969174 -88.502922 -39.908789
vn -23.967884 -85.467314 -46.052999
vn -97.102763 -20.173880 -12.808906
vn -93.513743 -28.500545 -21.045163
vn -88.560621 -35.326821 -30.150159
vn -82.315597 -40.486175 -39.812211
vn -74.869724 -43.873930 -49.695098
vn -66.331584 -45.450877 -59.450304
vn -56.825704 -45.244498 -68.729722
vn -46.490740 -43.347738 -77.198347
vn -35.477452 -39.915400 -84.546503
vn -23.946508 -35.158269 -90.501165
vn -97.102357 -19.219998 -14.202954
vn -93.513082 -26.944948 -23.005941
vn -88.559680 -33.111968 -32.569627
vn -82.314361 -37.576926 -42.571360
vn -74.868188 -40.259121 -52.668374
vn -66.329754 -41.144028 -62.510261
vn -56.823597 -40.283612 -71.751721
vn -46.488380 -37.794220 -80.065145
vn -35.474876 -33.852112 -87.152554
vn -23.943758 -28.686808 -92.756474
vn -97.101911 -18.170157 -15.526244
vn -93.512364 -25.254915 -24.852105
vn -88.558669 -30.731966 -34.826835
vn -82.313045 -34.480296 -45.118420
vn -74.866567 -36.443586 -55.379258
vn -66.327837 -36.632061 -65.258794
vn -56.821403 -35.121915 -74.416256
vn -46.485941 -32.052315 -82.533063
vn -35.472228 -27.620100 -89.324415
vn -23.940947 -22.072380 -94.549675
vn -97.101426 -17.029588 -16.772183
vn -93.511592 -23.438865 -26.574457
vn -88.557592 -28.198671 -36.910537
vn -82.311656 -31.211714 -47.440702
vn -74.864868 -32.446332 -57.814246
vn -66.325842 -31.937454 -67.682211
vn -56.819136 -29.785123 -76.710053
vn -46.483433 -26.150628 -84.589805
vn -35.469521 -21.250411 -91.051266
vn -23.938090 -15.347938 -95.871834
vn -97.096486 -5.401604 -23.304402
vn -93.503999 -5.569319 -35.014066
vn -88.547335 -4.058097 -46.291482
vn -82.298805 -0.967579 -56.797627
vn -74.849577 3.541278 -66.219334
vn -66.308340 9.252203 -74.280554
vn -56.799723 15.901640 -80.752271
vn -46.462468 23.188521 -85.460702
vn -35.447411 30.785409 -88.293486
vn -23.915273 38.350617 -89.203643
vn -97.095781 -3.744177 -23.630285
vn -97.095069 -2.067893 -23.838443
vn -97.094352 -0.381100 -23.927839
vn -97.093635 1.307797 -23.898028
vn -97.092920 2.990384 -23.749158
vn -93.502944 -3.085492 -35.322503
vn -88.545943 -0.782542 -46.465079
vn -82.297102 3.041364 -56.726864
vn -74.847596 8.203579 -65.806829
vn -66.306124 14.468899 -73.444870
vn -56.797320 21.558270 -79.431137
vn -46.459932 29.159116 -83.613520
vn -35.444797 36.936891 -85.903041
vn -23.912640 44.547444 -86.276943
vn -93.501882 -0.586094 -35.454966
vn -93.500818 1.916421 -35.410793
vn -93.499759 4.409586 -35.190206
vn -93.498709 6.880981 -34.794303
vn -88.544550 2.497099 -46.407190
vn -82.295405 7.035328 -56.373491
vn -74.845632 12.825168 -65.066477
vn -66.303938 19.613651 -72.243287
vn -56.794962 27.107618 -77.714280
vn -46.457456 34.984541 -81.349780
vn -35.442262 42.904430 -83.084632
vn -23.910101 50.522388 -82.920416
vn -88.543161 5.764487 -46.118102
vn -88.541785 9.003344 -45.599256
vn -88.540428 12.197534 -44.853236
vn -82.293722 10.994418 -55.739268
vn -74.843695 17.383021 -64.001967
vn -66.301793 24.660830 -70.681792
vn -56.792661 32.522038 -75.610255
vn -46.455055 40.635773 -78.680759
vn -35.439817 48.658296 -79.852299
vn -23.907669 56.245682 -79.150784
vn -82.292063 14.898908 -54.827355
vn -82.290436 18.729346 -53.642295
vn -74.841796 21.854432 -62.618603
vn -66.299701 29.585290 -68.768163
vn -56.790429 37.774555 -73.129544
vn -46.452740 46.084658 -75.619755
vn -35.437475 54.169825 -76.222145
vn -23.905357 61.688814 -74.986826
vn -74.839942 26.217123 -60.923276
vn -66.297671 34.362499 -66.511935
vn -56.788277 42.839001 -70.284505
vn -46.450522 51.304049 -72.182017
vn -35.435248 59.411557 -72.212257
vn -23.903174 66.824667 -70.449288
vn -97.087713 15.243677 -18.482593
vn -93.491247 24.441549 -25.729309
vn -88.531030 34.315995 -31.379441
vn -82.279470 44.537216 -35.306165
vn -74.827814 54.758698 -37.447072
vn -66.284810 64.629803 -37.806249
vn -56.775118 73.808522 -36.453916
vn -46.437490 81.973924 -33.523652
vn -35.422744 88.837844 -29.207306
vn -23.891561 94.155386 -23.747770
vn -97.087176 16.509551 -17.364190
vn -97.086672 17.693380 -16.159280
vn -97.086207 18.789268 -14.873865
vn -97.085781 19.791754 -13.514349
vn -97.085397 20.695844 -12.087505
vn -93.490502 26.195684 -23.943939
vn -88.530125 36.444081 -28.883315
vn -82.278459 46.916822 -32.079075
vn -74.826750 57.263852 -33.493414
vn -66.283745 67.135695 -33.155143
vn -56.774104 76.196148 -31.158436
vn -46.436572 84.134502 -27.659183
vn -35.421963 90.676841 -22.869085
vn -23.890949 95.596015 -17.047708
vn -93.489812 27.819510 -22.039281
vn -93.489181 29.304939 -20.024825
vn -93.488612 30.644570 -17.910606
vn -93.488107 31.831730 -15.707157
vn -88.529298 38.390792 -26.243293
vn -82.277547 49.062864 -28.692170
vn -74.825807 59.483878 -29.372894
vn -66.282823 69.307261 -28.338860
vn -56.773250 78.204289 -25.707726
vn -46.435832 85.876024 -21.656916
vn -35.421373 92.064166 -16.416930
vn -23.890540 96.560441 -10.262716
vn -88.528552 40.146430 -23.472529
vn -88.527891 41.702248 -20.584826
vn -88.527318 43.050494 -17.594570
vn -82.276739 50.964653 -25.162321
vn -74.824989 61.407718 -25.106039
vn -66.282047 71.133682 -23.381393
vn -56.772563 79.822941 -20.128942
vn -46.435274 87.189814 -15.546757
vn -35.420979 92.992907 -9.882988
vn -23.890334 97.043858 -3.426596
vn -82.276039 52.612712 -21.507115
vn -82.275450 53.998832 -17.744762
vn -74.824302 63.025786 -20.714107
vn -66.281421 72.605859 -18.307442
vn -56.772044 81.044038 -14.449876
vn -46.434900 88.069328 -9.359144
vn -35.420781 93.458438 -3.299809
vn -23.890334 97.043858 3.426596
vn -74.823747 64.330021 -16.218978
vn -66.280949 73.716458 -13.142284
vn -56.771696 81.861499 -8.698822
vn -46.434713 88.510183 -3.124904
vn -35.420781 93.458438 3.299809
vn -23.890540 96.560441 10.262716
vn -97.084011 23.957912 0.844580
vn -93.486633 35.301573 3.748123
vn -88.526155 45.788004 8.159567
vn -82.274975 55.116106 13.894005
vn -74.824302 63.025786 20.714107
vn -66.282823 69.307261 28.338860
vn -56.775118 73.808522 36.453916
vn -46.439841 76.440692 44.723167
vn -35.427697 77.181084 52.801123
vn -23.899244 76.073843 60.345642
vn -97.084061 23.838761 2.529532
vn -93.486783 34.949348 6.226120
vn -88.526448 45.098474 11.366427
vn -82.275450 53.998832 17.744762
vn -74.824989 61.407718 25.106039
vn -66.283745 67.135695 33.155143
vn -56.776289 71.053306 41.567784
vn -46.441263 73.095604 50.002417
vn -35.429361 73.264329 58.112808
vn -23.901134 71.627652 65.560775
vn -97.084162 23.601051 4.201883
vn -93.487006 34.423205 8.673100
vn -88.526836 44.184453 14.516659
vn -82.276039 52.612712 21.507115
vn -74.825807 59.483878 29.372894
vn -66.284810 64.629803 37.806249
vn -56.777610 67.944226 46.474564
vn -46.442839 69.386456 55.032558
vn -35.431181 68.982651 63.134977
vn -23.903174 66.824667 70.449288
vn -97.084313 23.245968 5.853300
vn -93.487302 33.725765 11.076870
vn -88.527318 43.050494 17.594570
vn -82.276739 50.964653 25.162321
vn -74.826750 57.263852 33.493414
vn -66.286012 61.802069 42.269007
vn -56.779075 64.496772 51.149810
vn -46.444562 65.331726 59.788529
vn -35.433146 64.357379 67.842612
vn -23.905357 61.688814 74.986826
vn -97.084513 22.775280 7.475556
vn -93.487670 32.860503 13.425456
vn -88.527891 41.702248 20.584826
vn -82.277547 49.062864 28.692170
vn -74.827814 54.758698 37.447072
vn -66.287344 58.666580 46.521182
vn -56.780676 60.728118 55.570230
vn -46.446423 60.951616 64.246637
vn -35.435248 59.411557 72.212257
vn -23.907669 56.245682 79.150784
vn -97.088283 13.902065 19.508916
vn -93.493777 18.487673 30.283982
vn -88.536537 21.354559 41.294848
vn -97.088883 12.491400 20.438047
vn -93.494704 16.305519 31.509844
vn -97.089509 11.018708 21.265357
vn 0.003256 7.662313 99.706013
vn 0.000750 1.764848 99.984425
vn 0.000259 0.610069 99.998139
vn -0.002249 -5.292345 99.859857
vn -0.002739 -6.445215 99.792080
vn -0.005236 -12.323172 99.237792
vn -0.005723 -13.468389 99.088861
vn -0.008198 -19.292605 98.121330
vn -0.008678 -20.424464 97.891987
vn -0.011118 -26.165923 96.516032
vn -0.011591 -27.278786 96.207420
vn -0.013983 -32.908884 94.429895
vn -0.014446 -33.997205 94.043553
vn -0.016779 -39.487895 91.873314
vn -0.017228 -40.546253 91.411165
vn -0.019490 -45.870179 88.859025
vn -0.019925 -46.893301 88.323371
vn -0.022105 -52.023940 85.402044
vn -0.022523 -53.006729 84.795555
vn -0.024610 -57.918521 81.519595
vn -0.025008 -58.856080 80.845292
vn -0.026992 -63.524554 77.231019
vn -0.027369 -64.412214 76.492261
vn -0.029239 -68.814111 72.557682
vn -0.029594 -69.647448 71.758150
vn -0.031341 -73.760840 67.522867
vn -0.031671 -74.535703 66.666543
vn -0.033287 -78.340096 62.151656
vn -0.033590 -79.052625 61.242807
vn -0.035067 -82.529065 56.470808
vn -0.035342 -83.175710 55.513962
vn -0.036672 -86.306879 50.508626
vn -0.036918 -86.884418 49.508550
vn -0.038095 -89.654716 44.294812
vn -0.038310 -90.160273 43.256488
vn -0.039328 -92.555898 37.860324
vn -0.039511 -92.986953 36.788925
vn -0.040364 -94.995971 31.237218
vn -0.040515 -95.350377 30.138082
vn -0.041200 -96.962780 24.458489
vn -0.041317 -97.238770 23.337091
vn -0.041830 -98.446524 17.557909
vn -0.041914 -98.642725 16.419837
vn -0.042253 -99.439813 10.569857
vn -0.042302 -99.555247 9.420780
vn -0.042464 -99.937697 3.529146
vn -0.042479 -99.971789 2.374789
vn -0.042464 -99.937697 -3.529146
vn -0.042444 -99.890277 -4.683033
vn -0.042253 -99.439813 -10.569857
vn -0.042198 -99.311116 -11.717525
vn -0.041830 -98.446524 -17.557909
vn -0.041742 -98.237193 -18.693640
vn -0.041200 -96.962780 -24.458489
vn -0.041077 -96.673857 -25.576625
vn -0.040364 -94.995972 -31.237218
vn -0.040208 -94.628896 -32.332188
vn -0.039328 -92.555898 -37.860324
vn -0.039139 -92.112499 -38.926674
vn -0.038095 -89.654716 -44.294812
vn -0.037875 -89.137203 -45.327229
vn -0.036672 -86.306879 -50.508626
vn -0.036422 -85.717829 -51.501966
vn -0.035067 -82.529065 -56.470808
vn -0.034788 -81.871413 -57.420123
vn -0.033287 -78.340096 -62.151656
vn -0.032980 -77.617118 -63.052215
vn -0.031341 -73.760840 -67.522867
vn -0.031008 -72.976139 -68.370185
vn -0.029239 -68.814111 -72.557682
vn -0.028882 -67.971596 -73.347538
vn -0.026992 -63.524554 -77.231019
vn -0.026611 -62.628422 -77.959477
vn -0.024610 -57.918521 -81.519595
vn -0.024208 -56.973236 -82.183026
vn -0.022105 -52.023940 -85.402044
vn -0.021685 -51.034213 -85.997143
vn -0.019490 -45.870179 -88.859025
vn -0.019053 -44.840939 -89.382827
vn -0.016779 -39.487895 -91.873314
vn -0.016327 -38.424271 -92.323210
vn -0.013983 -32.908884 -94.429895
vn -0.013519 -31.816174 -94.803644
vn -0.011118 -26.165923 -96.516032
vn -0.010644 -25.049571 -96.811770
vn -0.007716 -18.158172 -98.337585
vn -0.004749 -11.176311 -99.373488
vn -0.001759 -4.138769 -99.914316
vn 0.001240 2.919392 -99.957377
vn 0.004233 9.963008 -99.502454
vn 0.007205 16.956990 -98.551816
vn 0.010141 23.866492 -97.110197
vn 0.012558 29.555815 -95.532474
vn 0.013026 30.657093 -95.184781
vn 0.015390 36.220953 -93.209669
vn 0.015847 37.294962 -92.785158
vn 0.018146 42.705640 -90.422497
vn 0.018588 43.747029 -89.923285
vn 0.020811 48.977570 -87.184845
vn 0.021237 49.981150 -86.613418
vn 0.023372 55.005495 -83.512843
vn 0.023780 55.966268 -82.872047
vn 0.025817 60.759387 -79.424784
vn 0.026205 61.672565 -78.717813
vn 0.028133 66.210578 -74.941034
vn 0.028499 67.071612 -74.171410
vn 0.030309 71.331911 -70.083933
vn 0.030651 72.136512 -69.255488
vn 0.032334 76.097872 -64.877676
vn 0.032651 76.842032 -63.994540
vn 0.034198 80.484717 -59.348202
vn 0.034487 81.164728 -58.414773
vn 0.035892 84.470592 -53.523059
vn 0.036152 85.083066 -52.543988
vn 0.037407 88.035638 -47.431266
vn 0.037637 88.577524 -46.411431
vn 0.038735 91.162096 -41.103173
vn 0.038934 91.630693 -40.047654
vn 0.039871 93.834388 -34.570306
vn 0.040038 94.227363 -33.484362
vn 0.040808 96.039202 -27.865212
vn 0.040942 96.354597 -26.754253
vn 0.041541 97.765554 -21.021294
vn 0.041642 98.001797 -19.890855
vn 0.042068 99.004842 -14.072650
vn 0.042134 99.160757 -12.928362
vn 0.042385 99.750894 -7.053896
vn 0.042416 99.825703 -5.901461
vn 0.042488 99.993322 1.154842
vn 0.042385 99.750894 7.053896
vn 0.042347 99.662780 8.205390
vn 0.042068 99.004842 14.072650
vn 0.041996 98.835723 15.215060
vn 0.041541 97.765554 21.021294
vn 0.041435 97.516271 22.148930
vn 0.040808 96.039202 27.865212
vn 0.040668 95.710999 28.972454
vn 0.039871 93.834388 34.570306
vn 0.039698 93.428898 35.651639
vn 0.038735 91.162096 41.103173
vn 0.038531 90.681340 42.153210
vn 0.037407 88.035638 47.431266
vn 0.037172 87.482012 48.444775
vn 0.035892 84.470592 53.523059
vn 0.035627 83.846853 54.494991
vn 0.034198 80.484717 59.348202
vn 0.033905 79.793973 60.273716
vn 0.032334 76.097872 64.877676
vn 0.032014 75.343563 65.752160
vn 0.030309 71.331911 70.083933
vn 0.029963 70.517796 70.903030
vn 0.028133 66.210578 74.941034
vn 0.027764 65.340712 75.700664
vn 0.025817 60.759387 79.424784
vn 0.025426 59.838104 80.121162
vn 0.023372 55.005495 83.512843
vn 0.022961 54.037386 84.142500
vn 0.020811 48.977570 87.184845
vn 0.020382 47.967457 87.744645
vn 0.018146 42.705640 90.422497
vn 0.017701 41.658556 90.909650
vn 0.015390 36.220953 93.209669
vn 0.014932 35.142114 93.621748
vn 0.012558 29.555815 95.532474
vn 0.012089 28.450596 95.867426
vn 0.009664 22.743432 97.379342
vn 0.009185 21.617338 97.635499
vn 0.006721 15.817742 98.741071
vn 0.006236 14.676384 98.917156
vn 0.003745 8.813248 99.610876
vn 99.999991 -0.042491 0.000000
vn 99.271150 0.595741 12.036776
vn 99.999991 -0.042491 0.000000
vn 99.270788 -0.254910 12.051791
vn 99.999991 -0.042491 -0.000000
vn 99.270427 -1.104500 12.006764
vn 99.999991 -0.042491 -0.000000
vn 99.270068 -1.948799 11.901921
vn 99.269714 -2.783599 11.737783
vn 97.092565 -3.826689 23.630285
vn 97.091860 -5.484115 23.304402
vn 93.499233 -5.648778 35.014066
vn 93.498189 -8.104661 34.531191
vn 88.542471 -7.388495 45.887263
vn 88.541104 -10.607023 45.254437
vn 82.294561 -9.020470 56.091321
vn 82.292889 -12.954711 55.317771
vn 74.846611 -10.520908 65.477441
vn 74.844660 -15.113490 64.574448
vn 66.307229 -11.867926 73.908753
vn 66.305026 -17.051880 72.889484
vn 56.800938 -13.041884 81.262308
vn 56.798516 -18.741615 80.141627
vn 46.466362 -14.025661 87.430876
vn 46.463756 -20.158055 86.225125
vn 35.454201 -14.804913 92.324505
vn 35.451450 -21.280545 91.051266
vn 23.925039 -15.368275 95.871834
vn 23.922181 -22.092718 94.549675
vn 12.046995 -15.707534 98.021137
vn 12.044074 -22.582728 96.669337
vn 99.271510 1.443213 11.961794
vn 99.999991 -0.042491 0.000000
vn 99.271867 2.283286 11.827219
vn 99.999991 -0.042491 0.000000
vn 99.272219 3.111773 11.633722
vn 99.999991 -0.042491 0.000000
vn 99.272564 3.924547 11.382266
vn 99.272901 4.717559 11.074104
vn 97.098188 9.408816 21.986723
vn 97.098837 10.936197 21.265357
vn 93.508527 16.226060 31.509844
vn 93.509454 18.408214 30.283982
vn 88.555867 24.139107 39.688309
vn 88.557031 26.878455 37.884045
vn 82.312359 32.866501 46.308408
vn 82.313712 36.051091 43.872219
vn 74.868967 42.092766 51.213639
vn 74.870457 45.600392 48.114643
vn 66.334146 51.479925 54.310205
vn 66.335719 55.182605 50.541592
vn 56.832263 60.679844 55.570230
vn 56.833864 64.448497 51.149810
vn 46.501787 69.346963 55.032558
vn 46.503363 73.056112 50.002417
vn 35.493274 77.150949 52.801123
vn 35.494775 80.683266 47.226386
vn 23.967171 83.788789 49.040937
vn 23.968552 87.039345 43.007686
vn 12.091484 88.995911 43.971853
vn 12.092708 91.875940 37.584280
vn 12.093737 94.298222 31.009463
vn 12.094567 96.250690 24.280159
vn 12.095192 97.723616 17.429892
vn 0.041996 98.835723 15.215060
vn 12.095611 98.709663 10.492791
vn 0.042347 99.662780 8.205390
vn 12.095821 99.203917 3.503415
vn 0.042488 99.993322 1.154842
vn 12.095821 99.203917 -3.503415
vn 0.042416 99.825703 -5.901461
vn 12.095611 98.709663 -10.492791
vn 0.042134 99.160757 -12.928362
vn 12.095192 97.723616 -17.429892
vn 0.041642 98.001797 -19.890855
vn 12.094567 96.250690 -24.280159
vn 0.040942 96.354597 -26.754253
vn 12.093737 94.298222 -31.009463
vn 12.092708 91.875940 -37.584280
vn 12.091484 88.995911 -43.971853
vn 12.090071 85.671644 -50.141795
vn 12.088478 81.922214 -56.059072
vn 12.086711 77.763786 -61.698500
vn 12.084780 73.217918 -67.030549
vn 12.082693 68.307257 -72.028655
vn 12.080462 63.056267 -76.667918
vn 12.078097 57.491108 -80.925225
vn 12.075611 51.639505 -84.779367
vn 12.073015 45.530612 -88.211142
vn 12.070323 39.194862 -91.203454
vn 12.067548 32.663820 -93.741395
vn 12.064704 25.970023 -95.812321
vn 12.061805 19.146818 -97.405915
vn 12.058865 12.228200 -98.514237
vn 12.055899 5.248636 -99.131766
vn 12.052923 -1.757102 -99.255426
vn 12.049949 -8.754112 -98.884601
vn 12.046995 -15.707534 -98.021137
vn 12.044074 -22.582728 -96.669337
vn 12.041200 -29.345442 -94.835935
vn 12.038389 -35.961983 -92.530065
vn 12.035653 -42.399390 -89.763215
vn 12.033008 -48.625590 -86.549170
vn 12.030465 -54.609565 -82.903940
vn 12.028038 -60.321504 -78.845688
vn 12.025739 -65.732950 -74.394630
vn 12.023579 -70.816942 -69.572942
vn 12.021568 -75.548154 -64.404645
vn 12.019718 -79.903015 -58.915487
vn 12.018037 -83.859828 -53.132815
vn 12.016533 -87.398881 -47.085439
vn 12.015214 -90.502543 -40.803485
vn 12.014087 -93.155351 -34.318250
vn 12.013157 -95.344090 -27.662043
vn 12.012429 -97.057854 -20.868025
vn 12.011906 -98.288107 -13.970044
vn -0.042198 -99.311116 -11.717525
vn 12.011591 -99.028719 -7.002465
vn -0.042444 -99.890277 -4.683033
vn 12.011486 -99.276000 -0.000000
vn -0.042479 -99.971789 2.374789
vn 12.011591 -99.028719 7.002465
vn -0.042302 -99.555247 9.420780
vn 12.011906 -98.288107 13.970044
vn -0.041914 -98.642725 16.419837
vn 12.012429 -97.057854 20.868025
vn 12.013157 -95.344090 27.662043
vn 12.014087 -93.155351 34.318250
vn 12.015214 -90.502543 40.803485
vn 12.016533 -87.398881 47.085439
vn 12.018037 -83.859828 53.132815
vn 12.019718 -79.903015 58.915487
vn 12.021568 -75.548154 64.404645
vn 12.023579 -70.816942 69.572942
vn 12.025739 -65.732950 74.394630
vn 12.028038 -60.321504 78.845688
vn 12.030465 -54.609565 82.903940
vn 12.033008 -48.625590 86.549170
vn 12.035653 -42.399390 89.763215
vn 12.038389 -35.961983 92.530065
vn 12.041200 -29.345442 94.835935
vn 99.999991 -0.042491 0.000000
vn 99.273228 5.486858 10.710772
vn 97.099463 12.408888 20.438047
vn 93.510343 20.498461 28.907247
vn 88.558138 29.483709 35.891044
vn 82.314989 39.055902 41.217461
vn 74.871851 48.880679 44.775943
vn 66.337176 58.610227 46.521182
vn 56.835329 67.895952 46.474564
vn 46.504785 76.401200 44.723167
vn 35.496105 83.813549 41.416369
vn 23.969749 89.856223 36.760172
vn 99.999991 -0.042491 0.000000
vn 99.273543 6.228612 10.294079
vn 97.100063 13.819553 19.508916
vn 93.511187 22.486388 27.386497
vn 88.559183 31.941888 33.719236
vn 82.316183 41.865964 38.357360
vn 74.873142 51.917288 41.214171
vn 66.338508 61.745716 42.269007
vn 56.836650 71.005032 41.567784
vn 46.506044 79.365562 39.221108
vn 35.497257 86.526201 35.400018
vn 23.970756 92.225393 30.329521
vn 99.999991 -0.042491 0.000000
vn 99.273845 6.939125 9.826101
vn 97.100633 15.161165 18.482593
vn 93.511984 24.362091 25.729309
vn 88.560160 34.240748 31.379441
vn 82.317288 44.467278 35.306165
vn 74.874322 54.695088 37.447072
vn 66.339709 64.573450 37.806249
vn 56.837821 73.760248 36.453916
vn 46.507136 81.934432 33.523652
vn 35.498227 88.807709 29.207306
vn 23.971567 94.135049 23.747770
vn 99.999991 -0.042491 0.000000
vn 99.274132 7.614858 9.309171
vn 97.101170 16.427039 17.364190
vn 93.512730 26.116225 23.943939
vn 88.561064 36.368834 28.883315
vn 82.318300 46.846883 32.079075
vn 74.875386 57.200242 33.493414
vn 66.340774 67.079342 33.155143
vn 56.838835 76.147874 31.158436
vn 46.508054 84.095009 27.659183
vn 35.499008 90.646706 22.869085
vn 23.972179 95.575678 17.047708
vn 99.999991 -0.042491 0.000000
vn 99.274403 8.252444 8.745862
vn 97.101673 17.610868 16.159280
vn 93.513420 27.740051 22.039281
vn 88.561891 38.315545 26.243293
vn 82.319211 48.992926 28.692170
vn 74.876330 59.420269 29.372894
vn 66.341697 69.250908 28.338860
vn 56.839689 78.156014 25.707726
vn 46.508794 85.836531 21.656916
vn 35.499598 92.034032 16.416930
vn 23.972589 96.540104 10.262716
vn 99.274656 8.848706 8.138982
vn 99.999991 -0.042491 0.000000
vn 99.274891 9.400674 7.491554
vn 99.999991 -0.042491 0.000000
vn 99.275105 9.905599 6.806804
vn 99.999991 -0.042491 0.000000
vn 99.275299 10.360964 6.088142
vn 99.999991 -0.042491 0.000000
vn 99.275470 10.764501 5.339150
vn 99.999991 -0.042491 0.000000
vn 99.275619 11.114200 4.563558
vn 99.275744 11.408318 3.765231
vn 97.103833 22.692768 7.475556
vn 97.104033 23.163456 5.853300
vn 93.516226 34.343746 8.673100
vn 93.516449 34.869889 6.226120
vn 88.565034 45.712757 8.159567
vn 88.565230 46.174362 4.912058
vn 82.322381 56.453283 6.004363
vn 82.322502 56.736114 2.004784
vn 74.879227 66.239147 2.340257
vn 74.879227 66.239147 -2.340257
vn 66.344045 74.776264 -2.641604
vn 66.343886 74.403592 -7.911652
vn 56.841243 81.813224 -8.698822
vn 56.840895 80.995763 -14.449876
vn 46.509352 87.150321 -15.546757
vn 46.508794 85.836531 -21.656916
vn 35.499008 90.646706 -22.869085
vn 35.498227 88.807709 -29.207306
vn 23.970756 92.225393 -30.329521
vn 23.969749 89.856223 -36.760172
vn 99.999991 -0.042491 0.000000
vn 99.275845 11.645391 2.948145
vn 97.104184 23.518539 4.201883
vn 93.516599 35.222114 3.748123
vn 88.565329 46.405740 1.640076
vn 82.322502 56.736114 -2.004784
vn 74.879087 65.908988 -7.009112
vn 66.343570 73.660105 -13.142284
vn 56.840377 79.774666 -20.128942
vn 46.508054 84.095009 -27.659183
vn 35.497257 86.526201 -35.400018
vn 23.968552 87.039345 -43.007686
vn 99.999991 -0.042491 0.000000
vn 99.275921 11.824236 2.116372
vn 97.104285 23.756249 2.529532
vn 93.516674 35.398666 1.251453
vn 88.565329 46.405740 -1.640076
vn 82.322381 56.453283 -6.004363
vn 74.878807 65.250316 -11.643048
vn 66.343099 72.549506 -18.307442
vn 56.839689 78.156014 -25.707726
vn 46.507136 81.934432 -33.523652
vn 35.496105 83.813549 -41.416369
vn 23.967170 83.787148 -49.043742
vn 99.999991 -0.042491 0.000000
vn 99.275971 11.943964 1.274055
vn 97.104335 23.875401 0.844580
vn 93.516674 35.398666 -1.251453
vn 88.565230 46.174362 -4.912058
vn 82.322142 55.889031 -9.974029
vn 74.878389 64.266411 -16.218978
vn 66.342473 71.077329 -23.381393
vn 56.838835 76.147874 -31.158436
vn 46.506044 79.365562 -39.221108
vn 35.494774 80.680895 -47.230438
vn 23.965612 80.120752 -54.829869
vn 99.999991 -0.042491 0.000000
vn 99.275997 12.003978 0.425392
vn 97.104335 23.875401 -0.844580
vn 93.516599 35.222114 -3.748123
vn 88.565034 45.712757 -8.159567
vn 82.321783 55.046168 -13.894005
vn 74.877835 62.962177 -20.714107
vn 66.341697 69.250908 -28.338860
vn 56.837821 73.760248 -36.453916
vn 46.504783 76.398205 -44.728284
vn 35.493274 77.150949 -52.801123
vn 23.963884 76.053506 -60.345642
vn 99.999991 -0.042491 -0.000000
vn 99.275997 12.003978 -0.425392
vn 97.104285 23.756249 -2.529532
vn 93.516449 34.869889 -6.226120
vn 88.564741 45.023227 -11.366427
vn 82.321309 53.928893 -17.744762
vn 74.877147 61.344109 -25.106039
vn 66.340774 67.079342 -33.155143
vn 56.836649 71.001552 -41.573729
vn 46.503363 73.056112 -50.002417
vn 35.491610 73.234195 -58.112808
vn 23.961995 71.607315 -65.560775
vn 99.999991 -0.042491 -0.000000
vn 99.275971 11.943964 -1.274055
vn 97.104184 23.518539 -4.201883
vn 93.516226 34.343746 -8.673100
vn 88.564353 44.109206 -14.516659
vn 82.320720 52.542774 -21.507115
vn 74.876330 59.420269 -29.372894
vn 66.339708 64.569653 -37.812737
vn 56.835329 67.895952 -46.474564
vn 46.501787 69.346963 -55.032558
vn 35.489790 68.952516 -63.134977
vn 23.959954 66.804329 -70.449288
vn 99.275921 11.824236 -2.116372
vn 99.999991 -0.042491 -0.000000
vn 99.275845 11.645391 -2.948145
vn 99.999991 -0.042491 -0.000000
vn 99.275744 11.408318 -3.765231
vn 99.999991 -0.042491 -0.000000
vn 99.275619 11.114200 -4.563558
vn 99.999991 -0.042491 -0.000000
vn 99.275470 10.764501 -5.339150
vn 99.999991 -0.042491 -0.000000
vn 99.275298 10.359741 -6.090231
vn 99.275105 9.905599 -6.806804
vn 97.102565 19.709242 -13.514349
vn 97.102139 18.706756 -14.873865
vn 93.513420 27.740051 -22.039281
vn 93.512730 26.116225 -23.943939
vn 88.560160 34.240748 -31.379441
vn 88.559183 31.941888 -33.719236
vn 82.314989 39.055902 -41.217461
vn 82.313712 36.051091 -43.872219
vn 74.868967 42.092766 -51.213639
vn 74.867387 38.375279 -54.057491
vn 66.330681 43.324459 -61.018293
vn 66.328806 38.912302 -63.924348
vn 56.824662 42.790726 -70.284505
vn 56.822510 37.726280 -73.129544
vn 46.489571 40.596280 -78.680759
vn 46.487170 34.945048 -81.349780
vn 35.476174 36.906756 -85.903041
vn 35.473560 30.755274 -88.293486
vn 23.945141 31.942443 -91.685934
vn 23.942359 25.395420 -93.711451
vn 99.999991 -0.042491 -0.000000
vn 99.274891 9.400674 -7.491554
vn 97.101673 17.610868 -16.159280
vn 93.511984 24.362091 -25.729309
vn 88.558138 29.483709 -35.891044
vn 82.312359 32.866501 -46.308408
vn 74.865727 34.466449 -56.632031
vn 66.326849 34.306146 -66.511935
vn 56.820278 32.473763 -75.610255
vn 46.484694 29.119624 -83.613520
vn 35.470881 24.450496 -90.244057
vn 23.939524 18.721828 -95.270102
vn 99.999991 -0.042491 -0.000000
vn 99.274656 8.848706 -8.138982
vn 97.101170 16.427039 -17.364190
vn 93.511187 22.486388 -27.386497
vn 88.557031 26.878455 -37.884045
vn 82.310936 29.517997 -48.513891
vn 74.863993 30.385750 -58.924433
vn 66.324819 29.528937 -68.768163
vn 56.817977 27.059343 -77.714280
vn 46.482158 23.149028 -85.460702
vn 35.468150 18.023831 -91.745037
vn 23.936648 11.954914 -96.354122
vn 99.999991 -0.042491 -0.000000
vn 99.274403 8.252444 -8.745862
vn 97.100633 15.161165 -18.482593
vn 93.510343 20.498461 -28.907247
vn 88.555867 24.139107 -39.688309
vn 82.309451 26.022263 -50.477679
vn 74.862194 26.153513 -60.923276
vn 66.322726 24.604477 -70.681792
vn 56.815620 21.509995 -79.431137
vn 46.479572 17.063007 -86.882123
vn 35.465381 11.507298 -92.788948
vn 23.933748 5.128390 -96.958111
vn 99.999991 -0.042491 -0.000000
vn 99.274132 7.614858 -9.309171
vn 97.100063 13.819553 -19.508916
vn 93.509454 18.408214 -30.283982
vn 88.554652 21.279312 -41.294848
vn 82.307911 22.396712 -52.189991
vn 74.860341 21.790822 -62.618603
vn 66.320582 19.557298 -72.243287
vn 56.813216 15.853365 -80.752271
vn 46.476949 10.891880 -87.870701
vn 35.462588 4.933361 -93.370588
vn 23.930836 -1.723733 -97.079060
vn 99.999991 -0.042491 -0.000000
vn 99.273845 6.939125 -9.826101
vn 97.099463 12.408888 -20.438047
vn 93.508527 16.226060 -31.509844
vn 88.553392 18.313316 -42.695658
vn 82.306323 18.659408 -53.642295
vn 74.858441 17.319412 -64.001967
vn 66.318396 14.412546 -73.444870
vn 56.810779 10.117634 -81.671102
vn 46.474304 4.666392 -88.421512
vn 35.459784 -1.665229 -93.487062
vn 23.927928 -8.567320 -96.716365
vn 99.273543 6.228612 -10.294079
vn 99.999991 -0.042491 -0.000000
vn 99.273228 5.486858 -10.710772
vn 99.999991 -0.042491 -0.000000
vn 99.272901 4.717559 -11.074104
vn 99.999991 -0.042491 -0.000000
vn 99.272564 3.924547 -11.382266
vn 99.999991 -0.042491 -0.000000
vn 99.272219 3.111773 -11.633722
vn 99.999991 -0.042491 -0.000000
vn 99.271867 2.283286 -11.827219
vn 99.999991 -0.042491 -0.000000
vn 99.271510 1.443213 -11.961794
vn 99.271150 0.595741 -12.036776
vn 97.094711 1.225285 -23.898028
vn 97.093994 -0.463612 -23.927839
vn 93.501350 -0.665553 -35.454966
vn 93.500288 -3.164950 -35.322503
vn 88.543854 -4.133344 -46.291482
vn 88.542471 -7.388495 -45.887263
vn 82.294561 -9.020470 -56.091321
vn 82.292889 -12.954711 -55.317771
vn 74.844660 -15.113490 -64.574448
vn 74.842740 -19.630935 -63.349748
vn 66.302860 -22.151022 -71.507084
vn 66.300740 -27.139949 -69.768439
vn 56.793803 -29.833397 -76.710053
vn 56.791536 -35.170190 -74.416256
vn 46.456246 -37.833713 -80.065145
vn 46.453886 -43.387230 -77.198347
vn 35.441027 -45.809890 -81.519246
vn 35.438632 -51.446099 -78.085865
vn 23.908871 -53.417304 -81.086111
vn 23.906497 -59.003998 -77.116844
vn 99.999991 -0.042491 -0.000000
vn 99.270788 -0.254910 -12.051791
vn 97.093277 -2.150404 -23.838443
vn 93.499233 -5.648778 -35.014066
vn 88.541104 -10.607023 -45.254437
vn 82.291245 -16.824586 -54.268631
vn 74.840862 -24.050739 -61.809443
vn 66.298677 -31.993807 -67.682211
vn 56.789343 -40.331887 -71.751721
vn 46.451618 -48.724694 -73.946950
vn 35.436346 -56.826081 -74.263463
vn 23.904249 -64.296787 -72.763384
vn 99.999991 -0.042491 0.000000
vn 99.270427 -1.104500 -12.006764
vn 97.092565 -3.826689 -23.630285
vn 93.498189 -8.104661 -34.531191
vn 88.539758 -13.772896 -44.396154
vn 82.289636 -20.610816 -52.949127
vn 74.839035 -28.350882 -59.961207
vn 66.296683 -36.688414 -65.258794
vn 56.787235 -45.292773 -68.729722
vn 46.449453 -53.819511 -70.327153
vn 35.434180 -61.923033 -70.071084
vn 23.902136 -69.269304 -68.047421
vn 99.999991 -0.042491 0.000000
vn 99.270068 -1.948799 -11.901921
vn 97.091860 -5.484115 -23.304402
vn 93.497163 -10.520366 -33.876282
vn 88.538442 -16.870340 -43.316693
vn 82.288071 -24.294538 -51.365833
vn 74.837268 -32.509941 -57.814246
vn 66.294766 -41.200381 -62.510261
vn 56.785223 -50.028132 -65.365316
vn 46.447402 -58.646301 -66.356990
vn 35.432146 -66.711562 -65.529615
vn 23.900169 -73.896775 -62.992449
vn 99.999991 -0.042491 0.000000
vn 99.269714 -2.783599 -11.737783
vn 97.091168 -7.114425 -22.862418
vn 93.496158 -12.883856 -33.052604
vn 88.537162 -19.883924 -42.021430
vn 82.286557 -27.857400 -49.526637
vn 74.835569 -36.507195 -55.379258
vn 66.292936 -45.507230 -59.450304
vn 56.783316 -54.514374 -61.675262
vn 46.445475 -63.181016 -62.056240
vn 35.430252 -71.167814 -60.661681
vn 23.898360 -78.156146 -57.623651
vn 99.999991 -0.042491 0.000000
vn 99.269365 -3.604741 -11.515167
vn 97.090490 -8.709497 -22.306534
vn 93.495181 -15.183358 -32.064259
vn 88.535923 -22.798635 -40.516818
vn 82.285102 -31.281652 -47.440702
vn 74.833948 -40.322731 -52.668374
vn 66.291202 -49.587505 -56.094170
vn 56.781525 -58.729149 -57.677946
vn 46.443682 -67.401066 -57.446329
vn 35.428509 -75.269585 -55.491533
vn 23.896715 -82.026199 -51.967776
vn 99.269023 -4.408134 -11.235184
vn 99.999991 -0.042491 0.000000
vn 99.268691 -5.189777 -10.899228
vn 99.999991 -0.042491 0.000000
vn 99.268370 -5.945774 -10.508972
vn 99.999991 -0.042491 0.000000
vn 99.268061 -6.672361 -10.066361
vn 99.999991 -0.042491 0.000000
vn 99.267767 -7.365915 -9.573600
vn 99.999991 -0.042491 0.000000
vn 99.267487 -8.022984 -9.033143
vn 99.267225 -8.640292 -8.447685
vn 97.086919 -17.112099 -16.772183
vn 97.086435 -18.252669 -15.526244
vn 93.490150 -27.024407 -23.005941
vn 93.489489 -28.580003 -21.045163
vn 88.529702 -37.440737 -27.580485
vn 88.528915 -39.293065 -24.873406
vn 82.277990 -48.019734 -30.404563
vn 82.277130 -50.044912 -26.944030
vn 74.826263 -58.410231 -31.452747
vn 74.825382 -60.483456 -27.256445
vn 66.283266 -68.263985 -30.766167
vn 66.282416 -70.264224 -25.876246
vn 56.773657 -77.248325 -28.450804
vn 56.772886 -79.062851 -22.932620
vn 46.436180 -85.058236 -24.673420
vn 46.435530 -86.586845 -18.613432
vn 35.421644 -91.427448 -19.655251
vn 35.421152 -92.586203 -13.158156
vn 23.890719 -96.138110 -13.663724
vn 23.890411 -96.862482 -6.848923
vn 99.999991 -0.042491 0.000000
vn 99.266981 -9.214766 -7.820140
vn 97.085989 -19.302509 -14.202954
vn 93.488888 -29.993414 -18.979538
vn 88.528211 -40.949825 -22.042408
vn 82.276375 -51.820942 -23.349264
vn 74.824629 -62.255513 -22.924353
vn 66.281715 -71.914551 -20.857410
vn 56.772282 -80.483611 -17.300186
vn 46.435064 -87.684180 -12.460712
vn 35.420855 -93.283773 -6.595507
vn 23.890308 -97.104342 -0.000000
vn 99.999991 -0.042491 0.000000
vn 99.266756 -9.743541 -7.153635
vn 97.085583 -20.256392 -12.808906
vn 93.488351 -31.257597 -16.819359
vn 88.527593 -42.402762 -19.101597
vn 82.275730 -53.338977 -19.638172
vn 74.824008 -63.717576 -18.478053
vn 66.281166 -73.206744 -15.734665
vn 56.771848 -81.503525 -11.581564
vn 46.434783 -88.344776 -6.245915
vn 35.420756 -93.516683 -0.000000
vn 23.890411 -96.862482 6.848923
vn 99.999991 -0.042491 0.000000
vn 99.266552 -10.223985 -6.451492
vn 97.085221 -21.109563 -11.351045
vn 93.487880 -32.366254 -14.575386
vn 88.527066 -43.644638 -16.065622
vn 82.275198 -54.591454 -15.829244
vn 74.823521 -64.862358 -13.939696
vn 66.280772 -74.134365 -10.533530
vn 56.771588 -82.117513 -5.805243
vn 46.434689 -88.565341 -0.000000
vn 35.420855 -93.283773 6.595507
vn 23.890719 -96.138110 13.663724
vn 99.999991 -0.042491 0.000000
vn 99.266370 -10.653704 -5.717207
vn 97.084903 -21.857773 -9.836633
vn 93.487477 -33.313862 -12.258799
vn 88.526630 -44.669266 -12.949610
vn 82.274781 -55.572133 -11.941456
vn 74.823172 -65.684159 -9.331893
vn 66.280534 -74.692792 -5.279917
vn 56.771501 -82.322517 -0.000000
vn 46.434783 -88.344776 6.245915
vn 35.421152 -92.586203 13.158156
vn 23.891230 -94.934833 20.410454
vn 99.999991 -0.042491 0.000000
vn 99.266209 -11.030557 -4.954440
vn 97.084631 -22.497295 -8.273216
vn 93.487145 -34.095700 -9.881140
vn 88.526289 -45.471542 -9.769083
vn 82.274482 -56.276130 -7.994176
vn 74.822962 -66.178882 -4.677598
vn 66.280455 -74.879245 -0.000000
vn 56.771588 -82.117513 5.805243
vn 46.435064 -87.684180 12.460712
vn 35.421644 -91.427448 19.655251
vn 23.891942 -93.258646 27.055499
vn 99.999991 -0.042491 0.000000
vn 99.266073 -11.352666 -4.166990
vn 97.084407 -23.024941 -6.668582
vn 93.486885 -34.707872 -7.454254
vn 88.526045 -46.047468 -6.539886
vn 82.274302 -56.699935 -4.007070
vn 74.822892 -66.344064 -0.000000
vn 66.280534 -74.692792 5.279917
vn 56.771848 -81.503525 11.581564
vn 46.435530 -86.586845 18.613432
vn 35.422330 -89.813281 26.054426
vn 23.892852 -91.117900 33.565756
vn 99.265960 -11.618427 -3.358780
vn 99.999991 -0.042491 0.000000
vn 99.265871 -11.826516 -2.533837
vn 99.999991 -0.042491 0.000000
vn 99.265808 -11.975896 -1.696270
vn 99.999991 -0.042491 0.000000
vn 99.265770 -12.065822 -0.850253
vn 99.999991 -0.042491 0.000000
vn 99.265757 -12.095848 -0.000000
vn 99.999991 -0.042491 -0.000000
vn 99.265770 -12.065822 0.850253
vn 99.265808 -11.975896 1.696270
vn 97.084106 -23.734665 3.367805
vn 97.084232 -23.438084 5.030725
vn 93.486885 -34.707872 7.454254
vn 93.487145 -34.095700 9.881140
vn 88.526630 -44.669266 12.949610
vn 88.527066 -43.644638 16.065622
vn 82.275730 -53.338977 19.638172
vn 82.276375 -51.820942 23.349264
vn 74.825382 -60.483456 27.256445
vn 74.826263 -58.410231 31.452747
vn 66.284260 -65.923798 35.502812
vn 66.285394 -63.255322 40.062585
vn 56.776931 -69.542072 44.048614
vn 56.778325 -66.261761 48.842613
vn 46.442032 -71.285424 52.550223
vn 46.443682 -67.401066 57.446329
vn 35.430252 -71.167814 60.661681
vn 35.432146 -66.711562 65.529615
vn 23.902136 -69.269304 68.047421
vn 23.904249 -64.296787 72.763384
vn 99.999991 -0.042491 -0.000000
vn 99.265871 -11.826516 2.533837
vn 97.084407 -23.024941 6.668582
vn 93.487477 -33.313862 12.258799
vn 88.527593 -42.402762 19.101597
vn 82.277130 -50.044912 26.944030
vn 74.827267 -56.046168 35.492353
vn 66.286662 -60.271852 44.422767
vn 56.779859 -62.651458 53.393281
vn 46.445475 -63.181016 62.056240
vn 35.434180 -61.923033 70.071084
vn 23.906497 -59.003998 77.116844
vn 99.999991 -0.042491 -0.000000
vn 99.265960 -11.618427 3.358780
vn 97.084631 -22.497295 8.273216
vn 93.487880 -32.366254 14.575386
vn 88.528211 -40.949825 22.042408
vn 82.277990 -48.019734 30.404563
vn 74.828390 -53.403044 39.355138
vn 66.288057 -56.988251 48.561638
vn 56.781525 -58.729149 57.677946
vn 46.447402 -58.646301 66.356990
vn 35.436346 -56.826081 74.263463
vn 23.908871 -53.417304 81.086111
vn 99.999991 -0.042491 -0.000000
vn 99.266073 -11.352666 4.166990
vn 97.084903 -21.857773 9.836633
vn 93.488351 -31.257597 16.819359
vn 88.528915 -39.293065 24.873406
vn 82.278952 -45.755500 33.713621
vn 74.829626 -50.494028 43.021857
vn 66.289573 -53.420878 52.458577
vn 56.783316 -54.514374 61.675262
vn 46.449453 -53.819511 70.327153
vn 35.438632 -51.446099 78.085865
vn 23.911358 -47.564539 84.651412
vn 99.999991 -0.042491 -0.000000
vn 99.266209 -11.030557 4.954440
vn 97.085221 -21.109563 11.351045
vn 93.488888 -29.993414 18.979538
vn 88.529702 -37.440737 27.580485
vn 82.280011 -43.263487 36.854721
vn 74.830969 -47.333611 46.474244
vn 66.291202 -49.587505 56.094170
vn 56.785223 -50.028132 65.365316
vn 46.451618 -48.724694 73.946950
vn 35.441027 -45.809890 81.519246
vn 23.913946 -41.474860 87.794984
vn 99.999991 -0.042491 -0.000000
vn 99.266370 -10.653704 5.717207
vn 97.085583 -20.256392 12.808906
vn 93.489489 -28.580003 21.045163
vn 88.530568 -35.402068 30.150159
vn 82.281162 -40.556113 39.812211
vn 74.832412 -43.937539 49.695098
vn 66.292936 -45.507230 59.450304
vn 56.787235 -45.292773 68.729722
vn 46.453886 -43.387230 77.198347
vn 35.443519 -39.945534 84.546503
vn 23.916621 -35.178607 90.501165
vn 99.266552 -10.223985 6.451492
vn 99.999991 -0.042491 -0.000000
vn 99.266756 -9.743541 7.153635
vn 99.999991 -0.042491 -0.000000
vn 99.266981 -9.214766 7.820140
vn 99.999991 -0.042491 -0.000000
vn 99.267225 -8.640292 8.447685
vn 99.999991 -0.042491 -0.000000
vn 99.267487 -8.022984 9.033143
vn 99.999991 -0.042491 -0.000000
vn 99.267767 -7.365915 9.573600
vn 99.999991 -0.042491 -0.000000
vn 99.268061 -6.672361 10.066361
vn 99.268370 -5.945774 10.508972
vn 97.089193 -11.762355 20.864699
vn 97.089830 -10.261384 21.639520
vn 93.495181 -15.183358 32.064259
vn 93.496158 -12.883856 33.052604
vn 88.538442 -16.870340 43.316693
vn 88.539758 -13.772896 44.396154
vn 82.291245 -16.824586 54.268631
vn 99.999991 -0.042491 -0.000000
vn 99.268691 -5.189777 10.899228
vn 97.090490 -8.709497 22.306534
vn 93.497163 -10.520366 33.876282
vn 99.999991 -0.042491 -0.000000
vn 99.269023 -4.408134 11.235184
vn 97.091168 -7.114425 22.862418
vn 99.999991 -0.042491 -0.000000
vn 99.269365 -3.604741 11.515167
vn 99.999991 -0.042491 -0.000000
vn 12.052923 -1.757102 99.255426
vn 12.055899 5.248636 99.131766
vn 12.058865 12.228200 98.514237
vn 12.061805 19.146818 97.405915
vn 12.064704 25.970023 95.812321
vn 12.067548 32.663820 93.741395
vn 12.070323 39.194862 91.203454
vn 12.073015 45.530612 88.211142
vn 12.075611 51.639505 84.779367
vn 12.078097 57.491108 80.925225
vn 12.080462 63.056267 76.667918
vn 12.082693 68.307257 72.028655
vn 12.084780 73.217918 67.030549
vn 12.086711 77.763786 61.698500
vn 12.088478 81.922214 56.059072
vn 12.090072 85.672483 50.140361
vn 12.049949 -8.754112 98.884601
vn 97.084004 -23.972820 -0.000000
vn 97.084030 -23.913207 -1.688108
vn 97.084106 -23.734665 -3.367805
vn 97.084232 -23.438084 -5.030725
vn 93.486548 -35.500215 -0.000000
vn 93.486586 -35.411884 -2.501346
vn 93.486698 -35.147330 -4.990230
vn 97.084030 -23.913207 1.688108
vn 88.525848 -46.509937 -0.000000
vn 88.525897 -46.394175 -3.278109
vn 93.486586 -35.411884 2.501346
vn 93.486698 -35.147330 4.990230
vn 82.274242 -56.841439 -0.000000
vn 88.525897 -46.394175 3.278109
vn 88.526045 -46.047468 6.539886
vn 88.526289 -45.471542 9.769083
vn 74.822962 -66.178882 4.677598
vn 66.280772 -74.134365 10.533530
vn 56.772282 -80.483611 17.300186
vn 46.436180 -85.058236 24.673420
vn 35.423206 -87.751744 32.323798
vn 23.893955 -88.523259 39.908789
vn 82.274302 -56.699935 4.007070
vn 82.274482 -56.276130 7.994176
vn 82.274781 -55.572133 11.941456
vn 82.275198 -54.591454 15.829244
vn 97.094711 1.225285 23.898028
vn 97.093994 -0.463612 23.927839
vn 97.093277 -2.150404 23.838443
vn 93.502413 1.836962 35.410793
vn 93.501350 -0.665553 35.454966
vn 93.500288 -3.164950 35.322503
vn 97.095426 2.907872 23.749158
vn 97.096135 4.575767 23.481971
vn 97.096834 6.220659 23.097798
vn 97.097519 7.834356 22.598553
vn 88.546640 2.421852 46.407190
vn 88.545246 -0.857789 46.465079
vn 88.543854 -4.133344 46.291482
vn 93.503473 4.330128 35.190206
vn 93.504523 6.801523 34.794303
vn 93.505558 9.238835 34.225056
vn 93.506574 11.629922 33.485302
vn 93.507566 13.962871 32.578726
vn 82.299657 2.971426 56.726864
vn 82.297953 -1.037517 56.797627
vn 82.296252 -5.041465 56.585427
vn 88.548028 5.689240 46.118102
vn 88.549404 8.928097 45.599256
vn 88.550761 12.122287 44.853236
vn 88.552093 15.255898 43.883760
vn 88.553392 18.313316 42.695658
vn 88.554652 21.279312 41.294848
vn 74.852559 3.477669 66.219334
vn 74.850571 -1.202115 66.301938
vn 74.848585 -5.876069 66.054229
vn 82.301354 6.965390 56.373491
vn 82.303036 10.924480 55.739268
vn 82.304695 14.828970 54.827355
vn 82.306323 18.659408 53.642295
vn 82.307911 22.396712 52.189991
vn 82.309451 26.022263 50.477679
vn 82.310936 29.517997 48.513891
vn 66.313943 3.933201 74.746176
vn 66.311699 -1.349184 74.839417
vn 66.309457 -6.624988 74.559811
vn 74.854540 8.139970 65.806829
vn 74.856504 12.761559 65.066477
vn 74.858441 17.319412 64.001967
vn 74.860341 21.790822 62.618603
vn 74.862194 26.153513 60.923276
vn 74.863993 30.385750 58.924433
vn 74.865727 34.466449 56.632031
vn 74.867387 38.375279 54.057491
vn 56.808320 4.331377 82.183051
vn 56.805852 -1.476579 82.285569
vn 56.803388 -7.277299 81.978144
vn 66.316179 9.195850 74.280554
vn 66.318396 14.412546 73.444870
vn 66.320582 19.557298 72.243287
vn 66.322726 24.604477 70.681792
vn 66.324819 29.528937 68.768163
vn 66.326849 34.306146 66.511935
vn 66.328806 38.912302 63.924348
vn 66.330681 43.324459 61.018293
vn 66.332464 47.520635 57.808248
vn 46.474304 4.666392 88.421512
vn 46.471649 -1.582442 88.531812
vn 46.468997 -7.823490 88.201050
vn 56.810779 10.117634 81.671102
vn 56.813216 15.853365 80.752271
vn 56.815620 21.509995 79.431137
vn 56.817977 27.059343 77.714280
vn 56.820278 32.473763 75.610255
vn 56.822510 37.726280 73.129544
vn 56.824662 42.790726 70.284505
vn 56.826723 47.641871 67.089311
vn 56.828683 52.255546 63.559883
vn 56.830533 56.608766 59.713802
vn 35.462588 4.933361 93.370588
vn 35.459784 -1.665229 93.487062
vn 35.456984 -8.255598 93.137787
vn 46.476949 10.891880 87.870701
vn 46.479572 17.063007 86.882123
vn 46.482158 23.149028 85.460702
vn 46.484694 29.119624 83.613520
vn 46.487170 34.945048 81.349780
vn 46.489571 40.596280 78.680759
vn 46.491886 46.045165 75.619755
vn 46.494104 51.264557 72.182017
vn 46.496213 56.228453 68.384671
vn 46.498203 60.912123 64.246637
vn 46.500064 65.292234 59.788529
vn 23.933748 5.128390 96.958111
vn 23.930836 -1.723733 97.079060
vn 23.927928 -8.567320 96.716365
vn 35.465381 11.507298 92.788948
vn 35.468150 18.023831 91.745037
vn 35.470881 24.450496 90.244057
vn 35.473560 30.755274 88.293486
vn 35.476174 36.906756 85.903041
vn 35.478709 42.874295 83.084632
vn 35.481154 48.628162 79.852299
vn 35.483496 54.139690 76.222145
vn 35.485723 59.381422 72.212257
vn 35.487825 64.327244 67.842612
vn 35.489790 68.952516 63.134977
vn 35.491610 73.234195 58.112808
vn 23.936648 11.954914 96.354122
vn 23.939524 18.721828 95.270102
vn 23.942359 25.395420 93.711451
vn 23.945141 31.942443 91.685934
vn 23.947855 38.330280 89.203643
vn 23.950488 44.527106 86.276943
vn 23.953027 50.502050 82.920416
vn 23.955459 56.225345 79.150784
vn 23.957772 61.668477 74.986826
vn 23.959954 66.804329 70.449288
vn 23.961995 71.607315 65.560775
vn 23.963884 76.053506 60.345642
vn 23.965612 80.120752 54.829869
vn 97.102139 18.706756 14.873865
vn 93.514051 29.225480 20.024825
vn 88.562637 40.071183 23.472529
vn 82.320019 50.894715 25.162321
vn 74.877147 61.344109 25.106039
vn 66.342473 71.077329 23.381393
vn 56.840377 79.774666 20.128942
vn 46.509352 87.150321 15.546757
vn 35.499992 92.962773 9.882988
vn 23.972794 97.023521 3.426596
vn 97.102565 19.709242 13.514349
vn 93.514620 30.565112 17.910606
vn 88.563298 41.627001 20.584826
vn 82.320720 52.542774 21.507115
vn 74.877835 62.962177 20.714107
vn 66.343099 72.549506 18.307442
vn 56.840895 80.995763 14.449876
vn 46.509726 88.029835 9.359144
vn 35.500190 93.428303 3.299809
vn 23.972794 97.023521 -3.426596
vn 97.102949 20.613332 12.087505
vn 93.515124 31.752271 15.707157
vn 88.563871 42.975247 17.594570
vn 82.321309 53.928893 17.744762
vn 74.878389 64.266411 16.218978
vn 66.343570 73.660105 13.142284
vn 56.841243 81.813224 8.698822
vn 46.509913 88.470690 3.124904
vn 35.500190 93.428303 -3.299809
vn 23.972589 96.540104 -10.262716
vn 97.103290 21.414522 10.600442
vn 93.515562 32.781045 13.425456
vn 88.564353 44.109206 14.516659
vn 82.321783 55.046168 13.894005
vn 74.878807 65.250316 11.643048
vn 66.343886 74.403592 7.911652
vn 56.841417 82.222975 2.904431
vn 46.509913 88.470690 -3.124904
vn 35.499992 92.962773 -9.882988
vn 23.972179 95.575678 -17.047708
vn 97.103585 22.108820 9.060569
vn 93.515929 33.646306 11.076870
vn 88.564741 45.023227 11.366427
vn 82.322142 55.889031 9.974029
vn 74.879087 65.908988 7.009112
vn 66.344045 74.776264 2.641604
vn 56.841417 82.222975 -2.904431
vn 46.509726 88.029835 -9.359144
vn 35.499598 92.034032 -16.416930
vn 23.971567 94.135049 -23.747770
vn 97.104033 23.163456 -5.853300
vn 93.515929 33.646306 -11.076870
vn 88.563871 42.975247 -17.594570
vn 82.320019 50.894715 -25.162321
vn 74.875385 57.196318 -33.500120
vn 66.338508 61.745716 -42.269007
vn 56.833864 64.448497 -51.149810
vn 46.500064 65.292234 -59.788529
vn 35.487825 64.327244 -67.842612
vn 23.957772 61.668477 -74.986826
vn 97.103833 22.692768 -7.475556
vn 93.515562 32.781045 -13.425456
vn 88.563298 41.627001 -20.584826
vn 82.319210 48.989084 -28.698735
vn 74.874322 54.695088 -37.447072
vn 66.337176 58.610227 -46.521182
vn 56.832263 60.679844 -55.570230
vn 46.498203 60.912123 -64.246637
vn 35.485723 59.381422 -72.212257
vn 23.955459 56.225345 -79.150784
vn 97.103585 22.108820 -9.060569
vn 93.515124 31.752271 -15.707157
vn 88.562636 40.067647 -23.478571
vn 82.318300 46.846883 -32.079075
vn 74.873142 51.917288 -41.214171
vn 66.335719 55.182605 -50.541592
vn 56.830533 56.608766 -59.713802
vn 46.496213 56.228453 -68.384671
vn 35.483496 54.139690 -76.222145
vn 23.953027 50.502050 -82.920416
vn 97.103290 21.414522 -10.600442
vn 93.514619 30.562113 -17.915728
vn 88.561891 38.315545 -26.243293
vn 82.317288 44.467278 -35.306165
vn 74.871851 48.880679 -44.775943
vn 66.334146 51.479925 -54.310205
vn 56.828683 52.255546 -63.559883
vn 46.494104 51.264557 -72.182017
vn 35.481154 48.628162 -79.852299
vn 23.950488 44.527106 -86.276943
vn 97.102948 20.611106 -12.091308
vn 93.514051 29.225480 -20.024825
vn 88.561064 36.368834 -28.883315
vn 82.316183 41.865964 -38.357360
vn 74.870457 45.600392 -48.114643
vn 66.332464 47.520635 -57.808248
vn 56.826723 47.641871 -67.089311
vn 46.491886 46.045165 -75.619755
vn 35.478709 42.874295 -83.084632
vn 23.947855 38.330280 -89.203643
vn 97.098837 10.936197 -21.265357
vn 93.507566 13.962871 -32.578726
vn 88.552093 15.255898 -43.883760
vn 82.304695 14.828970 -54.827355
vn 74.856504 12.761559 -65.066477
vn 66.316179 9.195850 -74.280554
vn 56.808320 4.331377 -82.183051
vn 46.471649 -1.582442 -88.531812
vn 35.456984 -8.255598 -93.137787
vn 23.925039 -15.368275 -95.871834
vn 97.098188 9.408816 -21.986723
vn 97.097519 7.834356 -22.598553
vn 97.096834 6.220659 -23.097798
vn 97.096135 4.575767 -23.481971
vn 97.095426 2.907872 -23.749158
vn 93.506574 11.629922 -33.485302
vn 88.550761 12.122287 -44.853236
vn 82.303036 10.924480 -55.739268
vn 74.854540 8.139970 -65.806829
vn 66.313943 3.933201 -74.746176
vn 56.805852 -1.476579 -82.285569
vn 46.468997 -7.823490 -88.201050
vn 35.454201 -14.804913 -92.324505
vn 23.922181 -22.092718 -94.549675
vn 93.505558 9.238835 -34.225056
vn 93.504523 6.801523 -34.794303
vn 93.503473 4.330128 -35.190206
vn 93.502413 1.836962 -35.410793
vn 88.549404 8.928097 -45.599256
vn 82.301354 6.965390 -56.373491
vn 74.852559 3.477669 -66.219334
vn 66.311699 -1.349184 -74.839417
vn 56.803388 -7.277299 -81.978144
vn 46.466362 -14.025661 -87.430876
vn 35.451450 -21.280545 -91.051266
vn 23.919371 -28.707146 -92.756474
vn 88.548028 5.689240 -46.118102
vn 88.546640 2.421852 -46.407190
vn 88.545246 -0.857789 -46.465079
vn 82.299657 2.971426 -56.726864
vn 74.850571 -1.202115 -66.301938
vn 66.309457 -6.624988 -74.559811
vn 56.800938 -13.041884 -81.262308
vn 46.463756 -20.158055 -86.225125
vn 35.448743 -27.650235 -89.324415
vn 23.916621 -35.178607 -90.501165
vn 82.297953 -1.037517 -56.797627
vn 82.296252 -5.041465 -56.585427
vn 74.848585 -5.876069 -66.054229
vn 66.307229 -11.867926 -73.908753
vn 56.798516 -18.741615 -80.141627
vn 46.461193 -26.190121 -84.589805
vn 35.446095 -33.882247 -87.152554
vn 23.913946 -41.474860 -87.794984
vn 74.846611 -10.520908 -65.477441
vn 66.305026 -17.051880 -72.889484
vn 56.796134 -24.348096 -78.621685
vn 46.458685 -32.091808 -82.533063
vn 35.443519 -39.945534 -84.546503
vn 23.911358 -47.564539 -84.651412
vn 97.089830 -10.261384 -21.639520
vn 93.494236 -17.407415 -30.916172
vn 88.534733 -25.599952 -38.810353
vn 82.283713 -34.550235 -45.118420
vn 74.832412 -43.937539 -49.695098
vn 66.289573 -53.420878 -52.458577
vn 56.779859 -62.651458 -53.393281
vn 46.442032 -71.285424 -52.550223
vn 35.426926 -78.996443 -50.044929
vn 23.895244 -85.487651 -46.052999
vn 97.089193 -11.762355 -20.864699
vn 97.088580 -13.204933 -19.985931
vn 97.087995 -14.581929 -19.007595
vn 97.087440 -15.886484 -17.934563
vn 93.493328 -19.544947 -29.614062
vn 88.533597 -28.273918 -36.910537
vn 82.282398 -37.646864 -42.571360
vn 74.830969 -47.333611 -46.474244
vn 66.288057 -56.988251 -48.561638
vn 56.778325 -66.261761 -48.842613
vn 46.440532 -74.814741 -47.392315
vn 35.425510 -82.329819 -44.349004
vn 23.893955 -88.523259 -39.908789
vn 93.492461 -21.585305 -28.164416
vn 93.491640 -23.518324 -26.574457
vn 93.490868 -25.334373 -24.852105
vn 88.532520 -30.807213 -34.826835
vn 82.281162 -40.556113 -39.812211
vn 74.829626 -50.494028 -43.021857
vn 66.286662 -60.271852 -44.422767
vn 56.776931 -69.542072 -44.048614
vn 46.439191 -77.971433 -41.998300
vn 35.424267 -85.253107 -38.432134
vn 23.892852 -91.117900 -33.565756
vn 88.531509 -33.187215 -32.569627
vn 88.530568 -35.402068 -30.150159
vn 82.280011 -43.263487 -36.854721
vn 74.828390 -53.403044 -39.355138
vn 66.285394 -63.255322 -40.062585
vn 56.775684 -72.476047 -39.035167
vn 46.438015 -80.739773 -36.395052
vn 35.423206 -87.751744 -32.323798
vn 23.891942 -93.258646 -27.055499
vn 82.278952 -45.755500 -33.713621
vn 74.827267 -56.046168 -35.492353
vn 66.284260 -65.923798 -35.502812
vn 56.774591 -75.049071 -33.827248
vn 46.437009 -83.105971 -30.610486
vn 35.422330 -89.813281 -26.054426
vn 23.891230 -94.934833 -20.410454
vn 74.823172 -65.684159 9.331893
vn 66.281166 -73.206744 15.734665
vn 56.772886 -79.062851 22.932620
vn 46.437009 -83.105971 30.610486
vn 35.424267 -85.253107 38.432134
vn 23.895244 -85.487651 46.052999
vn 74.823521 -64.862358 13.939696
vn 74.824008 -63.717576 18.478053
vn 74.824629 -62.255513 22.924353
vn 66.281715 -71.914551 20.857410
vn 56.773657 -77.248325 28.450804
vn 46.438015 -80.739773 36.395052
vn 35.425510 -82.329819 44.349004
vn 23.896715 -82.026199 51.967776
vn 66.282416 -70.264224 25.876246
vn 66.283266 -68.263985 30.766167
vn 56.774591 -75.049071 33.827248
vn 46.439191 -77.971433 41.998300
vn 35.426926 -78.996443 50.044929
vn 23.898360 -78.156146 57.623651
vn 56.775684 -72.476047 39.035167
vn 46.440532 -74.814741 47.392315
vn 35.428509 -75.269585 55.491533
vn 23.900169 -73.896775 62.992449
vn 97.085989 -19.302509 14.202954
vn 93.490150 -27.024407 23.005941
vn 88.531509 -33.187215 32.569627
vn 82.282398 -37.646864 42.571360
vn 74.833948 -40.322731 52.668374
vn 66.294766 -41.200381 62.510261
vn 56.789343 -40.331887 71.751721
vn 46.456246 -37.833713 80.065145
vn 35.446095 -33.882247 87.152554
vn 23.919371 -28.707146 92.756474
vn 97.086435 -18.252669 15.526244
vn 97.086919 -17.112099 16.772183
vn 97.087440 -15.886484 17.934563
vn 97.087995 -14.581929 19.007595
vn 97.088580 -13.204933 19.985931
vn 93.490868 -25.334373 24.852105
vn 88.532520 -30.807213 34.826835
vn 82.283713 -34.550235 45.118420
vn 74.835569 -36.507195 55.379258
vn 66.296683 -36.688414 65.258794
vn 56.791536 -35.170190 74.416256
vn 46.458685 -32.091808 82.533063
vn 35.448743 -27.650235 89.324415
vn 93.491640 -23.518324 26.574457
vn 93.492461 -21.585305 28.164416
vn 93.493328 -19.544947 29.614062
vn 93.494236 -17.407415 30.916172
vn 88.533597 -28.273918 36.910537
vn 82.285102 -31.281652 47.440702
vn 74.837268 -32.509941 57.814246
vn 66.298677 -31.993807 67.682211
vn 56.793803 -29.833397 76.710053
vn 46.461193 -26.190121 84.589805
vn 88.534733 -25.599952 38.810353
vn 88.535923 -22.798635 40.516818
vn 88.537162 -19.883924 42.021430
vn 82.286557 -27.857400 49.526637
vn 74.839035 -28.350882 59.961207
vn 66.300740 -27.139949 69.768439
vn 56.796134 -24.348096 78.621685
vn 82.288071 -24.294538 51.365833
vn 82.289636 -20.610816 52.949127
vn 74.840862 -24.050739 61.809443
vn 66.302860 -22.151022 71.507084
vn 74.842740 -19.630935 63.349748
vn 99.999991 -0.042491 0.000000
vn 99.999991 -0.042491 0.000000
vn 99.999991 -0.042491 0.000000
vn 99.999991 -0.042491 0.000000
vn 99.999991 -0.042491 0.000000
vn 99.999991 -0.042491 0.000000
vn 99.999991 -0.042491 0.000000
vn 99.999991 -0.042491 0.000000
vn 99.999991 -0.042491 0.000000
vn 99.999991 -0.042491 0.000000
vn 99.999991 -0.042491 0.000000
vn 99.999991 -0.042491 0.000000
vn 99.999991 -0.042491 0.000000
vn 99.999991 -0.042491 0.000000
vn 99.999991 -0.042491 0.000000
vn 99.999991 -0.042491 0.000000
vn 99.999991 -0.042491 0.000000
vn 99.999991 -0.042491 0.000000
vn 99.999991 -0.042491 0.000000
vn 99.999991 -0.042491 0.000000
vn 99.999991 -0.042491 0.000000
vn 99.999991 -0.042491 0.000000
vn 99.999991 -0.042491 0.000000
vn 99.999991 -0.042491 0.000000
vn 99.999991 -0.042491 0.000000
vn 99.999991 -0.042491 0.000000
vn 99.999991 -0.042491 0.000000
vn 99.999991 -0.042491 0.000000
vn 99.999991 -0.042491 0.000000
vn 99.999991 -0.042491 0.000000
vn 99.999991 -0.042491 0.000000
vn 99.999991 -0.042491 0.000000
vn 99.999991 -0.042491 0.000000
vn 99.999991 -0.042491 0.000000
vn 99.999991 -0.042491 0.000000
vn 99.999991 -0.042491 0.000000
vn 99.999991 -0.042491 0.000000
vn 99.999991 -0.042491 0.000000
vn 99.999991 -0.042491 0.000000
vn 99.999991 -0.042491 0.000000
vn 99.999991 -0.042491 0.000000
vn 99.999991 -0.042491 0.000000
vn 99.999991 -0.042491 0.000000
vn 99.999991 -0.042491 0.000000
vn 99.999991 -0.042491 0.000000
vn 99.999991 -0.042491 0.000000
vn 99.999991 -0.042491 0.000000
vn 99.999991 -0.042491 0.000000
vn 99.999991 -0.042491 0.000000
vn 99.999991 -0.042491 0.000000
vn 99.999991 -0.042491 0.000000
vn 99.999991 -0.042491 0.000000
vn 99.999991 -0.042491 0.000000
vn 99.999991 -0.042491 0.000000
vn 99.999991 -0.042491 0.000000
vn 99.999991 -0.042491 0.000000
vn 99.999991 -0.042491 0.000000
vn 99.999991 -0.042491 0.000000
vn 99.999991 -0.042491 0.000000
vn 99.999991 -0.042491 0.000000
vn 99.999991 -0.042491 0.000000
vn 99.999991 -0.042491 0.000000
vn 99.999991 -0.042491 0.000000
vn 99.999991 -0.042491 0.000000
vn 99.999991 -0.042491 0.000000
vn 99.999991 -0.042491 0.000000
vn 99.999991 -0.042491 0.000000
vn 99.999991 -0.042491 0.000000
vn 99.999991 -0.042491 0.000000
vn 99.999991 -0.042491 0.000000
vn 99.999991 -0.042491 0.000000
vn 99.999991 -0.042491 0.000000
vn 99.999991 -0.042491 0.000000
vn 99.999991 -0.042491 0.000000
vn 99.999991 -0.042491 0.000000
vn 99.999991 -0.042491 0.000000
vn 99.999991 -0.042491 0.000000
vn 99.999991 -0.042491 0.000000
vn 99.999991 -0.042491 0.000000
vn 99.999991 -0.042491 0.000000
vn 99.999991 -0.042491 0.000000
vn 99.999991 -0.042491 0.000000
vn 99.999991 -0.042491 0.000000
vn 99.999991 -0.042491 0.000000
vn 99.999991 -0.042491 0.000000
vn 99.999991 -0.042491 0.000000
vn 99.999991 -0.042491 0.000000
vn 99.999991 -0.042491 0.000000
vn 99.999991 -0.042491 0.000000
vn 99.999991 -0.042491 0.000000
vn 99.999991 -0.042491 0.000000
vn 99.999991 -0.042491 0.000000
vn 99.999991 -0.042491 0.000000
vn 99.999991 -0.042491 0.000000
vn 99.999991 -0.042491 0.000000
vn 99.999991 -0.042491 0.000000
vn 99.999991 -0.042491 0.000000
vn 99.999991 -0.042491 0.000000
vn 99.999991 -0.042491 0.000000
vn 99.999991 -0.042491 0.000000
vn 99.999991 -0.042491 0.000000
vn 99.999991 -0.042491 0.000000
vn 99.999991 -0.042491 0.000000
vn 99.999991 -0.042491 0.000000
vn 99.999991 -0.042491 0.000000
vn 99.999991 -0.042491 0.000000
vn -0.008553 -20.129850 97.952994
vn -0.004243 -9.985608 99.500189
vn -0.000000 -0.000000 100.000000
vn 0.004243 9.985608 99.500189
vn 0.008553 20.129850 97.952994
vn 0.012560 29.558547 95.531629
vn 0.016756 39.435582 91.895781
vn 0.020375 47.952546 87.752795
vn 0.024274 57.126816 82.076344
vn 0.027378 64.433959 76.473944
vn 0.030797 72.479272 68.896692
vn 0.033289 78.345428 62.144934
vn 0.036059 84.864418 52.896401
vn 0.037873 89.132092 45.337277
vn 0.039846 93.775205 34.730525
vn 0.040945 96.363728 26.721345
vn 0.042001 98.846824 15.142778
vn 0.042385 99.751901 7.039633
vn 0.042436 99.871642 -5.064917
vn 0.042134 99.161475 -12.922855
vn 0.041134 96.807703 -25.065253
vn 0.040203 94.615998 -32.369915
vn 0.038148 89.780446 -44.039415
vn 0.036668 86.296766 -50.525902
vn 0.033600 79.077567 -61.210598
vn 0.031671 74.535593 -66.666667
vn 0.027677 65.137242 -75.875812
vn 0.031671 74.535593 -66.666667
vn 0.027677 65.137242 -75.875812
vn 0.033600 79.077567 -61.210598
vn 0.036668 86.296766 -50.525902
vn 0.038148 89.780446 -44.039415
vn 0.040203 94.615998 -32.369915
vn 0.041134 96.807703 -25.065253
vn 0.042134 99.161475 -12.922855
vn 0.042436 99.871642 -5.064917
vn 0.042385 99.751901 7.039633
vn 0.042001 98.846824 15.142778
vn 0.040945 96.363728 26.721345
vn 0.039846 93.775205 34.730525
vn 0.037873 89.132092 45.337277
vn 0.036059 84.864418 52.896401
vn 0.033289 78.345428 62.144934
vn 0.030797 72.479272 68.896692
vn 0.027378 64.433959 76.473944
vn 0.024274 57.126816 82.076344
vn 0.020375 47.952546 87.752795
vn 0.016756 39.435582 91.895781
vn 0.012560 29.558547 95.531629
vn 0.008553 20.129850 97.952994
vn 0.004243 9.985608 99.500189
vn 0.000000 0.000000 100.000000
vn -0.004243 -9.985608 99.500189
vn -0.008553 -20.129850 97.952994
vn -0.012560 -29.558547 95.531629
vn -0.016756 -39.435582 91.895781
vn -0.020375 -47.952546 87.752795
vn -0.024274 -57.126816 82.076344
vn -0.027378 -64.433959 76.473944
vn -0.030797 -72.479272 68.896692
vn -0.033289 -78.345428 62.144934
vn -0.036059 -84.864418 52.896401
vn -0.037873 -89.132092 45.337277
vn -0.039846 -93.775205 34.730525
vn -0.040945 -96.363728 26.721345
vn -0.042001 -98.846824 15.142778
vn -0.042385 -99.751901 7.039633
vn -0.042436 -99.871642 -5.064917
vn -0.042134 -99.161475 -12.922855
vn -0.041134 -96.807703 -25.065253
vn -0.040203 -94.615998 -32.369915
vn -0.038148 -89.780446 -44.039415
vn -0.036668 -86.296766 -50.525902
vn -0.033600 -79.077567 -61.210598
vn -0.031671 -74.535593 -66.666667
vn -0.027677 -65.137242 -75.875812
vn -0.027677 -65.137242 -75.875812
vn -0.020621 -48.530192 -87.434662
vn -0.012560 -29.558547 95.531629
vn -0.016756 -39.435582 91.895781
vn -0.020375 -47.952546 87.752795
vn -0.024274 -57.126816 82.076344
vn -0.027378 -64.433959 76.473944
vn -0.030797 -72.479272 68.896692
vn -0.033289 -78.345428 62.144934
vn -0.036059 -84.864418 52.896401
vn -0.037873 -89.132092 45.337277
vn -0.039846 -93.775205 34.730525
vn -0.040945 -96.363728 26.721345
vn -0.042001 -98.846824 15.142778
vn -0.042385 -99.751901 7.039633
vn -0.042436 -99.871642 -5.064917
vn -0.042134 -99.161475 -12.922855
vn -0.041134 -96.807703 -25.065253
vn -0.040203 -94.615998 -32.369915
vn -0.038148 -89.780446 -44.039415
vn -0.036668 -86.296766 -50.525902
vn -0.033600 -79.077567 -61.210598
vn -0.031671 -74.535593 -66.666667
vn -0.020621 -48.530192 -87.434662
vn -0.012720 -29.936310 -95.413926
vn -0.012720 -29.936310 -95.413926
vn -0.004299 -10.116831 -99.486932
vn -0.004299 -10.116831 -99.486932
vn 0.004299 10.116831 -99.486932
vn 0.004299 10.116831 -99.486932
vn 0.012720 29.936310 -95.413926
vn 0.012720 29.936310 -95.413926
vn 0.020621 48.530192 -87.434662
vn 0.020621 48.530192 -87.434662
vn -99.999991 0.042491 0.000000
vn -99.999991 0.042491 0.000000
vn -99.999991 0.042491 0.000000
vn -99.999991 0.042491 0.000000
vn -99.999991 0.042491 0.000000
vn -99.999991 0.042491 0.000000
vn -99.999991 0.042491 0.000000
vn -99.999991 0.042491 0.000000
vn -99.999991 0.042491 0.000000
vn -99.999991 0.042491 0.000000
vn -99.999991 0.042491 0.000000
vn -99.999991 0.042491 0.000000
vn -99.999991 0.042491 0.000000
vn -99.999991 0.042491 0.000000
vn -99.999991 0.042491 0.000000
vn -99.999991 0.042491 0.000000
vn -99.999991 0.042491 0.000000
vn -99.999991 0.042491 0.000000
vn -99.999991 0.042491 0.000000
vn -99.999991 0.042491 0.000000
vn -99.999991 0.042491 0.000000
vn -99.999991 0.042491 0.000000
vn -99.999991 0.042491 0.000000
vn -99.999991 0.042491 0.000000
vn -99.999991 0.042491 0.000000
vn -99.999991 0.042491 0.000000
vn -99.999991 0.042491 0.000000
vn -99.999991 0.042491 0.000000
vn 0.000000 0.000000 -100.000000
vn 0.000000 0.000000 -100.000000
vn 0.000000 0.000000 -100.000000
vn 0.000000 0.000000 -100.000000
vn 0.000000 0.000000 -100.000000
vn 0.000000 0.000000 -100.000000
vn 0.000000 0.000000 -100.000000
vn 0.000000 0.000000 -100.000000
vn 0.000000 0.000000 -100.000000
vn 0.000000 0.000000 -100.000000
vn 0.000000 0.000000 -100.000000
vn 0.000000 0.000000 -100.000000
vn 0.000000 0.000000 -100.000000
vn 0.000000 0.000000 -100.000000
vn 0.000000 0.000000 -100.000000
vn 0.000000 0.000000 -100.000000
vn 0.000000 0.000000 -100.000000
vn 0.000000 0.000000 -100.000000
vn 0.000000 0.000000 -100.000000
vn 0.000000 0.000000 -100.000000
vn 0.000000 0.000000 -100.000000
vn 0.000000 0.000000 -100.000000
vn 0.000000 0.000000 -100.000000
vn 0.000000 0.000000 -100.000000
vn 0.000000 0.000000 -100.000000
vn 0.000000 0.000000 -100.000000
vn 0.000000 0.000000 -100.000000
vn 0.000000 0.000000 -100.000000
vn 0.000000 0.000000 -100.000000
vn 0.000000 0.000000 -100.000000
vn 0.000000 0.000000 -100.000000
vn 0.000000 0.000000 -100.000000
vn 0.000000 0.000000 -100.000000
vn 0.000000 0.000000 -100.000000
vn 0.000000 0.000000 -100.000000
vn 0.000000 0.000000 -100.000000
vn 0.000000 0.000000 -100.000000
vn 0.000000 0.000000 -100.000000
vn 0.000000 0.000000 -100.000000
vn 0.000000 0.000000 -100.000000
vn 0.000000 0.000000 -100.000000
vn 0.000000 0.000000 -100.000000
vn 0.000000 0.000000 -100.000000
vn 0.000000 0.000000 -100.000000
vn 0.000000 0.000000 -100.000000
vn 0.000000 0.000000 -100.000000
vn 0.000000 0.000000 -100.000000
vn 0.000000 0.000000 -100.000000
vn 0.000000 0.000000 -100.000000
vn 0.000000 0.000000 -100.000000
vn 77.804478 62.820882 0.000000
vn 77.804478 62.820882 0.000000
vn 83.454814 55.093503 0.000000
vn 81.384108 58.108751 0.000000
vn 84.678748 53.193136 0.000000
vn 88.340381 46.861254 0.000000
vn 87.676860 48.091249 0.000000
vn 90.606072 42.314769 0.000000
vn 92.416408 38.199575 0.000000
vn 93.155211 36.360784 0.000000
vn 95.313582 30.254273 0.000000
vn 95.645544 29.187840 0.000000
vn 97.072131 24.020851 0.000000
vn 97.998196 19.908631 0.000000
vn 98.423482 17.686667 0.000000
vn 99.361965 11.278290 0.000000
vn 99.452806 10.446982 0.000000
vn 99.883645 4.822603 0.000000
vn 99.996043 0.889599 0.000000
vn 99.986332 -1.653314 0.000000
vn 99.622930 -8.675937 0.000000
vn 99.669596 -8.122296 0.000000
vn 98.934765 -14.557206 0.000000
vn 98.336885 -18.161968 0.000000
vn 97.784922 -20.931052 0.000000
vn 96.149694 -27.481564 0.000000
vn 96.149694 -27.481564 0.000000
vn 94.261215 -33.388969 0.000000
vn 96.224891 -27.217096 0.000000
vn 91.902132 -39.420783 0.000000
vn 93.081400 -36.549323 0.000000
vn 93.081400 -36.549323 0.000000
vn 89.157537 -45.287234 0.000000
vn 89.160120 -45.282150 0.000000
vn 86.038944 -50.963713 0.000000
vn 84.421788 -53.600016 0.000000
vn 82.559434 -56.426410 0.000000
vn 78.909826 -61.426699 0.000000
vn 78.733604 -61.652410 0.000000
vn 74.577501 -66.619789 0.000000
vn 72.674745 -68.690475 0.000000
vn 70.108561 -71.307711 0.000000
vn 65.773682 -75.324781 0.000000
vn 65.345529 -75.696512 0.000000
vn 60.308385 -79.767780 0.000000
vn 58.269878 -81.268821 0.000000
vn 55.018259 -83.504438 0.000000
vn 50.232096 -86.468124 0.000000
vn 49.497342 -86.890811 0.000000
vn 43.768794 -89.912695 0.000000
vn 41.733994 -90.875045 0.000000
vn 37.856644 -92.557412 0.000000
vn 32.853447 -94.449198 0.000000
vn 31.785693 -94.813869 0.000000
vn 25.581408 -96.672600 0.000000
vn 23.671836 -97.157831 0.000000
vn 19.269813 -98.125809 0.000000
vn 14.273298 -98.976123 0.000000
vn 12.877385 -99.167399 0.000000
vn 6.430939 -99.793001 0.000000
vn 4.743963 -99.887411 0.000000
vn -0.042483 -99.999991 0.000000
vn -4.828846 -99.883343 0.000000
vn -6.515727 -99.787501 0.000000
vn -14.357404 -98.963958 0.000000
vn -12.961639 -99.156421 0.000000
vn -19.353180 -98.109400 0.000000
vn -23.754393 -97.137680 0.000000
vn -25.663537 -96.650830 0.000000
vn -32.933699 -94.421245 0.000000
vn -31.866241 -94.786827 0.000000
vn -37.935273 -92.525213 0.000000
vn -41.811206 -90.839546 0.000000
vn -43.845174 -89.875474 0.000000
vn -50.305560 -86.425405 0.000000
vn -49.571152 -86.848724 0.000000
vn -55.089190 -83.457661 0.000000
vn -58.338920 -81.219273 0.000000
vn -60.376139 -79.716510 0.000000
vn -65.837670 -75.268859 0.000000
vn -65.409822 -75.640963 0.000000
vn -70.169123 -71.248117 0.000000
vn -72.733093 -68.628691 0.000000
vn -74.634079 -66.556399 0.000000
vn -78.961999 -61.359618 0.000000
vn -78.785960 -61.585490 0.000000
vn -82.607348 -56.356242 0.000000
vn -84.467307 -53.528254 0.000000
vn -86.082216 -50.890590 0.000000
vn -89.198569 -45.206364 0.000000
vn -89.195985 -45.211462 0.000000
vn -91.935594 -39.342681 0.000000
vn -94.289551 -33.308865 0.000000
vn -93.112426 -36.470209 0.000000
vn -93.112426 -36.470209 0.000000
vn -96.247983 -27.135325 0.000000
vn -96.173013 -27.399845 0.000000
vn -96.173013 -27.399845 0.000000
vn -97.802672 -20.847957 0.000000
vn -98.352284 -18.078393 0.000000
vn -98.352284 -18.078393 0.000000
vn -99.630267 -8.591273 0.000000
vn -99.630267 -8.591273 0.000000
vn -99.995251 0.974576 0.000000
vn -99.995251 0.974576 0.000000
vn -99.443892 10.531495 0.000000
vn -99.443892 10.531495 0.000000
vn -97.981242 19.991904 0.000000
vn -97.981242 19.991904 0.000000
vn -95.620705 29.269110 0.000000
vn -95.620705 29.269110 0.000000
vn -92.383912 38.278097 0.000000
vn -92.383912 38.278097 0.000000
vn -88.300526 46.936310 0.000000
vn -88.300526 46.936310 0.000000
vn -83.407965 55.164404 0.000000
vn -83.407965 55.164404 0.000000
vn -77.751064 62.886979 0.000000
vn -81.334698 58.177890 0.000000
vn -77.751064 62.886979 0.000000
vn -98.947099 -14.473136 0.000000
vn -99.676461 -8.037603 0.000000
vn -99.987701 -1.568354 0.000000
vn -99.879511 4.907474 0.000000
vn -99.352346 11.362717 0.000000
vn -98.408417 17.770295 0.000000
vn -97.051685 24.103330 0.000000
vn -95.287839 30.335256 0.000000
vn -93.124279 36.439932 0.000000
vn -90.570081 42.391749 0.000000
vn -87.635962 48.165737 0.000000
vn -84.633514 53.265075 0.000000
vn 98.336885 -18.161968 0.000000
vn 99.622930 -8.675937 0.000000
vn 99.996043 0.889599 0.000000
vn 99.452806 10.446982 0.000000
vn 97.998196 19.908631 0.000000
vn 95.645544 29.187840 0.000000
vn 92.416408 38.199575 0.000000
vn 88.340381 46.861254 0.000000
vn 83.454814 55.093503 0.000000
vn 99.999991 -0.042491 0.000000
vn 99.999991 -0.042491 0.000000
vn 99.999991 -0.042491 0.000000
vn 99.999991 -0.042491 0.000000
vn 99.999991 -0.042491 0.000000
vn 99.999991 -0.042491 0.000000
vn 99.999991 -0.042491 0.000000
vn 99.999991 -0.042491 0.000000
vn 99.999991 -0.042491 0.000000
vn 99.999991 -0.042491 0.000000
vn 99.999991 -0.042491 0.000000
vn 99.999991 -0.042491 0.000000
vn 99.999991 -0.042491 0.000000
vn 99.999991 -0.042491 0.000000
vn 99.999991 -0.042491 0.000000
vn 99.999991 -0.042491 0.000000
vn 99.999991 -0.042491 0.000000
vn 99.999991 -0.042491 0.000000
vn 99.999991 -0.042491 0.000000
vn 99.999991 -0.042491 0.000000
vn 99.999991 -0.042491 0.000000
vn 99.999991 -0.042491 0.000000
vn 99.999991 -0.042491 0.000000
vn 99.999991 -0.042491 0.000000
vn 99.999991 -0.042491 0.000000
vn 99.999991 -0.042491 0.000000
vn 99.999991 -0.042491 0.000000
vn 99.999991 -0.042491 0.000000
vn 0.000000 0.000000 -100.000000
vn 0.000000 0.000000 -100.000000
vn 0.000000 0.000000 -100.000000
vn 0.000000 0.000000 -100.000000
vn 0.000000 0.000000 -100.000000
vn 0.000000 0.000000 -100.000000
vn 0.000000 0.000000 -100.000000
vn 0.000000 0.000000 -100.000000
vn 0.000000 0.000000 -100.000000
vn 0.000000 0.000000 -100.000000
vn 0.034623 81.484142 -57.968383
vn 0.034623 81.484142 -57.968383
vn 0.034623 81.484142 -57.968383
vn 0.034623 81.484142 -57.968383
vn 0.034623 81.484142 -57.968383
vn 0.034623 81.484142 -57.968383
vn 0.034623 81.484142 -57.968383
vn 0.034623 81.484142 -57.968383
vn 0.034623 81.484142 -57.968383
vn 0.034623 81.484142 -57.968383
vn 0.034623 81.484142 -57.968383
vn 0.034623 81.484142 -57.968383
vn 0.034623 81.484142 -57.968383
vn 0.034623 81.484142 -57.968383
vn 0.034623 81.484142 -57.968383
vn 0.034623 81.484142 -57.968383
vn 0.034623 81.484142 -57.968383
vn 0.034623 81.484142 -57.968383
vn 0.034623 81.484142 -57.968383
vn 0.034623 81.484142 -57.968383
vn 0.034623 81.484142 -57.968383
vn 0.034623 81.484142 -57.968383
vn 0.034623 81.484142 -57.968383
vn 0.034623 81.484142 -57.968383
vn 0.034623 81.484142 -57.968383
vn 0.034623 81.484142 -57.968383
vn 0.034623 81.484142 -57.968383
vn 0.034623 81.484142 -57.968383
vn 0.034623 81.484142 -57.968383
vn 0.034623 81.484142 -57.968383
vn 0.034623 81.484142 -57.968383
vn 0.034623 81.484142 -57.968383
vn 0.034623 81.484142 -57.968383
vn 0.034623 81.484142 -57.968383
vn 0.034623 81.484142 -57.968383
vn 0.034623 81.484142 -57.968383
vn 0.034623 81.484142 -57.968383
vn 0.034623 81.484142 -57.968383
vn 0.034623 81.484142 -57.968383
vn 0.034623 81.484142 -57.968383
vn 0.034623 81.484142 -57.968383
vn 0.034623 81.484142 -57.968383
vn 0.034623 81.484142 -57.968383
vn 0.034623 81.484142 -57.968383
vn 0.034623 81.484142 -57.968383
vn 0.034623 81.484142 -57.968383
vn 0.034623 81.484142 -57.968383
vn 0.034623 81.484142 -57.968383
vn 0.034623 81.484142 -57.968383
vn 0.034623 81.484142 -57.968383
vn 0.034623 81.484142 -57.968383
vn 0.034623 81.484142 -57.968383
vn 0.034623 81.484142 -57.968383
vn 0.034623 81.484142 -57.968383
vn 0.034623 81.484142 -57.968383
vn 0.034623 81.484142 -57.968383
vn 0.034623 81.484142 -57.968383
vn 0.034623 81.484142 -57.968383
vn 0.034623 81.484142 -57.968383
vn 0.034623 81.484142 -57.968383
vn 0.034623 81.484142 -57.968383
vn 0.034623 81.484142 -57.968383
vn 0.034623 81.484142 -57.968383
vn 0.034623 81.484142 -57.968383
vn 0.034623 81.484142 -57.968383
vn 0.034623 81.484142 -57.968383
vn 0.034623 81.484142 -57.968383
vn 0.034623 81.484142 -57.968383
vn 0.034623 81.484142 -57.968383
vn 0.034623 81.484142 -57.968383
vn 0.034623 81.484142 -57.968383
vn 0.034623 81.484142 -57.968383
vn 0.034623 81.484142 -57.968383
vn 0.034623 81.484142 -57.968383
vn 0.034623 81.484142 -57.968383
vn 0.034623 81.484142 -57.968383
vn 0.034623 81.484142 -57.968383
vn 0.034623 81.484142 -57.968383
vn 0.034623 81.484142 -57.968383
vn 0.034623 81.484142 -57.968383
vn 0.034623 81.484142 -57.968383
vn 0.034623 81.484142 -57.968383
vn 0.034623 81.484142 -57.968383
vn 0.034623 81.484142 -57.968383
vn 0.034623 81.484142 -57.968383
vn 0.034623 81.484142 -57.968383
vn 0.034623 81.484142 -57.968383
vn 0.034623 81.484142 -57.968383
vn 0.034623 81.484142 -57.968383
vn 0.034623 81.484142 -57.968383
vn 0.034623 81.484142 -57.968383
vn 0.034623 81.484142 -57.968383
vn 0.034623 81.484142 -57.968383
vn 0.034623 81.484142 -57.968383
vn 0.034623 81.484142 -57.968383
vn 0.034623 81.484142 -57.968383
vn 0.034623 81.484142 -57.968383
vn 0.034623 81.484142 -57.968383
vn 0.034623 81.484142 -57.968383
vn 0.034623 81.484142 -57.968383
vn 0.034623 81.484142 -57.968383
vn 0.034623 81.484142 -57.968383
vn 0.034623 81.484142 -57.968383
vn 0.034623 81.484142 -57.968383
vn 0.034623 81.484142 -57.968383
vn 0.034623 81.484142 -57.968383
vn 0.034623 81.484142 -57.968383
vn 0.034623 81.484142 -57.968383
vn 0.034623 81.484142 -57.968383
vn 0.034623 81.484142 -57.968383
vn 0.034623 81.484142 -57.968383
vn 0.034623 81.484142 -57.968383
vn 0.034623 81.484142 -57.968383
vn 0.034623 81.484142 -57.968383
vn 0.034623 81.484142 -57.968383
vn 0.034623 81.484142 -57.968383
vn 0.034623 81.484142 -57.968383
vn 0.034623 81.484142 -57.968383
vn 0.034623 81.484142 -57.968383
vn 0.034623 81.484142 -57.968383
vn 0.034623 81.484142 -57.968383
vn 0.034623 81.484142 -57.968383
vn 0.034623 81.484142 -57.968383
vn 0.034623 81.484142 -57.968383
vn 0.034623 81.484142 -57.968383
vn 0.034623 81.484142 -57.968383
vn 0.034623 81.484142 -57.968383
vn 0.034623 81.484142 -57.968383
vn 0.034623 81.484142 -57.968383
vn 0.034623 81.484142 -57.968383
vn 0.000000 0.000000 -100.000000
vn 0.000000 0.000000 -100.000000
vn 0.000000 0.000000 -100.000000
vn 0.000000 0.000000 -100.000000
vn 0.000000 0.000000 -100.000000
vn 0.000000 0.000000 -100.000000
vn 0.000000 0.000000 -100.000000
vn 0.000000 0.000000 -100.000000
vn 0.000000 0.000000 -100.000000
vn 0.000000 0.000000 -100.000000
vn 99.999991 -0.042491 0.000000
vn 99.999991 -0.042491 0.000000
vn 99.999991 -0.042491 0.000000
vn 99.999991 -0.042491 0.000000
vn 99.999991 -0.042491 0.000000
vn 99.999991 -0.042491 0.000000
vn 99.999991 -0.042491 0.000000
vn 99.999991 -0.042491 0.000000
vn 99.999991 -0.042491 0.000000
vn 99.999991 -0.042491 0.000000
vn 99.999991 -0.042491 0.000000
vn 99.999991 -0.042491 0.000000
vn 99.999991 -0.042491 0.000000
vn 99.999991 -0.042491 0.000000
vn 99.999991 -0.042491 0.000000
vn 99.999991 -0.042491 0.000000
vn 99.999991 -0.042491 0.000000
vn 99.999991 -0.042491 0.000000
vn 99.999991 -0.042491 0.000000
vn 99.999991 -0.042491 0.000000
vn 99.999991 -0.042491 0.000000
vn 99.999991 -0.042491 0.000000
vn 99.999991 -0.042491 0.000000
vn 99.999991 -0.042491 0.000000
vn 99.999991 -0.042491 0.000000
vn 99.999991 -0.042491 0.000000
vn 99.999991 -0.042491 0.000000
vn 99.999991 -0.042491 0.000000
vn 99.999991 -0.042491 0.000000
vn 99.999991 -0.042491 0.000000
vn 99.999991 -0.042491 0.000000
vn 99.999991 -0.042491 0.000000
vn 99.999991 -0.042491 0.000000
vn 99.999991 -0.042491 0.000000
vn 99.999991 -0.042491 0.000000
vn 99.999991 -0.042491 0.000000
vn 99.999991 -0.042491 0.000000
vn 99.999991 -0.042491 0.000000
vn 99.999991 -0.042491 0.000000
vn 99.999991 -0.042491 0.000000
vn 99.999991 -0.042491 0.000000
vn 99.999991 -0.042491 0.000000
vn 99.999991 -0.042491 0.000000
vn 99.999991 -0.042491 0.000000
vn 99.999991 -0.042491 0.000000
vn 99.999991 -0.042491 0.000000
vn 99.999991 -0.042491 0.000000
vn 99.999991 -0.042491 0.000000
vn 99.999991 -0.042491 0.000000
vn 99.999991 -0.042491 0.000000
vn 99.999991 -0.042491 0.000000
vn 99.999991 -0.042491 0.000000
vn 99.999991 -0.042491 0.000000
vn 99.999991 -0.042491 0.000000
vn 99.999991 -0.042491 0.000000
vn 99.999991 -0.042491 0.000000
vn 99.999991 -0.042491 0.000000
vn 99.999991 -0.042491 0.000000
vn 99.999991 -0.042491 0.000000
vn 99.999991 -0.042491 0.000000
vn 0.000000 0.000000 -100.000000
vn 0.000000 0.000000 -100.000000
vn 0.000000 0.000000 -100.000000
vn 0.000000 0.000000 -100.000000
vn -0.042491 -99.999991 0.000000
vn -0.042491 -99.999991 0.000000
vn -0.042491 -99.999991 0.000000
vn -0.042491 -99.999991 0.000000
vn -0.042491 -99.999991 0.000000
vn -0.042491 -99.999991 0.000000
vn -0.042491 -99.999991 0.000000
vn -0.042491 -99.999991 0.000000
vn 0.000000 0.000000 -100.000000
vn 0.000000 0.000000 -100.000000
vn 0.000000 0.000000 -100.000000
vn 0.000000 0.000000 -100.000000
vn -0.008553 -20.129850 -97.952994
vn -0.004299 -10.116831 -99.486932
vn -0.000000 -0.000000 -100.000000
vn 0.004299 10.116831 -99.486932
vn 0.008553 20.129850 -97.952994
vn 0.012720 29.936310 -95.413926
vn 0.016756 39.435582 -91.895781
vn 0.020621 48.530192 -87.434662
vn 0.024274 57.126816 -82.076344
vn 0.027677 65.137242 -75.875812
vn 0.030797 72.479272 -68.896692
vn 0.031671 74.535593 -66.666667
vn 0.036059 84.864418 -52.896401
vn 0.036668 86.296766 -50.525902
vn 0.039846 93.775205 -34.730525
vn 0.040203 94.615998 -32.369915
vn 0.042001 98.846824 -15.142778
vn 0.042134 99.161475 -12.922855
vn 0.042436 99.871642 5.064917
vn 0.042385 99.751901 7.039633
vn 0.041134 96.807703 25.065253
vn 0.040945 96.363728 26.721345
vn 0.038148 89.780446 44.039415
vn 0.037873 89.132092 45.337277
vn 0.033600 79.077567 61.210598
vn 0.033289 78.345428 62.144934
vn 0.027677 65.137242 75.875812
vn 0.027378 64.433959 76.473944
vn 0.020621 48.530192 87.434662
vn 0.020375 47.952546 87.752795
vn 0.012720 29.936310 95.413926
vn 0.012560 29.558547 95.531629
vn 0.004299 10.116831 99.486932
vn 0.004243 9.985608 99.500189
vn -0.004243 -9.985608 99.500189
vn -0.012720 -29.936310 -95.413926
vn -0.016756 -39.435582 -91.895781
vn -0.020621 -48.530192 -87.434662
vn -0.024274 -57.126816 -82.076344
vn -0.027677 -65.137242 -75.875812
vn -0.030797 -72.479272 -68.896692
vn -0.031671 -74.535593 -66.666667
vn -0.031671 -74.535593 -66.666667
vn -0.036059 -84.864418 -52.896401
vn -0.036668 -86.296766 -50.525902
vn -0.039846 -93.775205 -34.730525
vn -0.040203 -94.615998 -32.369915
vn -0.042001 -98.846824 -15.142778
vn -0.042134 -99.161475 -12.922855
vn -0.042436 -99.871642 5.064917
vn -0.042385 -99.751901 7.039633
vn -0.041134 -96.807703 25.065253
vn -0.040945 -96.363728 26.721345
vn -0.038148 -89.780446 44.039415
vn -0.037873 -89.132092 45.337277
vn -0.033600 -79.077567 61.210598
vn -0.033289 -78.345428 62.144934
vn -0.027677 -65.137242 75.875812
vn -0.027378 -64.433959 76.473944
vn -0.020621 -48.530192 87.434662
vn -0.020375 -47.952546 87.752795
vn -0.012720 -29.936310 95.413926
vn -0.012560 -29.558547 95.531629
vn -0.004299 -10.116831 99.486932
vn -0.033600 -79.077567 -61.210598
vn -0.036668 -86.296766 -50.525902
vn -0.038148 -89.780446 -44.039415
vn -0.040203 -94.615998 -32.369915
vn -0.041134 -96.807703 -25.065253
vn -0.042134 -99.161475 -12.922855
vn -0.042436 -99.871642 -5.064917
vn -0.042385 -99.751901 7.039633
vn -0.042001 -98.846824 15.142778
vn -0.040945 -96.363728 26.721345
vn -0.039846 -93.775205 34.730525
vn -0.037873 -89.132092 45.337277
vn -0.036059 -84.864418 52.896401
vn -0.033289 -78.345428 62.144934
vn -0.030797 -72.479272 68.896692
vn -0.027378 -64.433959 76.473944
vn -0.024274 -57.126816 82.076344
vn -0.020375 -47.952546 87.752795
vn -0.016756 -39.435582 91.895781
vn -0.012560 -29.558547 95.531629
vn -0.008553 -20.129850 97.952994
vn -0.004243 -9.985608 99.500189
vn -0.000000 -0.000000 100.000000
vn 0.004243 9.985608 99.500189
vn 0.008553 20.129850 97.952994
vn 0.012560 29.558547 95.531629
vn 0.016756 39.435582 91.895781
vn 0.020375 47.952546 87.752795
vn 0.024274 57.126816 82.076344
vn 0.027378 64.433959 76.473944
vn 0.030797 72.479272 68.896692
vn 0.033289 78.345428 62.144934
vn 0.036059 84.864418 52.896401
vn 0.037873 89.132092 45.337277
vn 0.039846 93.775205 34.730525
vn 0.040945 96.363728 26.721345
vn 0.042001 98.846824 15.142778
vn 0.042385 99.751901 7.039633
vn 0.042436 99.871642 -5.064917
vn 0.042134 99.161475 -12.922855
vn 0.041134 96.807703 -25.065253
vn 0.040203 94.615998 -32.369915
vn 0.038148 89.780446 -44.039415
vn 0.036668 86.296766 -50.525902
vn 0.033600 79.077567 -61.210598
vn 0.031671 74.535593 -66.666667
vn -99.999991 0.042491 0.000000
vn -99.999991 0.042491 0.000000
vn -99.999991 0.042491 0.000000
vn -99.999991 0.042491 0.000000
vn -99.999991 0.042491 0.000000
vn -99.999991 0.042491 0.000000
vn -99.999991 0.042491 0.000000
vn -99.999991 0.042491 0.000000
vn -99.999991 0.042491 0.000000
vn -99.999991 0.042491 0.000000
vn -99.999991 0.042491 0.000000
vn -99.999991 0.042491 0.000000
vn -99.999991 0.042491 0.000000
vn -99.999991 0.042491 0.000000
vn -99.999991 0.042491 0.000000
vn -99.999991 0.042491 0.000000
vn -99.999991 0.042491 0.000000
vn -99.999991 0.042491 0.000000
vn -99.999991 0.042491 0.000000
vn -99.999991 0.042491 0.000000
vn -99.999991 0.042491 0.000000
vn -99.999991 0.042491 0.000000
vn -99.999991 0.042491 0.000000
vn -99.999991 0.042491 0.000000
vn -99.999991 0.042491 0.000000
vn -99.999991 0.042491 0.000000
vn -99.999991 0.042491 0.000000
vn -99.999991 0.042491 0.000000
vn -99.999991 0.042491 0.000000
vn -99.999991 0.042491 0.000000
vn -99.999991 0.042491 0.000000
vn -99.999991 0.042491 0.000000
vn -99.999991 0.042491 0.000000
vn -99.999991 0.042491 0.000000
vn -99.999991 0.042491 0.000000
vn -99.999991 0.042491 0.000000
vn -99.999991 0.042491 0.000000
vn -99.999991 0.042491 0.000000
vn -99.999991 0.042491 0.000000
vn -99.999991 0.042491 0.000000
vn -99.999991 0.042491 0.000000
vn -99.999991 0.042491 0.000000
vn -99.999991 0.042491 0.000000
vn -99.999991 0.042491 0.000000
vn -99.999991 0.042491 0.000000
vn -99.999991 0.042491 0.000000
vn -99.999991 0.042491 0.000000
vn -99.999991 0.042491 0.000000
vn -99.999991 0.042491 0.000000
vn -99.999991 0.042491 0.000000
vn -99.999991 0.042491 0.000000
vn -99.999991 0.042491 0.000000
vn -99.999991 0.042491 0.000000
vn -99.999991 0.042491 0.000000
vn -99.999991 0.042491 0.000000
vn -99.999991 0.042491 0.000000
vn -99.999991 0.042491 0.000000
vn -99.999991 0.042491 0.000000
vn -99.999991 0.042491 0.000000
vn -99.999991 0.042491 0.000000
vn 86.736977 -49.766422 0.000000
vn 89.756631 -44.087949 0.000000
vn 89.401843 -44.803019 0.000000
vn 92.367388 -38.317953 0.000000
vn 93.157903 -36.353887 0.000000
vn 94.607671 -32.394269 0.000000
vn 96.117502 -27.593945 0.000000
vn 96.468492 -26.340654 0.000000
vn 97.942389 -20.181391 0.000000
vn 98.255337 -18.598086 0.000000
vn 99.023449 -13.941181 0.000000
vn 99.553129 -9.443221 0.000000
vn 99.707337 -7.645056 0.000000
vn 99.999784 -0.207620 0.000000
vn 99.991310 -1.318266 0.000000
vn 99.874229 5.013810 0.000000
vn 99.591483 9.029755 0.000000
vn 99.356564 11.325777 0.000000
vn 98.331716 18.189930 0.000000
vn 98.440390 17.592318 0.000000
vn 97.129382 23.788297 0.000000
vn 95.428800 29.888864 0.000000
vn 96.231254 27.194589 0.000000
vn 96.727429 25.373302 0.000000
vn 98.626544 16.516805 0.000000
vn 99.716485 7.524798 0.000000
vn 99.988311 -1.528946 0.000000
vn 99.439791 -10.570145 0.000000
vn 98.075426 -19.524623 0.000000
vn 95.906408 -28.318913 0.000000
vn 92.950535 -36.880862 0.000000
vn 89.232057 -45.140226 0.000000
vn 84.881434 -52.869104 0.000000
vn 84.781482 -53.029240 0.000000
vn 79.635324 -60.483180 0.000000
vn 79.635324 -60.483180 0.000000
vn 93.345462 35.869551 0.000000
vn 93.308056 35.966745 0.000000
vn 94.034722 34.021625 0.000000
vn 90.887727 41.706368 0.000000
vn 90.570516 42.390821 0.000000
vn 88.065450 47.375906 0.000000
vn 86.363231 50.412224 0.000000
vn 84.889953 52.855424 0.000000
vn 81.447386 58.020025 0.000000
vn 81.373972 58.122945 0.000000
vn 77.531608 63.157341 0.000000
vn 75.863313 65.151806 0.000000
vn 73.378274 67.938420 0.000000
vn 69.656825 71.749054 0.000000
vn 68.930627 72.447006 0.000000
vn 64.206507 76.665014 0.000000
vn 62.878844 77.757642 0.000000
vn 59.224862 80.575528 0.000000
vn 55.584979 83.128275 0.000000
vn 54.005673 84.162862 0.000000
vn 47.835071 87.816889 0.000000
vn 48.569873 87.412628 0.000000
vn 42.939264 90.311791 0.000000
vn 39.692705 91.785016 0.000000
vn 37.136431 92.848724 0.000000
vn 31.224683 95.000101 0.000000
vn 31.184647 95.013251 0.000000
vn 25.107786 96.796690 0.000000
vn 22.500481 97.435765 0.000000
vn 18.930219 98.191888 0.000000
vn 13.591676 99.072026 0.000000
vn 12.676726 99.193249 0.000000
vn 6.372388 99.796757 0.000000
vn 4.571358 99.895459 0.000000
vn 0.042491 99.999991 0.000000
vn -4.486464 99.899307 -0.000000
vn -6.287577 99.802136 -0.000000
vn -13.507478 99.083541 -0.000000
vn -12.592426 99.203986 -0.000000
vn -18.846768 98.207939 -0.000000
vn -22.417671 97.454851 -0.000000
vn -25.025518 96.817991 -0.000000
vn -31.143940 95.026602 -0.000000
vn -31.103893 95.039717 -0.000000
vn -37.057514 92.880249 -0.000000
vn -39.614691 91.818714 -0.000000
vn -42.862501 90.348249 -0.000000
vn -47.760426 87.857508 -0.000000
vn -48.495571 87.453871 -0.000000
vn -53.934131 84.208726 -0.000000
vn -55.514316 83.175482 -0.000000
vn -59.156367 80.625829 -0.000000
vn -62.812742 77.811049 -0.000000
vn -64.141333 76.719550 -0.000000
vn -69.595827 71.808223 -0.000000
vn -68.869036 72.505558 -0.000000
vn -73.320512 68.000753 -0.000000
vn -75.807919 65.216252 -0.000000
vn -77.477908 63.223206 -0.000000
vn -81.398050 58.089219 -0.000000
vn -81.324549 58.192077 -0.000000
vn -84.845005 52.927545 -0.000000
vn -86.320359 50.485599 -0.000000
vn -88.025158 47.450728 -0.000000
vn -90.534459 42.467773 -0.000000
vn -90.852251 41.783590 -0.000000
vn -93.277457 36.046026 -0.000000
vn -93.314946 35.948864 -0.000000
vn -95.403365 29.969950 -0.000000
vn -97.109132 23.870830 -0.000000
vn -96.208109 27.276357 -0.000000
vn -94.005777 34.101524 -0.000000
vn -98.425404 17.675967 -0.000000
vn -98.316223 18.273487 -0.000000
vn -96.705832 25.455493 -0.000000
vn -99.346903 11.410207 -0.000000
vn -99.583774 9.114386 -0.000000
vn -98.612472 16.600613 -0.000000
vn -99.710054 7.609536 -0.000000
vn -99.999925 -0.122639 0.000000
vn -99.989574 -1.443974 0.000000
vn -99.561118 -9.358616 0.000000
vn -99.448738 -10.485636 0.000000
vn -98.271106 -18.514581 0.000000
vn -98.091982 -19.441270 0.000000
vn -96.140917 -27.512253 0.000000
vn -95.930440 -28.237400 0.000000
vn -93.188763 -36.274708 0.000000
vn -92.981843 -36.801858 0.000000
vn -89.439884 -44.727029 0.000000
vn -89.270386 -45.064379 0.000000
vn -84.926332 -52.796952 0.000000
vn -84.826516 -52.957173 0.000000
vn -79.686695 -60.415483 0.000000
vn -83.405463 -55.168186 0.000000
vn -79.686695 -60.415483 0.000000
vn -99.869933 5.098683 -0.000000
vn -99.992395 -1.233292 0.000000
vn -99.713798 -7.560320 0.000000
vn -99.035261 -13.857025 0.000000
vn -97.959504 -20.098151 0.000000
vn -96.490842 -26.258665 0.000000
vn -94.635166 -32.313858 0.000000
vn -92.399918 -38.239445 0.000000
vn -89.794065 -44.011657 0.000000
vn -86.779238 -49.692694 0.000000
vn 83.358550 -55.239045 0.000000
vn 0.000000 0.000000 -100.000000
vn 0.000000 0.000000 -100.000000
vn 0.000000 0.000000 -100.000000
vn 0.000000 0.000000 -100.000000
vn 0.000000 0.000000 -100.000000
vn 0.000000 0.000000 -100.000000
vn 0.000000 0.000000 -100.000000
vn 0.000000 0.000000 -100.000000
vn 0.000000 0.000000 -100.000000
vn 0.000000 0.000000 -100.000000
vn 0.000000 0.000000 -100.000000
vn 0.000000 0.000000 -100.000000
vn 0.000000 0.000000 -100.000000
vn 0.000000 0.000000 -100.000000
vn 0.000000 0.000000 -100.000000
vn 0.000000 0.000000 -100.000000
vn 0.000000 0.000000 -100.000000
vn 0.000000 0.000000 -100.000000
vn 0.000000 0.000000 -100.000000
vn 0.000000 0.000000 -100.000000
vn 0.000000 0.000000 -100.000000
vn 0.000000 0.000000 -100.000000
vn 0.000000 0.000000 -100.000000
vn 0.000000 0.000000 -100.000000
vn 0.000000 0.000000 -100.000000
vn 0.000000 0.000000 -100.000000
vn 0.000000 0.000000 -100.000000
vn 0.000000 0.000000 -100.000000
vn 0.000000 0.000000 -100.000000
vn 0.000000 0.000000 -100.000000
vn 0.000000 0.000000 -100.000000
vn 0.000000 0.000000 -100.000000
vn 0.000000 0.000000 -100.000000
vn 0.000000 0.000000 -100.000000
vn 0.000000 0.000000 -100.000000
vn 0.000000 0.000000 -100.000000
vn 0.000000 0.000000 -100.000000
vn 0.000000 0.000000 -100.000000
vn 0.000000 0.000000 -100.000000
vn 0.000000 0.000000 -100.000000
vn 0.000000 0.000000 -100.000000
vn 0.000000 0.000000 -100.000000
vn 0.000000 0.000000 -100.000000
vn 0.000000 0.000000 -100.000000
vn 0.000000 0.000000 -100.000000
vn 0.000000 0.000000 -100.000000
vn 0.000000 0.000000 -100.000000
vn 0.000000 0.000000 -100.000000
vn 0.000000 0.000000 -100.000000
vn 0.000000 0.000000 -100.000000
vn 0.000000 0.000000 -100.000000
vn 0.000000 0.000000 -100.000000
vn 0.000000 0.000000 -100.000000
vn 0.000000 0.000000 -100.000000
vn 0.000000 0.000000 -100.000000
vn 0.000000 0.000000 -100.000000
vn 0.000000 0.000000 -100.000000
vn 0.000000 0.000000 -100.000000
vn 0.000000 0.000000 -100.000000
vn 0.000000 0.000000 -100.000000
vn 0.000000 0.000000 -100.000000
vn 0.000000 0.000000 -100.000000
vn 0.000000 0.000000 -100.000000
vn 0.000000 0.000000 -100.000000
vn 0.000000 0.000000 -100.000000
vn 0.000000 0.000000 -100.000000
vn 0.000000 0.000000 -100.000000
vn 0.000000 0.000000 -100.000000
vn 0.000000 0.000000 -100.000000
vn 0.000000 0.000000 -100.000000
vn 0.000000 0.000000 -100.000000
vn 0.000000 0.000000 -100.000000
vn 0.000000 0.000000 -100.000000
vn 0.000000 0.000000 -100.000000
vn 0.000000 0.000000 -100.000000
vn 0.000000 0.000000 -100.000000
vn 0.000000 0.000000 -100.000000
vn 0.000000 0.000000 -100.000000
vn 0.000000 0.000000 -100.000000
vn 0.000000 0.000000 -100.000000
vn 0.000000 0.000000 -100.000000
vn 0.000000 0.000000 -100.000000
vn 0.000000 0.000000 -100.000000
vn 0.000000 0.000000 -100.000000
vn 0.000000 0.000000 -100.000000
vn 0.000000 0.000000 -100.000000
vn 0.000000 0.000000 -100.000000
vn 0.000000 0.000000 -100.000000
vn 0.000000 0.000000 -100.000000
vn 0.000000 0.000000 -100.000000
vn 0.000000 0.000000 -100.000000
vn 0.000000 0.000000 -100.000000
vn 0.000000 0.000000 -100.000000
vn 0.000000 0.000000 -100.000000
vn 0.000000 0.000000 -100.000000
vn 0.000000 0.000000 -100.000000
vn 0.000000 0.000000 -100.000000
vn 0.000000 0.000000 -100.000000
vn 0.000000 0.000000 -100.000000
vn 0.000000 0.000000 -100.000000
vn 0.000000 0.000000 -100.000000
vn 0.000000 0.000000 -100.000000
vn 0.000000 0.000000 -100.000000
vn -68.446345 -72.904718 0.000000
vn -69.954540 -71.458816 0.000000
vn -74.631463 -66.559333 0.000000
vn -75.996333 -64.996595 0.000000
vn -80.218780 -59.707180 0.000000
vn -81.443351 -58.025688 0.000000
vn -85.179026 -52.388296 0.000000
vn -86.252966 -50.600652 0.000000
vn -89.473427 -44.659892 0.000000
vn -90.387533 -42.779596 0.000000
vn -93.068413 -36.582381 0.000000
vn -93.814696 -34.623732 0.000000
vn -95.935882 -28.218905 0.000000
vn -96.507631 -26.196891 0.000000
vn -98.053419 -19.634841 0.000000
vn -98.445264 -17.565023 0.000000
vn -99.404472 -10.897292 0.000000
vn -99.612429 -8.795685 0.000000
vn -99.978479 -2.074559 0.000000
vn -99.999991 0.042491 -0.000000
vn -99.770953 6.764392 -0.000000
vn -99.604918 8.880334 -0.000000
vn -98.783516 15.550464 -0.000000
vn -98.430301 17.648677 -0.000000
vn -97.023888 24.214979 -0.000000
vn -96.485334 26.278895 -0.000000
vn -94.505822 32.690205 -0.000000
vn -93.785238 34.703445 -0.000000
vn -91.249004 40.909892 -0.000000
vn -90.351146 42.856393 -0.000000
vn -87.278891 48.809785 -0.000000
vn -86.209933 50.673932 -0.000000
vn -82.626519 56.328132 -0.000000
vn -81.394011 58.094879 -0.000000
vn -77.328254 63.406161 -0.000000
vn -75.941070 65.061154 -0.000000
vn -71.425513 69.988543 -0.000000
vn -69.893788 71.518238 -0.000000
vn -64.964438 76.023824 -0.000000
vn -63.299492 77.415595 -0.000000
vn -57.995535 81.464826 -0.000000
vn -56.209791 82.707070 -0.000000
vn -50.573281 86.269017 -0.000000
vn -48.680173 87.351249 -0.000000
vn -42.755694 90.398842 -0.000000
vn -40.769566 91.311787 -0.000000
vn -34.603886 93.822018 -0.000000
vn -32.539882 94.557686 -0.000000
vn -26.181579 96.511786 -0.000000
vn -24.055530 97.063544 -0.000000
vn -17.554611 98.447121 -0.000000
vn -15.382910 98.809747 -0.000000
vn -8.790417 99.612894 -0.000000
vn -6.589898 99.782630 -0.000000
vn 0.042491 99.999991 0.000000
vn 2.254689 99.974579 0.000000
vn 8.875066 99.605387 0.000000
vn 11.081629 99.384091 0.000000
vn 17.638266 98.432167 0.000000
vn 19.821841 98.015788 0.000000
vn 26.263587 96.489502 0.000000
vn 28.406921 95.880378 0.000000
vn 34.683605 93.792577 0.000000
vn 36.769677 92.994574 0.000000
vn 42.832501 90.362475 0.000000
vn 44.844661 89.380962 0.000000
vn 50.646575 86.226008 0.000000
vn 52.568675 85.067823 0.000000
vn 58.064744 81.415512 0.000000
vn 59.881267 80.088912 0.000000
vn 65.029020 75.968589 0.000000
vn 66.725207 74.483197 0.000000
vn 71.484964 69.927820 0.000000
vn 73.046933 68.294551 0.000000
vn 77.382109 63.340423 0.000000
vn 78.796966 61.571406 0.000000
vn 82.674357 56.257894 0.000000
vn 83.930307 54.366382 0.000000
vn 87.320339 48.735597 0.000000
vn 88.406780 46.735868 0.000000
vn 91.283737 40.832332 0.000000
vn 92.191349 38.739581 0.000000
vn 94.533569 32.609881 0.000000
vn 95.254396 30.440106 0.000000
vn 97.044431 24.132519 0.000000
vn 97.571948 21.902394 0.000000
vn 98.796695 15.466512 0.000000
vn 99.125868 13.193267 0.000000
vn 99.776665 6.679603 0.000000
vn 99.903993 4.380885 0.000000
vn 99.976680 -2.159521 0.000000
vn 99.900234 -4.465783 0.000000
vn 99.395175 -10.981763 0.000000
vn 99.114620 -13.277501 0.000000
vn 98.036698 -19.718161 0.000000
vn 97.553300 -21.985304 0.000000
vn 95.911866 -28.300422 0.000000
vn 95.228493 -30.521043 0.000000
vn 93.037291 -36.661458 0.000000
vn 92.158394 -38.817913 0.000000
vn 89.435442 -44.735911 0.000000
vn 88.367031 -46.810980 0.000000
vn 85.134475 -52.460663 0.000000
vn 83.884076 -54.437688 0.000000
vn 80.168011 -59.775329 0.000000
vn 78.744614 -61.638347 0.000000
vn 74.574873 -66.622731 0.000000
vn 72.988869 -68.356602 0.000000
vn 68.384365 -72.962858 0.000000
vn 66.661887 -74.539874 0.000000
vn 61.656905 -78.730084 0.000000
vn 59.813185 -80.139771 0.000000
vn 54.445318 -83.879123 0.000000
vn 52.496364 -85.112465 0.000000
vn 46.806228 -88.369548 0.000000
vn 44.768688 -89.419039 0.000000
vn 38.799618 -92.166098 0.000000
vn 36.690636 -93.025788 0.000000
vn 30.488355 -95.238964 0.000000
vn 28.325430 -95.904484 0.000000
vn 21.937698 -97.564017 0.000000
vn 19.738539 -98.032597 0.000000
vn 13.214788 -99.123001 0.000000
vn 10.997168 -99.393472 0.000000
vn 4.388115 -99.903676 0.000000
vn 2.169728 -99.976459 0.000000
vn -4.473013 -99.899911 0.000000
vn -6.674692 -99.776994 0.000000
vn -13.299019 -99.111735 0.000000
vn -15.466874 -98.796639 0.000000
vn -22.020601 -97.545339 0.000000
vn -24.138007 -97.043066 0.000000
vn -30.569279 -95.213020 0.000000
vn -32.620227 -94.530000 0.000000
vn -38.877928 -92.133092 0.000000
vn -40.847149 -91.277108 0.000000
vn -46.881309 -88.329739 0.000000
vn -48.754387 -87.309849 0.000000
vn -54.516580 -83.832825 0.000000
vn -56.280056 -82.659272 0.000000
vn -61.723789 -78.677658 0.000000
vn -63.365257 -77.361774 0.000000
vn 0.000000 -0.000000 100.000000
vn 0.000000 -0.000000 100.000000
vn 0.000000 -0.000000 100.000000
vn 0.000000 -0.000000 100.000000
vn 0.000000 -0.000000 100.000000
vn 0.000000 -0.000000 100.000000
vn 0.000000 -0.000000 100.000000
vn 0.000000 -0.000000 100.000000
vn 0.000000 -0.000000 100.000000
vn 0.000000 -0.000000 100.000000
vn 0.000000 -0.000000 100.000000
vn 0.000000 -0.000000 100.000000
vn 0.000000 -0.000000 100.000000
vn 0.000000 -0.000000 100.000000
vn 0.000000 -0.000000 100.000000
vn 0.000000 -0.000000 100.000000
vn 0.000000 -0.000000 100.000000
vn 0.000000 -0.000000 100.000000
vn 0.000000 -0.000000 100.000000
vn 0.000000 -0.000000 100.000000
vn 0.000000 -0.000000 100.000000
vn 0.000000 -0.000000 100.000000
vn 0.000000 0.000000 -100.000000
vn 0.000000 0.000000 -100.000000
vn 0.000000 0.000000 -100.000000
vn 0.000000 0.000000 -100.000000
vn 0.000000 0.000000 -100.000000
vn 0.000000 0.000000 -100.000000
vn 0.000000 0.000000 -100.000000
vn 0.000000 0.000000 -100.000000
vn 0.000000 0.000000 -100.000000
vn 0.000000 0.000000 -100.000000
vn 0.000000 0.000000 -100.000000
vn 0.000000 0.000000 -100.000000
vn 0.000000 0.000000 -100.000000
vn 0.000000 0.000000 -100.000000
vn 0.000000 0.000000 -100.000000
vn 0.000000 0.000000 -100.000000
vn 0.000000 0.000000 -100.000000
vn 0.000000 0.000000 -100.000000
vn 0.000000 0.000000 -100.000000
vn 0.000000 0.000000 -100.000000
vn 0.000000 0.000000 -100.000000
vn 0.000000 0.000000 -100.000000
vn 0.000000 0.000000 -100.000000
vn 0.000000 0.000000 -100.000000
vn 0.000000 0.000000 -100.000000
vn 0.000000 0.000000 -100.000000
vn 0.000000 0.000000 -100.000000
vn 0.000000 0.000000 -100.000000
vn 0.000000 0.000000 -100.000000
vn 0.000000 0.000000 -100.000000
vn 0.000000 0.000000 -100.000000
vn 0.000000 0.000000 -100.000000
vn 0.000000 0.000000 -100.000000
vn 0.000000 0.000000 -100.000000
vn 0.000000 0.000000 -100.000000
vn 0.000000 0.000000 -100.000000
vn 0.000000 0.000000 -100.000000
vn 0.000000 0.000000 -100.000000
vn 0.000000 0.000000 -100.000000
vn 0.000000 0.000000 -100.000000
vn 0.000000 0.000000 -100.000000
vn 0.000000 0.000000 -100.000000
vn 0.000000 0.000000 -100.000000
vn 0.000000 0.000000 -100.000000
vn 0.000000 0.000000 -100.000000
vn 0.000000 0.000000 -100.000000
vn 0.000000 0.000000 -100.000000
vn 0.000000 0.000000 -100.000000
vn 0.000000 0.000000 -100.000000
vn 0.000000 0.000000 -100.000000
vn 0.000000 0.000000 -100.000000
vn 0.000000 0.000000 -100.000000
vn 0.000000 0.000000 -100.000000
vn 0.000000 0.000000 -100.000000
vn 0.000000 0.000000 -100.000000
vn 0.000000 0.000000 -100.000000
vn 0.000000 0.000000 -100.000000
vn 0.000000 0.000000 -100.000000
vn 0.000000 0.000000 -100.000000
vn 0.000000 0.000000 -100.000000
vn 0.000000 0.000000 -100.000000
vn 0.000000 0.000000 -100.000000
vn 0.000000 0.000000 -100.000000
vn 0.000000 0.000000 -100.000000
vn 0.000000 0.000000 -100.000000
vn 0.000000 0.000000 -100.000000
vn 0.000000 0.000000 -100.000000
vn 0.000000 0.000000 -100.000000
vn 0.000000 0.000000 -100.000000
vn 0.000000 0.000000 -100.000000
vn 0.000000 0.000000 -100.000000
vn 0.000000 0.000000 -100.000000
vn 0.000000 0.000000 -100.000000
vn 0.000000 0.000000 -100.000000
vn 0.000000 0.000000 -100.000000
vn 0.000000 0.000000 -100.000000
vn 0.000000 0.000000 -100.000000
vn 0.000000 0.000000 -100.000000
vn 0.000000 0.000000 -100.000000
vn 0.000000 0.000000 -100.000000
vn 0.000000 0.000000 -100.000000
vn 0.000000 0.000000 -100.000000
vn 0.000000 0.000000 -100.000000
vn 0.000000 0.000000 -100.000000
vn 0.000000 0.000000 -100.000000
vn 0.000000 0.000000 -100.000000
vn 0.000000 0.000000 -100.000000
vn 0.000000 0.000000 -100.000000
vn 0.000000 0.000000 -100.000000
vn 0.000000 0.000000 -100.000000
vn 0.000000 0.000000 -100.000000
vn 0.000000 0.000000 -100.000000
vn 0.000000 0.000000 -100.000000
vn 0.000000 0.000000 -100.000000
vn 0.000000 0.000000 -100.000000
vn 0.000000 0.000000 -100.000000
vn 0.000000 0.000000 -100.000000
vn 0.000000 0.000000 -100.000000
vn 0.000000 0.000000 -100.000000
vn 0.000000 0.000000 -100.000000
vn 0.000000 0.000000 -100.000000
vn 0.000000 0.000000 -100.000000
vn 0.000000 0.000000 -100.000000
vn 0.000000 0.000000 -100.000000
vn 0.000000 0.000000 -100.000000
vn 0.000000 0.000000 -100.000000
vn 0.000000 0.000000 -100.000000
vn 0.000000 0.000000 -100.000000
vn 0.000000 0.000000 -100.000000
vn 0.000000 0.000000 -100.000000
vn 0.000000 0.000000 -100.000000
vn 0.000000 0.000000 -100.000000
vn 0.000000 0.000000 -100.000000
vn 0.000000 0.000000 -100.000000
vn 0.000000 0.000000 -100.000000
vn 0.000000 0.000000 -100.000000
vn 0.000000 0.000000 -100.000000
vn 0.000000 0.000000 -100.000000
vn 0.000000 0.000000 -100.000000
vn 0.000000 0.000000 -100.000000
vn 0.000000 0.000000 -100.000000
vn 0.000000 0.000000 -100.000000
vn 0.000000 0.000000 -100.000000
vn 0.000000 0.000000 -100.000000
vn 0.000000 0.000000 -100.000000
vn 0.000000 0.000000 -100.000000
vn 0.000000 0.000000 -100.000000
vn 0.000000 0.000000 -100.000000
vn 0.000000 0.000000 -100.000000
vn 0.000000 0.000000 -100.000000
vn 0.000000 0.000000 -100.000000
vn 0.000000 0.000000 -100.000000
vn 0.000000 0.000000 -100.000000
vn 0.000000 0.000000 -100.000000
vn 0.000000 0.000000 -100.000000
vn 0.000000 0.000000 -100.000000
vn 0.000000 0.000000 -100.000000
vn 0.000000 0.000000 -100.000000
vn 0.000000 0.000000 -100.000000
vn 0.000000 0.000000 -100.000000
vn 0.000000 0.000000 -100.000000
vn 0.000000 0.000000 -100.000000
vn 0.000000 0.000000 -100.000000
vn 0.000000 0.000000 -100.000000
vn 0.000000 0.000000 -100.000000
vn 0.000000 0.000000 -100.000000
vn 0.000000 0.000000 -100.000000
vn 0.000000 0.000000 -100.000000
vn 0.000000 0.000000 -100.000000
vn 0.000000 0.000000 -100.000000
vn 0.000000 0.000000 -100.000000
vn 0.000000 0.000000 -100.000000
vn 0.000000 0.000000 -100.000000
vn 0.000000 0.000000 -100.000000
vn 0.000000 0.000000 -100.000000
vn 0.000000 0.000000 -100.000000
vn 0.000000 0.000000 -100.000000
vn 0.000000 0.000000 -100.000000
vn 0.000000 0.000000 -100.000000
vn 0.000000 0.000000 -100.000000
vn 0.000000 0.000000 -100.000000
vn 0.000000 0.000000 -100.000000
vn 0.000000 0.000000 -100.000000
vn 0.000000 0.000000 -100.000000
vn 0.000000 0.000000 -100.000000
vn 0.000000 0.000000 -100.000000
vn 0.000000 0.000000 -100.000000
vn 0.000000 0.000000 -100.000000
vn 0.000000 0.000000 -100.000000
vn 0.000000 0.000000 -100.000000
vn 0.000000 0.000000 -100.000000
vn 0.000000 0.000000 -100.000000
vn 0.000000 0.000000 -100.000000
vn 0.000000 0.000000 -100.000000
vn 0.000000 0.000000 -100.000000
vn 0.000000 0.000000 -100.000000
vn 0.000000 0.000000 -100.000000
vn 0.000000 0.000000 -100.000000
vn 0.000000 0.000000 -100.000000
vn 0.000000 0.000000 -100.000000
vn 0.000000 0.000000 -100.000000
vn 0.000000 0.000000 -100.000000
vn 0.000000 0.000000 -100.000000
vn 0.000000 0.000000 -100.000000
vn 0.000000 0.000000 -100.000000
vn 0.000000 0.000000 -100.000000
vn 0.000000 0.000000 -100.000000
vn 99.999991 -0.042491 0.000000
vn 99.999991 -0.042491 0.000000
vn 99.999991 -0.042491 0.000000
vn 99.999991 -0.042491 0.000000
vn 0.000000 -0.000000 100.000000
vn 0.000000 -0.000000 100.000000
vn 0.000000 -0.000000 100.000000
vn 0.000000 -0.000000 100.000000
vn 0.000000 -0.000000 100.000000
vn 0.000000 -0.000000 100.000000
vn 0.000000 -0.000000 100.000000
vn 0.000000 -0.000000 100.000000
vn 0.000000 -0.000000 100.000000
vn 0.000000 -0.000000 100.000000
vn 0.000000 -0.000000 100.000000
vn 0.000000 -0.000000 100.000000
vn 0.000000 -0.000000 100.000000
vn 0.000000 -0.000000 100.000000
vn 0.000000 -0.000000 100.000000
vn 0.000000 -0.000000 100.000000
vn 0.000000 -0.000000 100.000000
vn 0.000000 -0.000000 100.000000
vn 0.000000 -0.000000 100.000000
vn 0.000000 -0.000000 100.000000
vn 0.000000 -0.000000 100.000000
vn 0.000000 -0.000000 100.000000
vn 0.000000 -0.000000 100.000000
vn 0.000000 -0.000000 100.000000
vn 0.000000 -0.000000 100.000000
vn 0.000000 -0.000000 100.000000
vn 0.000000 -0.000000 100.000000
vn 0.000000 -0.000000 100.000000
vn 0.000000 -0.000000 100.000000
vn 0.000000 -0.000000 100.000000
vn 0.000000 -0.000000 100.000000
vn 0.000000 -0.000000 100.000000
vn 0.000000 -0.000000 100.000000
vn 0.000000 -0.000000 100.000000
vn 0.000000 -0.000000 100.000000
vn 0.000000 -0.000000 100.000000
vn 0.000000 -0.000000 100.000000
vn 0.000000 -0.000000 100.000000
vn 0.000000 -0.000000 100.000000
vn 0.000000 -0.000000 100.000000
vn 0.000000 -0.000000 100.000000
vn 0.000000 -0.000000 100.000000
vn 0.000000 -0.000000 100.000000
vn 0.000000 -0.000000 100.000000
vn 0.000000 -0.000000 100.000000
vn 0.000000 -0.000000 100.000000
vn 0.000000 -0.000000 100.000000
vn 0.000000 -0.000000 100.000000
vn 0.000000 -0.000000 100.000000
vn 0.000000 -0.000000 100.000000
vn 0.000000 -0.000000 100.000000
vn 0.000000 -0.000000 100.000000
vn 0.000000 -0.000000 100.000000
vn 0.000000 -0.000000 100.000000
vn 0.000000 -0.000000 100.000000
vn 0.000000 -0.000000 100.000000
vn 0.000000 -0.000000 100.000000
vn 0.000000 -0.000000 100.000000
vn 0.000000 -0.000000 100.000000
vn 0.000000 -0.000000 100.000000
vn 0.000000 -0.000000 100.000000
vn 0.000000 -0.000000 100.000000
vn 0.000000 -0.000000 100.000000
vn 0.000000 -0.000000 100.000000
vn 0.000000 -0.000000 100.000000
vn 0.000000 -0.000000 100.000000
vn 0.000000 -0.000000 100.000000
vn 0.000000 -0.000000 100.000000
vn 0.000000 -0.000000 100.000000
vn 0.000000 -0.000000 100.000000
vn 0.000000 -0.000000 100.000000
vn 0.000000 -0.000000 100.000000
vn 0.000000 -0.000000 100.000000
vn 0.000000 -0.000000 100.000000
vn 0.000000 -0.000000 100.000000
vn 0.000000 -0.000000 100.000000
vn 0.000000 -0.000000 100.000000
vn 0.000000 -0.000000 100.000000
vn 0.000000 -0.000000 100.000000
vn 0.000000 -0.000000 100.000000
vn 0.000000 -0.000000 100.000000
vn 0.000000 -0.000000 100.000000
vn 0.000000 -0.000000 100.000000
vn 0.000000 -0.000000 100.000000
vn 0.000000 -0.000000 100.000000
vn 0.000000 -0.000000 100.000000
vn 0.000000 -0.000000 100.000000
vn 0.000000 -0.000000 100.000000
vn 0.000000 -0.000000 100.000000
vn 0.000000 -0.000000 100.000000
vn 0.000000 -0.000000 100.000000
vn 0.000000 -0.000000 100.000000
vn 0.000000 -0.000000 100.000000
vn 0.000000 -0.000000 100.000000
vn 0.000000 -0.000000 100.000000
vn 0.000000 -0.000000 100.000000
vn 0.000000 -0.000000 100.000000
vn 0.000000 -0.000000 100.000000
vn 0.000000 -0.000000 100.000000
vn 0.000000 -0.000000 100.000000
vn 0.000000 -0.000000 100.000000
vn 0.000000 -0.000000 100.000000
vn 0.000000 -0.000000 100.000000
vn 0.000000 -0.000000 100.000000
vn 0.000000 -0.000000 100.000000
vn 0.000000 -0.000000 100.000000
vn 0.000000 -0.000000 100.000000
vn 0.000000 -0.000000 100.000000
vn 0.000000 -0.000000 100.000000
vn 0.000000 -0.000000 100.000000
vn 0.000000 -0.000000 100.000000
vn 0.000000 -0.000000 100.000000
vn 0.000000 -0.000000 100.000000
vn 0.000000 -0.000000 100.000000
vn 0.000000 -0.000000 100.000000
vn 0.000000 -0.000000 100.000000
vn 0.042491 99.999991 0.000000
vn 0.042491 99.999991 0.000000
vn 0.042491 99.999991 0.000000
vn 0.042491 99.999991 0.000000
vn -99.999991 0.042491 0.000000
vn -99.999991 0.042491 0.000000
vn -99.999991 0.042491 0.000000
vn -99.999991 0.042491 0.000000
vn -0.042491 -99.999991 0.000000
vn -0.042491 -99.999991 0.000000
vn -0.042491 -99.999991 0.000000
vn -0.042491 -99.999991 0.000000
vn -99.999991 0.042491 0.000000
vn -99.999991 0.042491 0.000000
vn -99.999991 0.042491 0.000000
vn -99.999991 0.042491 0.000000
vn -97.084004 23.972820 0.000000
vn -97.084004 23.972820 0.000000
vn -88.525848 46.509936 0.000000
vn -88.525848 46.509937 0.000000
vn -74.822892 66.344064 0.000000
vn -74.822892 66.344064 0.000000
vn -56.771501 82.322516 0.000000
vn -56.771501 82.322517 0.000000
vn -35.420756 93.516683 0.000000
vn -35.420756 93.516683 0.000000
vn -12.011486 99.276000 0.000000
vn -12.011486 99.276000 0.000000
vn 12.095848 99.265757 0.000000
vn 12.095848 99.265757 0.000000
vn 35.500215 93.486549 0.000000
vn 35.500215 93.486548 0.000000
vn 56.841438 82.274242 0.000000
vn 56.841439 82.274242 0.000000
vn 74.879244 66.280455 0.000000
vn 74.879245 66.280455 0.000000
vn 88.565341 46.434690 0.000000
vn 88.565341 46.434689 0.000000
vn 97.104342 23.890309 0.000000
vn 97.104342 23.890308 0.000000
vn 99.999991 -0.042490 0.000000
vn 99.999991 -0.042491 0.000000
vn 99.999991 -0.042491 0.000000
vn 99.999991 -0.042491 0.000000
vn 99.999991 -0.042491 0.000000
vn 97.084004 -23.972820 0.000000
vn 97.084004 -23.972820 0.000000
vn 88.525848 -46.509936 0.000000
vn 88.525848 -46.509937 0.000000
vn 74.822892 -66.344064 0.000000
vn 74.822892 -66.344064 0.000000
vn 56.771501 -82.322516 0.000000
vn 56.771501 -82.322517 0.000000
vn 35.420756 -93.516683 0.000000
vn 35.420756 -93.516683 0.000000
vn 12.011486 -99.276000 0.000000
vn 12.011486 -99.276000 0.000000
vn -12.095847 -99.265757 0.000000
vn -12.095848 -99.265757 0.000000
vn -35.500215 -93.486549 0.000000
vn -35.500215 -93.486548 0.000000
vn -56.841438 -82.274242 0.000000
vn -56.841439 -82.274242 0.000000
vn -74.879244 -66.280455 0.000000
vn -74.879245 -66.280455 0.000000
vn -88.565341 -46.434690 0.000000
vn -88.565341 -46.434689 0.000000
vn -97.104342 -23.890309 0.000000
vn -97.104342 -23.890308 0.000000
vn -99.999991 0.042490 0.000000
vn 99.999991 -0.042491 0.000000
vn 99.999991 -0.042491 0.000000
vn 97.084004 -23.972820 0.000000
vn 97.084004 -23.972820 0.000000
vn 88.525848 -46.509936 0.000000
vn 88.525848 -46.509937 0.000000
vn 74.822892 -66.344064 0.000000
vn 74.822892 -66.344064 0.000000
vn 56.771501 -82.322516 0.000000
vn 56.771501 -82.322517 0.000000
vn 35.420756 -93.516683 0.000000
vn 35.420756 -93.516683 0.000000
vn 12.011486 -99.276000 0.000000
vn 12.011486 -99.276000 0.000000
vn -12.095848 -99.265757 0.000000
vn -12.095848 -99.265757 0.000000
vn -35.500215 -93.486549 0.000000
vn -35.500215 -93.486548 0.000000
vn -56.841438 -82.274242 0.000000
vn -56.841439 -82.274242 0.000000
vn -74.879244 -66.280455 0.000000
vn -74.879244 -66.280455 0.000000
vn -88.565341 -46.434690 0.000000
vn -88.565341 -46.434690 0.000000
vn -97.104342 -23.890309 0.000000
vn -97.104342 -23.890309 0.000000
vn -99.999991 0.042491 0.000000
vn -99.999991 0.042491 0.000000
vn 99.999991 -0.042491 0.000000
vn 99.999991 -0.042491 0.000000
vn -99.999991 0.042491 0.000000
vn -99.999991 0.042491 0.000000
vn -97.084004 23.972820 0.000000
vn -97.084004 23.972820 0.000000
vn -88.525848 46.509936 0.000000
vn -88.525848 46.509937 0.000000
vn -74.822892 66.344064 0.000000
vn -74.822892 66.344064 0.000000
vn -56.771501 82.322516 0.000000
vn -56.771501 82.322517 0.000000
vn -35.420756 93.516683 0.000000
vn -35.420756 93.516683 0.000000
vn -12.011486 99.276000 0.000000
vn -12.011486 99.276000 0.000000
vn 12.095848 99.265757 0.000000
vn 12.095848 99.265757 0.000000
vn 35.500215 93.486549 0.000000
vn 35.500215 93.486548 0.000000
vn 56.841438 82.274242 0.000000
vn 56.841439 82.274242 0.000000
vn 74.879244 66.280455 0.000000
vn 74.879245 66.280455 0.000000
vn 88.565341 46.434690 0.000000
vn 88.565341 46.434689 0.000000
vn 97.104342 23.890309 0.000000
vn 97.104342 23.890308 0.000000
vn 99.999991 -0.042490 0.000000
vn -99.999991 0.042491 0.000000
vn -99.999991 0.042491 0.000000
vn -97.084004 23.972820 0.000000
vn -97.084004 23.972820 0.000000
vn -88.525848 46.509936 0.000000
vn -88.525848 46.509937 0.000000
vn -74.822892 66.344064 0.000000
vn -74.822892 66.344064 0.000000
vn -56.771501 82.322516 0.000000
vn -56.771501 82.322517 0.000000
vn -35.420756 93.516683 0.000000
vn -35.420756 93.516683 0.000000
vn -12.011486 99.276000 0.000000
vn -12.011486 99.276000 0.000000
vn 12.095848 99.265757 0.000000
vn 12.095848 99.265757 0.000000
vn 35.500215 93.486549 0.000000
vn 35.500215 93.486548 0.000000
vn 56.841438 82.274242 0.000000
vn 56.841439 82.274242 0.000000
vn 74.879244 66.280455 0.000000
vn 74.879244 66.280455 0.000000
vn 88.565341 46.434690 0.000000
vn 88.565341 46.434690 0.000000
vn 97.104342 23.890309 0.000000
vn 97.104342 23.890309 0.000000
vn 99.999991 -0.042490 0.000000
vn 99.999991 -0.042490 0.000000
vn -99.999991 0.042491 0.000000
vn -99.999991 0.042491 0.000000
vn 99.999991 -0.042491 0.000000
vn 99.999991 -0.042491 0.000000
vn 97.084004 -23.972820 0.000000
vn 97.084004 -23.972820 0.000000
vn 88.525848 -46.509936 0.000000
vn 88.525848 -46.509937 0.000000
vn 74.822892 -66.344064 0.000000
vn 74.822892 -66.344064 0.000000
vn 56.771501 -82.322516 0.000000
vn 56.771501 -82.322517 0.000000
vn 35.420756 -93.516683 0.000000
vn 35.420756 -93.516683 0.000000
vn 12.011486 -99.276000 0.000000
vn 12.011486 -99.276000 0.000000
vn -12.095848 -99.265757 0.000000
vn -12.095848 -99.265757 0.000000
vn -35.500215 -93.486549 0.000000
vn -35.500215 -93.486548 0.000000
vn -56.841438 -82.274242 0.000000
vn -56.841439 -82.274242 0.000000
vn -74.879244 -66.280455 0.000000
vn -74.879245 -66.280455 0.000000
vn -88.565341 -46.434690 0.000000
vn -88.565341 -46.434689 0.000000
vn -97.104342 -23.890309 0.000000
vn -97.104342 -23.890308 0.000000
vn -99.999991 0.042490 0.000000
vn 99.999991 -0.042491 0.000000
vn 99.999991 -0.042491 0.000000
vn 99.999991 -0.042491 0.000000
vn 99.999991 -0.042491 0.000000
vn 99.999991 -0.042491 0.000000
vn 99.999991 -0.042491 0.000000
vn 97.084004 -23.972820 0.000000
vn 97.084004 -23.972820 0.000000
vn 88.525848 -46.509936 0.000000
vn 88.525848 -46.509937 0.000000
vn 74.822892 -66.344064 0.000000
vn 74.822892 -66.344064 0.000000
vn 56.771501 -82.322516 0.000000
vn 56.771501 -82.322517 0.000000
vn 35.420756 -93.516683 0.000000
vn 35.420756 -93.516683 0.000000
vn 12.011486 -99.276000 0.000000
vn 12.011486 -99.276000 0.000000
vn -12.095848 -99.265757 0.000000
vn -12.095848 -99.265757 0.000000
vn -35.500215 -93.486549 0.000000
vn -35.500215 -93.486548 0.000000
vn -56.841438 -82.274242 0.000000
vn -56.841439 -82.274242 0.000000
vn -74.879244 -66.280455 0.000000
vn -74.879245 -66.280455 0.000000
vn -88.565341 -46.434690 0.000000
vn -88.565341 -46.434689 0.000000
vn -97.104342 -23.890309 0.000000
vn -97.104342 -23.890308 0.000000
vn -99.999991 0.042490 0.000000
vn -99.999991 0.042491 0.000000
vn -99.999991 0.042491 0.000000
vn -99.999991 0.042491 0.000000
vn -99.999991 0.042491 0.000000
vn -97.084004 23.972820 0.000000
vn -97.084004 23.972820 0.000000
vn -88.525848 46.509936 0.000000
vn -88.525848 46.509937 0.000000
vn -74.822892 66.344064 0.000000
vn -74.822892 66.344064 0.000000
vn -56.771501 82.322516 0.000000
vn -56.771501 82.322517 0.000000
vn -35.420756 93.516683 0.000000
vn -35.420756 93.516683 0.000000
vn -12.011486 99.276000 0.000000
vn -12.011486 99.276000 0.000000
vn 12.095847 99.265757 0.000000
vn 12.095848 99.265757 0.000000
vn 35.500215 93.486549 0.000000
vn 35.500215 93.486548 0.000000
vn 56.841438 82.274242 0.000000
vn 56.841439 82.274242 0.000000
vn 74.879244 66.280455 0.000000
vn 74.879245 66.280455 0.000000
vn 88.565341 46.434690 0.000000
vn 88.565341 46.434689 0.000000
vn 97.104342 23.890309 0.000000
vn 97.104342 23.890308 0.000000
vn 99.999991 -0.042490 0.000000
usemtl Aluminum_-_Cast
f 2/1/1 91/2/2 1/3/3
f 1/3/3 91/2/2 92/4/4
f 1/3/3 92/4/4 75/5/5
f 75/5/5 92/4/4 74/6/6
f 74/6/6 92/4/4 93/7/7
f 74/6/6 93/7/7 73/8/8
f 73/8/8 93/7/7 72/9/9
f 72/9/9 93/7/7 71/10/10
f 71/10/10 93/7/7 94/11/11
f 71/10/10 94/11/11 70/12/12
f 70/12/12 94/11/11 69/13/13
f 69/13/13 94/11/11 95/14/14
f 69/13/13 95/14/14 68/15/15
f 68/15/15 95/14/14 67/16/16
f 67/16/16 95/14/14 66/17/17
f 66/17/17 95/14/14 96/18/18
f 66/17/17 96/18/18 65/19/19
f 65/19/19 96/18/18 64/20/20
f 64/20/20 96/18/18 97/21/21
f 64/20/20 97/21/21 63/22/22
f 63/22/22 97/21/21 62/23/23
f 62/23/23 97/21/21 61/24/24
f 61/24/24 97/21/21 98/25/25
f 61/24/24 98/25/25 60/26/26
f 60/26/26 98/25/25 59/27/27
f 59/27/27 98/25/25 99/28/28
f 59/27/27 99/28/28 58/29/29
f 58/29/29 99/28/28 57/30/30
f 57/30/30 99/28/28 100/31/31
f 57/30/30 100/31/31 56/32/32
f 56/32/32 100/31/31 55/33/33
f 55/33/33 100/31/31 54/34/34
f 54/34/34 100/31/31 101/35/35
f 54/34/34 101/35/35 53/36/36
f 53/36/36 101/35/35 52/37/37
f 52/37/37 101/35/35 102/38/38
f 52/37/37 102/38/38 51/39/39
f 51/39/39 102/38/38 50/40/40
f 50/40/40 102/38/38 49/41/41
f 49/41/41 102/38/38 103/42/42
f 49/41/41 103/42/42 48/43/43
f 48/43/43 103/42/42 47/44/44
f 47/44/44 103/42/42 104/45/45
f 47/44/44 104/45/45 46/46/46
f 46/46/46 104/45/45 45/47/47
f 45/47/47 104/45/45 105/48/48
f 45/47/47 105/48/48 44/49/49
f 44/49/49 105/48/48 43/50/50
f 43/50/50 105/48/48 42/51/51
f 42/51/51 105/48/48 106/52/52
f 42/51/51 106/52/52 41/53/53
f 41/53/53 106/52/52 40/54/54
f 40/54/54 106/52/52 76/55/55
f 40/54/54 76/55/55 39/56/56
f 39/56/56 76/55/55 38/57/57
f 38/57/57 76/55/55 37/58/58
f 37/58/58 76/55/55 77/59/59
f 37/58/58 77/59/59 36/60/60
f 36/60/60 77/59/59 35/61/61
f 35/61/61 77/59/59 78/62/62
f 35/61/61 78/62/62 34/63/63
f 34/63/63 78/62/62 33/64/64
f 33/64/64 78/62/62 32/65/65
f 32/65/65 78/62/62 79/66/66
f 32/65/65 79/66/66 31/67/67
f 31/67/67 79/66/66 30/68/68
f 30/68/68 79/66/66 80/69/69
f 30/68/68 80/69/69 29/70/70
f 29/70/70 80/69/69 28/71/71
f 28/71/71 80/69/69 81/72/72
f 28/71/71 81/72/72 27/73/73
f 27/73/73 81/72/72 26/74/74
f 26/74/74 81/72/72 25/75/75
f 25/75/75 81/72/72 82/76/76
f 25/75/75 82/76/76 24/77/77
f 24/77/77 82/76/76 23/78/78
f 23/78/78 82/76/76 83/79/79
f 23/78/78 83/79/79 22/80/80
f 22/80/80 83/79/79 21/81/81
f 21/81/81 83/79/79 20/82/82
f 20/82/82 83/79/79 84/83/83
f 20/82/82 84/83/83 19/84/84
f 19/84/84 84/83/83 18/85/85
f 18/85/85 84/83/83 85/86/86
f 18/85/85 85/86/86 17/87/87
f 17/87/87 85/86/86 16/88/88
f 16/88/88 85/86/86 86/89/89
f 16/88/88 86/89/89 15/90/90
f 15/90/90 86/89/89 14/91/91
f 14/91/91 86/89/89 13/92/92
f 13/92/92 86/89/89 87/93/93
f 13/92/92 87/93/93 12/94/94
f 12/94/94 87/93/93 11/95/95
f 11/95/95 87/93/93 88/96/96
f 11/95/95 88/96/96 10/97/97
f 10/97/97 88/96/96 9/98/98
f 9/98/98 88/96/96 8/99/99
f 8/99/99 88/96/96 89/100/100
f 8/99/99 89/100/100 7/101/101
f 7/101/101 89/100/100 6/102/102
f 6/102/102 89/100/100 90/103/103
f 6/102/102 90/103/103 5/104/104
f 5/104/104 90/103/103 4/105/105
f 4/105/105 90/103/103 3/106/106
f 3/106/106 90/103/103 91/2/2
f 3/106/106 91/2/2 2/1/1
usemtl Rubber_-_Soft
f 75/107/107 222/108/108 1/109/3
f 1/109/3 222/108/108 245/110/109
f 1/109/3 245/110/109 2/111/110
f 2/111/110 245/110/109 1252/112/111
f 2/111/110 1252/112/111 3/113/112
f 3/113/112 1252/112/111 1240/114/113
f 3/113/112 1240/114/113 4/115/114
f 4/115/114 1240/114/113 1216/116/115
f 4/115/114 1216/116/115 5/117/116
f 5/117/116 1216/116/115 1239/118/117
f 5/117/116 1239/118/117 1204/119/118
f 1204/119/118 1239/118/117 1238/120/119
f 1204/119/118 1238/120/119 1205/121/120
f 1205/121/120 1238/120/119 1237/122/121
f 1205/121/120 1237/122/121 1206/123/122
f 1206/123/122 1237/122/121 1236/124/123
f 1206/123/122 1236/124/123 1207/125/124
f 1207/125/124 1236/124/123 1235/126/125
f 1207/125/124 1235/126/125 1208/127/126
f 1208/127/126 1235/126/125 1234/128/127
f 1208/127/126 1234/128/127 1209/129/128
f 1209/129/128 1234/128/127 1233/130/129
f 1209/129/128 1233/130/129 1210/131/130
f 1210/131/130 1233/130/129 1232/132/131
f 1210/131/130 1232/132/131 1211/133/132
f 1211/133/132 1232/132/131 1231/134/133
f 1211/133/132 1231/134/133 1212/135/134
f 1212/135/134 1231/134/133 1230/136/135
f 1212/135/134 1230/136/135 1213/137/136
f 1213/137/136 1230/136/135 1229/138/137
f 1213/137/136 1229/138/137 1214/139/138
f 1214/139/138 1229/138/137 1228/140/139
f 1214/139/138 1228/140/139 1215/141/140
f 1215/141/140 1228/140/139 179/142/141
f 1215/141/140 179/142/141 180/143/142
f 74/144/143 212/145/144 75/107/107
f 75/107/107 212/145/144 246/146/145
f 75/107/107 246/146/145 222/108/108
f 222/108/108 246/146/145 247/147/146
f 222/108/108 247/147/146 223/148/147
f 223/148/147 247/147/146 248/149/148
f 223/148/147 248/149/148 224/150/149
f 224/150/149 248/149/148 249/151/150
f 224/150/149 249/151/150 225/152/151
f 225/152/151 249/151/150 250/153/152
f 225/152/151 250/153/152 226/154/153
f 226/154/153 250/153/152 251/155/154
f 226/154/153 251/155/154 227/156/155
f 227/156/155 251/155/154 252/157/156
f 227/156/155 252/157/156 228/158/157
f 228/158/157 252/157/156 253/159/158
f 228/158/157 253/159/158 229/160/159
f 229/160/159 253/159/158 254/161/160
f 229/160/159 254/161/160 230/162/161
f 230/162/161 254/161/160 255/163/162
f 230/162/161 255/163/162 231/164/163
f 231/164/163 255/163/162 256/165/164
f 231/164/163 256/165/164 232/166/165
f 232/166/165 256/165/164 257/167/166
f 232/166/165 257/167/166 233/168/167
f 233/168/167 257/167/166 173/169/168
f 233/168/167 173/169/168 174/170/169
f 212/145/144 74/144/143 258/171/170
f 258/171/170 74/144/143 73/172/171
f 258/171/170 73/172/171 281/173/172
f 281/173/172 73/172/171 72/174/173
f 281/173/172 72/174/173 293/175/174
f 293/175/174 72/174/173 71/176/175
f 293/175/174 71/176/175 305/177/176
f 305/177/176 71/176/175 70/178/177
f 305/177/176 70/178/177 211/179/178
f 211/179/178 70/178/177 69/180/179
f 211/179/178 69/180/179 351/181/180
f 351/181/180 69/180/179 328/182/181
f 351/181/180 328/182/181 329/183/182
f 329/183/182 328/182/181 353/184/183
f 329/183/182 353/184/183 354/185/184
f 354/185/184 353/184/183 366/186/185
f 354/185/184 366/186/185 367/187/186
f 367/187/186 366/186/185 379/188/187
f 367/187/186 379/188/187 380/189/188
f 380/189/188 379/188/187 392/190/189
f 380/189/188 392/190/189 393/191/190
f 393/191/190 392/190/189 417/192/191
f 393/191/190 417/192/191 416/193/192
f 416/193/192 417/192/191 403/194/193
f 416/193/192 403/194/193 404/195/194
f 404/195/194 403/194/193 427/196/195
f 404/195/194 427/196/195 428/197/196
f 428/197/196 427/196/195 440/198/197
f 428/197/196 440/198/197 441/199/198
f 441/199/198 440/198/197 453/200/199
f 441/199/198 453/200/199 454/201/200
f 454/201/200 453/200/199 466/202/201
f 454/201/200 466/202/201 467/203/202
f 467/203/202 466/202/201 479/204/203
f 467/203/202 479/204/203 480/205/204
f 480/205/204 479/204/203 483/206/205
f 480/205/204 483/206/205 482/207/206
f 482/207/206 483/206/205 207/208/207
f 482/207/206 207/208/207 152/209/208
f 152/209/208 207/208/207 151/210/209
f 151/211/209 207/212/207 504/213/210
f 151/211/209 504/213/210 150/214/211
f 150/214/211 504/213/210 516/215/212
f 150/214/211 516/215/212 149/216/213
f 149/216/213 516/215/212 528/217/214
f 149/216/213 528/217/214 148/218/215
f 148/218/215 528/217/214 539/219/216
f 148/218/215 539/219/216 147/220/217
f 147/220/217 539/219/216 552/221/218
f 147/220/217 552/221/218 146/222/219
f 146/222/219 552/221/218 551/223/220
f 146/222/219 551/223/220 145/224/221
f 145/224/221 551/223/220 575/225/222
f 145/224/221 575/225/222 144/226/223
f 144/226/223 575/225/222 587/227/224
f 144/226/223 587/227/224 143/228/225
f 143/228/225 587/227/224 599/229/226
f 143/228/225 599/229/226 142/230/227
f 142/230/227 599/229/226 611/231/228
f 142/230/227 611/231/228 141/232/229
f 141/232/229 611/231/228 623/233/230
f 141/232/229 623/233/230 140/234/231
f 140/234/231 623/233/230 636/235/232
f 140/234/231 636/235/232 139/236/233
f 139/236/233 636/235/232 635/237/234
f 139/236/233 635/237/234 138/238/235
f 138/238/235 635/237/234 658/239/236
f 138/238/235 658/239/236 137/240/237
f 137/240/237 658/239/236 670/241/238
f 137/240/237 670/241/238 136/242/239
f 136/242/239 670/241/238 682/243/240
f 136/242/239 682/243/240 135/244/241
f 135/244/241 682/243/240 694/245/242
f 135/244/241 694/245/242 134/246/243
f 134/246/243 694/245/242 707/247/244
f 134/246/243 707/247/244 133/248/245
f 133/248/245 707/247/244 706/249/246
f 133/248/245 706/249/246 132/250/247
f 132/250/247 706/249/246 729/251/248
f 132/250/247 729/251/248 131/252/249
f 131/252/249 729/251/248 741/253/250
f 131/252/249 741/253/250 130/254/251
f 130/254/251 741/253/250 753/255/252
f 130/254/251 753/255/252 129/256/253
f 129/256/253 753/255/252 764/257/254
f 129/256/253 764/257/254 128/258/255
f 128/258/255 764/257/254 777/259/256
f 128/258/255 777/259/256 127/260/257
f 127/260/257 777/259/256 776/261/258
f 127/260/257 776/261/258 126/262/259
f 126/262/259 776/261/258 800/263/260
f 126/262/259 800/263/260 125/264/261
f 125/264/261 800/263/260 812/265/262
f 125/264/261 812/265/262 124/266/263
f 124/266/263 812/265/262 824/267/264
f 124/266/263 824/267/264 123/268/265
f 123/268/265 824/267/264 836/269/266
f 123/268/265 836/269/266 122/270/267
f 122/270/267 836/269/266 848/271/268
f 122/270/267 848/271/268 121/272/269
f 121/272/269 848/271/268 861/273/270
f 121/272/269 861/273/270 120/274/271
f 120/274/271 861/273/270 860/275/272
f 120/274/271 860/275/272 119/276/273
f 119/276/273 860/275/272 883/277/274
f 119/276/273 883/277/274 118/278/275
f 118/278/275 883/277/274 895/279/276
f 118/278/275 895/279/276 117/280/277
f 117/280/277 895/279/276 907/281/278
f 117/280/277 907/281/278 116/282/279
f 116/282/279 907/281/278 918/283/280
f 116/282/279 918/283/280 115/284/281
f 115/284/281 918/283/280 931/285/282
f 115/284/281 931/285/282 114/286/283
f 114/286/283 931/285/282 930/287/284
f 114/286/283 930/287/284 113/288/285
f 113/288/285 930/287/284 954/289/286
f 113/288/285 954/289/286 112/290/287
f 112/290/287 954/289/286 966/291/288
f 112/290/287 966/291/288 111/292/289
f 111/292/289 966/291/288 978/293/290
f 111/292/289 978/293/290 110/294/291
f 110/294/291 978/293/290 989/295/292
f 110/294/291 989/295/292 109/296/293
f 109/296/293 989/295/292 1002/297/294
f 109/296/293 1002/297/294 108/298/295
f 108/298/295 1002/297/294 1001/299/296
f 108/298/295 1001/299/296 107/300/297
f 107/300/297 1001/299/296 1025/301/298
f 107/300/297 1025/301/298 195/302/299
f 195/302/299 1025/301/298 1037/303/300
f 195/302/299 1037/303/300 194/304/301
f 194/304/301 1037/303/300 1049/305/302
f 194/304/301 1049/305/302 193/306/303
f 193/306/303 1049/305/302 1061/307/304
f 193/306/303 1061/307/304 192/308/305
f 192/308/305 1061/307/304 1073/309/306
f 192/308/305 1073/309/306 191/310/307
f 191/310/307 1073/309/306 1086/311/308
f 191/310/307 1086/311/308 190/312/309
f 190/312/309 1086/311/308 1085/313/310
f 190/312/309 1085/313/310 189/314/311
f 189/314/311 1085/313/310 1108/315/312
f 189/314/311 1108/315/312 188/316/313
f 188/316/313 1108/315/312 1120/317/314
f 188/316/313 1120/317/314 187/318/315
f 187/318/315 1120/317/314 1132/319/316
f 187/318/315 1132/319/316 186/320/317
f 186/320/317 1132/319/316 1143/321/318
f 186/320/317 1143/321/318 185/322/319
f 185/322/319 1143/321/318 1156/323/320
f 185/322/319 1156/323/320 184/324/321
f 184/324/321 1156/323/320 1155/325/322
f 184/324/321 1155/325/322 183/326/323
f 183/326/323 1155/325/322 1179/327/324
f 183/326/323 1179/327/324 182/328/325
f 182/328/325 1179/327/324 1191/329/326
f 182/328/325 1191/329/326 181/330/327
f 181/330/327 1191/329/326 1203/331/328
f 181/330/327 1203/331/328 180/143/142
f 180/143/142 1203/331/328 1215/141/140
f 69/180/179 68/332/329 328/182/181
f 328/182/181 68/332/329 352/333/330
f 328/182/181 352/333/330 353/184/183
f 353/184/183 352/333/330 365/334/331
f 353/184/183 365/334/331 366/186/185
f 366/186/185 365/334/331 378/335/332
f 366/186/185 378/335/332 379/188/187
f 379/188/187 378/335/332 391/336/333
f 379/188/187 391/336/333 392/190/189
f 392/190/189 391/336/333 418/337/334
f 392/190/189 418/337/334 417/192/191
f 417/192/191 418/337/334 402/338/335
f 417/192/191 402/338/335 403/194/193
f 403/194/193 402/338/335 426/339/336
f 403/194/193 426/339/336 427/196/195
f 427/196/195 426/339/336 439/340/337
f 427/196/195 439/340/337 440/198/197
f 440/198/197 439/340/337 452/341/338
f 440/198/197 452/341/338 453/200/199
f 453/200/199 452/341/338 465/342/339
f 453/200/199 465/342/339 466/202/201
f 466/202/201 465/342/339 478/343/340
f 466/202/201 478/343/340 479/204/203
f 479/204/203 478/343/340 484/344/341
f 479/204/203 484/344/341 483/206/205
f 483/206/205 484/344/341 206/345/342
f 483/206/205 206/345/342 207/208/207
f 207/212/207 206/346/342 504/213/210
f 68/332/329 67/347/343 352/333/330
f 352/333/330 67/347/343 364/348/344
f 352/333/330 364/348/344 365/334/331
f 365/334/331 364/348/344 377/349/345
f 365/334/331 377/349/345 378/335/332
f 378/335/332 377/349/345 390/350/346
f 378/335/332 390/350/346 391/336/333
f 391/336/333 390/350/346 419/351/347
f 391/336/333 419/351/347 418/337/334
f 418/337/334 419/351/347 401/352/348
f 418/337/334 401/352/348 402/338/335
f 402/338/335 401/352/348 425/353/349
f 402/338/335 425/353/349 426/339/336
f 426/339/336 425/353/349 438/354/350
f 426/339/336 438/354/350 439/340/337
f 439/340/337 438/354/350 451/355/351
f 439/340/337 451/355/351 452/341/338
f 452/341/338 451/355/351 464/356/352
f 452/341/338 464/356/352 465/342/339
f 465/342/339 464/356/352 477/357/353
f 465/342/339 477/357/353 478/343/340
f 478/343/340 477/357/353 485/358/354
f 478/343/340 485/358/354 484/344/341
f 484/344/341 485/358/354 205/359/355
f 484/344/341 205/359/355 206/345/342
f 206/346/342 205/360/355 503/361/356
f 206/346/342 503/361/356 504/213/210
f 504/213/210 503/361/356 516/215/212
f 67/347/343 66/362/357 364/348/344
f 364/348/344 66/362/357 376/363/358
f 364/348/344 376/363/358 377/349/345
f 377/349/345 376/363/358 389/364/359
f 377/349/345 389/364/359 390/350/346
f 390/350/346 389/364/359 420/365/360
f 390/350/346 420/365/360 419/351/347
f 419/351/347 420/365/360 400/366/361
f 419/351/347 400/366/361 401/352/348
f 401/352/348 400/366/361 424/367/362
f 401/352/348 424/367/362 425/353/349
f 425/353/349 424/367/362 437/368/363
f 425/353/349 437/368/363 438/354/350
f 438/354/350 437/368/363 450/369/364
f 438/354/350 450/369/364 451/355/351
f 451/355/351 450/369/364 463/370/365
f 451/355/351 463/370/365 464/356/352
f 464/356/352 463/370/365 476/371/366
f 464/356/352 476/371/366 477/357/353
f 477/357/353 476/371/366 486/372/367
f 477/357/353 486/372/367 485/358/354
f 485/358/354 486/372/367 204/373/368
f 485/358/354 204/373/368 205/359/355
f 205/360/355 204/374/368 502/375/369
f 205/360/355 502/375/369 503/361/356
f 503/361/356 502/375/369 515/376/370
f 503/361/356 515/376/370 516/215/212
f 516/215/212 515/376/370 528/217/214
f 66/362/357 65/377/371 376/363/358
f 376/363/358 65/377/371 388/378/372
f 376/363/358 388/378/372 389/364/359
f 389/364/359 388/378/372 421/379/373
f 389/364/359 421/379/373 420/365/360
f 420/365/360 421/379/373 209/380/374
f 420/365/360 209/380/374 400/366/361
f 400/366/361 209/380/374 423/381/375
f 400/366/361 423/381/375 424/367/362
f 424/367/362 423/381/375 436/382/376
f 424/367/362 436/382/376 437/368/363
f 437/368/363 436/382/376 449/383/377
f 437/368/363 449/383/377 450/369/364
f 450/369/364 449/383/377 462/384/378
f 450/369/364 462/384/378 463/370/365
f 463/370/365 462/384/378 475/385/379
f 463/370/365 475/385/379 476/371/366
f 476/371/366 475/385/379 487/386/380
f 476/371/366 487/386/380 486/372/367
f 486/372/367 487/386/380 203/387/381
f 486/372/367 203/387/381 204/373/368
f 204/374/368 203/388/381 501/389/382
f 204/374/368 501/389/382 502/375/369
f 502/375/369 501/389/382 514/390/383
f 502/375/369 514/390/383 515/376/370
f 515/376/370 514/390/383 527/391/384
f 515/376/370 527/391/384 528/217/214
f 528/217/214 527/391/384 539/219/216
f 65/377/371 64/392/385 388/378/372
f 388/378/372 64/392/385 421/379/373
f 421/379/373 64/392/385 209/380/374
f 209/380/374 64/392/385 63/393/386
f 209/380/374 63/393/386 422/394/387
f 422/394/387 63/393/386 62/395/388
f 422/394/387 62/395/388 434/396/389
f 434/396/389 62/395/388 61/397/390
f 434/396/389 61/397/390 446/398/391
f 446/398/391 61/397/390 60/399/392
f 446/398/391 60/399/392 458/400/393
f 458/400/393 60/399/392 59/401/394
f 458/400/393 59/401/394 470/402/395
f 470/402/395 59/401/394 208/403/396
f 470/402/395 208/403/396 492/404/397
f 492/404/397 208/403/396 197/405/398
f 492/404/397 197/405/398 198/406/399
f 198/407/399 197/408/398 495/409/400
f 198/407/399 495/409/400 496/410/401
f 496/410/401 495/409/400 508/411/402
f 496/410/401 508/411/402 509/412/403
f 509/412/403 508/411/402 521/413/404
f 509/412/403 521/413/404 522/414/405
f 522/414/405 521/413/404 533/415/406
f 522/414/405 533/415/406 534/416/407
f 534/416/407 533/415/406 557/417/408
f 534/416/407 557/417/408 556/418/409
f 556/418/409 557/417/408 547/419/410
f 556/418/409 547/419/410 548/420/411
f 548/420/411 547/419/410 572/421/412
f 548/420/411 572/421/412 573/422/413
f 573/422/413 572/421/412 585/423/414
f 573/422/413 585/423/414 586/424/415
f 586/424/415 585/423/414 598/425/416
f 586/424/415 598/425/416 599/229/226
f 599/229/226 598/425/416 611/231/228
f 59/401/394 58/426/417 208/403/396
f 208/403/396 58/426/417 196/427/418
f 208/403/396 196/427/418 197/405/398
f 197/408/398 196/428/418 494/429/419
f 197/408/398 494/429/419 495/409/400
f 495/409/400 494/429/419 507/430/420
f 495/409/400 507/430/420 508/411/402
f 508/411/402 507/430/420 520/431/421
f 508/411/402 520/431/421 521/413/404
f 521/413/404 520/431/421 532/432/422
f 521/413/404 532/432/422 533/415/406
f 533/415/406 532/432/422 558/433/423
f 533/415/406 558/433/423 557/417/408
f 557/417/408 558/433/423 546/434/424
f 557/417/408 546/434/424 547/419/410
f 547/419/410 546/434/424 571/435/425
f 547/419/410 571/435/425 572/421/412
f 572/421/412 571/435/425 584/436/426
f 572/421/412 584/436/426 585/423/414
f 585/423/414 584/436/426 597/437/427
f 585/423/414 597/437/427 598/425/416
f 598/425/416 597/437/427 610/438/428
f 598/425/416 610/438/428 611/231/228
f 611/231/228 610/438/428 623/233/230
f 58/439/417 57/440/429 196/428/418
f 196/428/418 57/440/429 493/441/430
f 196/428/418 493/441/430 494/429/419
f 494/429/419 493/441/430 506/442/431
f 494/429/419 506/442/431 507/430/420
f 507/430/420 506/442/431 519/443/432
f 507/430/420 519/443/432 520/431/421
f 520/431/421 519/443/432 531/444/433
f 520/431/421 531/444/433 532/432/422
f 532/432/422 531/444/433 559/445/434
f 532/432/422 559/445/434 558/433/423
f 558/433/423 559/445/434 545/446/435
f 558/433/423 545/446/435 546/434/424
f 546/434/424 545/446/435 570/447/436
f 546/434/424 570/447/436 571/435/425
f 571/435/425 570/447/436 583/448/437
f 571/435/425 583/448/437 584/436/426
f 584/436/426 583/448/437 596/449/438
f 584/436/426 596/449/438 597/437/427
f 597/437/427 596/449/438 609/450/439
f 597/437/427 609/450/439 610/438/428
f 610/438/428 609/450/439 622/451/440
f 610/438/428 622/451/440 623/233/230
f 623/233/230 622/451/440 636/235/232
f 57/440/429 56/452/441 493/441/430
f 493/441/430 56/452/441 505/453/442
f 493/441/430 505/453/442 506/442/431
f 506/442/431 505/453/442 518/454/443
f 506/442/431 518/454/443 519/443/432
f 519/443/432 518/454/443 530/455/444
f 519/443/432 530/455/444 531/444/433
f 531/444/433 530/455/444 560/456/445
f 531/444/433 560/456/445 559/445/434
f 559/445/434 560/456/445 544/457/446
f 559/445/434 544/457/446 545/446/435
f 545/446/435 544/457/446 569/458/447
f 545/446/435 569/458/447 570/447/436
f 570/447/436 569/458/447 582/459/448
f 570/447/436 582/459/448 583/448/437
f 583/448/437 582/459/448 595/460/449
f 583/448/437 595/460/449 596/449/438
f 596/449/438 595/460/449 608/461/450
f 596/449/438 608/461/450 609/450/439
f 609/450/439 608/461/450 621/462/451
f 609/450/439 621/462/451 622/451/440
f 622/451/440 621/462/451 637/463/452
f 622/451/440 637/463/452 636/235/232
f 636/235/232 637/463/452 635/237/234
f 56/452/441 55/464/453 505/453/442
f 505/453/442 55/464/453 517/465/454
f 505/453/442 517/465/454 518/454/443
f 518/454/443 517/465/454 529/466/455
f 518/454/443 529/466/455 530/455/444
f 530/455/444 529/466/455 561/467/456
f 530/455/444 561/467/456 560/456/445
f 560/456/445 561/467/456 543/468/457
f 560/456/445 543/468/457 544/457/446
f 544/457/446 543/468/457 568/469/458
f 544/457/446 568/469/458 569/458/447
f 569/458/447 568/469/458 581/470/459
f 569/458/447 581/470/459 582/459/448
f 582/459/448 581/470/459 594/471/460
f 582/459/448 594/471/460 595/460/449
f 595/460/449 594/471/460 607/472/461
f 595/460/449 607/472/461 608/461/450
f 608/461/450 607/472/461 620/473/462
f 608/461/450 620/473/462 621/462/451
f 621/462/451 620/473/462 638/474/463
f 621/462/451 638/474/463 637/463/452
f 637/463/452 638/474/463 634/475/464
f 637/463/452 634/475/464 635/237/234
f 635/237/234 634/475/464 658/239/236
f 55/464/453 54/476/465 517/465/454
f 517/465/454 54/476/465 221/477/466
f 517/465/454 221/477/466 529/466/455
f 529/466/455 221/477/466 562/478/467
f 529/466/455 562/478/467 561/467/456
f 561/467/456 562/478/467 542/479/468
f 561/467/456 542/479/468 543/468/457
f 543/468/457 542/479/468 567/480/469
f 543/468/457 567/480/469 568/469/458
f 568/469/458 567/480/469 580/481/470
f 568/469/458 580/481/470 581/470/459
f 581/470/459 580/481/470 593/482/471
f 581/470/459 593/482/471 594/471/460
f 594/471/460 593/482/471 606/483/472
f 594/471/460 606/483/472 607/472/461
f 607/472/461 606/483/472 619/484/473
f 607/472/461 619/484/473 620/473/462
f 620/473/462 619/484/473 639/485/474
f 620/473/462 639/485/474 638/474/463
f 638/474/463 639/485/474 633/486/475
f 638/474/463 633/486/475 634/475/464
f 634/475/464 633/486/475 657/487/476
f 634/475/464 657/487/476 658/239/236
f 658/239/236 657/487/476 670/241/238
f 54/476/465 53/488/477 221/477/466
f 221/477/466 53/488/477 563/489/478
f 221/477/466 563/489/478 562/478/467
f 562/478/467 563/489/478 541/490/479
f 562/478/467 541/490/479 542/479/468
f 542/479/468 541/490/479 566/491/480
f 542/479/468 566/491/480 567/480/469
f 567/480/469 566/491/480 579/492/481
f 567/480/469 579/492/481 580/481/470
f 580/481/470 579/492/481 592/493/482
f 580/481/470 592/493/482 593/482/471
f 593/482/471 592/493/482 605/494/483
f 593/482/471 605/494/483 606/483/472
f 606/483/472 605/494/483 618/495/484
f 606/483/472 618/495/484 619/484/473
f 619/484/473 618/495/484 640/496/485
f 619/484/473 640/496/485 639/485/474
f 639/485/474 640/496/485 632/497/486
f 639/485/474 632/497/486 633/486/475
f 633/486/475 632/497/486 656/498/487
f 633/486/475 656/498/487 657/487/476
f 657/487/476 656/498/487 669/499/488
f 657/487/476 669/499/488 670/241/238
f 670/241/238 669/499/488 682/243/240
f 563/489/478 53/488/477 540/500/489
f 540/500/489 53/488/477 52/501/490
f 540/500/489 52/501/490 564/502/491
f 564/502/491 52/501/490 51/503/492
f 564/502/491 51/503/492 576/504/493
f 576/504/493 51/503/492 50/505/494
f 576/504/493 50/505/494 588/506/495
f 588/506/495 50/505/494 49/507/496
f 588/506/495 49/507/496 600/508/497
f 600/508/497 49/507/496 48/509/498
f 600/508/497 48/509/498 612/510/499
f 612/510/499 48/509/498 220/511/500
f 612/510/499 220/511/500 646/512/501
f 646/512/501 220/511/500 625/513/502
f 646/512/501 625/513/502 626/514/503
f 626/514/503 625/513/502 649/515/504
f 626/514/503 649/515/504 650/516/505
f 650/516/505 649/515/504 662/517/506
f 650/516/505 662/517/506 663/518/507
f 663/518/507 662/517/506 675/519/508
f 663/518/507 675/519/508 676/520/509
f 676/520/509 675/519/508 688/521/510
f 676/520/509 688/521/510 689/522/511
f 689/522/511 688/521/510 712/523/512
f 689/522/511 712/523/512 711/524/513
f 711/524/513 712/523/512 702/525/514
f 711/524/513 702/525/514 703/526/515
f 703/526/515 702/525/514 726/527/516
f 703/526/515 726/527/516 727/528/517
f 727/528/517 726/527/516 739/529/518
f 727/528/517 739/529/518 740/530/519
f 740/530/519 739/529/518 752/531/520
f 740/530/519 752/531/520 753/255/252
f 753/255/252 752/531/520 764/257/254
f 48/509/498 47/532/521 220/511/500
f 220/511/500 47/532/521 624/533/522
f 220/511/500 624/533/522 625/513/502
f 625/513/502 624/533/522 648/534/523
f 625/513/502 648/534/523 649/515/504
f 649/515/504 648/534/523 661/535/524
f 649/515/504 661/535/524 662/517/506
f 662/517/506 661/535/524 674/536/525
f 662/517/506 674/536/525 675/519/508
f 675/519/508 674/536/525 687/537/526
f 675/519/508 687/537/526 688/521/510
f 688/521/510 687/537/526 713/538/527
f 688/521/510 713/538/527 712/523/512
f 712/523/512 713/538/527 701/539/528
f 712/523/512 701/539/528 702/525/514
f 702/525/514 701/539/528 725/540/529
f 702/525/514 725/540/529 726/527/516
f 726/527/516 725/540/529 738/541/530
f 726/527/516 738/541/530 739/529/518
f 739/529/518 738/541/530 751/542/531
f 739/529/518 751/542/531 752/531/520
f 752/531/520 751/542/531 763/543/532
f 752/531/520 763/543/532 764/257/254
f 764/257/254 763/543/532 777/259/256
f 47/532/521 46/544/533 624/533/522
f 624/533/522 46/544/533 647/545/534
f 624/533/522 647/545/534 648/534/523
f 648/534/523 647/545/534 660/546/535
f 648/534/523 660/546/535 661/535/524
f 661/535/524 660/546/535 673/547/536
f 661/535/524 673/547/536 674/536/525
f 674/536/525 673/547/536 686/548/537
f 674/536/525 686/548/537 687/537/526
f 687/537/526 686/548/537 714/549/538
f 687/537/526 714/549/538 713/538/527
f 713/538/527 714/549/538 700/550/539
f 713/538/527 700/550/539 701/539/528
f 701/539/528 700/550/539 724/551/540
f 701/539/528 724/551/540 725/540/529
f 725/540/529 724/551/540 737/552/541
f 725/540/529 737/552/541 738/541/530
f 738/541/530 737/552/541 750/553/542
f 738/541/530 750/553/542 751/542/531
f 751/542/531 750/553/542 762/554/543
f 751/542/531 762/554/543 763/543/532
f 763/543/532 762/554/543 778/555/544
f 763/543/532 778/555/544 777/259/256
f 777/259/256 778/555/544 776/261/258
f 46/544/533 45/556/545 647/545/534
f 647/545/534 45/556/545 659/557/546
f 647/545/534 659/557/546 660/546/535
f 660/546/535 659/557/546 672/558/547
f 660/546/535 672/558/547 673/547/536
f 673/547/536 672/558/547 685/559/548
f 673/547/536 685/559/548 686/548/537
f 686/548/537 685/559/548 715/560/549
f 686/548/537 715/560/549 714/549/538
f 714/549/538 715/560/549 699/561/550
f 714/549/538 699/561/550 700/550/539
f 700/550/539 699/561/550 723/562/551
f 700/550/539 723/562/551 724/551/540
f 724/551/540 723/562/551 736/563/552
f 724/551/540 736/563/552 737/552/541
f 737/552/541 736/563/552 749/564/553
f 737/552/541 749/564/553 750/553/542
f 750/553/542 749/564/553 761/565/554
f 750/553/542 761/565/554 762/554/543
f 762/554/543 761/565/554 779/566/555
f 762/554/543 779/566/555 778/555/544
f 778/555/544 779/566/555 775/567/556
f 778/555/544 775/567/556 776/261/258
f 776/261/258 775/567/556 800/263/260
f 45/556/545 44/568/557 659/557/546
f 659/557/546 44/568/557 671/569/558
f 659/557/546 671/569/558 672/558/547
f 672/558/547 671/569/558 684/570/559
f 672/558/547 684/570/559 685/559/548
f 685/559/548 684/570/559 716/571/560
f 685/559/548 716/571/560 715/560/549
f 715/560/549 716/571/560 698/572/561
f 715/560/549 698/572/561 699/561/550
f 699/561/550 698/572/561 722/573/562
f 699/561/550 722/573/562 723/562/551
f 723/562/551 722/573/562 735/574/563
f 723/562/551 735/574/563 736/563/552
f 736/563/552 735/574/563 748/575/564
f 736/563/552 748/575/564 749/564/553
f 749/564/553 748/575/564 760/576/565
f 749/564/553 760/576/565 761/565/554
f 761/565/554 760/576/565 780/577/566
f 761/565/554 780/577/566 779/566/555
f 779/566/555 780/577/566 774/578/567
f 779/566/555 774/578/567 775/567/556
f 775/567/556 774/578/567 799/579/568
f 775/567/556 799/579/568 800/263/260
f 800/263/260 799/579/568 812/265/262
f 44/568/557 43/580/569 671/569/558
f 671/569/558 43/580/569 683/581/570
f 671/569/558 683/581/570 684/570/559
f 684/570/559 683/581/570 717/582/571
f 684/570/559 717/582/571 716/571/560
f 716/571/560 717/582/571 697/583/572
f 716/571/560 697/583/572 698/572/561
f 698/572/561 697/583/572 721/584/573
f 698/572/561 721/584/573 722/573/562
f 722/573/562 721/584/573 734/585/574
f 722/573/562 734/585/574 735/574/563
f 735/574/563 734/585/574 747/586/575
f 735/574/563 747/586/575 748/575/564
f 748/575/564 747/586/575 759/587/576
f 748/575/564 759/587/576 760/576/565
f 760/576/565 759/587/576 781/588/577
f 760/576/565 781/588/577 780/577/566
f 780/577/566 781/588/577 773/589/578
f 780/577/566 773/589/578 774/578/567
f 774/578/567 773/589/578 798/590/579
f 774/578/567 798/590/579 799/579/568
f 799/579/568 798/590/579 811/591/580
f 799/579/568 811/591/580 812/265/262
f 812/265/262 811/591/580 824/267/264
f 683/581/570 43/580/569 219/592/581
f 219/592/581 43/580/569 42/593/582
f 219/592/581 42/593/582 695/594/583
f 695/594/583 42/593/582 41/595/584
f 695/594/583 41/595/584 718/596/585
f 718/596/585 41/595/584 40/597/586
f 718/596/585 40/597/586 730/598/587
f 730/598/587 40/597/586 39/599/588
f 730/598/587 39/599/588 742/600/589
f 742/600/589 39/599/588 38/601/590
f 742/600/589 38/601/590 218/602/591
f 218/602/591 38/601/590 37/603/592
f 218/602/591 37/603/592 788/604/593
f 788/604/593 37/603/592 765/605/594
f 788/604/593 765/605/594 766/606/595
f 766/606/595 765/605/594 790/607/596
f 766/606/595 790/607/596 791/608/597
f 791/608/597 790/607/596 803/609/598
f 791/608/597 803/609/598 804/610/599
f 804/610/599 803/609/598 816/611/600
f 804/610/599 816/611/600 817/612/601
f 817/612/601 816/611/600 829/613/602
f 817/612/601 829/613/602 830/614/603
f 830/614/603 829/613/602 842/615/604
f 830/614/603 842/615/604 843/616/605
f 843/616/605 842/615/604 866/617/606
f 843/616/605 866/617/606 865/618/607
f 865/618/607 866/617/606 856/619/608
f 865/618/607 856/619/608 857/620/609
f 857/620/609 856/619/608 880/621/610
f 857/620/609 880/621/610 881/622/611
f 881/622/611 880/621/610 893/623/612
f 881/622/611 893/623/612 894/624/613
f 894/624/613 893/623/612 906/625/614
f 894/624/613 906/625/614 907/281/278
f 907/281/278 906/625/614 918/283/280
f 37/603/592 36/626/615 765/605/594
f 765/605/594 36/626/615 789/627/616
f 765/605/594 789/627/616 790/607/596
f 790/607/596 789/627/616 802/628/617
f 790/607/596 802/628/617 803/609/598
f 803/609/598 802/628/617 815/629/618
f 803/609/598 815/629/618 816/611/600
f 816/611/600 815/629/618 828/630/619
f 816/611/600 828/630/619 829/613/602
f 829/613/602 828/630/619 841/631/620
f 829/613/602 841/631/620 842/615/604
f 842/615/604 841/631/620 867/632/621
f 842/615/604 867/632/621 866/617/606
f 866/617/606 867/632/621 855/633/622
f 866/617/606 855/633/622 856/619/608
f 856/619/608 855/633/622 879/634/623
f 856/619/608 879/634/623 880/621/610
f 880/621/610 879/634/623 892/635/624
f 880/621/610 892/635/624 893/623/612
f 893/623/612 892/635/624 905/636/625
f 893/623/612 905/636/625 906/625/614
f 906/625/614 905/636/625 917/637/626
f 906/625/614 917/637/626 918/283/280
f 918/283/280 917/637/626 931/285/282
f 36/626/615 35/638/627 789/627/616
f 789/627/616 35/638/627 801/639/628
f 789/627/616 801/639/628 802/628/617
f 802/628/617 801/639/628 814/640/629
f 802/628/617 814/640/629 815/629/618
f 815/629/618 814/640/629 827/641/630
f 815/629/618 827/641/630 828/630/619
f 828/630/619 827/641/630 840/642/631
f 828/630/619 840/642/631 841/631/620
f 841/631/620 840/642/631 868/643/632
f 841/631/620 868/643/632 867/632/621
f 867/632/621 868/643/632 854/644/633
f 867/632/621 854/644/633 855/633/622
f 855/633/622 854/644/633 878/645/634
f 855/633/622 878/645/634 879/634/623
f 879/634/623 878/645/634 891/646/635
f 879/634/623 891/646/635 892/635/624
f 892/635/624 891/646/635 904/647/636
f 892/635/624 904/647/636 905/636/625
f 905/636/625 904/647/636 916/648/637
f 905/636/625 916/648/637 917/637/626
f 917/637/626 916/648/637 932/649/638
f 917/637/626 932/649/638 931/285/282
f 931/285/282 932/649/638 930/287/284
f 35/638/627 34/650/639 801/639/628
f 801/639/628 34/650/639 813/651/640
f 801/639/628 813/651/640 814/640/629
f 814/640/629 813/651/640 826/652/641
f 814/640/629 826/652/641 827/641/630
f 827/641/630 826/652/641 839/653/642
f 827/641/630 839/653/642 840/642/631
f 840/642/631 839/653/642 869/654/643
f 840/642/631 869/654/643 868/643/632
f 868/643/632 869/654/643 853/655/644
f 868/643/632 853/655/644 854/644/633
f 854/644/633 853/655/644 877/656/645
f 854/644/633 877/656/645 878/645/634
f 878/645/634 877/656/645 890/657/646
f 878/645/634 890/657/646 891/646/635
f 891/646/635 890/657/646 903/658/647
f 891/646/635 903/658/647 904/647/636
f 904/647/636 903/658/647 915/659/648
f 904/647/636 915/659/648 916/648/637
f 916/648/637 915/659/648 933/660/649
f 916/648/637 933/660/649 932/649/638
f 932/649/638 933/660/649 929/661/650
f 932/649/638 929/661/650 930/287/284
f 930/287/284 929/661/650 954/289/286
f 34/650/639 33/662/651 813/651/640
f 813/651/640 33/662/651 825/663/652
f 813/651/640 825/663/652 826/652/641
f 826/652/641 825/663/652 838/664/653
f 826/652/641 838/664/653 839/653/642
f 839/653/642 838/664/653 870/665/654
f 839/653/642 870/665/654 869/654/643
f 869/654/643 870/665/654 852/666/655
f 869/654/643 852/666/655 853/655/644
f 853/655/644 852/666/655 876/667/656
f 853/655/644 876/667/656 877/656/645
f 877/656/645 876/667/656 889/668/657
f 877/656/645 889/668/657 890/657/646
f 890/657/646 889/668/657 902/669/658
f 890/657/646 902/669/658 903/658/647
f 903/658/647 902/669/658 914/670/659
f 903/658/647 914/670/659 915/659/648
f 915/659/648 914/670/659 934/671/660
f 915/659/648 934/671/660 933/660/649
f 933/660/649 934/671/660 928/672/661
f 933/660/649 928/672/661 929/661/650
f 929/661/650 928/672/661 953/673/662
f 929/661/650 953/673/662 954/289/286
f 954/289/286 953/673/662 966/291/288
f 33/662/651 32/674/663 825/663/652
f 825/663/652 32/674/663 837/675/664
f 825/663/652 837/675/664 838/664/653
f 838/664/653 837/675/664 871/676/665
f 838/664/653 871/676/665 870/665/654
f 870/665/654 871/676/665 851/677/666
f 870/665/654 851/677/666 852/666/655
f 852/666/655 851/677/666 875/678/667
f 852/666/655 875/678/667 876/667/656
f 876/667/656 875/678/667 888/679/668
f 876/667/656 888/679/668 889/668/657
f 889/668/657 888/679/668 901/680/669
f 889/668/657 901/680/669 902/669/658
f 902/669/658 901/680/669 913/681/670
f 902/669/658 913/681/670 914/670/659
f 914/670/659 913/681/670 935/682/671
f 914/670/659 935/682/671 934/671/660
f 934/671/660 935/682/671 927/683/672
f 934/671/660 927/683/672 928/672/661
f 928/672/661 927/683/672 952/684/673
f 928/672/661 952/684/673 953/673/662
f 953/673/662 952/684/673 965/685/674
f 953/673/662 965/685/674 966/291/288
f 966/291/288 965/685/674 978/293/290
f 837/675/664 32/674/663 217/686/675
f 217/686/675 32/674/663 31/687/676
f 217/686/675 31/687/676 849/688/677
f 849/688/677 31/687/676 30/689/678
f 849/688/677 30/689/678 872/690/679
f 872/690/679 30/689/678 29/691/680
f 872/690/679 29/691/680 884/692/681
f 884/692/681 29/691/680 28/693/682
f 884/692/681 28/693/682 896/694/683
f 896/694/683 28/693/682 27/695/684
f 896/694/683 27/695/684 216/696/685
f 216/696/685 27/695/684 26/697/686
f 216/696/685 26/697/686 942/698/687
f 942/698/687 26/697/686 919/699/688
f 942/698/687 919/699/688 920/700/689
f 920/700/689 919/699/688 944/701/690
f 920/700/689 944/701/690 945/702/691
f 945/702/691 944/701/690 957/703/692
f 945/702/691 957/703/692 958/704/693
f 958/704/693 957/703/692 970/705/694
f 958/704/693 970/705/694 971/706/695
f 971/706/695 970/705/694 982/707/696
f 971/706/695 982/707/696 983/708/697
f 983/708/697 982/707/696 1008/709/698
f 983/708/697 1008/709/698 1007/710/699
f 1007/710/699 1008/709/698 996/711/700
f 1007/710/699 996/711/700 997/712/701
f 997/712/701 996/711/700 1021/713/702
f 997/712/701 1021/713/702 1022/714/703
f 1022/714/703 1021/713/702 1034/715/704
f 1022/714/703 1034/715/704 1035/716/705
f 1035/716/705 1034/715/704 1047/717/706
f 1035/716/705 1047/717/706 1048/718/707
f 1048/718/707 1047/717/706 1060/719/708
f 1048/718/707 1060/719/708 1061/307/304
f 1061/307/304 1060/719/708 1073/309/306
f 26/697/686 25/720/709 919/699/688
f 919/699/688 25/720/709 943/721/710
f 919/699/688 943/721/710 944/701/690
f 944/701/690 943/721/710 956/722/711
f 944/701/690 956/722/711 957/703/692
f 957/703/692 956/722/711 969/723/712
f 957/703/692 969/723/712 970/705/694
f 970/705/694 969/723/712 981/724/713
f 970/705/694 981/724/713 982/707/696
f 982/707/696 981/724/713 1009/725/714
f 982/707/696 1009/725/714 1008/709/698
f 1008/709/698 1009/725/714 995/726/715
f 1008/709/698 995/726/715 996/711/700
f 996/711/700 995/726/715 1020/727/716
f 996/711/700 1020/727/716 1021/713/702
f 1021/713/702 1020/727/716 1033/728/717
f 1021/713/702 1033/728/717 1034/715/704
f 1034/715/704 1033/728/717 1046/729/718
f 1034/715/704 1046/729/718 1047/717/706
f 1047/717/706 1046/729/718 1059/730/719
f 1047/717/706 1059/730/719 1060/719/708
f 1060/719/708 1059/730/719 1072/731/720
f 1060/719/708 1072/731/720 1073/309/306
f 1073/309/306 1072/731/720 1086/311/308
f 25/720/709 24/732/721 943/721/710
f 943/721/710 24/732/721 955/733/722
f 943/721/710 955/733/722 956/722/711
f 956/722/711 955/733/722 968/734/723
f 956/722/711 968/734/723 969/723/712
f 969/723/712 968/734/723 980/735/724
f 969/723/712 980/735/724 981/724/713
f 981/724/713 980/735/724 1010/736/725
f 981/724/713 1010/736/725 1009/725/714
f 1009/725/714 1010/736/725 994/737/726
f 1009/725/714 994/737/726 995/726/715
f 995/726/715 994/737/726 1019/738/727
f 995/726/715 1019/738/727 1020/727/716
f 1020/727/716 1019/738/727 1032/739/728
f 1020/727/716 1032/739/728 1033/728/717
f 1033/728/717 1032/739/728 1045/740/729
f 1033/728/717 1045/740/729 1046/729/718
f 1046/729/718 1045/740/729 1058/741/730
f 1046/729/718 1058/741/730 1059/730/719
f 1059/730/719 1058/741/730 1071/742/731
f 1059/730/719 1071/742/731 1072/731/720
f 1072/731/720 1071/742/731 1087/743/732
f 1072/731/720 1087/743/732 1086/311/308
f 1086/311/308 1087/743/732 1085/313/310
f 24/732/721 23/744/733 955/733/722
f 955/733/722 23/744/733 967/745/734
f 955/733/722 967/745/734 968/734/723
f 968/734/723 967/745/734 979/746/735
f 968/734/723 979/746/735 980/735/724
f 980/735/724 979/746/735 1011/747/736
f 980/735/724 1011/747/736 1010/736/725
f 1010/736/725 1011/747/736 993/748/737
f 1010/736/725 993/748/737 994/737/726
f 994/737/726 993/748/737 1018/749/738
f 994/737/726 1018/749/738 1019/738/727
f 1019/738/727 1018/749/738 1031/750/739
f 1019/738/727 1031/750/739 1032/739/728
f 1032/739/728 1031/750/739 1044/751/740
f 1032/739/728 1044/751/740 1045/740/729
f 1045/740/729 1044/751/740 1057/752/741
f 1045/740/729 1057/752/741 1058/741/730
f 1058/741/730 1057/752/741 1070/753/742
f 1058/741/730 1070/753/742 1071/742/731
f 1071/742/731 1070/753/742 1088/754/743
f 1071/742/731 1088/754/743 1087/743/732
f 1087/743/732 1088/754/743 1084/755/744
f 1087/743/732 1084/755/744 1085/313/310
f 1085/313/310 1084/755/744 1108/315/312
f 23/744/733 22/756/745 967/745/734
f 967/745/734 22/756/745 215/757/746
f 967/745/734 215/757/746 979/746/735
f 979/746/735 215/757/746 1012/758/747
f 979/746/735 1012/758/747 1011/747/736
f 1011/747/736 1012/758/747 992/759/748
f 1011/747/736 992/759/748 993/748/737
f 993/748/737 992/759/748 1017/760/749
f 993/748/737 1017/760/749 1018/749/738
f 1018/749/738 1017/760/749 1030/761/750
f 1018/749/738 1030/761/750 1031/750/739
f 1031/750/739 1030/761/750 1043/762/751
f 1031/750/739 1043/762/751 1044/751/740
f 1044/751/740 1043/762/751 1056/763/752
f 1044/751/740 1056/763/752 1057/752/741
f 1057/752/741 1056/763/752 1069/764/753
f 1057/752/741 1069/764/753 1070/753/742
f 1070/753/742 1069/764/753 1089/765/754
f 1070/753/742 1089/765/754 1088/754/743
f 1088/754/743 1089/765/754 1083/766/755
f 1088/754/743 1083/766/755 1084/755/744
f 1084/755/744 1083/766/755 1107/767/756
f 1084/755/744 1107/767/756 1108/315/312
f 1108/315/312 1107/767/756 1120/317/314
f 22/756/745 21/768/757 215/757/746
f 215/757/746 21/768/757 1013/769/758
f 215/757/746 1013/769/758 1012/758/747
f 1012/758/747 1013/769/758 991/770/759
f 1012/758/747 991/770/759 992/759/748
f 992/759/748 991/770/759 1016/771/760
f 992/759/748 1016/771/760 1017/760/749
f 1017/760/749 1016/771/760 1029/772/761
f 1017/760/749 1029/772/761 1030/761/750
f 1030/761/750 1029/772/761 1042/773/762
f 1030/761/750 1042/773/762 1043/762/751
f 1043/762/751 1042/773/762 1055/774/763
f 1043/762/751 1055/774/763 1056/763/752
f 1056/763/752 1055/774/763 1068/775/764
f 1056/763/752 1068/775/764 1069/764/753
f 1069/764/753 1068/775/764 1090/776/765
f 1069/764/753 1090/776/765 1089/765/754
f 1089/765/754 1090/776/765 1082/777/766
f 1089/765/754 1082/777/766 1083/766/755
f 1083/766/755 1082/777/766 1106/778/767
f 1083/766/755 1106/778/767 1107/767/756
f 1107/767/756 1106/778/767 1119/779/768
f 1107/767/756 1119/779/768 1120/317/314
f 1120/317/314 1119/779/768 1132/319/316
f 1013/769/758 21/768/757 990/780/769
f 990/780/769 21/768/757 20/781/770
f 990/780/769 20/781/770 1014/782/771
f 1014/782/771 20/781/770 19/783/772
f 1014/782/771 19/783/772 1026/784/773
f 1026/784/773 19/783/772 18/785/774
f 1026/784/773 18/785/774 1038/786/775
f 1038/786/775 18/785/774 17/787/776
f 1038/786/775 17/787/776 1050/788/777
f 1050/788/777 17/787/776 16/789/778
f 1050/788/777 16/789/778 1062/790/779
f 1062/790/779 16/789/778 214/791/780
f 1062/790/779 214/791/780 1096/792/781
f 1096/792/781 214/791/780 1075/793/782
f 1096/792/781 1075/793/782 1076/794/783
f 1076/794/783 1075/793/782 1099/795/784
f 1076/794/783 1099/795/784 1100/796/785
f 1100/796/785 1099/795/784 1112/797/786
f 1100/796/785 1112/797/786 1113/798/787
f 1113/798/787 1112/797/786 1125/799/788
f 1113/798/787 1125/799/788 1126/800/789
f 1126/800/789 1125/799/788 1137/801/790
f 1126/800/789 1137/801/790 1138/802/791
f 1138/802/791 1137/801/790 1161/803/792
f 1138/802/791 1161/803/792 1160/804/793
f 1160/804/793 1161/803/792 1151/805/794
f 1160/804/793 1151/805/794 1152/806/795
f 1152/806/795 1151/805/794 1176/807/796
f 1152/806/795 1176/807/796 1177/808/797
f 1177/808/797 1176/807/796 1189/809/798
f 1177/808/797 1189/809/798 1190/810/799
f 1190/810/799 1189/809/798 1202/811/800
f 1190/810/799 1202/811/800 1203/331/328
f 1203/331/328 1202/811/800 1215/141/140
f 16/789/778 15/812/801 214/791/780
f 214/791/780 15/812/801 1074/813/802
f 214/791/780 1074/813/802 1075/793/782
f 1075/793/782 1074/813/802 1098/814/803
f 1075/793/782 1098/814/803 1099/795/784
f 1099/795/784 1098/814/803 1111/815/804
f 1099/795/784 1111/815/804 1112/797/786
f 1112/797/786 1111/815/804 1124/816/805
f 1112/797/786 1124/816/805 1125/799/788
f 1125/799/788 1124/816/805 1136/817/806
f 1125/799/788 1136/817/806 1137/801/790
f 1137/801/790 1136/817/806 1162/818/807
f 1137/801/790 1162/818/807 1161/803/792
f 1161/803/792 1162/818/807 1150/819/808
f 1161/803/792 1150/819/808 1151/805/794
f 1151/805/794 1150/819/808 1175/820/809
f 1151/805/794 1175/820/809 1176/807/796
f 1176/807/796 1175/820/809 1188/821/810
f 1176/807/796 1188/821/810 1189/809/798
f 1189/809/798 1188/821/810 1201/822/811
f 1189/809/798 1201/822/811 1202/811/800
f 1202/811/800 1201/822/811 1214/139/138
f 1202/811/800 1214/139/138 1215/141/140
f 15/812/801 14/823/812 1074/813/802
f 1074/813/802 14/823/812 1097/824/813
f 1074/813/802 1097/824/813 1098/814/803
f 1098/814/803 1097/824/813 1110/825/814
f 1098/814/803 1110/825/814 1111/815/804
f 1111/815/804 1110/825/814 1123/826/815
f 1111/815/804 1123/826/815 1124/816/805
f 1124/816/805 1123/826/815 1135/827/816
f 1124/816/805 1135/827/816 1136/817/806
f 1136/817/806 1135/827/816 1163/828/817
f 1136/817/806 1163/828/817 1162/818/807
f 1162/818/807 1163/828/817 1149/829/818
f 1162/818/807 1149/829/818 1150/819/808
f 1150/819/808 1149/829/818 1174/830/819
f 1150/819/808 1174/830/819 1175/820/809
f 1175/820/809 1174/830/819 1187/831/820
f 1175/820/809 1187/831/820 1188/821/810
f 1188/821/810 1187/831/820 1200/832/821
f 1188/821/810 1200/832/821 1201/822/811
f 1201/822/811 1200/832/821 1213/137/136
f 1201/822/811 1213/137/136 1214/139/138
f 14/823/812 13/833/822 1097/824/813
f 1097/824/813 13/833/822 1109/834/823
f 1097/824/813 1109/834/823 1110/825/814
f 1110/825/814 1109/834/823 1122/835/824
f 1110/825/814 1122/835/824 1123/826/815
f 1123/826/815 1122/835/824 1134/836/825
f 1123/826/815 1134/836/825 1135/827/816
f 1135/827/816 1134/836/825 1164/837/826
f 1135/827/816 1164/837/826 1163/828/817
f 1163/828/817 1164/837/826 1148/838/827
f 1163/828/817 1148/838/827 1149/829/818
f 1149/829/818 1148/838/827 1173/839/828
f 1149/829/818 1173/839/828 1174/830/819
f 1174/830/819 1173/839/828 1186/840/829
f 1174/830/819 1186/840/829 1187/831/820
f 1187/831/820 1186/840/829 1199/841/830
f 1187/831/820 1199/841/830 1200/832/821
f 1200/832/821 1199/841/830 1212/135/134
f 1200/832/821 1212/135/134 1213/137/136
f 13/833/822 12/842/831 1109/834/823
f 1109/834/823 12/842/831 1121/843/832
f 1109/834/823 1121/843/832 1122/835/824
f 1122/835/824 1121/843/832 1133/844/833
f 1122/835/824 1133/844/833 1134/836/825
f 1134/836/825 1133/844/833 1165/845/834
f 1134/836/825 1165/845/834 1164/837/826
f 1164/837/826 1165/845/834 1147/846/835
f 1164/837/826 1147/846/835 1148/838/827
f 1148/838/827 1147/846/835 1172/847/836
f 1148/838/827 1172/847/836 1173/839/828
f 1173/839/828 1172/847/836 1185/848/837
f 1173/839/828 1185/848/837 1186/840/829
f 1186/840/829 1185/848/837 1198/849/838
f 1186/840/829 1198/849/838 1199/841/830
f 1199/841/830 1198/849/838 1211/133/132
f 1199/841/830 1211/133/132 1212/135/134
f 12/842/831 11/850/839 1121/843/832
f 1121/843/832 11/850/839 213/851/840
f 1121/843/832 213/851/840 1133/844/833
f 1133/844/833 213/851/840 1166/852/841
f 1133/844/833 1166/852/841 1165/845/834
f 1165/845/834 1166/852/841 1146/853/842
f 1165/845/834 1146/853/842 1147/846/835
f 1147/846/835 1146/853/842 1171/854/843
f 1147/846/835 1171/854/843 1172/847/836
f 1172/847/836 1171/854/843 1184/855/844
f 1172/847/836 1184/855/844 1185/848/837
f 1185/848/837 1184/855/844 1197/856/845
f 1185/848/837 1197/856/845 1198/849/838
f 1198/849/838 1197/856/845 1210/131/130
f 1198/849/838 1210/131/130 1211/133/132
f 11/850/839 10/857/846 213/851/840
f 213/851/840 10/857/846 1167/858/847
f 213/851/840 1167/858/847 1166/852/841
f 1166/852/841 1167/858/847 1145/859/848
f 1166/852/841 1145/859/848 1146/853/842
f 1146/853/842 1145/859/848 1170/860/849
f 1146/853/842 1170/860/849 1171/854/843
f 1171/854/843 1170/860/849 1183/861/850
f 1171/854/843 1183/861/850 1184/855/844
f 1184/855/844 1183/861/850 1196/862/851
f 1184/855/844 1196/862/851 1197/856/845
f 1197/856/845 1196/862/851 1209/129/128
f 1197/856/845 1209/129/128 1210/131/130
f 1167/858/847 10/857/846 1144/863/852
f 1144/863/852 10/857/846 9/864/853
f 1144/863/852 9/864/853 1168/865/854
f 1168/865/854 9/864/853 8/866/855
f 1168/865/854 8/866/855 1180/867/856
f 1180/867/856 8/866/855 7/868/857
f 1180/867/856 7/868/857 1192/869/858
f 1192/869/858 7/868/857 6/870/859
f 1192/869/858 6/870/859 1204/119/118
f 1204/119/118 6/870/859 5/117/116
f 152/209/208 153/871/860 482/207/206
f 482/207/206 153/871/860 481/872/861
f 482/207/206 481/872/861 480/205/204
f 480/205/204 481/872/861 468/873/862
f 480/205/204 468/873/862 467/203/202
f 467/203/202 468/873/862 455/874/863
f 467/203/202 455/874/863 454/201/200
f 454/201/200 455/874/863 442/875/864
f 454/201/200 442/875/864 441/199/198
f 441/199/198 442/875/864 429/876/865
f 441/199/198 429/876/865 428/197/196
f 428/197/196 429/876/865 405/877/866
f 428/197/196 405/877/866 404/195/194
f 404/195/194 405/877/866 415/878/867
f 404/195/194 415/878/867 416/193/192
f 416/193/192 415/878/867 394/879/868
f 416/193/192 394/879/868 393/191/190
f 393/191/190 394/879/868 381/880/869
f 393/191/190 381/880/869 380/189/188
f 380/189/188 381/880/869 368/881/870
f 380/189/188 368/881/870 367/187/186
f 367/187/186 368/881/870 355/882/871
f 367/187/186 355/882/871 354/185/184
f 354/185/184 355/882/871 330/883/872
f 354/185/184 330/883/872 329/183/182
f 329/183/182 330/883/872 350/884/873
f 329/183/182 350/884/873 351/181/180
f 351/181/180 350/884/873 211/179/178
f 153/871/860 154/885/874 481/872/861
f 481/872/861 154/885/874 469/886/875
f 481/872/861 469/886/875 468/873/862
f 468/873/862 469/886/875 456/887/876
f 468/873/862 456/887/876 455/874/863
f 455/874/863 456/887/876 443/888/877
f 455/874/863 443/888/877 442/875/864
f 442/875/864 443/888/877 430/889/878
f 442/875/864 430/889/878 429/876/865
f 429/876/865 430/889/878 406/890/879
f 429/876/865 406/890/879 405/877/866
f 405/877/866 406/890/879 414/891/880
f 405/877/866 414/891/880 415/878/867
f 415/878/867 414/891/880 395/892/881
f 415/878/867 395/892/881 394/879/868
f 394/879/868 395/892/881 382/893/882
f 394/879/868 382/893/882 381/880/869
f 381/880/869 382/893/882 369/894/883
f 381/880/869 369/894/883 368/881/870
f 368/881/870 369/894/883 356/895/884
f 368/881/870 356/895/884 355/882/871
f 355/882/871 356/895/884 331/896/885
f 355/882/871 331/896/885 330/883/872
f 330/883/872 331/896/885 349/897/886
f 330/883/872 349/897/886 350/884/873
f 350/884/873 349/897/886 317/898/887
f 350/884/873 317/898/887 211/179/178
f 211/179/178 317/898/887 305/177/176
f 154/885/874 155/899/888 469/886/875
f 469/886/875 155/899/888 457/900/889
f 469/886/875 457/900/889 456/887/876
f 456/887/876 457/900/889 444/901/890
f 456/887/876 444/901/890 443/888/877
f 443/888/877 444/901/890 431/902/891
f 443/888/877 431/902/891 430/889/878
f 430/889/878 431/902/891 407/903/892
f 430/889/878 407/903/892 406/890/879
f 406/890/879 407/903/892 413/904/893
f 406/890/879 413/904/893 414/891/880
f 414/891/880 413/904/893 396/905/894
f 414/891/880 396/905/894 395/892/881
f 395/892/881 396/905/894 383/906/895
f 395/892/881 383/906/895 382/893/882
f 382/893/882 383/906/895 370/907/896
f 382/893/882 370/907/896 369/894/883
f 369/894/883 370/907/896 357/908/897
f 369/894/883 357/908/897 356/895/884
f 356/895/884 357/908/897 332/909/898
f 356/895/884 332/909/898 331/896/885
f 331/896/885 332/909/898 348/910/899
f 331/896/885 348/910/899 349/897/886
f 349/897/886 348/910/899 318/911/900
f 349/897/886 318/911/900 317/898/887
f 317/898/887 318/911/900 306/912/901
f 317/898/887 306/912/901 305/177/176
f 305/177/176 306/912/901 293/175/174
f 155/899/888 156/913/902 457/900/889
f 457/900/889 156/913/902 445/914/903
f 457/900/889 445/914/903 444/901/890
f 444/901/890 445/914/903 432/915/904
f 444/901/890 432/915/904 431/902/891
f 431/902/891 432/915/904 408/916/905
f 431/902/891 408/916/905 407/903/892
f 407/903/892 408/916/905 412/917/906
f 407/903/892 412/917/906 413/904/893
f 413/904/893 412/917/906 397/918/907
f 413/904/893 397/918/907 396/905/894
f 396/905/894 397/918/907 384/919/908
f 396/905/894 384/919/908 383/906/895
f 383/906/895 384/919/908 371/920/909
f 383/906/895 371/920/909 370/907/896
f 370/907/896 371/920/909 358/921/910
f 370/907/896 358/921/910 357/908/897
f 357/908/897 358/921/910 333/922/911
f 357/908/897 333/922/911 332/909/898
f 332/909/898 333/922/911 347/923/912
f 332/909/898 347/923/912 348/910/899
f 348/910/899 347/923/912 319/924/913
f 348/910/899 319/924/913 318/911/900
f 318/911/900 319/924/913 307/925/914
f 318/911/900 307/925/914 306/912/901
f 306/912/901 307/925/914 294/926/915
f 306/912/901 294/926/915 293/175/174
f 293/175/174 294/926/915 281/173/172
f 156/913/902 157/927/916 445/914/903
f 445/914/903 157/927/916 433/928/917
f 445/914/903 433/928/917 432/915/904
f 432/915/904 433/928/917 409/929/918
f 432/915/904 409/929/918 408/916/905
f 408/916/905 409/929/918 411/930/919
f 408/916/905 411/930/919 412/917/906
f 412/917/906 411/930/919 398/931/920
f 412/917/906 398/931/920 397/918/907
f 397/918/907 398/931/920 385/932/921
f 397/918/907 385/932/921 384/919/908
f 384/919/908 385/932/921 372/933/922
f 384/919/908 372/933/922 371/920/909
f 371/920/909 372/933/922 359/934/923
f 371/920/909 359/934/923 358/921/910
f 358/921/910 359/934/923 334/935/924
f 358/921/910 334/935/924 333/922/911
f 333/922/911 334/935/924 346/936/925
f 333/922/911 346/936/925 347/923/912
f 347/923/912 346/936/925 320/937/926
f 347/923/912 320/937/926 319/924/913
f 319/924/913 320/937/926 308/938/927
f 319/924/913 308/938/927 307/925/914
f 307/925/914 308/938/927 295/939/928
f 307/925/914 295/939/928 294/926/915
f 294/926/915 295/939/928 282/940/929
f 294/926/915 282/940/929 281/173/172
f 281/173/172 282/940/929 258/171/170
f 157/927/916 158/941/930 433/928/917
f 433/928/917 158/941/930 410/942/931
f 433/928/917 410/942/931 409/929/918
f 409/929/918 410/942/931 210/943/932
f 409/929/918 210/943/932 411/930/919
f 411/930/919 210/943/932 399/944/933
f 411/930/919 399/944/933 398/931/920
f 398/931/920 399/944/933 386/945/934
f 398/931/920 386/945/934 385/932/921
f 385/932/921 386/945/934 373/946/935
f 385/932/921 373/946/935 372/933/922
f 372/933/922 373/946/935 360/947/936
f 372/933/922 360/947/936 359/934/923
f 359/934/923 360/947/936 335/948/937
f 359/934/923 335/948/937 334/935/924
f 334/935/924 335/948/937 345/949/938
f 334/935/924 345/949/938 346/936/925
f 346/936/925 345/949/938 321/950/939
f 346/936/925 321/950/939 320/937/926
f 320/937/926 321/950/939 309/951/940
f 320/937/926 309/951/940 308/938/927
f 308/938/927 309/951/940 296/952/941
f 308/938/927 296/952/941 295/939/928
f 295/939/928 296/952/941 283/953/942
f 295/939/928 283/953/942 282/940/929
f 282/940/929 283/953/942 259/954/943
f 282/940/929 259/954/943 258/171/170
f 258/171/170 259/954/943 212/145/144
f 158/941/930 159/955/944 410/942/931
f 410/942/931 159/955/944 210/943/932
f 159/955/944 160/956/945 210/943/932
f 210/943/932 160/956/945 399/944/933
f 160/956/945 161/957/946 399/944/933
f 399/944/933 161/957/946 387/958/947
f 399/944/933 387/958/947 386/945/934
f 386/945/934 387/958/947 374/959/948
f 386/945/934 374/959/948 373/946/935
f 373/946/935 374/959/948 361/960/949
f 373/946/935 361/960/949 360/947/936
f 360/947/936 361/960/949 336/961/950
f 360/947/936 336/961/950 335/948/937
f 335/948/937 336/961/950 344/962/951
f 335/948/937 344/962/951 345/949/938
f 345/949/938 344/962/951 322/963/952
f 345/949/938 322/963/952 321/950/939
f 321/950/939 322/963/952 310/964/953
f 321/950/939 310/964/953 309/951/940
f 309/951/940 310/964/953 297/965/954
f 309/951/940 297/965/954 296/952/941
f 296/952/941 297/965/954 284/966/955
f 296/952/941 284/966/955 283/953/942
f 283/953/942 284/966/955 260/967/956
f 283/953/942 260/967/956 259/954/943
f 259/954/943 260/967/956 280/968/957
f 259/954/943 280/968/957 212/145/144
f 212/145/144 280/968/957 246/146/145
f 161/957/946 162/969/958 387/958/947
f 387/958/947 162/969/958 375/970/959
f 387/958/947 375/970/959 374/959/948
f 374/959/948 375/970/959 362/971/960
f 374/959/948 362/971/960 361/960/949
f 361/960/949 362/971/960 337/972/961
f 361/960/949 337/972/961 336/961/950
f 336/961/950 337/972/961 343/973/962
f 336/961/950 343/973/962 344/962/951
f 344/962/951 343/973/962 323/974/963
f 344/962/951 323/974/963 322/963/952
f 322/963/952 323/974/963 311/975/964
f 322/963/952 311/975/964 310/964/953
f 310/964/953 311/975/964 298/976/965
f 310/964/953 298/976/965 297/965/954
f 297/965/954 298/976/965 285/977/966
f 297/965/954 285/977/966 284/966/955
f 284/966/955 285/977/966 261/978/967
f 284/966/955 261/978/967 260/967/956
f 260/967/956 261/978/967 279/979/968
f 260/967/956 279/979/968 280/968/957
f 280/968/957 279/979/968 247/147/146
f 280/968/957 247/147/146 246/146/145
f 162/969/958 163/980/969 375/970/959
f 375/970/959 163/980/969 363/981/970
f 375/970/959 363/981/970 362/971/960
f 362/971/960 363/981/970 338/982/971
f 362/971/960 338/982/971 337/972/961
f 337/972/961 338/982/971 342/983/972
f 337/972/961 342/983/972 343/973/962
f 343/973/962 342/983/972 324/984/973
f 343/973/962 324/984/973 323/974/963
f 323/974/963 324/984/973 312/985/974
f 323/974/963 312/985/974 311/975/964
f 311/975/964 312/985/974 299/986/975
f 311/975/964 299/986/975 298/976/965
f 298/976/965 299/986/975 286/987/976
f 298/976/965 286/987/976 285/977/966
f 285/977/966 286/987/976 262/988/977
f 285/977/966 262/988/977 261/978/967
f 261/978/967 262/988/977 278/989/978
f 261/978/967 278/989/978 279/979/968
f 279/979/968 278/989/978 248/149/148
f 279/979/968 248/149/148 247/147/146
f 163/980/969 164/990/979 363/981/970
f 363/981/970 164/990/979 339/991/980
f 363/981/970 339/991/980 338/982/971
f 338/982/971 339/991/980 341/992/981
f 338/982/971 341/992/981 342/983/972
f 342/983/972 341/992/981 325/993/982
f 342/983/972 325/993/982 324/984/973
f 324/984/973 325/993/982 313/994/983
f 324/984/973 313/994/983 312/985/974
f 312/985/974 313/994/983 300/995/984
f 312/985/974 300/995/984 299/986/975
f 299/986/975 300/995/984 287/996/985
f 299/986/975 287/996/985 286/987/976
f 286/987/976 287/996/985 263/997/986
f 286/987/976 263/997/986 262/988/977
f 262/988/977 263/997/986 277/998/987
f 262/988/977 277/998/987 278/989/978
f 278/989/978 277/998/987 249/151/150
f 278/989/978 249/151/150 248/149/148
f 164/990/979 165/999/988 339/991/980
f 339/991/980 165/999/988 340/1000/989
f 339/991/980 340/1000/989 341/992/981
f 341/992/981 340/1000/989 326/1001/990
f 341/992/981 326/1001/990 325/993/982
f 325/993/982 326/1001/990 314/1002/991
f 325/993/982 314/1002/991 313/994/983
f 313/994/983 314/1002/991 301/1003/992
f 313/994/983 301/1003/992 300/995/984
f 300/995/984 301/1003/992 288/1004/993
f 300/995/984 288/1004/993 287/996/985
f 287/996/985 288/1004/993 264/1005/994
f 287/996/985 264/1005/994 263/997/986
f 263/997/986 264/1005/994 276/1006/995
f 263/997/986 276/1006/995 277/998/987
f 277/998/987 276/1006/995 250/153/152
f 277/998/987 250/153/152 249/151/150
f 165/999/988 166/1007/996 340/1000/989
f 340/1000/989 166/1007/996 327/1008/997
f 340/1000/989 327/1008/997 326/1001/990
f 326/1001/990 327/1008/997 315/1009/998
f 326/1001/990 315/1009/998 314/1002/991
f 314/1002/991 315/1009/998 302/1010/999
f 314/1002/991 302/1010/999 301/1003/992
f 301/1003/992 302/1010/999 289/1011/1000
f 301/1003/992 289/1011/1000 288/1004/993
f 288/1004/993 289/1011/1000 265/1012/1001
f 288/1004/993 265/1012/1001 264/1005/994
f 264/1005/994 265/1012/1001 275/1013/1002
f 264/1005/994 275/1013/1002 276/1006/995
f 276/1006/995 275/1013/1002 251/155/154
f 276/1006/995 251/155/154 250/153/152
f 166/1007/996 167/1014/1003 327/1008/997
f 327/1008/997 167/1014/1003 316/1015/1004
f 327/1008/997 316/1015/1004 315/1009/998
f 315/1009/998 316/1015/1004 303/1016/1005
f 315/1009/998 303/1016/1005 302/1010/999
f 302/1010/999 303/1016/1005 290/1017/1006
f 302/1010/999 290/1017/1006 289/1011/1000
f 289/1011/1000 290/1017/1006 266/1018/1007
f 289/1011/1000 266/1018/1007 265/1012/1001
f 265/1012/1001 266/1018/1007 274/1019/1008
f 265/1012/1001 274/1019/1008 275/1013/1002
f 275/1013/1002 274/1019/1008 252/157/156
f 275/1013/1002 252/157/156 251/155/154
f 167/1014/1003 168/1020/1009 316/1015/1004
f 316/1015/1004 168/1020/1009 304/1021/1010
f 316/1015/1004 304/1021/1010 303/1016/1005
f 303/1016/1005 304/1021/1010 291/1022/1011
f 303/1016/1005 291/1022/1011 290/1017/1006
f 290/1017/1006 291/1022/1011 267/1023/1012
f 290/1017/1006 267/1023/1012 266/1018/1007
f 266/1018/1007 267/1023/1012 273/1024/1013
f 266/1018/1007 273/1024/1013 274/1019/1008
f 274/1019/1008 273/1024/1013 253/159/158
f 274/1019/1008 253/159/158 252/157/156
f 168/1020/1009 169/1025/1014 304/1021/1010
f 304/1021/1010 169/1025/1014 292/1026/1015
f 304/1021/1010 292/1026/1015 291/1022/1011
f 291/1022/1011 292/1026/1015 268/1027/1016
f 291/1022/1011 268/1027/1016 267/1023/1012
f 267/1023/1012 268/1027/1016 272/1028/1017
f 267/1023/1012 272/1028/1017 273/1024/1013
f 273/1024/1013 272/1028/1017 254/161/160
f 273/1024/1013 254/161/160 253/159/158
f 169/1025/1014 170/1029/1018 292/1026/1015
f 292/1026/1015 170/1029/1018 269/1030/1019
f 292/1026/1015 269/1030/1019 268/1027/1016
f 268/1027/1016 269/1030/1019 271/1031/1020
f 268/1027/1016 271/1031/1020 272/1028/1017
f 272/1028/1017 271/1031/1020 255/163/162
f 272/1028/1017 255/163/162 254/161/160
f 170/1029/1018 171/1032/1021 269/1030/1019
f 269/1030/1019 171/1032/1021 270/1033/1022
f 269/1030/1019 270/1033/1022 271/1031/1020
f 271/1031/1020 270/1033/1022 256/165/164
f 271/1031/1020 256/165/164 255/163/162
f 171/1032/1021 172/1034/1023 270/1033/1022
f 270/1033/1022 172/1034/1023 257/167/166
f 270/1033/1022 257/167/166 256/165/164
f 172/1034/1023 173/169/168 257/167/166
f 233/168/167 174/170/169 234/1035/1024
f 234/1035/1024 174/170/169 175/1036/1025
f 234/1035/1024 175/1036/1025 1263/1037/1026
f 1263/1037/1026 175/1036/1025 176/1038/1027
f 1263/1037/1026 176/1038/1027 1251/1039/1028
f 1251/1039/1028 176/1038/1027 177/1040/1029
f 1251/1039/1028 177/1040/1029 1227/1041/1030
f 1227/1041/1030 177/1040/1029 178/1042/1031
f 1227/1041/1030 178/1042/1031 1228/140/139
f 1228/140/139 178/1042/1031 179/142/141
f 198/406/399 199/1043/1032 491/1044/1033
f 491/1044/1033 199/1043/1032 490/1045/1034
f 491/1044/1033 490/1045/1034 472/1046/1035
f 472/1046/1035 490/1045/1034 473/1047/1036
f 472/1046/1035 473/1047/1036 460/1048/1037
f 460/1048/1037 473/1047/1036 461/1049/1038
f 460/1048/1037 461/1049/1038 448/1050/1039
f 448/1050/1039 461/1049/1038 449/383/377
f 448/1050/1039 449/383/377 436/382/376
f 199/1043/1032 200/1051/1040 490/1045/1034
f 490/1045/1034 200/1051/1040 489/1052/1041
f 490/1045/1034 489/1052/1041 473/1047/1036
f 473/1047/1036 489/1052/1041 474/1053/1042
f 473/1047/1036 474/1053/1042 461/1049/1038
f 461/1049/1038 474/1053/1042 462/384/378
f 461/1049/1038 462/384/378 449/383/377
f 198/407/399 496/410/401 199/1054/1032
f 199/1054/1032 496/410/401 497/1055/1043
f 199/1054/1032 497/1055/1043 200/1056/1040
f 200/1056/1040 497/1055/1043 498/1057/1044
f 200/1056/1040 498/1057/1044 201/1058/1045
f 201/1058/1045 498/1057/1044 499/1059/1046
f 201/1058/1045 499/1059/1046 202/1060/1047
f 202/1060/1047 499/1059/1046 500/1061/1048
f 202/1060/1047 500/1061/1048 203/388/381
f 203/388/381 500/1061/1048 501/389/382
f 200/1051/1040 201/1062/1045 489/1052/1041
f 489/1052/1041 201/1062/1045 488/1063/1049
f 489/1052/1041 488/1063/1049 474/1053/1042
f 474/1053/1042 488/1063/1049 475/385/379
f 474/1053/1042 475/385/379 462/384/378
f 201/1062/1045 202/1064/1047 488/1063/1049
f 488/1063/1049 202/1064/1047 487/386/380
f 488/1063/1049 487/386/380 475/385/379
f 202/1064/1047 203/387/381 487/386/380
f 222/108/108 223/148/147 245/110/109
f 245/110/109 223/148/147 244/1065/1050
f 245/110/109 244/1065/1050 1252/112/111
f 1252/112/111 244/1065/1050 1253/1066/1051
f 1252/112/111 1253/1066/1051 1240/114/113
f 1240/114/113 1253/1066/1051 1241/1067/1052
f 1240/114/113 1241/1067/1052 1216/116/115
f 1216/116/115 1241/1067/1052 1217/1068/1053
f 1216/116/115 1217/1068/1053 1239/118/117
f 1239/118/117 1217/1068/1053 1238/120/119
f 223/148/147 224/150/149 244/1065/1050
f 244/1065/1050 224/150/149 243/1069/1054
f 244/1065/1050 243/1069/1054 1253/1066/1051
f 1253/1066/1051 243/1069/1054 1254/1070/1055
f 1253/1066/1051 1254/1070/1055 1241/1067/1052
f 1241/1067/1052 1254/1070/1055 1242/1071/1056
f 1241/1067/1052 1242/1071/1056 1217/1068/1053
f 1217/1068/1053 1242/1071/1056 1218/1072/1057
f 1217/1068/1053 1218/1072/1057 1238/120/119
f 1238/120/119 1218/1072/1057 1237/122/121
f 224/150/149 225/152/151 243/1069/1054
f 243/1069/1054 225/152/151 242/1073/1058
f 243/1069/1054 242/1073/1058 1254/1070/1055
f 1254/1070/1055 242/1073/1058 1255/1074/1059
f 1254/1070/1055 1255/1074/1059 1242/1071/1056
f 1242/1071/1056 1255/1074/1059 1243/1075/1060
f 1242/1071/1056 1243/1075/1060 1218/1072/1057
f 1218/1072/1057 1243/1075/1060 1219/1076/1061
f 1218/1072/1057 1219/1076/1061 1237/122/121
f 1237/122/121 1219/1076/1061 1236/124/123
f 225/152/151 226/154/153 242/1073/1058
f 242/1073/1058 226/154/153 241/1077/1062
f 242/1073/1058 241/1077/1062 1255/1074/1059
f 1255/1074/1059 241/1077/1062 1256/1078/1063
f 1255/1074/1059 1256/1078/1063 1243/1075/1060
f 1243/1075/1060 1256/1078/1063 1244/1079/1064
f 1243/1075/1060 1244/1079/1064 1219/1076/1061
f 1219/1076/1061 1244/1079/1064 1220/1080/1065
f 1219/1076/1061 1220/1080/1065 1236/124/123
f 1236/124/123 1220/1080/1065 1235/126/125
f 226/154/153 227/156/155 241/1077/1062
f 241/1077/1062 227/156/155 240/1081/1066
f 241/1077/1062 240/1081/1066 1256/1078/1063
f 1256/1078/1063 240/1081/1066 1257/1082/1067
f 1256/1078/1063 1257/1082/1067 1244/1079/1064
f 1244/1079/1064 1257/1082/1067 1245/1083/1068
f 1244/1079/1064 1245/1083/1068 1220/1080/1065
f 1220/1080/1065 1245/1083/1068 1221/1084/1069
f 1220/1080/1065 1221/1084/1069 1235/126/125
f 1235/126/125 1221/1084/1069 1234/128/127
f 227/156/155 228/158/157 240/1081/1066
f 240/1081/1066 228/158/157 239/1085/1070
f 240/1081/1066 239/1085/1070 1257/1082/1067
f 1257/1082/1067 239/1085/1070 1258/1086/1071
f 1257/1082/1067 1258/1086/1071 1245/1083/1068
f 1245/1083/1068 1258/1086/1071 1246/1087/1072
f 1245/1083/1068 1246/1087/1072 1221/1084/1069
f 1221/1084/1069 1246/1087/1072 1222/1088/1073
f 1221/1084/1069 1222/1088/1073 1234/128/127
f 1234/128/127 1222/1088/1073 1233/130/129
f 228/158/157 229/160/159 239/1085/1070
f 239/1085/1070 229/160/159 238/1089/1074
f 239/1085/1070 238/1089/1074 1258/1086/1071
f 1258/1086/1071 238/1089/1074 1259/1090/1075
f 1258/1086/1071 1259/1090/1075 1246/1087/1072
f 1246/1087/1072 1259/1090/1075 1247/1091/1076
f 1246/1087/1072 1247/1091/1076 1222/1088/1073
f 1222/1088/1073 1247/1091/1076 1223/1092/1077
f 1222/1088/1073 1223/1092/1077 1233/130/129
f 1233/130/129 1223/1092/1077 1232/132/131
f 229/160/159 230/162/161 238/1089/1074
f 238/1089/1074 230/162/161 237/1093/1078
f 238/1089/1074 237/1093/1078 1259/1090/1075
f 1259/1090/1075 237/1093/1078 1260/1094/1079
f 1259/1090/1075 1260/1094/1079 1247/1091/1076
f 1247/1091/1076 1260/1094/1079 1248/1095/1080
f 1247/1091/1076 1248/1095/1080 1223/1092/1077
f 1223/1092/1077 1248/1095/1080 1224/1096/1081
f 1223/1092/1077 1224/1096/1081 1232/132/131
f 1232/132/131 1224/1096/1081 1231/134/133
f 230/162/161 231/164/163 237/1093/1078
f 237/1093/1078 231/164/163 236/1097/1082
f 237/1093/1078 236/1097/1082 1260/1094/1079
f 1260/1094/1079 236/1097/1082 1261/1098/1083
f 1260/1094/1079 1261/1098/1083 1248/1095/1080
f 1248/1095/1080 1261/1098/1083 1249/1099/1084
f 1248/1095/1080 1249/1099/1084 1224/1096/1081
f 1224/1096/1081 1249/1099/1084 1225/1100/1085
f 1224/1096/1081 1225/1100/1085 1231/134/133
f 1231/134/133 1225/1100/1085 1230/136/135
f 231/164/163 232/166/165 236/1097/1082
f 236/1097/1082 232/166/165 235/1101/1086
f 236/1097/1082 235/1101/1086 1261/1098/1083
f 1261/1098/1083 235/1101/1086 1262/1102/1087
f 1261/1098/1083 1262/1102/1087 1249/1099/1084
f 1249/1099/1084 1262/1102/1087 1250/1103/1088
f 1249/1099/1084 1250/1103/1088 1225/1100/1085
f 1225/1100/1085 1250/1103/1088 1226/1104/1089
f 1225/1100/1085 1226/1104/1089 1230/136/135
f 1230/136/135 1226/1104/1089 1229/138/137
f 232/166/165 233/168/167 235/1101/1086
f 235/1101/1086 233/168/167 234/1035/1024
f 235/1101/1086 234/1035/1024 1262/1102/1087
f 1262/1102/1087 234/1035/1024 1263/1037/1026
f 1262/1102/1087 1263/1037/1026 1250/1103/1088
f 1250/1103/1088 1263/1037/1026 1251/1039/1028
f 1250/1103/1088 1251/1039/1028 1226/1104/1089
f 1226/1104/1089 1251/1039/1028 1227/1041/1030
f 1226/1104/1089 1227/1041/1030 1229/138/137
f 1229/138/137 1227/1041/1030 1228/140/139
f 209/380/374 422/394/387 423/381/375
f 423/381/375 422/394/387 435/1105/1090
f 423/381/375 435/1105/1090 436/382/376
f 436/382/376 435/1105/1090 448/1050/1039
f 422/394/387 434/396/389 435/1105/1090
f 435/1105/1090 434/396/389 447/1106/1091
f 435/1105/1090 447/1106/1091 448/1050/1039
f 448/1050/1039 447/1106/1091 460/1048/1037
f 434/396/389 446/398/391 447/1106/1091
f 447/1106/1091 446/398/391 459/1107/1092
f 447/1106/1091 459/1107/1092 460/1048/1037
f 460/1048/1037 459/1107/1092 472/1046/1035
f 446/398/391 458/400/393 459/1107/1092
f 459/1107/1092 458/400/393 471/1108/1093
f 459/1107/1092 471/1108/1093 472/1046/1035
f 472/1046/1035 471/1108/1093 491/1044/1033
f 458/400/393 470/402/395 471/1108/1093
f 471/1108/1093 470/402/395 492/404/397
f 471/1108/1093 492/404/397 491/1044/1033
f 491/1044/1033 492/404/397 198/406/399
f 496/410/401 509/412/403 497/1055/1043
f 497/1055/1043 509/412/403 510/1109/1094
f 497/1055/1043 510/1109/1094 498/1057/1044
f 498/1057/1044 510/1109/1094 511/1110/1095
f 498/1057/1044 511/1110/1095 499/1059/1046
f 499/1059/1046 511/1110/1095 512/1111/1096
f 499/1059/1046 512/1111/1096 500/1061/1048
f 500/1061/1048 512/1111/1096 513/1112/1097
f 500/1061/1048 513/1112/1097 501/389/382
f 501/389/382 513/1112/1097 514/390/383
f 509/412/403 522/414/405 510/1109/1094
f 510/1109/1094 522/414/405 523/1113/1098
f 510/1109/1094 523/1113/1098 511/1110/1095
f 511/1110/1095 523/1113/1098 524/1114/1099
f 511/1110/1095 524/1114/1099 512/1111/1096
f 512/1111/1096 524/1114/1099 525/1115/1100
f 512/1111/1096 525/1115/1100 513/1112/1097
f 513/1112/1097 525/1115/1100 526/1116/1101
f 513/1112/1097 526/1116/1101 514/390/383
f 514/390/383 526/1116/1101 527/391/384
f 522/414/405 534/416/407 523/1113/1098
f 523/1113/1098 534/416/407 535/1117/1102
f 523/1113/1098 535/1117/1102 524/1114/1099
f 524/1114/1099 535/1117/1102 536/1118/1103
f 524/1114/1099 536/1118/1103 525/1115/1100
f 525/1115/1100 536/1118/1103 537/1119/1104
f 525/1115/1100 537/1119/1104 526/1116/1101
f 526/1116/1101 537/1119/1104 538/1120/1105
f 526/1116/1101 538/1120/1105 527/391/384
f 527/391/384 538/1120/1105 539/219/216
f 534/416/407 556/418/409 535/1117/1102
f 535/1117/1102 556/418/409 555/1121/1106
f 535/1117/1102 555/1121/1106 536/1118/1103
f 536/1118/1103 555/1121/1106 554/1122/1107
f 536/1118/1103 554/1122/1107 537/1119/1104
f 537/1119/1104 554/1122/1107 553/1123/1108
f 537/1119/1104 553/1123/1108 538/1120/1105
f 538/1120/1105 553/1123/1108 552/221/218
f 538/1120/1105 552/221/218 539/219/216
f 563/489/478 540/500/489 541/490/479
f 541/490/479 540/500/489 565/1124/1109
f 541/490/479 565/1124/1109 566/491/480
f 566/491/480 565/1124/1109 578/1125/1110
f 566/491/480 578/1125/1110 579/492/481
f 579/492/481 578/1125/1110 591/1126/1111
f 579/492/481 591/1126/1111 592/493/482
f 592/493/482 591/1126/1111 604/1127/1112
f 592/493/482 604/1127/1112 605/494/483
f 605/494/483 604/1127/1112 617/1128/1113
f 605/494/483 617/1128/1113 618/495/484
f 618/495/484 617/1128/1113 641/1129/1114
f 618/495/484 641/1129/1114 640/496/485
f 640/496/485 641/1129/1114 631/1130/1115
f 640/496/485 631/1130/1115 632/497/486
f 632/497/486 631/1130/1115 655/1131/1116
f 632/497/486 655/1131/1116 656/498/487
f 656/498/487 655/1131/1116 668/1132/1117
f 656/498/487 668/1132/1117 669/499/488
f 669/499/488 668/1132/1117 681/1133/1118
f 669/499/488 681/1133/1118 682/243/240
f 682/243/240 681/1133/1118 694/245/242
f 555/1121/1106 556/418/409 548/420/411
f 554/1122/1107 555/1121/1106 549/1134/1119
f 549/1134/1119 555/1121/1106 548/420/411
f 549/1134/1119 548/420/411 573/422/413
f 553/1123/1108 554/1122/1107 550/1135/1120
f 550/1135/1120 554/1122/1107 549/1134/1119
f 550/1135/1120 549/1134/1119 574/1136/1121
f 574/1136/1121 549/1134/1119 573/422/413
f 574/1136/1121 573/422/413 586/424/415
f 552/221/218 553/1123/1108 551/223/220
f 551/223/220 553/1123/1108 550/1135/1120
f 551/223/220 550/1135/1120 575/225/222
f 575/225/222 550/1135/1120 574/1136/1121
f 575/225/222 574/1136/1121 587/227/224
f 587/227/224 574/1136/1121 586/424/415
f 587/227/224 586/424/415 599/229/226
f 540/500/489 564/502/491 565/1124/1109
f 565/1124/1109 564/502/491 577/1137/1122
f 565/1124/1109 577/1137/1122 578/1125/1110
f 578/1125/1110 577/1137/1122 590/1138/1123
f 578/1125/1110 590/1138/1123 591/1126/1111
f 591/1126/1111 590/1138/1123 603/1139/1124
f 591/1126/1111 603/1139/1124 604/1127/1112
f 604/1127/1112 603/1139/1124 616/1140/1125
f 604/1127/1112 616/1140/1125 617/1128/1113
f 617/1128/1113 616/1140/1125 642/1141/1126
f 617/1128/1113 642/1141/1126 641/1129/1114
f 641/1129/1114 642/1141/1126 630/1142/1127
f 641/1129/1114 630/1142/1127 631/1130/1115
f 631/1130/1115 630/1142/1127 654/1143/1128
f 631/1130/1115 654/1143/1128 655/1131/1116
f 655/1131/1116 654/1143/1128 667/1144/1129
f 655/1131/1116 667/1144/1129 668/1132/1117
f 668/1132/1117 667/1144/1129 680/1145/1130
f 668/1132/1117 680/1145/1130 681/1133/1118
f 681/1133/1118 680/1145/1130 693/1146/1131
f 681/1133/1118 693/1146/1131 694/245/242
f 694/245/242 693/1146/1131 707/247/244
f 564/502/491 576/504/493 577/1137/1122
f 577/1137/1122 576/504/493 589/1147/1132
f 577/1137/1122 589/1147/1132 590/1138/1123
f 590/1138/1123 589/1147/1132 602/1148/1133
f 590/1138/1123 602/1148/1133 603/1139/1124
f 603/1139/1124 602/1148/1133 615/1149/1134
f 603/1139/1124 615/1149/1134 616/1140/1125
f 616/1140/1125 615/1149/1134 643/1150/1135
f 616/1140/1125 643/1150/1135 642/1141/1126
f 642/1141/1126 643/1150/1135 629/1151/1136
f 642/1141/1126 629/1151/1136 630/1142/1127
f 630/1142/1127 629/1151/1136 653/1152/1137
f 630/1142/1127 653/1152/1137 654/1143/1128
f 654/1143/1128 653/1152/1137 666/1153/1138
f 654/1143/1128 666/1153/1138 667/1144/1129
f 667/1144/1129 666/1153/1138 679/1154/1139
f 667/1144/1129 679/1154/1139 680/1145/1130
f 680/1145/1130 679/1154/1139 692/1155/1140
f 680/1145/1130 692/1155/1140 693/1146/1131
f 693/1146/1131 692/1155/1140 708/1156/1141
f 693/1146/1131 708/1156/1141 707/247/244
f 707/247/244 708/1156/1141 706/249/246
f 576/504/493 588/506/495 589/1147/1132
f 589/1147/1132 588/506/495 601/1157/1142
f 589/1147/1132 601/1157/1142 602/1148/1133
f 602/1148/1133 601/1157/1142 614/1158/1143
f 602/1148/1133 614/1158/1143 615/1149/1134
f 615/1149/1134 614/1158/1143 644/1159/1144
f 615/1149/1134 644/1159/1144 643/1150/1135
f 643/1150/1135 644/1159/1144 628/1160/1145
f 643/1150/1135 628/1160/1145 629/1151/1136
f 629/1151/1136 628/1160/1145 652/1161/1146
f 629/1151/1136 652/1161/1146 653/1152/1137
f 653/1152/1137 652/1161/1146 665/1162/1147
f 653/1152/1137 665/1162/1147 666/1153/1138
f 666/1153/1138 665/1162/1147 678/1163/1148
f 666/1153/1138 678/1163/1148 679/1154/1139
f 679/1154/1139 678/1163/1148 691/1164/1149
f 679/1154/1139 691/1164/1149 692/1155/1140
f 692/1155/1140 691/1164/1149 709/1165/1150
f 692/1155/1140 709/1165/1150 708/1156/1141
f 708/1156/1141 709/1165/1150 705/1166/1151
f 708/1156/1141 705/1166/1151 706/249/246
f 706/249/246 705/1166/1151 729/251/248
f 588/506/495 600/508/497 601/1157/1142
f 601/1157/1142 600/508/497 613/1167/1152
f 601/1157/1142 613/1167/1152 614/1158/1143
f 614/1158/1143 613/1167/1152 645/1168/1153
f 614/1158/1143 645/1168/1153 644/1159/1144
f 644/1159/1144 645/1168/1153 627/1169/1154
f 644/1159/1144 627/1169/1154 628/1160/1145
f 628/1160/1145 627/1169/1154 651/1170/1155
f 628/1160/1145 651/1170/1155 652/1161/1146
f 652/1161/1146 651/1170/1155 664/1171/1156
f 652/1161/1146 664/1171/1156 665/1162/1147
f 665/1162/1147 664/1171/1156 677/1172/1157
f 665/1162/1147 677/1172/1157 678/1163/1148
f 678/1163/1148 677/1172/1157 690/1173/1158
f 678/1163/1148 690/1173/1158 691/1164/1149
f 691/1164/1149 690/1173/1158 710/1174/1159
f 691/1164/1149 710/1174/1159 709/1165/1150
f 709/1165/1150 710/1174/1159 704/1175/1160
f 709/1165/1150 704/1175/1160 705/1166/1151
f 705/1166/1151 704/1175/1160 728/1176/1161
f 705/1166/1151 728/1176/1161 729/251/248
f 729/251/248 728/1176/1161 741/253/250
f 600/508/497 612/510/499 613/1167/1152
f 613/1167/1152 612/510/499 646/512/501
f 613/1167/1152 646/512/501 645/1168/1153
f 645/1168/1153 646/512/501 626/514/503
f 645/1168/1153 626/514/503 627/1169/1154
f 627/1169/1154 626/514/503 650/516/505
f 627/1169/1154 650/516/505 651/1170/1155
f 651/1170/1155 650/516/505 663/518/507
f 651/1170/1155 663/518/507 664/1171/1156
f 664/1171/1156 663/518/507 676/520/509
f 664/1171/1156 676/520/509 677/1172/1157
f 677/1172/1157 676/520/509 689/522/511
f 677/1172/1157 689/522/511 690/1173/1158
f 690/1173/1158 689/522/511 711/524/513
f 690/1173/1158 711/524/513 710/1174/1159
f 710/1174/1159 711/524/513 703/526/515
f 710/1174/1159 703/526/515 704/1175/1160
f 704/1175/1160 703/526/515 727/528/517
f 704/1175/1160 727/528/517 728/1176/1161
f 728/1176/1161 727/528/517 740/530/519
f 728/1176/1161 740/530/519 741/253/250
f 741/253/250 740/530/519 753/255/252
f 695/594/583 696/1177/1162 219/592/581
f 219/592/581 696/1177/1162 717/582/571
f 219/592/581 717/582/571 683/581/570
f 717/582/571 696/1177/1162 697/583/572
f 697/583/572 696/1177/1162 720/1178/1163
f 697/583/572 720/1178/1163 721/584/573
f 721/584/573 720/1178/1163 733/1179/1164
f 721/584/573 733/1179/1164 734/585/574
f 734/585/574 733/1179/1164 746/1180/1165
f 734/585/574 746/1180/1165 747/586/575
f 747/586/575 746/1180/1165 758/1181/1166
f 747/586/575 758/1181/1166 759/587/576
f 759/587/576 758/1181/1166 782/1182/1167
f 759/587/576 782/1182/1167 781/588/577
f 781/588/577 782/1182/1167 772/1183/1168
f 781/588/577 772/1183/1168 773/589/578
f 773/589/578 772/1183/1168 797/1184/1169
f 773/589/578 797/1184/1169 798/590/579
f 798/590/579 797/1184/1169 810/1185/1170
f 798/590/579 810/1185/1170 811/591/580
f 811/591/580 810/1185/1170 823/1186/1171
f 811/591/580 823/1186/1171 824/267/264
f 824/267/264 823/1186/1171 836/269/266
f 696/1177/1162 695/594/583 719/1187/1172
f 719/1187/1172 695/594/583 718/596/585
f 719/1187/1172 718/596/585 731/1188/1173
f 731/1188/1173 718/596/585 730/598/587
f 731/1188/1173 730/598/587 743/1189/1174
f 743/1189/1174 730/598/587 742/600/589
f 743/1189/1174 742/600/589 754/1190/1175
f 754/1190/1175 742/600/589 218/602/591
f 754/1190/1175 218/602/591 787/1191/1176
f 787/1191/1176 218/602/591 788/604/593
f 787/1191/1176 788/604/593 766/606/595
f 696/1177/1162 719/1187/1172 720/1178/1163
f 720/1178/1163 719/1187/1172 732/1192/1177
f 720/1178/1163 732/1192/1177 733/1179/1164
f 733/1179/1164 732/1192/1177 745/1193/1178
f 733/1179/1164 745/1193/1178 746/1180/1165
f 746/1180/1165 745/1193/1178 757/1194/1179
f 746/1180/1165 757/1194/1179 758/1181/1166
f 758/1181/1166 757/1194/1179 783/1195/1180
f 758/1181/1166 783/1195/1180 782/1182/1167
f 782/1182/1167 783/1195/1180 771/1196/1181
f 782/1182/1167 771/1196/1181 772/1183/1168
f 772/1183/1168 771/1196/1181 796/1197/1182
f 772/1183/1168 796/1197/1182 797/1184/1169
f 797/1184/1169 796/1197/1182 809/1198/1183
f 797/1184/1169 809/1198/1183 810/1185/1170
f 810/1185/1170 809/1198/1183 822/1199/1184
f 810/1185/1170 822/1199/1184 823/1186/1171
f 823/1186/1171 822/1199/1184 835/1200/1185
f 823/1186/1171 835/1200/1185 836/269/266
f 836/269/266 835/1200/1185 848/271/268
f 732/1192/1177 719/1187/1172 731/1188/1173
f 732/1192/1177 731/1188/1173 744/1201/1186
f 744/1201/1186 731/1188/1173 743/1189/1174
f 744/1201/1186 743/1189/1174 755/1202/1187
f 755/1202/1187 743/1189/1174 754/1190/1175
f 755/1202/1187 754/1190/1175 786/1203/1188
f 786/1203/1188 754/1190/1175 787/1191/1176
f 786/1203/1188 787/1191/1176 767/1204/1189
f 767/1204/1189 787/1191/1176 766/606/595
f 767/1204/1189 766/606/595 791/608/597
f 732/1192/1177 744/1201/1186 745/1193/1178
f 745/1193/1178 744/1201/1186 756/1205/1190
f 745/1193/1178 756/1205/1190 757/1194/1179
f 757/1194/1179 756/1205/1190 784/1206/1191
f 757/1194/1179 784/1206/1191 783/1195/1180
f 783/1195/1180 784/1206/1191 770/1207/1192
f 783/1195/1180 770/1207/1192 771/1196/1181
f 771/1196/1181 770/1207/1192 795/1208/1193
f 771/1196/1181 795/1208/1193 796/1197/1182
f 796/1197/1182 795/1208/1193 808/1209/1194
f 796/1197/1182 808/1209/1194 809/1198/1183
f 809/1198/1183 808/1209/1194 821/1210/1195
f 809/1198/1183 821/1210/1195 822/1199/1184
f 822/1199/1184 821/1210/1195 834/1211/1196
f 822/1199/1184 834/1211/1196 835/1200/1185
f 835/1200/1185 834/1211/1196 847/1212/1197
f 835/1200/1185 847/1212/1197 848/271/268
f 848/271/268 847/1212/1197 861/273/270
f 756/1205/1190 744/1201/1186 755/1202/1187
f 756/1205/1190 755/1202/1187 785/1213/1198
f 785/1213/1198 755/1202/1187 786/1203/1188
f 785/1213/1198 786/1203/1188 768/1214/1199
f 768/1214/1199 786/1203/1188 767/1204/1189
f 768/1214/1199 767/1204/1189 792/1215/1200
f 792/1215/1200 767/1204/1189 791/608/597
f 792/1215/1200 791/608/597 804/610/599
f 768/1214/1199 769/1216/1201 785/1213/1198
f 785/1213/1198 769/1216/1201 784/1206/1191
f 785/1213/1198 784/1206/1191 756/1205/1190
f 784/1206/1191 769/1216/1201 770/1207/1192
f 770/1207/1192 769/1216/1201 794/1217/1202
f 770/1207/1192 794/1217/1202 795/1208/1193
f 795/1208/1193 794/1217/1202 807/1218/1203
f 795/1208/1193 807/1218/1203 808/1209/1194
f 808/1209/1194 807/1218/1203 820/1219/1204
f 808/1209/1194 820/1219/1204 821/1210/1195
f 821/1210/1195 820/1219/1204 833/1220/1205
f 821/1210/1195 833/1220/1205 834/1211/1196
f 834/1211/1196 833/1220/1205 846/1221/1206
f 834/1211/1196 846/1221/1206 847/1212/1197
f 847/1212/1197 846/1221/1206 862/1222/1207
f 847/1212/1197 862/1222/1207 861/273/270
f 861/273/270 862/1222/1207 860/275/272
f 769/1216/1201 768/1214/1199 793/1223/1208
f 793/1223/1208 768/1214/1199 792/1215/1200
f 793/1223/1208 792/1215/1200 805/1224/1209
f 805/1224/1209 792/1215/1200 804/610/599
f 805/1224/1209 804/610/599 817/612/601
f 769/1216/1201 793/1223/1208 794/1217/1202
f 794/1217/1202 793/1223/1208 806/1225/1210
f 794/1217/1202 806/1225/1210 807/1218/1203
f 807/1218/1203 806/1225/1210 819/1226/1211
f 807/1218/1203 819/1226/1211 820/1219/1204
f 820/1219/1204 819/1226/1211 832/1227/1212
f 820/1219/1204 832/1227/1212 833/1220/1205
f 833/1220/1205 832/1227/1212 845/1228/1213
f 833/1220/1205 845/1228/1213 846/1221/1206
f 846/1221/1206 845/1228/1213 863/1229/1214
f 846/1221/1206 863/1229/1214 862/1222/1207
f 862/1222/1207 863/1229/1214 859/1230/1215
f 862/1222/1207 859/1230/1215 860/275/272
f 860/275/272 859/1230/1215 883/277/274
f 806/1225/1210 793/1223/1208 805/1224/1209
f 806/1225/1210 805/1224/1209 818/1231/1216
f 818/1231/1216 805/1224/1209 817/612/601
f 818/1231/1216 817/612/601 830/614/603
f 806/1225/1210 818/1231/1216 819/1226/1211
f 819/1226/1211 818/1231/1216 831/1232/1217
f 819/1226/1211 831/1232/1217 832/1227/1212
f 832/1227/1212 831/1232/1217 844/1233/1218
f 832/1227/1212 844/1233/1218 845/1228/1213
f 845/1228/1213 844/1233/1218 864/1234/1219
f 845/1228/1213 864/1234/1219 863/1229/1214
f 863/1229/1214 864/1234/1219 858/1235/1220
f 863/1229/1214 858/1235/1220 859/1230/1215
f 859/1230/1215 858/1235/1220 882/1236/1221
f 859/1230/1215 882/1236/1221 883/277/274
f 883/277/274 882/1236/1221 895/279/276
f 831/1232/1217 818/1231/1216 830/614/603
f 844/1233/1218 831/1232/1217 843/616/605
f 843/616/605 831/1232/1217 830/614/603
f 864/1234/1219 844/1233/1218 865/618/607
f 865/618/607 844/1233/1218 843/616/605
f 849/688/677 850/1237/1222 217/686/675
f 217/686/675 850/1237/1222 871/676/665
f 217/686/675 871/676/665 837/675/664
f 871/676/665 850/1237/1222 851/677/666
f 851/677/666 850/1237/1222 874/1238/1223
f 851/677/666 874/1238/1223 875/678/667
f 875/678/667 874/1238/1223 887/1239/1224
f 875/678/667 887/1239/1224 888/679/668
f 888/679/668 887/1239/1224 900/1240/1225
f 888/679/668 900/1240/1225 901/680/669
f 901/680/669 900/1240/1225 912/1241/1226
f 901/680/669 912/1241/1226 913/681/670
f 913/681/670 912/1241/1226 936/1242/1227
f 913/681/670 936/1242/1227 935/682/671
f 935/682/671 936/1242/1227 926/1243/1228
f 935/682/671 926/1243/1228 927/683/672
f 927/683/672 926/1243/1228 951/1244/1229
f 927/683/672 951/1244/1229 952/684/673
f 952/684/673 951/1244/1229 964/1245/1230
f 952/684/673 964/1245/1230 965/685/674
f 965/685/674 964/1245/1230 977/1246/1231
f 965/685/674 977/1246/1231 978/293/290
f 978/293/290 977/1246/1231 989/295/292
f 850/1237/1222 849/688/677 873/1247/1232
f 873/1247/1232 849/688/677 872/690/679
f 873/1247/1232 872/690/679 885/1248/1233
f 885/1248/1233 872/690/679 884/692/681
f 885/1248/1233 884/692/681 897/1249/1234
f 897/1249/1234 884/692/681 896/694/683
f 897/1249/1234 896/694/683 908/1250/1235
f 908/1250/1235 896/694/683 216/696/685
f 908/1250/1235 216/696/685 941/1251/1236
f 941/1251/1236 216/696/685 942/698/687
f 941/1251/1236 942/698/687 920/700/689
f 864/1234/1219 865/618/607 857/620/609
f 864/1234/1219 857/620/609 858/1235/1220
f 858/1235/1220 857/620/609 881/622/611
f 858/1235/1220 881/622/611 882/1236/1221
f 882/1236/1221 881/622/611 894/624/613
f 882/1236/1221 894/624/613 895/279/276
f 895/279/276 894/624/613 907/281/278
f 850/1237/1222 873/1247/1232 874/1238/1223
f 874/1238/1223 873/1247/1232 886/1252/1237
f 874/1238/1223 886/1252/1237 887/1239/1224
f 887/1239/1224 886/1252/1237 899/1253/1238
f 887/1239/1224 899/1253/1238 900/1240/1225
f 900/1240/1225 899/1253/1238 911/1254/1239
f 900/1240/1225 911/1254/1239 912/1241/1226
f 912/1241/1226 911/1254/1239 937/1255/1240
f 912/1241/1226 937/1255/1240 936/1242/1227
f 936/1242/1227 937/1255/1240 925/1256/1241
f 936/1242/1227 925/1256/1241 926/1243/1228
f 926/1243/1228 925/1256/1241 950/1257/1242
f 926/1243/1228 950/1257/1242 951/1244/1229
f 951/1244/1229 950/1257/1242 963/1258/1243
f 951/1244/1229 963/1258/1243 964/1245/1230
f 964/1245/1230 963/1258/1243 976/1259/1244
f 964/1245/1230 976/1259/1244 977/1246/1231
f 977/1246/1231 976/1259/1244 988/1260/1245
f 977/1246/1231 988/1260/1245 989/295/292
f 989/295/292 988/1260/1245 1002/297/294
f 886/1252/1237 873/1247/1232 885/1248/1233
f 886/1252/1237 885/1248/1233 898/1261/1246
f 898/1261/1246 885/1248/1233 897/1249/1234
f 898/1261/1246 897/1249/1234 909/1262/1247
f 909/1262/1247 897/1249/1234 908/1250/1235
f 909/1262/1247 908/1250/1235 940/1263/1248
f 940/1263/1248 908/1250/1235 941/1251/1236
f 940/1263/1248 941/1251/1236 921/1264/1249
f 921/1264/1249 941/1251/1236 920/700/689
f 921/1264/1249 920/700/689 945/702/691
f 886/1252/1237 898/1261/1246 899/1253/1238
f 899/1253/1238 898/1261/1246 910/1265/1250
f 899/1253/1238 910/1265/1250 911/1254/1239
f 911/1254/1239 910/1265/1250 938/1266/1251
f 911/1254/1239 938/1266/1251 937/1255/1240
f 937/1255/1240 938/1266/1251 924/1267/1252
f 937/1255/1240 924/1267/1252 925/1256/1241
f 925/1256/1241 924/1267/1252 949/1268/1253
f 925/1256/1241 949/1268/1253 950/1257/1242
f 950/1257/1242 949/1268/1253 962/1269/1254
f 950/1257/1242 962/1269/1254 963/1258/1243
f 963/1258/1243 962/1269/1254 975/1270/1255
f 963/1258/1243 975/1270/1255 976/1259/1244
f 976/1259/1244 975/1270/1255 987/1271/1256
f 976/1259/1244 987/1271/1256 988/1260/1245
f 988/1260/1245 987/1271/1256 1003/1272/1257
f 988/1260/1245 1003/1272/1257 1002/297/294
f 1002/297/294 1003/1272/1257 1001/299/296
f 910/1265/1250 898/1261/1246 909/1262/1247
f 910/1265/1250 909/1262/1247 939/1273/1258
f 939/1273/1258 909/1262/1247 940/1263/1248
f 939/1273/1258 940/1263/1248 922/1274/1259
f 922/1274/1259 940/1263/1248 921/1264/1249
f 922/1274/1259 921/1264/1249 946/1275/1260
f 946/1275/1260 921/1264/1249 945/702/691
f 946/1275/1260 945/702/691 958/704/693
f 922/1274/1259 923/1276/1261 939/1273/1258
f 939/1273/1258 923/1276/1261 938/1266/1251
f 939/1273/1258 938/1266/1251 910/1265/1250
f 938/1266/1251 923/1276/1261 924/1267/1252
f 924/1267/1252 923/1276/1261 948/1277/1262
f 924/1267/1252 948/1277/1262 949/1268/1253
f 949/1268/1253 948/1277/1262 961/1278/1263
f 949/1268/1253 961/1278/1263 962/1269/1254
f 962/1269/1254 961/1278/1263 974/1279/1264
f 962/1269/1254 974/1279/1264 975/1270/1255
f 975/1270/1255 974/1279/1264 986/1280/1265
f 975/1270/1255 986/1280/1265 987/1271/1256
f 987/1271/1256 986/1280/1265 1004/1281/1266
f 987/1271/1256 1004/1281/1266 1003/1272/1257
f 1003/1272/1257 1004/1281/1266 1000/1282/1267
f 1003/1272/1257 1000/1282/1267 1001/299/296
f 1001/299/296 1000/1282/1267 1025/301/298
f 923/1276/1261 922/1274/1259 947/1283/1268
f 947/1283/1268 922/1274/1259 946/1275/1260
f 947/1283/1268 946/1275/1260 959/1284/1269
f 959/1284/1269 946/1275/1260 958/704/693
f 959/1284/1269 958/704/693 971/706/695
f 923/1276/1261 947/1283/1268 948/1277/1262
f 948/1277/1262 947/1283/1268 960/1285/1270
f 948/1277/1262 960/1285/1270 961/1278/1263
f 961/1278/1263 960/1285/1270 973/1286/1271
f 961/1278/1263 973/1286/1271 974/1279/1264
f 974/1279/1264 973/1286/1271 985/1287/1272
f 974/1279/1264 985/1287/1272 986/1280/1265
f 986/1280/1265 985/1287/1272 1005/1288/1273
f 986/1280/1265 1005/1288/1273 1004/1281/1266
f 1004/1281/1266 1005/1288/1273 999/1289/1274
f 1004/1281/1266 999/1289/1274 1000/1282/1267
f 1000/1282/1267 999/1289/1274 1024/1290/1275
f 1000/1282/1267 1024/1290/1275 1025/301/298
f 1025/301/298 1024/1290/1275 1037/303/300
f 960/1285/1270 947/1283/1268 959/1284/1269
f 960/1285/1270 959/1284/1269 972/1291/1276
f 972/1291/1276 959/1284/1269 971/706/695
f 972/1291/1276 971/706/695 983/708/697
f 960/1285/1270 972/1291/1276 973/1286/1271
f 973/1286/1271 972/1291/1276 984/1292/1277
f 973/1286/1271 984/1292/1277 985/1287/1272
f 985/1287/1272 984/1292/1277 1006/1293/1278
f 985/1287/1272 1006/1293/1278 1005/1288/1273
f 1005/1288/1273 1006/1293/1278 998/1294/1279
f 1005/1288/1273 998/1294/1279 999/1289/1274
f 999/1289/1274 998/1294/1279 1023/1295/1280
f 999/1289/1274 1023/1295/1280 1024/1290/1275
f 1024/1290/1275 1023/1295/1280 1036/1296/1281
f 1024/1290/1275 1036/1296/1281 1037/303/300
f 1037/303/300 1036/1296/1281 1049/305/302
f 984/1292/1277 972/1291/1276 983/708/697
f 1006/1293/1278 984/1292/1277 1007/710/699
f 1007/710/699 984/1292/1277 983/708/697
f 1013/769/758 990/780/769 991/770/759
f 991/770/759 990/780/769 1015/1297/1282
f 991/770/759 1015/1297/1282 1016/771/760
f 1016/771/760 1015/1297/1282 1028/1298/1283
f 1016/771/760 1028/1298/1283 1029/772/761
f 1029/772/761 1028/1298/1283 1041/1299/1284
f 1029/772/761 1041/1299/1284 1042/773/762
f 1042/773/762 1041/1299/1284 1054/1300/1285
f 1042/773/762 1054/1300/1285 1055/774/763
f 1055/774/763 1054/1300/1285 1067/1301/1286
f 1055/774/763 1067/1301/1286 1068/775/764
f 1068/775/764 1067/1301/1286 1091/1302/1287
f 1068/775/764 1091/1302/1287 1090/776/765
f 1090/776/765 1091/1302/1287 1081/1303/1288
f 1090/776/765 1081/1303/1288 1082/777/766
f 1082/777/766 1081/1303/1288 1105/1304/1289
f 1082/777/766 1105/1304/1289 1106/778/767
f 1106/778/767 1105/1304/1289 1118/1305/1290
f 1106/778/767 1118/1305/1290 1119/779/768
f 1119/779/768 1118/1305/1290 1131/1306/1291
f 1119/779/768 1131/1306/1291 1132/319/316
f 1132/319/316 1131/1306/1291 1143/321/318
f 1006/1293/1278 1007/710/699 997/712/701
f 1006/1293/1278 997/712/701 998/1294/1279
f 998/1294/1279 997/712/701 1022/714/703
f 998/1294/1279 1022/714/703 1023/1295/1280
f 1023/1295/1280 1022/714/703 1035/716/705
f 1023/1295/1280 1035/716/705 1036/1296/1281
f 1036/1296/1281 1035/716/705 1048/718/707
f 1036/1296/1281 1048/718/707 1049/305/302
f 1049/305/302 1048/718/707 1061/307/304
f 990/780/769 1014/782/771 1015/1297/1282
f 1015/1297/1282 1014/782/771 1027/1307/1292
f 1015/1297/1282 1027/1307/1292 1028/1298/1283
f 1028/1298/1283 1027/1307/1292 1040/1308/1293
f 1028/1298/1283 1040/1308/1293 1041/1299/1284
f 1041/1299/1284 1040/1308/1293 1053/1309/1294
f 1041/1299/1284 1053/1309/1294 1054/1300/1285
f 1054/1300/1285 1053/1309/1294 1066/1310/1295
f 1054/1300/1285 1066/1310/1295 1067/1301/1286
f 1067/1301/1286 1066/1310/1295 1092/1311/1296
f 1067/1301/1286 1092/1311/1296 1091/1302/1287
f 1091/1302/1287 1092/1311/1296 1080/1312/1297
f 1091/1302/1287 1080/1312/1297 1081/1303/1288
f 1081/1303/1288 1080/1312/1297 1104/1313/1298
f 1081/1303/1288 1104/1313/1298 1105/1304/1289
f 1105/1304/1289 1104/1313/1298 1117/1314/1299
f 1105/1304/1289 1117/1314/1299 1118/1305/1290
f 1118/1305/1290 1117/1314/1299 1130/1315/1300
f 1118/1305/1290 1130/1315/1300 1131/1306/1291
f 1131/1306/1291 1130/1315/1300 1142/1316/1301
f 1131/1306/1291 1142/1316/1301 1143/321/318
f 1143/321/318 1142/1316/1301 1156/323/320
f 1014/782/771 1026/784/773 1027/1307/1292
f 1027/1307/1292 1026/784/773 1039/1317/1302
f 1027/1307/1292 1039/1317/1302 1040/1308/1293
f 1040/1308/1293 1039/1317/1302 1052/1318/1303
f 1040/1308/1293 1052/1318/1303 1053/1309/1294
f 1053/1309/1294 1052/1318/1303 1065/1319/1304
f 1053/1309/1294 1065/1319/1304 1066/1310/1295
f 1066/1310/1295 1065/1319/1304 1093/1320/1305
f 1066/1310/1295 1093/1320/1305 1092/1311/1296
f 1092/1311/1296 1093/1320/1305 1079/1321/1306
f 1092/1311/1296 1079/1321/1306 1080/1312/1297
f 1080/1312/1297 1079/1321/1306 1103/1322/1307
f 1080/1312/1297 1103/1322/1307 1104/1313/1298
f 1104/1313/1298 1103/1322/1307 1116/1323/1308
f 1104/1313/1298 1116/1323/1308 1117/1314/1299
f 1117/1314/1299 1116/1323/1308 1129/1324/1309
f 1117/1314/1299 1129/1324/1309 1130/1315/1300
f 1130/1315/1300 1129/1324/1309 1141/1325/1310
f 1130/1315/1300 1141/1325/1310 1142/1316/1301
f 1142/1316/1301 1141/1325/1310 1157/1326/1311
f 1142/1316/1301 1157/1326/1311 1156/323/320
f 1156/323/320 1157/1326/1311 1155/325/322
f 1026/784/773 1038/786/775 1039/1317/1302
f 1039/1317/1302 1038/786/775 1051/1327/1312
f 1039/1317/1302 1051/1327/1312 1052/1318/1303
f 1052/1318/1303 1051/1327/1312 1064/1328/1313
f 1052/1318/1303 1064/1328/1313 1065/1319/1304
f 1065/1319/1304 1064/1328/1313 1094/1329/1314
f 1065/1319/1304 1094/1329/1314 1093/1320/1305
f 1093/1320/1305 1094/1329/1314 1078/1330/1315
f 1093/1320/1305 1078/1330/1315 1079/1321/1306
f 1079/1321/1306 1078/1330/1315 1102/1331/1316
f 1079/1321/1306 1102/1331/1316 1103/1322/1307
f 1103/1322/1307 1102/1331/1316 1115/1332/1317
f 1103/1322/1307 1115/1332/1317 1116/1323/1308
f 1116/1323/1308 1115/1332/1317 1128/1333/1318
f 1116/1323/1308 1128/1333/1318 1129/1324/1309
f 1129/1324/1309 1128/1333/1318 1140/1334/1319
f 1129/1324/1309 1140/1334/1319 1141/1325/1310
f 1141/1325/1310 1140/1334/1319 1158/1335/1320
f 1141/1325/1310 1158/1335/1320 1157/1326/1311
f 1157/1326/1311 1158/1335/1320 1154/1336/1321
f 1157/1326/1311 1154/1336/1321 1155/325/322
f 1155/325/322 1154/1336/1321 1179/327/324
f 1038/786/775 1050/788/777 1051/1327/1312
f 1051/1327/1312 1050/788/777 1063/1337/1322
f 1051/1327/1312 1063/1337/1322 1064/1328/1313
f 1064/1328/1313 1063/1337/1322 1095/1338/1323
f 1064/1328/1313 1095/1338/1323 1094/1329/1314
f 1094/1329/1314 1095/1338/1323 1077/1339/1324
f 1094/1329/1314 1077/1339/1324 1078/1330/1315
f 1078/1330/1315 1077/1339/1324 1101/1340/1325
f 1078/1330/1315 1101/1340/1325 1102/1331/1316
f 1102/1331/1316 1101/1340/1325 1114/1341/1326
f 1102/1331/1316 1114/1341/1326 1115/1332/1317
f 1115/1332/1317 1114/1341/1326 1127/1342/1327
f 1115/1332/1317 1127/1342/1327 1128/1333/1318
f 1128/1333/1318 1127/1342/1327 1139/1343/1328
f 1128/1333/1318 1139/1343/1328 1140/1334/1319
f 1140/1334/1319 1139/1343/1328 1159/1344/1329
f 1140/1334/1319 1159/1344/1329 1158/1335/1320
f 1158/1335/1320 1159/1344/1329 1153/1345/1330
f 1158/1335/1320 1153/1345/1330 1154/1336/1321
f 1154/1336/1321 1153/1345/1330 1178/1346/1331
f 1154/1336/1321 1178/1346/1331 1179/327/324
f 1179/327/324 1178/1346/1331 1191/329/326
f 1050/788/777 1062/790/779 1063/1337/1322
f 1063/1337/1322 1062/790/779 1096/792/781
f 1063/1337/1322 1096/792/781 1095/1338/1323
f 1095/1338/1323 1096/792/781 1076/794/783
f 1095/1338/1323 1076/794/783 1077/1339/1324
f 1077/1339/1324 1076/794/783 1100/796/785
f 1077/1339/1324 1100/796/785 1101/1340/1325
f 1101/1340/1325 1100/796/785 1113/798/787
f 1101/1340/1325 1113/798/787 1114/1341/1326
f 1114/1341/1326 1113/798/787 1126/800/789
f 1114/1341/1326 1126/800/789 1127/1342/1327
f 1127/1342/1327 1126/800/789 1138/802/791
f 1127/1342/1327 1138/802/791 1139/1343/1328
f 1139/1343/1328 1138/802/791 1160/804/793
f 1139/1343/1328 1160/804/793 1159/1344/1329
f 1159/1344/1329 1160/804/793 1152/806/795
f 1159/1344/1329 1152/806/795 1153/1345/1330
f 1153/1345/1330 1152/806/795 1177/808/797
f 1153/1345/1330 1177/808/797 1178/1346/1331
f 1178/1346/1331 1177/808/797 1190/810/799
f 1178/1346/1331 1190/810/799 1191/329/326
f 1191/329/326 1190/810/799 1203/331/328
f 1167/858/847 1144/863/852 1145/859/848
f 1145/859/848 1144/863/852 1169/1347/1332
f 1145/859/848 1169/1347/1332 1170/860/849
f 1170/860/849 1169/1347/1332 1182/1348/1333
f 1170/860/849 1182/1348/1333 1183/861/850
f 1183/861/850 1182/1348/1333 1195/1349/1334
f 1183/861/850 1195/1349/1334 1196/862/851
f 1196/862/851 1195/1349/1334 1208/127/126
f 1196/862/851 1208/127/126 1209/129/128
f 1144/863/852 1168/865/854 1169/1347/1332
f 1169/1347/1332 1168/865/854 1181/1350/1335
f 1169/1347/1332 1181/1350/1335 1182/1348/1333
f 1182/1348/1333 1181/1350/1335 1194/1351/1336
f 1182/1348/1333 1194/1351/1336 1195/1349/1334
f 1195/1349/1334 1194/1351/1336 1207/125/124
f 1195/1349/1334 1207/125/124 1208/127/126
f 1168/865/854 1180/867/856 1181/1350/1335
f 1181/1350/1335 1180/867/856 1193/1352/1337
f 1181/1350/1335 1193/1352/1337 1194/1351/1336
f 1194/1351/1336 1193/1352/1337 1206/123/122
f 1194/1351/1336 1206/123/122 1207/125/124
f 1180/867/856 1192/869/858 1193/1352/1337
f 1193/1352/1337 1192/869/858 1205/121/120
f 1193/1352/1337 1205/121/120 1206/123/122
f 1204/119/118 1205/121/120 1192/869/858
usemtl Steel_-_Satin
f 1265/1353/1338 174/1354/1339 1264/1355/1340
f 1264/1355/1340 174/1354/1339 173/1356/1341
f 1264/1355/1340 173/1356/1341 1352/1357/1342
f 1352/1357/1342 173/1356/1341 172/1358/1343
f 1352/1357/1342 172/1358/1343 1351/1359/1344
f 1351/1359/1344 172/1358/1343 171/1360/1345
f 1351/1359/1344 171/1360/1345 1350/1361/1346
f 1350/1361/1346 171/1360/1345 170/1362/1347
f 1350/1361/1346 170/1362/1347 1349/1363/1348
f 1349/1363/1348 170/1362/1347 169/1364/1349
f 1349/1363/1348 169/1364/1349 1348/1365/1350
f 1348/1365/1350 169/1364/1349 168/1366/1351
f 1348/1365/1350 168/1366/1351 1347/1367/1352
f 1347/1367/1352 168/1366/1351 167/1368/1353
f 1347/1367/1352 167/1368/1353 1346/1369/1354
f 1346/1369/1354 167/1368/1353 166/1370/1355
f 1346/1369/1354 166/1370/1355 1345/1371/1356
f 1345/1371/1356 166/1370/1355 165/1372/1357
f 1345/1371/1356 165/1372/1357 1344/1373/1358
f 1344/1373/1358 165/1372/1357 164/1374/1359
f 1344/1373/1358 164/1374/1359 1343/1375/1360
f 1343/1375/1360 164/1374/1359 163/1376/1361
f 1343/1375/1360 163/1376/1361 1342/1377/1362
f 1342/1377/1362 163/1376/1361 162/1378/1363
f 1342/1377/1362 162/1378/1363 1341/1379/1364
f 1341/1379/1364 162/1378/1363 161/1380/1365
f 1341/1379/1364 161/1380/1365 1340/1381/1366
f 1340/1381/1366 161/1380/1365 160/1382/1367
f 1340/1381/1366 160/1382/1367 1339/1383/1368
f 1339/1383/1368 160/1382/1367 159/1384/1369
f 1339/1383/1368 159/1384/1369 1338/1385/1370
f 1338/1385/1370 159/1384/1369 158/1386/1371
f 1338/1385/1370 158/1386/1371 1337/1387/1372
f 1337/1387/1372 158/1386/1371 157/1388/1373
f 1337/1387/1372 157/1388/1373 1336/1389/1374
f 1336/1389/1374 157/1388/1373 156/1390/1375
f 1336/1389/1374 156/1390/1375 1335/1391/1376
f 1335/1391/1376 156/1390/1375 155/1392/1377
f 1335/1391/1376 155/1392/1377 1334/1393/1378
f 1334/1393/1378 155/1392/1377 154/1394/1379
f 1334/1393/1378 154/1394/1379 1333/1395/1380
f 1333/1395/1380 154/1394/1379 153/1396/1381
f 1333/1395/1380 153/1396/1381 1332/1397/1382
f 1332/1397/1382 153/1396/1381 152/1398/1383
f 1332/1397/1382 152/1398/1383 1331/1399/1384
f 1331/1399/1384 152/1398/1383 151/1400/1385
f 1331/1399/1384 151/1400/1385 1330/1401/1386
f 1330/1402/1386 151/1403/1385 150/1404/1387
f 1330/1402/1386 150/1404/1387 1329/1405/1388
f 1329/1405/1388 150/1404/1387 149/1406/1389
f 1329/1405/1388 149/1406/1389 1328/1407/1390
f 1328/1407/1390 149/1406/1389 148/1408/1391
f 1328/1407/1390 148/1408/1391 1327/1409/1392
f 1327/1409/1392 148/1408/1391 147/1410/1393
f 1327/1409/1392 147/1410/1393 1326/1411/1394
f 1326/1411/1394 147/1410/1393 146/1412/1395
f 1326/1411/1394 146/1412/1395 1325/1413/1396
f 1325/1413/1396 146/1412/1395 145/1414/1397
f 1325/1413/1396 145/1414/1397 1324/1415/1398
f 1324/1415/1398 145/1414/1397 144/1416/1399
f 1324/1415/1398 144/1416/1399 1323/1417/1400
f 1323/1417/1400 144/1416/1399 143/1418/1401
f 1323/1417/1400 143/1418/1401 1322/1419/1402
f 1322/1419/1402 143/1418/1401 142/1420/1403
f 1322/1419/1402 142/1420/1403 1321/1421/1404
f 1321/1421/1404 142/1420/1403 141/1422/1405
f 1321/1421/1404 141/1422/1405 1320/1423/1406
f 1320/1423/1406 141/1422/1405 140/1424/1407
f 1320/1423/1406 140/1424/1407 1319/1425/1408
f 1319/1425/1408 140/1424/1407 139/1426/1409
f 1319/1425/1408 139/1426/1409 1318/1427/1410
f 1318/1427/1410 139/1426/1409 138/1428/1411
f 1318/1427/1410 138/1428/1411 1317/1429/1412
f 1317/1429/1412 138/1428/1411 137/1430/1413
f 1317/1429/1412 137/1430/1413 1316/1431/1414
f 1316/1431/1414 137/1430/1413 136/1432/1415
f 1316/1431/1414 136/1432/1415 1315/1433/1416
f 1315/1433/1416 136/1432/1415 135/1434/1417
f 1315/1433/1416 135/1434/1417 1314/1435/1418
f 1314/1435/1418 135/1434/1417 134/1436/1419
f 1314/1435/1418 134/1436/1419 1313/1437/1420
f 1313/1437/1420 134/1436/1419 133/1438/1421
f 1313/1437/1420 133/1438/1421 1312/1439/1422
f 1312/1439/1422 133/1438/1421 132/1440/247
f 1312/1439/1422 132/1440/247 1311/1441/1423
f 1311/1441/1423 132/1440/247 131/1442/249
f 1311/1441/1423 131/1442/249 1310/1443/1424
f 1310/1443/1424 131/1442/249 130/1444/251
f 1310/1443/1424 130/1444/251 1309/1445/1425
f 1309/1445/1425 130/1444/251 129/1446/253
f 1309/1445/1425 129/1446/253 1308/1447/1426
f 1308/1447/1426 129/1446/253 128/1448/255
f 1308/1447/1426 128/1448/255 1307/1449/1427
f 1307/1449/1427 128/1448/255 127/1450/257
f 1307/1449/1427 127/1450/257 1306/1451/1428
f 1306/1451/1428 127/1450/257 126/1452/259
f 1306/1451/1428 126/1452/259 1305/1453/1429
f 1305/1453/1429 126/1452/259 125/1454/1430
f 1305/1453/1429 125/1454/1430 1304/1455/1431
f 1304/1455/1431 125/1454/1430 124/1456/1432
f 1304/1455/1431 124/1456/1432 1303/1457/1433
f 1303/1457/1433 124/1456/1432 123/1458/1434
f 1303/1457/1433 123/1458/1434 1302/1459/1435
f 1302/1459/1435 123/1458/1434 122/1460/1436
f 1302/1459/1435 122/1460/1436 1301/1461/1437
f 1301/1461/1437 122/1460/1436 121/1462/1438
f 1301/1461/1437 121/1462/1438 1300/1463/1439
f 1300/1463/1439 121/1462/1438 120/1464/1440
f 1300/1463/1439 120/1464/1440 1299/1465/1441
f 1299/1465/1441 120/1464/1440 119/1466/1442
f 1299/1465/1441 119/1466/1442 1298/1467/1443
f 1298/1467/1443 119/1466/1442 118/1468/1444
f 1298/1467/1443 118/1468/1444 1297/1469/1445
f 1297/1469/1445 118/1468/1444 117/1470/1446
f 1297/1469/1445 117/1470/1446 1296/1471/1447
f 1296/1471/1447 117/1470/1446 116/1472/1448
f 1296/1471/1447 116/1472/1448 1295/1473/1449
f 1295/1473/1449 116/1472/1448 115/1474/1450
f 1295/1473/1449 115/1474/1450 1294/1475/1451
f 1294/1475/1451 115/1474/1450 114/1476/1452
f 1294/1475/1451 114/1476/1452 1293/1477/1453
f 1293/1477/1453 114/1476/1452 113/1478/1454
f 1293/1477/1453 113/1478/1454 1292/1479/1455
f 1292/1479/1455 113/1478/1454 112/1480/1456
f 1292/1479/1455 112/1480/1456 1291/1481/1457
f 1291/1481/1457 112/1480/1456 111/1482/1458
f 1291/1481/1457 111/1482/1458 1290/1483/1459
f 1290/1483/1459 111/1482/1458 110/1484/1460
f 1290/1483/1459 110/1484/1460 1289/1485/1461
f 1289/1485/1461 110/1484/1460 109/1486/1462
f 1289/1485/1461 109/1486/1462 1288/1487/1463
f 1288/1487/1463 109/1486/1462 108/1488/1464
f 1288/1487/1463 108/1488/1464 1287/1489/1465
f 1287/1489/1465 108/1488/1464 107/1490/297
f 1287/1489/1465 107/1490/297 1286/1491/1466
f 1286/1491/1466 107/1490/297 195/1492/1467
f 1286/1491/1466 195/1492/1467 1285/1493/1468
f 1285/1493/1468 195/1492/1467 194/1494/1469
f 1285/1493/1468 194/1494/1469 1284/1495/1470
f 1284/1495/1470 194/1494/1469 193/1496/1471
f 1284/1495/1470 193/1496/1471 1283/1497/1472
f 1283/1497/1472 193/1496/1471 192/1498/1473
f 1283/1497/1472 192/1498/1473 1282/1499/1474
f 1282/1499/1474 192/1498/1473 191/1500/1475
f 1282/1499/1474 191/1500/1475 1281/1501/1476
f 1281/1501/1476 191/1500/1475 190/1502/1477
f 1281/1501/1476 190/1502/1477 1280/1503/1478
f 1280/1503/1478 190/1502/1477 189/1504/1479
f 1280/1503/1478 189/1504/1479 1279/1505/1480
f 1279/1505/1480 189/1504/1479 188/1506/1481
f 1279/1505/1480 188/1506/1481 1278/1507/1482
f 1278/1507/1482 188/1506/1481 187/1508/1483
f 1278/1507/1482 187/1508/1483 1277/1509/1484
f 1277/1509/1484 187/1508/1483 186/1510/1485
f 1277/1509/1484 186/1510/1485 1276/1511/1486
f 1276/1511/1486 186/1510/1485 185/1512/1487
f 1276/1511/1486 185/1512/1487 1275/1513/1488
f 1275/1513/1488 185/1512/1487 184/1514/1489
f 1275/1513/1488 184/1514/1489 1274/1515/1490
f 1274/1515/1490 184/1514/1489 183/1516/1491
f 1274/1515/1490 183/1516/1491 1273/1517/1492
f 1273/1517/1492 183/1516/1491 182/1518/1493
f 1273/1517/1492 182/1518/1493 1272/1519/1494
f 1272/1519/1494 182/1518/1493 181/1520/1495
f 1272/1519/1494 181/1520/1495 1271/1521/1496
f 1271/1521/1496 181/1520/1495 180/1522/1497
f 1271/1521/1496 180/1522/1497 1270/1523/1498
f 1270/1523/1498 180/1522/1497 179/1524/1499
f 1270/1523/1498 179/1524/1499 1269/1525/1500
f 1269/1525/1500 179/1524/1499 178/1526/1501
f 1269/1525/1500 178/1526/1501 1268/1527/1502
f 1268/1527/1502 178/1526/1501 177/1528/1503
f 1268/1527/1502 177/1528/1503 1267/1529/1504
f 1267/1529/1504 177/1528/1503 176/1530/1505
f 1267/1529/1504 176/1530/1505 1266/1531/1506
f 1266/1531/1506 176/1530/1505 175/1532/1507
f 1266/1531/1506 175/1532/1507 1265/1353/1338
f 1265/1353/1338 175/1532/1507 174/1354/1339
usemtl Rubber_-_Soft
f 1354/1533/1508 1453/1534/1509 1353/1535/1510
f 1353/1535/1510 1453/1534/1509 1476/1536/1511
f 1353/1535/1510 1476/1536/1511 1427/1537/1512
f 1427/1537/1512 1476/1536/1511 1443/1538/1513
f 1427/1537/1512 1443/1538/1513 1426/1539/1514
f 1426/1539/1514 1443/1538/1513 2473/1540/1515
f 1426/1539/1514 2473/1540/1515 2461/1541/1516
f 2461/1541/1516 2473/1540/1515 2474/1542/1517
f 2461/1541/1516 2474/1542/1517 2462/1543/1518
f 2462/1543/1518 2474/1542/1517 2475/1544/1519
f 2462/1543/1518 2475/1544/1519 2463/1545/1520
f 2463/1545/1520 2475/1544/1519 2476/1546/1521
f 2463/1545/1520 2476/1546/1521 2464/1547/1522
f 2464/1547/1522 2476/1546/1521 2477/1548/1523
f 2464/1547/1522 2477/1548/1523 2465/1549/1524
f 2465/1549/1524 2477/1548/1523 2478/1550/1525
f 2465/1549/1524 2478/1550/1525 2466/1551/1526
f 2466/1551/1526 2478/1550/1525 2479/1552/1527
f 2466/1551/1526 2479/1552/1527 2467/1553/1528
f 2467/1553/1528 2479/1552/1527 2480/1554/1529
f 2467/1553/1528 2480/1554/1529 2468/1555/1530
f 2468/1555/1530 2480/1554/1529 2481/1556/1531
f 2468/1555/1530 2481/1556/1531 2469/1557/1532
f 2469/1557/1532 2481/1556/1531 2482/1558/1533
f 2469/1557/1532 2482/1558/1533 2470/1559/1534
f 2470/1559/1534 2482/1558/1533 2483/1560/1535
f 2470/1559/1534 2483/1560/1535 2471/1561/1536
f 2471/1561/1536 2483/1560/1535 2484/1562/1537
f 2471/1561/1536 2484/1562/1537 2472/1563/1538
f 2472/1563/1538 2484/1562/1537 1350/1564/1346
f 2472/1563/1538 1350/1564/1346 1349/1565/1348
f 1453/1534/1509 1354/1533/1508 1477/1566/1539
f 1477/1566/1539 1354/1533/1508 1355/1567/1540
f 1477/1566/1539 1355/1567/1540 1489/1568/1541
f 1489/1568/1541 1355/1567/1540 1356/1569/1542
f 1489/1568/1541 1356/1569/1542 1444/1570/1543
f 1444/1570/1543 1356/1569/1542 1357/1571/1544
f 1444/1570/1543 1357/1571/1544 1535/1572/1545
f 1535/1572/1545 1357/1571/1544 1512/1573/1546
f 1535/1572/1545 1512/1573/1546 1513/1574/1547
f 1513/1574/1547 1512/1573/1546 1537/1575/1548
f 1513/1574/1547 1537/1575/1548 1538/1576/1549
f 1538/1576/1549 1537/1575/1548 1550/1577/1550
f 1538/1576/1549 1550/1577/1550 1551/1578/1551
f 1551/1578/1551 1550/1577/1550 1563/1579/1552
f 1551/1578/1551 1563/1579/1552 1564/1580/1553
f 1564/1580/1553 1563/1579/1552 1575/1581/1554
f 1564/1580/1553 1575/1581/1554 1576/1582/1555
f 1576/1582/1555 1575/1581/1554 1601/1583/1556
f 1576/1582/1555 1601/1583/1556 1600/1584/1557
f 1600/1584/1557 1601/1583/1556 1589/1585/1558
f 1600/1584/1557 1589/1585/1558 1590/1586/1559
f 1590/1586/1559 1589/1585/1558 1614/1587/1560
f 1590/1586/1559 1614/1587/1560 1615/1588/1561
f 1615/1588/1561 1614/1587/1560 1627/1589/1562
f 1615/1588/1561 1627/1589/1562 1628/1590/1563
f 1628/1590/1563 1627/1589/1562 1640/1591/1564
f 1628/1590/1563 1640/1591/1564 1641/1592/1565
f 1641/1592/1565 1640/1591/1564 1653/1593/1566
f 1641/1592/1565 1653/1593/1566 1654/1594/1567
f 1654/1594/1567 1653/1593/1566 1666/1595/1568
f 1654/1594/1567 1666/1595/1568 1280/1596/1478
f 1280/1596/1478 1666/1595/1568 1281/1597/1476
f 1281/1597/1476 1666/1595/1568 1679/1598/1569
f 1281/1597/1476 1679/1598/1569 1282/1599/1474
f 1282/1599/1474 1679/1598/1569 1678/1600/1570
f 1282/1599/1474 1678/1600/1570 1283/1601/1472
f 1283/1601/1472 1678/1600/1570 1701/1602/1571
f 1283/1601/1472 1701/1602/1571 1284/1603/1572
f 1284/1603/1572 1701/1602/1571 1713/1604/1573
f 1284/1603/1572 1713/1604/1573 1285/1605/1574
f 1285/1605/1574 1713/1604/1573 1725/1606/1575
f 1285/1605/1574 1725/1606/1575 1286/1607/1576
f 1286/1607/1576 1725/1606/1575 1736/1608/1577
f 1286/1607/1576 1736/1608/1577 1287/1609/1578
f 1287/1609/1578 1736/1608/1577 1749/1610/1579
f 1287/1609/1578 1749/1610/1579 1288/1611/1580
f 1288/1611/1580 1749/1610/1579 1748/1612/1581
f 1288/1611/1580 1748/1612/1581 1289/1613/1582
f 1289/1613/1582 1748/1612/1581 1772/1614/1583
f 1289/1613/1582 1772/1614/1583 1290/1615/1584
f 1290/1615/1584 1772/1614/1583 1784/1616/1585
f 1290/1615/1584 1784/1616/1585 1291/1617/1457
f 1291/1617/1457 1784/1616/1585 1796/1618/1586
f 1291/1617/1457 1796/1618/1586 1292/1619/1455
f 1292/1619/1455 1796/1618/1586 1808/1620/1587
f 1292/1619/1455 1808/1620/1587 1293/1621/1453
f 1293/1621/1453 1808/1620/1587 1821/1622/1588
f 1293/1621/1453 1821/1622/1588 1294/1623/1451
f 1294/1623/1451 1821/1622/1588 1820/1624/1589
f 1294/1623/1451 1820/1624/1589 1295/1625/1449
f 1295/1625/1449 1820/1624/1589 1844/1626/1590
f 1295/1625/1449 1844/1626/1590 1296/1627/1447
f 1296/1627/1447 1844/1626/1590 1856/1628/1591
f 1296/1627/1447 1856/1628/1591 1297/1629/1445
f 1297/1629/1445 1856/1628/1591 1868/1630/1592
f 1297/1629/1445 1868/1630/1592 1298/1631/1443
f 1298/1631/1443 1868/1630/1592 1880/1632/1593
f 1298/1631/1443 1880/1632/1593 1299/1633/1441
f 1299/1633/1441 1880/1632/1593 1892/1634/1594
f 1299/1633/1441 1892/1634/1594 1300/1635/1439
f 1300/1635/1439 1892/1634/1594 1905/1636/1595
f 1300/1635/1439 1905/1636/1595 1301/1637/1437
f 1301/1637/1437 1905/1636/1595 1904/1638/1596
f 1301/1637/1437 1904/1638/1596 1302/1639/1435
f 1302/1639/1435 1904/1638/1596 1927/1640/1597
f 1302/1639/1435 1927/1640/1597 1303/1641/1433
f 1303/1641/1433 1927/1640/1597 1939/1642/1598
f 1303/1641/1433 1939/1642/1598 1304/1643/1431
f 1304/1643/1431 1939/1642/1598 1951/1644/1599
f 1304/1643/1431 1951/1644/1599 1305/1645/1429
f 1305/1645/1429 1951/1644/1599 1962/1646/1600
f 1305/1645/1429 1962/1646/1600 1306/1647/1428
f 1306/1647/1428 1962/1646/1600 1975/1648/1601
f 1306/1647/1428 1975/1648/1601 1307/1649/1427
f 1307/1649/1427 1975/1648/1601 1974/1650/1602
f 1307/1649/1427 1974/1650/1602 1308/1651/1426
f 1308/1651/1426 1974/1650/1602 1998/1652/1603
f 1308/1651/1426 1998/1652/1603 1309/1653/1425
f 1309/1653/1425 1998/1652/1603 2010/1654/1604
f 1309/1653/1425 2010/1654/1604 1310/1655/1424
f 1310/1655/1424 2010/1654/1604 2022/1656/1605
f 1310/1655/1424 2022/1656/1605 1311/1657/1423
f 1311/1657/1423 2022/1656/1605 2034/1658/1606
f 1311/1657/1423 2034/1658/1606 1312/1659/1422
f 1312/1659/1422 2034/1658/1606 2046/1660/1607
f 1312/1659/1422 2046/1660/1607 1313/1661/1420
f 1313/1661/1420 2046/1660/1607 2059/1662/1608
f 1313/1661/1420 2059/1662/1608 1314/1663/1418
f 1314/1663/1418 2059/1662/1608 2058/1664/1609
f 1314/1663/1418 2058/1664/1609 1315/1665/1416
f 1315/1665/1416 2058/1664/1609 2081/1666/1610
f 1315/1665/1416 2081/1666/1610 1316/1667/1414
f 1316/1667/1414 2081/1666/1610 2093/1668/1611
f 1316/1667/1414 2093/1668/1611 1317/1669/1412
f 1317/1669/1412 2093/1668/1611 2105/1670/1612
f 1317/1669/1412 2105/1670/1612 1318/1671/1410
f 1318/1671/1410 2105/1670/1612 2117/1672/1613
f 1318/1671/1410 2117/1672/1613 1319/1673/1408
f 1319/1673/1408 2117/1672/1613 2130/1674/1614
f 1319/1673/1408 2130/1674/1614 1320/1675/1406
f 1320/1675/1406 2130/1674/1614 2129/1676/1615
f 1320/1675/1406 2129/1676/1615 1321/1677/1404
f 1321/1677/1404 2129/1676/1615 2152/1678/1616
f 1321/1677/1404 2152/1678/1616 1322/1679/1402
f 1322/1679/1402 2152/1678/1616 2164/1680/1617
f 1322/1679/1402 2164/1680/1617 1323/1681/1400
f 1323/1681/1400 2164/1680/1617 2176/1682/1618
f 1323/1681/1400 2176/1682/1618 1324/1683/1398
f 1324/1683/1398 2176/1682/1618 2187/1684/1619
f 1324/1683/1398 2187/1684/1619 1325/1685/1396
f 1325/1685/1396 2187/1684/1619 2200/1686/1620
f 1325/1685/1396 2200/1686/1620 1326/1687/1394
f 1326/1687/1394 2200/1686/1620 2199/1688/1621
f 1326/1687/1394 2199/1688/1621 1327/1689/1392
f 1327/1689/1392 2199/1688/1621 2223/1690/1622
f 1327/1689/1392 2223/1690/1622 1328/1691/1390
f 1328/1691/1390 2223/1690/1622 2235/1692/1623
f 1328/1691/1390 2235/1692/1623 1329/1693/1624
f 1329/1693/1624 2235/1692/1623 2247/1694/1625
f 1329/1693/1624 2247/1694/1625 1330/1695/1626
f 1330/1695/1626 2247/1694/1625 1439/1696/1627
f 1330/1695/1626 1439/1696/1627 1331/1697/1628
f 1331/1698/1628 1439/1699/1627 2259/1700/1629
f 1331/1698/1628 2259/1700/1629 1332/1701/1630
f 1332/1701/1630 2259/1700/1629 2272/1702/1631
f 1332/1701/1630 2272/1702/1631 1333/1703/1632
f 1333/1703/1632 2272/1702/1631 2271/1704/1633
f 1333/1703/1632 2271/1704/1633 1334/1705/1378
f 1334/1705/1378 2271/1704/1633 2294/1706/1634
f 1334/1705/1378 2294/1706/1634 1335/1707/1376
f 1335/1707/1376 2294/1706/1634 2306/1708/1635
f 1335/1707/1376 2306/1708/1635 1336/1709/1374
f 1336/1709/1374 2306/1708/1635 2318/1710/1636
f 1336/1709/1374 2318/1710/1636 1337/1711/1372
f 1337/1711/1372 2318/1710/1636 2330/1712/1637
f 1337/1711/1372 2330/1712/1637 1338/1713/1370
f 1338/1713/1370 2330/1712/1637 2343/1714/1638
f 1338/1713/1370 2343/1714/1638 1339/1715/1368
f 1339/1715/1368 2343/1714/1638 2342/1716/1639
f 1339/1715/1368 2342/1716/1639 1340/1717/1366
f 1340/1717/1366 2342/1716/1639 2365/1718/1640
f 1340/1717/1366 2365/1718/1640 1341/1719/1364
f 1341/1719/1364 2365/1718/1640 2377/1720/1641
f 1341/1719/1364 2377/1720/1641 1342/1721/1362
f 1342/1721/1362 2377/1720/1641 2389/1722/1642
f 1342/1721/1362 2389/1722/1642 1343/1723/1360
f 1343/1723/1360 2389/1722/1642 2400/1724/1643
f 1343/1723/1360 2400/1724/1643 1344/1725/1358
f 1344/1725/1358 2400/1724/1643 2413/1726/1644
f 1344/1725/1358 2413/1726/1644 1345/1727/1356
f 1345/1727/1356 2413/1726/1644 2412/1728/1645
f 1345/1727/1356 2412/1728/1645 1346/1729/1354
f 1346/1729/1354 2412/1728/1645 2436/1730/1646
f 1346/1729/1354 2436/1730/1646 1347/1731/1352
f 1347/1731/1352 2436/1730/1646 2448/1732/1647
f 1347/1731/1352 2448/1732/1647 1348/1733/1350
f 1348/1733/1350 2448/1732/1647 2460/1734/1648
f 1348/1733/1350 2460/1734/1648 1349/1565/1348
f 1349/1565/1348 2460/1734/1648 2472/1563/1538
f 1357/1571/1544 1358/1735/1649 1512/1573/1546
f 1512/1573/1546 1358/1735/1649 1536/1736/1650
f 1512/1573/1546 1536/1736/1650 1537/1575/1548
f 1537/1575/1548 1536/1736/1650 1549/1737/1651
f 1537/1575/1548 1549/1737/1651 1550/1577/1550
f 1550/1577/1550 1549/1737/1651 1562/1738/1652
f 1550/1577/1550 1562/1738/1652 1563/1579/1552
f 1563/1579/1552 1562/1738/1652 1574/1739/1653
f 1563/1579/1552 1574/1739/1653 1575/1581/1554
f 1575/1581/1554 1574/1739/1653 1602/1740/1654
f 1575/1581/1554 1602/1740/1654 1601/1583/1556
f 1601/1583/1556 1602/1740/1654 1588/1741/1655
f 1601/1583/1556 1588/1741/1655 1589/1585/1558
f 1589/1585/1558 1588/1741/1655 1613/1742/1656
f 1589/1585/1558 1613/1742/1656 1614/1587/1560
f 1614/1587/1560 1613/1742/1656 1626/1743/1657
f 1614/1587/1560 1626/1743/1657 1627/1589/1562
f 1627/1589/1562 1626/1743/1657 1639/1744/1658
f 1627/1589/1562 1639/1744/1658 1640/1591/1564
f 1640/1591/1564 1639/1744/1658 1652/1745/1659
f 1640/1591/1564 1652/1745/1659 1653/1593/1566
f 1653/1593/1566 1652/1745/1659 1665/1746/1660
f 1653/1593/1566 1665/1746/1660 1666/1595/1568
f 1666/1595/1568 1665/1746/1660 1679/1598/1569
f 1358/1735/1649 1359/1747/1661 1536/1736/1650
f 1536/1736/1650 1359/1747/1661 1548/1748/1662
f 1536/1736/1650 1548/1748/1662 1549/1737/1651
f 1549/1737/1651 1548/1748/1662 1561/1749/1663
f 1549/1737/1651 1561/1749/1663 1562/1738/1652
f 1562/1738/1652 1561/1749/1663 1573/1750/1664
f 1562/1738/1652 1573/1750/1664 1574/1739/1653
f 1574/1739/1653 1573/1750/1664 1603/1751/1665
f 1574/1739/1653 1603/1751/1665 1602/1740/1654
f 1602/1740/1654 1603/1751/1665 1587/1752/1666
f 1602/1740/1654 1587/1752/1666 1588/1741/1655
f 1588/1741/1655 1587/1752/1666 1612/1753/1667
f 1588/1741/1655 1612/1753/1667 1613/1742/1656
f 1613/1742/1656 1612/1753/1667 1625/1754/1668
f 1613/1742/1656 1625/1754/1668 1626/1743/1657
f 1626/1743/1657 1625/1754/1668 1638/1755/1669
f 1626/1743/1657 1638/1755/1669 1639/1744/1658
f 1639/1744/1658 1638/1755/1669 1651/1756/1670
f 1639/1744/1658 1651/1756/1670 1652/1745/1659
f 1652/1745/1659 1651/1756/1670 1664/1757/1671
f 1652/1745/1659 1664/1757/1671 1665/1746/1660
f 1665/1746/1660 1664/1757/1671 1680/1758/1672
f 1665/1746/1660 1680/1758/1672 1679/1598/1569
f 1679/1598/1569 1680/1758/1672 1678/1600/1570
f 1359/1747/1661 1360/1759/1673 1548/1748/1662
f 1548/1748/1662 1360/1759/1673 1560/1760/1674
f 1548/1748/1662 1560/1760/1674 1561/1749/1663
f 1561/1749/1663 1560/1760/1674 1572/1761/1675
f 1561/1749/1663 1572/1761/1675 1573/1750/1664
f 1573/1750/1664 1572/1761/1675 1604/1762/1676
f 1573/1750/1664 1604/1762/1676 1603/1751/1665
f 1603/1751/1665 1604/1762/1676 1586/1763/1677
f 1603/1751/1665 1586/1763/1677 1587/1752/1666
f 1587/1752/1666 1586/1763/1677 1611/1764/1678
f 1587/1752/1666 1611/1764/1678 1612/1753/1667
f 1612/1753/1667 1611/1764/1678 1624/1765/1679
f 1612/1753/1667 1624/1765/1679 1625/1754/1668
f 1625/1754/1668 1624/1765/1679 1637/1766/1680
f 1625/1754/1668 1637/1766/1680 1638/1755/1669
f 1638/1755/1669 1637/1766/1680 1650/1767/1681
f 1638/1755/1669 1650/1767/1681 1651/1756/1670
f 1651/1756/1670 1650/1767/1681 1663/1768/1682
f 1651/1756/1670 1663/1768/1682 1664/1757/1671
f 1664/1757/1671 1663/1768/1682 1681/1769/1683
f 1664/1757/1671 1681/1769/1683 1680/1758/1672
f 1680/1758/1672 1681/1769/1683 1677/1770/1684
f 1680/1758/1672 1677/1770/1684 1678/1600/1570
f 1678/1600/1570 1677/1770/1684 1701/1602/1571
f 1360/1759/1673 1361/1771/1685 1560/1760/1674
f 1560/1760/1674 1361/1771/1685 1445/1772/1686
f 1560/1760/1674 1445/1772/1686 1572/1761/1675
f 1572/1761/1675 1445/1772/1686 1605/1773/1687
f 1572/1761/1675 1605/1773/1687 1604/1762/1676
f 1604/1762/1676 1605/1773/1687 1585/1774/1688
f 1604/1762/1676 1585/1774/1688 1586/1763/1677
f 1586/1763/1677 1585/1774/1688 1610/1775/1689
f 1586/1763/1677 1610/1775/1689 1611/1764/1678
f 1611/1764/1678 1610/1775/1689 1623/1776/1690
f 1611/1764/1678 1623/1776/1690 1624/1765/1679
f 1624/1765/1679 1623/1776/1690 1636/1777/1691
f 1624/1765/1679 1636/1777/1691 1637/1766/1680
f 1637/1766/1680 1636/1777/1691 1649/1778/1692
f 1637/1766/1680 1649/1778/1692 1650/1767/1681
f 1650/1767/1681 1649/1778/1692 1662/1779/1693
f 1650/1767/1681 1662/1779/1693 1663/1768/1682
f 1663/1768/1682 1662/1779/1693 1682/1780/1694
f 1663/1768/1682 1682/1780/1694 1681/1769/1683
f 1681/1769/1683 1682/1780/1694 1676/1781/1695
f 1681/1769/1683 1676/1781/1695 1677/1770/1684
f 1677/1770/1684 1676/1781/1695 1700/1782/1696
f 1677/1770/1684 1700/1782/1696 1701/1602/1571
f 1701/1602/1571 1700/1782/1696 1713/1604/1573
f 1361/1771/1685 1362/1783/1697 1445/1772/1686
f 1445/1772/1686 1362/1783/1697 1606/1784/1698
f 1445/1772/1686 1606/1784/1698 1605/1773/1687
f 1605/1773/1687 1606/1784/1698 1584/1785/1699
f 1605/1773/1687 1584/1785/1699 1585/1774/1688
f 1585/1774/1688 1584/1785/1699 1609/1786/1700
f 1585/1774/1688 1609/1786/1700 1610/1775/1689
f 1610/1775/1689 1609/1786/1700 1622/1787/1701
f 1610/1775/1689 1622/1787/1701 1623/1776/1690
f 1623/1776/1690 1622/1787/1701 1635/1788/1702
f 1623/1776/1690 1635/1788/1702 1636/1777/1691
f 1636/1777/1691 1635/1788/1702 1648/1789/1703
f 1636/1777/1691 1648/1789/1703 1649/1778/1692
f 1649/1778/1692 1648/1789/1703 1661/1790/1704
f 1649/1778/1692 1661/1790/1704 1662/1779/1693
f 1662/1779/1693 1661/1790/1704 1683/1791/1705
f 1662/1779/1693 1683/1791/1705 1682/1780/1694
f 1682/1780/1694 1683/1791/1705 1675/1792/1706
f 1682/1780/1694 1675/1792/1706 1676/1781/1695
f 1676/1781/1695 1675/1792/1706 1699/1793/1707
f 1676/1781/1695 1699/1793/1707 1700/1782/1696
f 1700/1782/1696 1699/1793/1707 1712/1794/1708
f 1700/1782/1696 1712/1794/1708 1713/1604/1573
f 1713/1604/1573 1712/1794/1708 1725/1606/1575
f 1606/1784/1698 1362/1783/1697 1583/1795/1709
f 1583/1795/1709 1362/1783/1697 1363/1796/1710
f 1583/1795/1709 1363/1796/1710 1607/1797/1711
f 1607/1797/1711 1363/1796/1710 1364/1798/1712
f 1607/1797/1711 1364/1798/1712 1619/1799/1713
f 1619/1799/1713 1364/1798/1712 1365/1800/1714
f 1619/1799/1713 1365/1800/1714 1631/1801/1715
f 1631/1801/1715 1365/1800/1714 1366/1802/1716
f 1631/1801/1715 1366/1802/1716 1643/1803/1717
f 1643/1803/1717 1366/1802/1716 1367/1804/1718
f 1643/1803/1717 1367/1804/1718 1655/1805/1719
f 1655/1805/1719 1367/1804/1718 1446/1806/1720
f 1655/1805/1719 1446/1806/1720 1689/1807/1721
f 1689/1807/1721 1446/1806/1720 1668/1808/1722
f 1689/1807/1721 1668/1808/1722 1669/1809/1723
f 1669/1809/1723 1668/1808/1722 1692/1810/1724
f 1669/1809/1723 1692/1810/1724 1693/1811/1725
f 1693/1811/1725 1692/1810/1724 1705/1812/1726
f 1693/1811/1725 1705/1812/1726 1706/1813/1727
f 1706/1813/1727 1705/1812/1726 1718/1814/1728
f 1706/1813/1727 1718/1814/1728 1719/1815/1729
f 1719/1815/1729 1718/1814/1728 1730/1816/1730
f 1719/1815/1729 1730/1816/1730 1731/1817/1731
f 1731/1817/1731 1730/1816/1730 1754/1818/1732
f 1731/1817/1731 1754/1818/1732 1753/1819/1733
f 1753/1819/1733 1754/1818/1732 1744/1820/1734
f 1753/1819/1733 1744/1820/1734 1745/1821/1735
f 1745/1821/1735 1744/1820/1734 1769/1822/1736
f 1745/1821/1735 1769/1822/1736 1770/1823/1737
f 1770/1823/1737 1769/1822/1736 1782/1824/1738
f 1770/1823/1737 1782/1824/1738 1783/1825/1739
f 1783/1825/1739 1782/1824/1738 1795/1826/1740
f 1783/1825/1739 1795/1826/1740 1796/1618/1586
f 1796/1618/1586 1795/1826/1740 1808/1620/1587
f 1367/1804/1718 1368/1827/1741 1446/1806/1720
f 1446/1806/1720 1368/1827/1741 1667/1828/1742
f 1446/1806/1720 1667/1828/1742 1668/1808/1722
f 1668/1808/1722 1667/1828/1742 1691/1829/1743
f 1668/1808/1722 1691/1829/1743 1692/1810/1724
f 1692/1810/1724 1691/1829/1743 1704/1830/1744
f 1692/1810/1724 1704/1830/1744 1705/1812/1726
f 1705/1812/1726 1704/1830/1744 1717/1831/1745
f 1705/1812/1726 1717/1831/1745 1718/1814/1728
f 1718/1814/1728 1717/1831/1745 1729/1832/1746
f 1718/1814/1728 1729/1832/1746 1730/1816/1730
f 1730/1816/1730 1729/1832/1746 1755/1833/1747
f 1730/1816/1730 1755/1833/1747 1754/1818/1732
f 1754/1818/1732 1755/1833/1747 1743/1834/1748
f 1754/1818/1732 1743/1834/1748 1744/1820/1734
f 1744/1820/1734 1743/1834/1748 1768/1835/1749
f 1744/1820/1734 1768/1835/1749 1769/1822/1736
f 1769/1822/1736 1768/1835/1749 1781/1836/1750
f 1769/1822/1736 1781/1836/1750 1782/1824/1738
f 1782/1824/1738 1781/1836/1750 1794/1837/1751
f 1782/1824/1738 1794/1837/1751 1795/1826/1740
f 1795/1826/1740 1794/1837/1751 1807/1838/1752
f 1795/1826/1740 1807/1838/1752 1808/1620/1587
f 1808/1620/1587 1807/1838/1752 1821/1622/1588
f 1368/1827/1741 1369/1839/1753 1667/1828/1742
f 1667/1828/1742 1369/1839/1753 1690/1840/1754
f 1667/1828/1742 1690/1840/1754 1691/1829/1743
f 1691/1829/1743 1690/1840/1754 1703/1841/1755
f 1691/1829/1743 1703/1841/1755 1704/1830/1744
f 1704/1830/1744 1703/1841/1755 1716/1842/1756
f 1704/1830/1744 1716/1842/1756 1717/1831/1745
f 1717/1831/1745 1716/1842/1756 1728/1843/1757
f 1717/1831/1745 1728/1843/1757 1729/1832/1746
f 1729/1832/1746 1728/1843/1757 1756/1844/1758
f 1729/1832/1746 1756/1844/1758 1755/1833/1747
f 1755/1833/1747 1756/1844/1758 1742/1845/1759
f 1755/1833/1747 1742/1845/1759 1743/1834/1748
f 1743/1834/1748 1742/1845/1759 1767/1846/1760
f 1743/1834/1748 1767/1846/1760 1768/1835/1749
f 1768/1835/1749 1767/1846/1760 1780/1847/1761
f 1768/1835/1749 1780/1847/1761 1781/1836/1750
f 1781/1836/1750 1780/1847/1761 1793/1848/1762
f 1781/1836/1750 1793/1848/1762 1794/1837/1751
f 1794/1837/1751 1793/1848/1762 1806/1849/1763
f 1794/1837/1751 1806/1849/1763 1807/1838/1752
f 1807/1838/1752 1806/1849/1763 1822/1850/1764
f 1807/1838/1752 1822/1850/1764 1821/1622/1588
f 1821/1622/1588 1822/1850/1764 1820/1624/1589
f 1369/1839/1753 1370/1851/1765 1690/1840/1754
f 1690/1840/1754 1370/1851/1765 1702/1852/1766
f 1690/1840/1754 1702/1852/1766 1703/1841/1755
f 1703/1841/1755 1702/1852/1766 1715/1853/1767
f 1703/1841/1755 1715/1853/1767 1716/1842/1756
f 1716/1842/1756 1715/1853/1767 1727/1854/1768
f 1716/1842/1756 1727/1854/1768 1728/1843/1757
f 1728/1843/1757 1727/1854/1768 1757/1855/1769
f 1728/1843/1757 1757/1855/1769 1756/1844/1758
f 1756/1844/1758 1757/1855/1769 1741/1856/1770
f 1756/1844/1758 1741/1856/1770 1742/1845/1759
f 1742/1845/1759 1741/1856/1770 1766/1857/1771
f 1742/1845/1759 1766/1857/1771 1767/1846/1760
f 1767/1846/1760 1766/1857/1771 1779/1858/1772
f 1767/1846/1760 1779/1858/1772 1780/1847/1761
f 1780/1847/1761 1779/1858/1772 1792/1859/1773
f 1780/1847/1761 1792/1859/1773 1793/1848/1762
f 1793/1848/1762 1792/1859/1773 1805/1860/1774
f 1793/1848/1762 1805/1860/1774 1806/1849/1763
f 1806/1849/1763 1805/1860/1774 1823/1861/1775
f 1806/1849/1763 1823/1861/1775 1822/1850/1764
f 1822/1850/1764 1823/1861/1775 1819/1862/1776
f 1822/1850/1764 1819/1862/1776 1820/1624/1589
f 1820/1624/1589 1819/1862/1776 1844/1626/1590
f 1370/1851/1765 1371/1863/1777 1702/1852/1766
f 1702/1852/1766 1371/1863/1777 1714/1864/1778
f 1702/1852/1766 1714/1864/1778 1715/1853/1767
f 1715/1853/1767 1714/1864/1778 1726/1865/1779
f 1715/1853/1767 1726/1865/1779 1727/1854/1768
f 1727/1854/1768 1726/1865/1779 1758/1866/1780
f 1727/1854/1768 1758/1866/1780 1757/1855/1769
f 1757/1855/1769 1758/1866/1780 1740/1867/1781
f 1757/1855/1769 1740/1867/1781 1741/1856/1770
f 1741/1856/1770 1740/1867/1781 1765/1868/1782
f 1741/1856/1770 1765/1868/1782 1766/1857/1771
f 1766/1857/1771 1765/1868/1782 1778/1869/1783
f 1766/1857/1771 1778/1869/1783 1779/1858/1772
f 1779/1858/1772 1778/1869/1783 1791/1870/1784
f 1779/1858/1772 1791/1870/1784 1792/1859/1773
f 1792/1859/1773 1791/1870/1784 1804/1871/1785
f 1792/1859/1773 1804/1871/1785 1805/1860/1774
f 1805/1860/1774 1804/1871/1785 1824/1872/1786
f 1805/1860/1774 1824/1872/1786 1823/1861/1775
f 1823/1861/1775 1824/1872/1786 1818/1873/1787
f 1823/1861/1775 1818/1873/1787 1819/1862/1776
f 1819/1862/1776 1818/1873/1787 1843/1874/1788
f 1819/1862/1776 1843/1874/1788 1844/1626/1590
f 1844/1626/1590 1843/1874/1788 1856/1628/1591
f 1371/1863/1777 1372/1875/1789 1714/1864/1778
f 1714/1864/1778 1372/1875/1789 1447/1876/1790
f 1714/1864/1778 1447/1876/1790 1726/1865/1779
f 1726/1865/1779 1447/1876/1790 1759/1877/1791
f 1726/1865/1779 1759/1877/1791 1758/1866/1780
f 1758/1866/1780 1759/1877/1791 1739/1878/1792
f 1758/1866/1780 1739/1878/1792 1740/1867/1781
f 1740/1867/1781 1739/1878/1792 1764/1879/1793
f 1740/1867/1781 1764/1879/1793 1765/1868/1782
f 1765/1868/1782 1764/1879/1793 1777/1880/1794
f 1765/1868/1782 1777/1880/1794 1778/1869/1783
f 1778/1869/1783 1777/1880/1794 1790/1881/1795
f 1778/1869/1783 1790/1881/1795 1791/1870/1784
f 1791/1870/1784 1790/1881/1795 1803/1882/1796
f 1791/1870/1784 1803/1882/1796 1804/1871/1785
f 1804/1871/1785 1803/1882/1796 1825/1883/1797
f 1804/1871/1785 1825/1883/1797 1824/1872/1786
f 1824/1872/1786 1825/1883/1797 1817/1884/1798
f 1824/1872/1786 1817/1884/1798 1818/1873/1787
f 1818/1873/1787 1817/1884/1798 1842/1885/1799
f 1818/1873/1787 1842/1885/1799 1843/1874/1788
f 1843/1874/1788 1842/1885/1799 1855/1886/1800
f 1843/1874/1788 1855/1886/1800 1856/1628/1591
f 1856/1628/1591 1855/1886/1800 1868/1630/1592
f 1372/1875/1789 1373/1887/1801 1447/1876/1790
f 1447/1876/1790 1373/1887/1801 1760/1888/1802
f 1447/1876/1790 1760/1888/1802 1759/1877/1791
f 1759/1877/1791 1760/1888/1802 1738/1889/1803
f 1759/1877/1791 1738/1889/1803 1739/1878/1792
f 1739/1878/1792 1738/1889/1803 1763/1890/1804
f 1739/1878/1792 1763/1890/1804 1764/1879/1793
f 1764/1879/1793 1763/1890/1804 1776/1891/1805
f 1764/1879/1793 1776/1891/1805 1777/1880/1794
f 1777/1880/1794 1776/1891/1805 1789/1892/1806
f 1777/1880/1794 1789/1892/1806 1790/1881/1795
f 1790/1881/1795 1789/1892/1806 1802/1893/1807
f 1790/1881/1795 1802/1893/1807 1803/1882/1796
f 1803/1882/1796 1802/1893/1807 1826/1894/1808
f 1803/1882/1796 1826/1894/1808 1825/1883/1797
f 1825/1883/1797 1826/1894/1808 1816/1895/1809
f 1825/1883/1797 1816/1895/1809 1817/1884/1798
f 1817/1884/1798 1816/1895/1809 1841/1896/1810
f 1817/1884/1798 1841/1896/1810 1842/1885/1799
f 1842/1885/1799 1841/1896/1810 1854/1897/1811
f 1842/1885/1799 1854/1897/1811 1855/1886/1800
f 1855/1886/1800 1854/1897/1811 1867/1898/1812
f 1855/1886/1800 1867/1898/1812 1868/1630/1592
f 1868/1630/1592 1867/1898/1812 1880/1632/1593
f 1760/1888/1802 1373/1887/1801 1737/1899/1813
f 1737/1899/1813 1373/1887/1801 1374/1900/1814
f 1737/1899/1813 1374/1900/1814 1761/1901/1815
f 1761/1901/1815 1374/1900/1814 1375/1902/1816
f 1761/1901/1815 1375/1902/1816 1773/1903/1817
f 1773/1903/1817 1375/1902/1816 1376/1904/1818
f 1773/1903/1817 1376/1904/1818 1785/1905/1819
f 1785/1905/1819 1376/1904/1818 1377/1906/1820
f 1785/1905/1819 1377/1906/1820 1797/1907/1821
f 1797/1907/1821 1377/1906/1820 1378/1908/1822
f 1797/1907/1821 1378/1908/1822 1832/1909/1823
f 1832/1909/1823 1378/1908/1822 1809/1910/1824
f 1832/1909/1823 1809/1910/1824 1810/1911/1825
f 1810/1911/1825 1809/1910/1824 1834/1912/1826
f 1810/1911/1825 1834/1912/1826 1835/1913/1827
f 1835/1913/1827 1834/1912/1826 1847/1914/1828
f 1835/1913/1827 1847/1914/1828 1848/1915/1829
f 1848/1915/1829 1847/1914/1828 1860/1916/1830
f 1848/1915/1829 1860/1916/1830 1861/1917/1831
f 1861/1917/1831 1860/1916/1830 1873/1918/1832
f 1861/1917/1831 1873/1918/1832 1874/1919/1833
f 1874/1919/1833 1873/1918/1832 1886/1920/1834
f 1874/1919/1833 1886/1920/1834 1887/1921/1835
f 1887/1921/1835 1886/1920/1834 1910/1922/1836
f 1887/1921/1835 1910/1922/1836 1909/1923/1837
f 1909/1923/1837 1910/1922/1836 1900/1924/1838
f 1909/1923/1837 1900/1924/1838 1901/1925/1839
f 1901/1925/1839 1900/1924/1838 1924/1926/1840
f 1901/1925/1839 1924/1926/1840 1925/1927/1841
f 1925/1927/1841 1924/1926/1840 1937/1928/1842
f 1925/1927/1841 1937/1928/1842 1938/1929/1843
f 1938/1929/1843 1937/1928/1842 1950/1930/1844
f 1938/1929/1843 1950/1930/1844 1951/1644/1599
f 1951/1644/1599 1950/1930/1844 1962/1646/1600
f 1378/1908/1822 1379/1931/1845 1809/1910/1824
f 1809/1910/1824 1379/1931/1845 1833/1932/1846
f 1809/1910/1824 1833/1932/1846 1834/1912/1826
f 1834/1912/1826 1833/1932/1846 1846/1933/1847
f 1834/1912/1826 1846/1933/1847 1847/1914/1828
f 1847/1914/1828 1846/1933/1847 1859/1934/1848
f 1847/1914/1828 1859/1934/1848 1860/1916/1830
f 1860/1916/1830 1859/1934/1848 1872/1935/1849
f 1860/1916/1830 1872/1935/1849 1873/1918/1832
f 1873/1918/1832 1872/1935/1849 1885/1936/1850
f 1873/1918/1832 1885/1936/1850 1886/1920/1834
f 1886/1920/1834 1885/1936/1850 1911/1937/1851
f 1886/1920/1834 1911/1937/1851 1910/1922/1836
f 1910/1922/1836 1911/1937/1851 1899/1938/1852
f 1910/1922/1836 1899/1938/1852 1900/1924/1838
f 1900/1924/1838 1899/1938/1852 1923/1939/1853
f 1900/1924/1838 1923/1939/1853 1924/1926/1840
f 1924/1926/1840 1923/1939/1853 1936/1940/1854
f 1924/1926/1840 1936/1940/1854 1937/1928/1842
f 1937/1928/1842 1936/1940/1854 1949/1941/1855
f 1937/1928/1842 1949/1941/1855 1950/1930/1844
f 1950/1930/1844 1949/1941/1855 1961/1942/1856
f 1950/1930/1844 1961/1942/1856 1962/1646/1600
f 1962/1646/1600 1961/1942/1856 1975/1648/1601
f 1379/1931/1845 1380/1943/1857 1833/1932/1846
f 1833/1932/1846 1380/1943/1857 1845/1944/1858
f 1833/1932/1846 1845/1944/1858 1846/1933/1847
f 1846/1933/1847 1845/1944/1858 1858/1945/1859
f 1846/1933/1847 1858/1945/1859 1859/1934/1848
f 1859/1934/1848 1858/1945/1859 1871/1946/1860
f 1859/1934/1848 1871/1946/1860 1872/1935/1849
f 1872/1935/1849 1871/1946/1860 1884/1947/1861
f 1872/1935/1849 1884/1947/1861 1885/1936/1850
f 1885/1936/1850 1884/1947/1861 1912/1948/1862
f 1885/1936/1850 1912/1948/1862 1911/1937/1851
f 1911/1937/1851 1912/1948/1862 1898/1949/1863
f 1911/1937/1851 1898/1949/1863 1899/1938/1852
f 1899/1938/1852 1898/1949/1863 1922/1950/1864
f 1899/1938/1852 1922/1950/1864 1923/1939/1853
f 1923/1939/1853 1922/1950/1864 1935/1951/1865
f 1923/1939/1853 1935/1951/1865 1936/1940/1854
f 1936/1940/1854 1935/1951/1865 1948/1952/1866
f 1936/1940/1854 1948/1952/1866 1949/1941/1855
f 1949/1941/1855 1948/1952/1866 1960/1953/1867
f 1949/1941/1855 1960/1953/1867 1961/1942/1856
f 1961/1942/1856 1960/1953/1867 1976/1954/1868
f 1961/1942/1856 1976/1954/1868 1975/1648/1601
f 1975/1648/1601 1976/1954/1868 1974/1650/1602
f 1380/1943/1857 1381/1955/1869 1845/1944/1858
f 1845/1944/1858 1381/1955/1869 1857/1956/1870
f 1845/1944/1858 1857/1956/1870 1858/1945/1859
f 1858/1945/1859 1857/1956/1870 1870/1957/1871
f 1858/1945/1859 1870/1957/1871 1871/1946/1860
f 1871/1946/1860 1870/1957/1871 1883/1958/1872
f 1871/1946/1860 1883/1958/1872 1884/1947/1861
f 1884/1947/1861 1883/1958/1872 1913/1959/1873
f 1884/1947/1861 1913/1959/1873 1912/1948/1862
f 1912/1948/1862 1913/1959/1873 1897/1960/1874
f 1912/1948/1862 1897/1960/1874 1898/1949/1863
f 1898/1949/1863 1897/1960/1874 1921/1961/1875
f 1898/1949/1863 1921/1961/1875 1922/1950/1864
f 1922/1950/1864 1921/1961/1875 1934/1962/1876
f 1922/1950/1864 1934/1962/1876 1935/1951/1865
f 1935/1951/1865 1934/1962/1876 1947/1963/1877
f 1935/1951/1865 1947/1963/1877 1948/1952/1866
f 1948/1952/1866 1947/1963/1877 1959/1964/1878
f 1948/1952/1866 1959/1964/1878 1960/1953/1867
f 1960/1953/1867 1959/1964/1878 1977/1965/1879
f 1960/1953/1867 1977/1965/1879 1976/1954/1868
f 1976/1954/1868 1977/1965/1879 1973/1966/1880
f 1976/1954/1868 1973/1966/1880 1974/1650/1602
f 1974/1650/1602 1973/1966/1880 1998/1652/1603
f 1381/1955/1869 1382/1967/1881 1857/1956/1870
f 1857/1956/1870 1382/1967/1881 1869/1968/1882
f 1857/1956/1870 1869/1968/1882 1870/1957/1871
f 1870/1957/1871 1869/1968/1882 1882/1969/1883
f 1870/1957/1871 1882/1969/1883 1883/1958/1872
f 1883/1958/1872 1882/1969/1883 1914/1970/1884
f 1883/1958/1872 1914/1970/1884 1913/1959/1873
f 1913/1959/1873 1914/1970/1884 1896/1971/1885
f 1913/1959/1873 1896/1971/1885 1897/1960/1874
f 1897/1960/1874 1896/1971/1885 1920/1972/1886
f 1897/1960/1874 1920/1972/1886 1921/1961/1875
f 1921/1961/1875 1920/1972/1886 1933/1973/1887
f 1921/1961/1875 1933/1973/1887 1934/1962/1876
f 1934/1962/1876 1933/1973/1887 1946/1974/1888
f 1934/1962/1876 1946/1974/1888 1947/1963/1877
f 1947/1963/1877 1946/1974/1888 1958/1975/1889
f 1947/1963/1877 1958/1975/1889 1959/1964/1878
f 1959/1964/1878 1958/1975/1889 1978/1976/1890
f 1959/1964/1878 1978/1976/1890 1977/1965/1879
f 1977/1965/1879 1978/1976/1890 1972/1977/1891
f 1977/1965/1879 1972/1977/1891 1973/1966/1880
f 1973/1966/1880 1972/1977/1891 1997/1978/1892
f 1973/1966/1880 1997/1978/1892 1998/1652/1603
f 1998/1652/1603 1997/1978/1892 2010/1654/1604
f 1382/1967/1881 1383/1979/1893 1869/1968/1882
f 1869/1968/1882 1383/1979/1893 1881/1980/1894
f 1869/1968/1882 1881/1980/1894 1882/1969/1883
f 1882/1969/1883 1881/1980/1894 1915/1981/1895
f 1882/1969/1883 1915/1981/1895 1914/1970/1884
f 1914/1970/1884 1915/1981/1895 1895/1982/1896
f 1914/1970/1884 1895/1982/1896 1896/1971/1885
f 1896/1971/1885 1895/1982/1896 1919/1983/1897
f 1896/1971/1885 1919/1983/1897 1920/1972/1886
f 1920/1972/1886 1919/1983/1897 1932/1984/1898
f 1920/1972/1886 1932/1984/1898 1933/1973/1887
f 1933/1973/1887 1932/1984/1898 1945/1985/1899
f 1933/1973/1887 1945/1985/1899 1946/1974/1888
f 1946/1974/1888 1945/1985/1899 1957/1986/1900
f 1946/1974/1888 1957/1986/1900 1958/1975/1889
f 1958/1975/1889 1957/1986/1900 1979/1987/1901
f 1958/1975/1889 1979/1987/1901 1978/1976/1890
f 1978/1976/1890 1979/1987/1901 1971/1988/1902
f 1978/1976/1890 1971/1988/1902 1972/1977/1891
f 1972/1977/1891 1971/1988/1902 1996/1989/1903
f 1972/1977/1891 1996/1989/1903 1997/1978/1892
f 1997/1978/1892 1996/1989/1903 2009/1990/1904
f 1997/1978/1892 2009/1990/1904 2010/1654/1604
f 2010/1654/1604 2009/1990/1904 2022/1656/1605
f 1881/1980/1894 1383/1979/1893 1448/1991/1905
f 1448/1991/1905 1383/1979/1893 1384/1992/1906
f 1448/1991/1905 1384/1992/1906 1893/1993/1907
f 1893/1993/1907 1384/1992/1906 1385/1994/1908
f 1893/1993/1907 1385/1994/1908 1916/1995/1909
f 1916/1995/1909 1385/1994/1908 1386/1996/1910
f 1916/1995/1909 1386/1996/1910 1928/1997/1911
f 1928/1997/1911 1386/1996/1910 1387/1998/1912
f 1928/1997/1911 1387/1998/1912 1940/1999/1913
f 1940/1999/1913 1387/1998/1912 1388/2000/1914
f 1940/1999/1913 1388/2000/1914 1449/2001/1915
f 1449/2001/1915 1388/2000/1914 1389/2002/1916
f 1449/2001/1915 1389/2002/1916 1986/2003/1917
f 1986/2003/1917 1389/2002/1916 1963/2004/1918
f 1986/2003/1917 1963/2004/1918 1964/2005/1919
f 1964/2005/1919 1963/2004/1918 1988/2006/1920
f 1964/2005/1919 1988/2006/1920 1989/2007/1921
f 1989/2007/1921 1988/2006/1920 2001/2008/1922
f 1989/2007/1921 2001/2008/1922 2002/2009/1923
f 2002/2009/1923 2001/2008/1922 2014/2010/1924
f 2002/2009/1923 2014/2010/1924 2015/2011/1925
f 2015/2011/1925 2014/2010/1924 2027/2012/1926
f 2015/2011/1925 2027/2012/1926 2028/2013/1927
f 2028/2013/1927 2027/2012/1926 2040/2014/1928
f 2028/2013/1927 2040/2014/1928 2041/2015/1929
f 2041/2015/1929 2040/2014/1928 2064/2016/1930
f 2041/2015/1929 2064/2016/1930 2063/2017/1931
f 2063/2017/1931 2064/2016/1930 2054/2018/1932
f 2063/2017/1931 2054/2018/1932 2055/2019/1933
f 2055/2019/1933 2054/2018/1932 2078/2020/1934
f 2055/2019/1933 2078/2020/1934 2079/2021/1935
f 2079/2021/1935 2078/2020/1934 2091/2022/1936
f 2079/2021/1935 2091/2022/1936 2092/2023/1937
f 2092/2023/1937 2091/2022/1936 2104/2024/1938
f 2092/2023/1937 2104/2024/1938 2105/1670/1612
f 2105/1670/1612 2104/2024/1938 2117/1672/1613
f 1389/2002/1916 1390/2025/1939 1963/2004/1918
f 1963/2004/1918 1390/2025/1939 1987/2026/1940
f 1963/2004/1918 1987/2026/1940 1988/2006/1920
f 1988/2006/1920 1987/2026/1940 2000/2027/1941
f 1988/2006/1920 2000/2027/1941 2001/2008/1922
f 2001/2008/1922 2000/2027/1941 2013/2028/1942
f 2001/2008/1922 2013/2028/1942 2014/2010/1924
f 2014/2010/1924 2013/2028/1942 2026/2029/1943
f 2014/2010/1924 2026/2029/1943 2027/2012/1926
f 2027/2012/1926 2026/2029/1943 2039/2030/1944
f 2027/2012/1926 2039/2030/1944 2040/2014/1928
f 2040/2014/1928 2039/2030/1944 2065/2031/1945
f 2040/2014/1928 2065/2031/1945 2064/2016/1930
f 2064/2016/1930 2065/2031/1945 2053/2032/1946
f 2064/2016/1930 2053/2032/1946 2054/2018/1932
f 2054/2018/1932 2053/2032/1946 2077/2033/1947
f 2054/2018/1932 2077/2033/1947 2078/2020/1934
f 2078/2020/1934 2077/2033/1947 2090/2034/1948
f 2078/2020/1934 2090/2034/1948 2091/2022/1936
f 2091/2022/1936 2090/2034/1948 2103/2035/1949
f 2091/2022/1936 2103/2035/1949 2104/2024/1938
f 2104/2024/1938 2103/2035/1949 2116/2036/1950
f 2104/2024/1938 2116/2036/1950 2117/1672/1613
f 2117/1672/1613 2116/2036/1950 2130/1674/1614
f 1390/2025/1939 1391/2037/1951 1987/2026/1940
f 1987/2026/1940 1391/2037/1951 1999/2038/1952
f 1987/2026/1940 1999/2038/1952 2000/2027/1941
f 2000/2027/1941 1999/2038/1952 2012/2039/1953
f 2000/2027/1941 2012/2039/1953 2013/2028/1942
f 2013/2028/1942 2012/2039/1953 2025/2040/1954
f 2013/2028/1942 2025/2040/1954 2026/2029/1943
f 2026/2029/1943 2025/2040/1954 2038/2041/1955
f 2026/2029/1943 2038/2041/1955 2039/2030/1944
f 2039/2030/1944 2038/2041/1955 2066/2042/1956
f 2039/2030/1944 2066/2042/1956 2065/2031/1945
f 2065/2031/1945 2066/2042/1956 2052/2043/1957
f 2065/2031/1945 2052/2043/1957 2053/2032/1946
f 2053/2032/1946 2052/2043/1957 2076/2044/1958
f 2053/2032/1946 2076/2044/1958 2077/2033/1947
f 2077/2033/1947 2076/2044/1958 2089/2045/1959
f 2077/2033/1947 2089/2045/1959 2090/2034/1948
f 2090/2034/1948 2089/2045/1959 2102/2046/1960
f 2090/2034/1948 2102/2046/1960 2103/2035/1949
f 2103/2035/1949 2102/2046/1960 2115/2047/1961
f 2103/2035/1949 2115/2047/1961 2116/2036/1950
f 2116/2036/1950 2115/2047/1961 2131/2048/1962
f 2116/2036/1950 2131/2048/1962 2130/1674/1614
f 2130/1674/1614 2131/2048/1962 2129/1676/1615
f 1391/2037/1951 1392/2049/1963 1999/2038/1952
f 1999/2038/1952 1392/2049/1963 2011/2050/1964
f 1999/2038/1952 2011/2050/1964 2012/2039/1953
f 2012/2039/1953 2011/2050/1964 2024/2051/1965
f 2012/2039/1953 2024/2051/1965 2025/2040/1954
f 2025/2040/1954 2024/2051/1965 2037/2052/1966
f 2025/2040/1954 2037/2052/1966 2038/2041/1955
f 2038/2041/1955 2037/2052/1966 2067/2053/1967
f 2038/2041/1955 2067/2053/1967 2066/2042/1956
f 2066/2042/1956 2067/2053/1967 2051/2054/1968
f 2066/2042/1956 2051/2054/1968 2052/2043/1957
f 2052/2043/1957 2051/2054/1968 2075/2055/1969
f 2052/2043/1957 2075/2055/1969 2076/2044/1958
f 2076/2044/1958 2075/2055/1969 2088/2056/1970
f 2076/2044/1958 2088/2056/1970 2089/2045/1959
f 2089/2045/1959 2088/2056/1970 2101/2057/1971
f 2089/2045/1959 2101/2057/1971 2102/2046/1960
f 2102/2046/1960 2101/2057/1971 2114/2058/1972
f 2102/2046/1960 2114/2058/1972 2115/2047/1961
f 2115/2047/1961 2114/2058/1972 2132/2059/1973
f 2115/2047/1961 2132/2059/1973 2131/2048/1962
f 2131/2048/1962 2132/2059/1973 2128/2060/1974
f 2131/2048/1962 2128/2060/1974 2129/1676/1615
f 2129/1676/1615 2128/2060/1974 2152/1678/1616
f 1392/2049/1963 1393/2061/1975 2011/2050/1964
f 2011/2050/1964 1393/2061/1975 2023/2062/1976
f 2011/2050/1964 2023/2062/1976 2024/2051/1965
f 2024/2051/1965 2023/2062/1976 2036/2063/1977
f 2024/2051/1965 2036/2063/1977 2037/2052/1966
f 2037/2052/1966 2036/2063/1977 2068/2064/1978
f 2037/2052/1966 2068/2064/1978 2067/2053/1967
f 2067/2053/1967 2068/2064/1978 2050/2065/1979
f 2067/2053/1967 2050/2065/1979 2051/2054/1968
f 2051/2054/1968 2050/2065/1979 2074/2066/1980
f 2051/2054/1968 2074/2066/1980 2075/2055/1969
f 2075/2055/1969 2074/2066/1980 2087/2067/1981
f 2075/2055/1969 2087/2067/1981 2088/2056/1970
f 2088/2056/1970 2087/2067/1981 2100/2068/1982
f 2088/2056/1970 2100/2068/1982 2101/2057/1971
f 2101/2057/1971 2100/2068/1982 2113/2069/1983
f 2101/2057/1971 2113/2069/1983 2114/2058/1972
f 2114/2058/1972 2113/2069/1983 2133/2070/1984
f 2114/2058/1972 2133/2070/1984 2132/2059/1973
f 2132/2059/1973 2133/2070/1984 2127/2071/1985
f 2132/2059/1973 2127/2071/1985 2128/2060/1974
f 2128/2060/1974 2127/2071/1985 2151/2072/1986
f 2128/2060/1974 2151/2072/1986 2152/1678/1616
f 2152/1678/1616 2151/2072/1986 2164/1680/1617
f 1393/2061/1975 1394/2073/1987 2023/2062/1976
f 2023/2062/1976 1394/2073/1987 2035/2074/1988
f 2023/2062/1976 2035/2074/1988 2036/2063/1977
f 2036/2063/1977 2035/2074/1988 2069/2075/1989
f 2036/2063/1977 2069/2075/1989 2068/2064/1978
f 2068/2064/1978 2069/2075/1989 2049/2076/1990
f 2068/2064/1978 2049/2076/1990 2050/2065/1979
f 2050/2065/1979 2049/2076/1990 2073/2077/1991
f 2050/2065/1979 2073/2077/1991 2074/2066/1980
f 2074/2066/1980 2073/2077/1991 2086/2078/1992
f 2074/2066/1980 2086/2078/1992 2087/2067/1981
f 2087/2067/1981 2086/2078/1992 2099/2079/1993
f 2087/2067/1981 2099/2079/1993 2100/2068/1982
f 2100/2068/1982 2099/2079/1993 2112/2080/1994
f 2100/2068/1982 2112/2080/1994 2113/2069/1983
f 2113/2069/1983 2112/2080/1994 2134/2081/1995
f 2113/2069/1983 2134/2081/1995 2133/2070/1984
f 2133/2070/1984 2134/2081/1995 2126/2082/1996
f 2133/2070/1984 2126/2082/1996 2127/2071/1985
f 2127/2071/1985 2126/2082/1996 2150/2083/1997
f 2127/2071/1985 2150/2083/1997 2151/2072/1986
f 2151/2072/1986 2150/2083/1997 2163/2084/1998
f 2151/2072/1986 2163/2084/1998 2164/1680/1617
f 2164/1680/1617 2163/2084/1998 2176/1682/1618
f 2035/2074/1988 1394/2073/1987 1450/2085/1999
f 1450/2085/1999 1394/2073/1987 1395/2086/2000
f 1450/2085/1999 1395/2086/2000 2047/2087/2001
f 2047/2087/2001 1395/2086/2000 1396/2088/2002
f 2047/2087/2001 1396/2088/2002 2070/2089/2003
f 2070/2089/2003 1396/2088/2002 1397/2090/2004
f 2070/2089/2003 1397/2090/2004 2082/2091/2005
f 2082/2091/2005 1397/2090/2004 1398/2092/2006
f 2082/2091/2005 1398/2092/2006 2094/2093/2007
f 2094/2093/2007 1398/2092/2006 1399/2094/2008
f 2094/2093/2007 1399/2094/2008 2106/2095/2009
f 2106/2095/2009 1399/2094/2008 1451/2096/2010
f 2106/2095/2009 1451/2096/2010 2140/2097/2011
f 2140/2097/2011 1451/2096/2010 2119/2098/2012
f 2140/2097/2011 2119/2098/2012 2120/2099/2013
f 2120/2099/2013 2119/2098/2012 2143/2100/2014
f 2120/2099/2013 2143/2100/2014 2144/2101/2015
f 2144/2101/2015 2143/2100/2014 2156/2102/2016
f 2144/2101/2015 2156/2102/2016 2157/2103/2017
f 2157/2103/2017 2156/2102/2016 2169/2104/2018
f 2157/2103/2017 2169/2104/2018 2170/2105/2019
f 2170/2105/2019 2169/2104/2018 2181/2106/2020
f 2170/2105/2019 2181/2106/2020 2182/2107/2021
f 2182/2107/2021 2181/2106/2020 2205/2108/2022
f 2182/2107/2021 2205/2108/2022 2204/2109/2023
f 2204/2109/2023 2205/2108/2022 2195/2110/2024
f 2204/2109/2023 2195/2110/2024 2196/2111/2025
f 2196/2111/2025 2195/2110/2024 2220/2112/2026
f 2196/2111/2025 2220/2112/2026 2221/2113/2027
f 2221/2113/2027 2220/2112/2026 2233/2114/2028
f 2221/2113/2027 2233/2114/2028 2234/2115/2029
f 2234/2115/2029 2233/2114/2028 2246/2116/2030
f 2234/2115/2029 2246/2116/2030 2247/1694/1625
f 2247/1694/1625 2246/2116/2030 1439/1696/1627
f 1399/2094/2008 1400/2117/2031 1451/2096/2010
f 1451/2096/2010 1400/2117/2031 2118/2118/2032
f 1451/2096/2010 2118/2118/2032 2119/2098/2012
f 2119/2098/2012 2118/2118/2032 2142/2119/2033
f 2119/2098/2012 2142/2119/2033 2143/2100/2014
f 2143/2100/2014 2142/2119/2033 2155/2120/2034
f 2143/2100/2014 2155/2120/2034 2156/2102/2016
f 2156/2102/2016 2155/2120/2034 2168/2121/2035
f 2156/2102/2016 2168/2121/2035 2169/2104/2018
f 2169/2104/2018 2168/2121/2035 2180/2122/2036
f 2169/2104/2018 2180/2122/2036 2181/2106/2020
f 2181/2106/2020 2180/2122/2036 2206/2123/2037
f 2181/2106/2020 2206/2123/2037 2205/2108/2022
f 2205/2108/2022 2206/2123/2037 2194/2124/2038
f 2205/2108/2022 2194/2124/2038 2195/2110/2024
f 2195/2110/2024 2194/2124/2038 2219/2125/2039
f 2195/2110/2024 2219/2125/2039 2220/2112/2026
f 2220/2112/2026 2219/2125/2039 2232/2126/2040
f 2220/2112/2026 2232/2126/2040 2233/2114/2028
f 2233/2114/2028 2232/2126/2040 2245/2127/2041
f 2233/2114/2028 2245/2127/2041 2246/2116/2030
f 2246/2116/2030 2245/2127/2041 1438/2128/2042
f 2246/2116/2030 1438/2128/2042 1439/1696/1627
f 1439/1699/1627 1438/2129/2042 2259/1700/1629
f 1400/2117/2031 1401/2130/2043 2118/2118/2032
f 2118/2118/2032 1401/2130/2043 2141/2131/2044
f 2118/2118/2032 2141/2131/2044 2142/2119/2033
f 2142/2119/2033 2141/2131/2044 2154/2132/2045
f 2142/2119/2033 2154/2132/2045 2155/2120/2034
f 2155/2120/2034 2154/2132/2045 2167/2133/2046
f 2155/2120/2034 2167/2133/2046 2168/2121/2035
f 2168/2121/2035 2167/2133/2046 2179/2134/2047
f 2168/2121/2035 2179/2134/2047 2180/2122/2036
f 2180/2122/2036 2179/2134/2047 2207/2135/2048
f 2180/2122/2036 2207/2135/2048 2206/2123/2037
f 2206/2123/2037 2207/2135/2048 2193/2136/2049
f 2206/2123/2037 2193/2136/2049 2194/2124/2038
f 2194/2124/2038 2193/2136/2049 2218/2137/2050
f 2194/2124/2038 2218/2137/2050 2219/2125/2039
f 2219/2125/2039 2218/2137/2050 2231/2138/2051
f 2219/2125/2039 2231/2138/2051 2232/2126/2040
f 2232/2126/2040 2231/2138/2051 2244/2139/2052
f 2232/2126/2040 2244/2139/2052 2245/2127/2041
f 2245/2127/2041 2244/2139/2052 1437/2140/2053
f 2245/2127/2041 1437/2140/2053 1438/2128/2042
f 1438/2129/2042 1437/2141/2053 2258/2142/2054
f 1438/2129/2042 2258/2142/2054 2259/1700/1629
f 2259/1700/1629 2258/2142/2054 2272/1702/1631
f 1401/2130/2043 1402/2143/2055 2141/2131/2044
f 2141/2131/2044 1402/2143/2055 2153/2144/2056
f 2141/2131/2044 2153/2144/2056 2154/2132/2045
f 2154/2132/2045 2153/2144/2056 2166/2145/2057
f 2154/2132/2045 2166/2145/2057 2167/2133/2046
f 2167/2133/2046 2166/2145/2057 2178/2146/2058
f 2167/2133/2046 2178/2146/2058 2179/2134/2047
f 2179/2134/2047 2178/2146/2058 2208/2147/2059
f 2179/2134/2047 2208/2147/2059 2207/2135/2048
f 2207/2135/2048 2208/2147/2059 2192/2148/2060
f 2207/2135/2048 2192/2148/2060 2193/2136/2049
f 2193/2136/2049 2192/2148/2060 2217/2149/2061
f 2193/2136/2049 2217/2149/2061 2218/2137/2050
f 2218/2137/2050 2217/2149/2061 2230/2150/2062
f 2218/2137/2050 2230/2150/2062 2231/2138/2051
f 2231/2138/2051 2230/2150/2062 2243/2151/2063
f 2231/2138/2051 2243/2151/2063 2244/2139/2052
f 2244/2139/2052 2243/2151/2063 1436/2152/2064
f 2244/2139/2052 1436/2152/2064 1437/2140/2053
f 1437/2141/2053 1436/2153/2064 2257/2154/2065
f 1437/2141/2053 2257/2154/2065 2258/2142/2054
f 2258/2142/2054 2257/2154/2065 2273/2155/2066
f 2258/2142/2054 2273/2155/2066 2272/1702/1631
f 2272/1702/1631 2273/2155/2066 2271/1704/1633
f 1402/2143/2055 1403/2156/2067 2153/2144/2056
f 2153/2144/2056 1403/2156/2067 2165/2157/2068
f 2153/2144/2056 2165/2157/2068 2166/2145/2057
f 2166/2145/2057 2165/2157/2068 2177/2158/2069
f 2166/2145/2057 2177/2158/2069 2178/2146/2058
f 2178/2146/2058 2177/2158/2069 2209/2159/2070
f 2178/2146/2058 2209/2159/2070 2208/2147/2059
f 2208/2147/2059 2209/2159/2070 2191/2160/2071
f 2208/2147/2059 2191/2160/2071 2192/2148/2060
f 2192/2148/2060 2191/2160/2071 2216/2161/2072
f 2192/2148/2060 2216/2161/2072 2217/2149/2061
f 2217/2149/2061 2216/2161/2072 2229/2162/2073
f 2217/2149/2061 2229/2162/2073 2230/2150/2062
f 2230/2150/2062 2229/2162/2073 2242/2163/2074
f 2230/2150/2062 2242/2163/2074 2243/2151/2063
f 2243/2151/2063 2242/2163/2074 1435/2164/2075
f 2243/2151/2063 1435/2164/2075 1436/2152/2064
f 1436/2153/2064 1435/2165/2075 2256/2166/2076
f 1436/2153/2064 2256/2166/2076 2257/2154/2065
f 2257/2154/2065 2256/2166/2076 2274/2167/2077
f 2257/2154/2065 2274/2167/2077 2273/2155/2066
f 2273/2155/2066 2274/2167/2077 2270/2168/2078
f 2273/2155/2066 2270/2168/2078 2271/1704/1633
f 2271/1704/1633 2270/2168/2078 2294/1706/1634
f 1403/2156/2067 1404/2169/2079 2165/2157/2068
f 2165/2157/2068 1404/2169/2079 1452/2170/2080
f 2165/2157/2068 1452/2170/2080 2177/2158/2069
f 2177/2158/2069 1452/2170/2080 2210/2171/2081
f 2177/2158/2069 2210/2171/2081 2209/2159/2070
f 2209/2159/2070 2210/2171/2081 2190/2172/2082
f 2209/2159/2070 2190/2172/2082 2191/2160/2071
f 2191/2160/2071 2190/2172/2082 2215/2173/2083
f 2191/2160/2071 2215/2173/2083 2216/2161/2072
f 2216/2161/2072 2215/2173/2083 2228/2174/2084
f 2216/2161/2072 2228/2174/2084 2229/2162/2073
f 2229/2162/2073 2228/2174/2084 2241/2175/2085
f 2229/2162/2073 2241/2175/2085 2242/2163/2074
f 2242/2163/2074 2241/2175/2085 1434/2176/2086
f 2242/2163/2074 1434/2176/2086 1435/2164/2075
f 1435/2165/2075 1434/2177/2086 2255/2178/2087
f 1435/2165/2075 2255/2178/2087 2256/2166/2076
f 2256/2166/2076 2255/2178/2087 2275/2179/2088
f 2256/2166/2076 2275/2179/2088 2274/2167/2077
f 2274/2167/2077 2275/2179/2088 2269/2180/2089
f 2274/2167/2077 2269/2180/2089 2270/2168/2078
f 2270/2168/2078 2269/2180/2089 2293/2181/2090
f 2270/2168/2078 2293/2181/2090 2294/1706/1634
f 2294/1706/1634 2293/2181/2090 2306/1708/1635
f 1404/2169/2079 1405/2182/2091 1452/2170/2080
f 1452/2170/2080 1405/2182/2091 2211/2183/2092
f 1452/2170/2080 2211/2183/2092 2210/2171/2081
f 2210/2171/2081 2211/2183/2092 2189/2184/2093
f 2210/2171/2081 2189/2184/2093 2190/2172/2082
f 2190/2172/2082 2189/2184/2093 2214/2185/2094
f 2190/2172/2082 2214/2185/2094 2215/2173/2083
f 2215/2173/2083 2214/2185/2094 2227/2186/2095
f 2215/2173/2083 2227/2186/2095 2228/2174/2084
f 2228/2174/2084 2227/2186/2095 2240/2187/2096
f 2228/2174/2084 2240/2187/2096 2241/2175/2085
f 2241/2175/2085 2240/2187/2096 1433/2188/2097
f 2241/2175/2085 1433/2188/2097 1434/2176/2086
f 1434/2177/2086 1433/2189/2097 2254/2190/2098
f 1434/2177/2086 2254/2190/2098 2255/2178/2087
f 2255/2178/2087 2254/2190/2098 2276/2191/2099
f 2255/2178/2087 2276/2191/2099 2275/2179/2088
f 2275/2179/2088 2276/2191/2099 2268/2192/2100
f 2275/2179/2088 2268/2192/2100 2269/2180/2089
f 2269/2180/2089 2268/2192/2100 2292/2193/2101
f 2269/2180/2089 2292/2193/2101 2293/2181/2090
f 2293/2181/2090 2292/2193/2101 2305/2194/2102
f 2293/2181/2090 2305/2194/2102 2306/1708/1635
f 2306/1708/1635 2305/2194/2102 2318/1710/1636
f 2211/2183/2092 1405/2182/2091 2188/2195/2103
f 2188/2195/2103 1405/2182/2091 1406/2196/2104
f 2188/2195/2103 1406/2196/2104 2212/2197/2105
f 2212/2197/2105 1406/2196/2104 1407/2198/2106
f 2212/2197/2105 1407/2198/2106 2224/2199/2107
f 2224/2199/2107 1407/2198/2106 1408/2200/2108
f 2224/2199/2107 1408/2200/2108 2236/2201/2109
f 2236/2201/2109 1408/2200/2108 1409/2202/2110
f 2236/2201/2109 1409/2202/2110 1428/2203/2111
f 1428/2204/2111 1409/2205/2110 1410/2206/2112
f 1428/2204/2111 1410/2206/2112 2248/2207/2113
f 2248/2207/2113 1410/2206/2112 1440/2208/2114
f 2248/2207/2113 1440/2208/2114 2282/2209/2115
f 2282/2209/2115 1440/2208/2114 2261/2210/2116
f 2282/2209/2115 2261/2210/2116 2262/2211/2117
f 2262/2211/2117 2261/2210/2116 2285/2212/2118
f 2262/2211/2117 2285/2212/2118 2286/2213/2119
f 2286/2213/2119 2285/2212/2118 2298/2214/2120
f 2286/2213/2119 2298/2214/2120 2299/2215/2121
f 2299/2215/2121 2298/2214/2120 2311/2216/2122
f 2299/2215/2121 2311/2216/2122 2312/2217/2123
f 2312/2217/2123 2311/2216/2122 2324/2218/2124
f 2312/2217/2123 2324/2218/2124 2325/2219/2125
f 2325/2219/2125 2324/2218/2124 2348/2220/2126
f 2325/2219/2125 2348/2220/2126 2347/2221/2127
f 2347/2221/2127 2348/2220/2126 2338/2222/2128
f 2347/2221/2127 2338/2222/2128 2339/2223/2129
f 2339/2223/2129 2338/2222/2128 2362/2224/2130
f 2339/2223/2129 2362/2224/2130 2363/2225/2131
f 2363/2225/2131 2362/2224/2130 2375/2226/2132
f 2363/2225/2131 2375/2226/2132 2376/2227/2133
f 2376/2227/2133 2375/2226/2132 2388/2228/2134
f 2376/2227/2133 2388/2228/2134 2389/1722/1642
f 2389/1722/1642 2388/2228/2134 2400/1724/1643
f 1410/2206/2112 1411/2229/2135 1440/2208/2114
f 1440/2208/2114 1411/2229/2135 2260/2230/2136
f 1440/2208/2114 2260/2230/2136 2261/2210/2116
f 2261/2210/2116 2260/2230/2136 2284/2231/2137
f 2261/2210/2116 2284/2231/2137 2285/2212/2118
f 2285/2212/2118 2284/2231/2137 2297/2232/2138
f 2285/2212/2118 2297/2232/2138 2298/2214/2120
f 2298/2214/2120 2297/2232/2138 2310/2233/2139
f 2298/2214/2120 2310/2233/2139 2311/2216/2122
f 2311/2216/2122 2310/2233/2139 2323/2234/2140
f 2311/2216/2122 2323/2234/2140 2324/2218/2124
f 2324/2218/2124 2323/2234/2140 2349/2235/2141
f 2324/2218/2124 2349/2235/2141 2348/2220/2126
f 2348/2220/2126 2349/2235/2141 2337/2236/2142
f 2348/2220/2126 2337/2236/2142 2338/2222/2128
f 2338/2222/2128 2337/2236/2142 2361/2237/2143
f 2338/2222/2128 2361/2237/2143 2362/2224/2130
f 2362/2224/2130 2361/2237/2143 2374/2238/2144
f 2362/2224/2130 2374/2238/2144 2375/2226/2132
f 2375/2226/2132 2374/2238/2144 2387/2239/2145
f 2375/2226/2132 2387/2239/2145 2388/2228/2134
f 2388/2228/2134 2387/2239/2145 2399/2240/2146
f 2388/2228/2134 2399/2240/2146 2400/1724/1643
f 2400/1724/1643 2399/2240/2146 2413/1726/1644
f 1411/2229/2135 1412/2241/2147 2260/2230/2136
f 2260/2230/2136 1412/2241/2147 2283/2242/2148
f 2260/2230/2136 2283/2242/2148 2284/2231/2137
f 2284/2231/2137 2283/2242/2148 2296/2243/2149
f 2284/2231/2137 2296/2243/2149 2297/2232/2138
f 2297/2232/2138 2296/2243/2149 2309/2244/2150
f 2297/2232/2138 2309/2244/2150 2310/2233/2139
f 2310/2233/2139 2309/2244/2150 2322/2245/2151
f 2310/2233/2139 2322/2245/2151 2323/2234/2140
f 2323/2234/2140 2322/2245/2151 2350/2246/2152
f 2323/2234/2140 2350/2246/2152 2349/2235/2141
f 2349/2235/2141 2350/2246/2152 2336/2247/2153
f 2349/2235/2141 2336/2247/2153 2337/2236/2142
f 2337/2236/2142 2336/2247/2153 2360/2248/2154
f 2337/2236/2142 2360/2248/2154 2361/2237/2143
f 2361/2237/2143 2360/2248/2154 2373/2249/2155
f 2361/2237/2143 2373/2249/2155 2374/2238/2144
f 2374/2238/2144 2373/2249/2155 2386/2250/2156
f 2374/2238/2144 2386/2250/2156 2387/2239/2145
f 2387/2239/2145 2386/2250/2156 2398/2251/2157
f 2387/2239/2145 2398/2251/2157 2399/2240/2146
f 2399/2240/2146 2398/2251/2157 2414/2252/2158
f 2399/2240/2146 2414/2252/2158 2413/1726/1644
f 2413/1726/1644 2414/2252/2158 2412/1728/1645
f 1412/2241/2147 1413/2253/2159 2283/2242/2148
f 2283/2242/2148 1413/2253/2159 2295/2254/2160
f 2283/2242/2148 2295/2254/2160 2296/2243/2149
f 2296/2243/2149 2295/2254/2160 2308/2255/2161
f 2296/2243/2149 2308/2255/2161 2309/2244/2150
f 2309/2244/2150 2308/2255/2161 2321/2256/2162
f 2309/2244/2150 2321/2256/2162 2322/2245/2151
f 2322/2245/2151 2321/2256/2162 2351/2257/2163
f 2322/2245/2151 2351/2257/2163 2350/2246/2152
f 2350/2246/2152 2351/2257/2163 2335/2258/2164
f 2350/2246/2152 2335/2258/2164 2336/2247/2153
f 2336/2247/2153 2335/2258/2164 2359/2259/2165
f 2336/2247/2153 2359/2259/2165 2360/2248/2154
f 2360/2248/2154 2359/2259/2165 2372/2260/2166
f 2360/2248/2154 2372/2260/2166 2373/2249/2155
f 2373/2249/2155 2372/2260/2166 2385/2261/2167
f 2373/2249/2155 2385/2261/2167 2386/2250/2156
f 2386/2250/2156 2385/2261/2167 2397/2262/2168
f 2386/2250/2156 2397/2262/2168 2398/2251/2157
f 2398/2251/2157 2397/2262/2168 2415/2263/2169
f 2398/2251/2157 2415/2263/2169 2414/2252/2158
f 2414/2252/2158 2415/2263/2169 2411/2264/2170
f 2414/2252/2158 2411/2264/2170 2412/1728/1645
f 2412/1728/1645 2411/2264/2170 2436/1730/1646
f 1413/2253/2159 1414/2265/2171 2295/2254/2160
f 2295/2254/2160 1414/2265/2171 2307/2266/2172
f 2295/2254/2160 2307/2266/2172 2308/2255/2161
f 2308/2255/2161 2307/2266/2172 2320/2267/2173
f 2308/2255/2161 2320/2267/2173 2321/2256/2162
f 2321/2256/2162 2320/2267/2173 2352/2268/2174
f 2321/2256/2162 2352/2268/2174 2351/2257/2163
f 2351/2257/2163 2352/2268/2174 2334/2269/2175
f 2351/2257/2163 2334/2269/2175 2335/2258/2164
f 2335/2258/2164 2334/2269/2175 2358/2270/2176
f 2335/2258/2164 2358/2270/2176 2359/2259/2165
f 2359/2259/2165 2358/2270/2176 2371/2271/2177
f 2359/2259/2165 2371/2271/2177 2372/2260/2166
f 2372/2260/2166 2371/2271/2177 2384/2272/2178
f 2372/2260/2166 2384/2272/2178 2385/2261/2167
f 2385/2261/2167 2384/2272/2178 2396/2273/2179
f 2385/2261/2167 2396/2273/2179 2397/2262/2168
f 2397/2262/2168 2396/2273/2179 2416/2274/2180
f 2397/2262/2168 2416/2274/2180 2415/2263/2169
f 2415/2263/2169 2416/2274/2180 2410/2275/2181
f 2415/2263/2169 2410/2275/2181 2411/2264/2170
f 2411/2264/2170 2410/2275/2181 2435/2276/2182
f 2411/2264/2170 2435/2276/2182 2436/1730/1646
f 2436/1730/1646 2435/2276/2182 2448/1732/1647
f 1414/2265/2171 1415/2277/2183 2307/2266/2172
f 2307/2266/2172 1415/2277/2183 2319/2278/2184
f 2307/2266/2172 2319/2278/2184 2320/2267/2173
f 2320/2267/2173 2319/2278/2184 2353/2279/2185
f 2320/2267/2173 2353/2279/2185 2352/2268/2174
f 2352/2268/2174 2353/2279/2185 2333/2280/2186
f 2352/2268/2174 2333/2280/2186 2334/2269/2175
f 2334/2269/2175 2333/2280/2186 2357/2281/2187
f 2334/2269/2175 2357/2281/2187 2358/2270/2176
f 2358/2270/2176 2357/2281/2187 2370/2282/2188
f 2358/2270/2176 2370/2282/2188 2371/2271/2177
f 2371/2271/2177 2370/2282/2188 2383/2283/2189
f 2371/2271/2177 2383/2283/2189 2384/2272/2178
f 2384/2272/2178 2383/2283/2189 2395/2284/2190
f 2384/2272/2178 2395/2284/2190 2396/2273/2179
f 2396/2273/2179 2395/2284/2190 2417/2285/2191
f 2396/2273/2179 2417/2285/2191 2416/2274/2180
f 2416/2274/2180 2417/2285/2191 2409/2286/2192
f 2416/2274/2180 2409/2286/2192 2410/2275/2181
f 2410/2275/2181 2409/2286/2192 2434/2287/2193
f 2410/2275/2181 2434/2287/2193 2435/2276/2182
f 2435/2276/2182 2434/2287/2193 2447/2288/2194
f 2435/2276/2182 2447/2288/2194 2448/1732/1647
f 2448/1732/1647 2447/2288/2194 2460/1734/1648
f 2319/2278/2184 1415/2277/2183 1441/2289/2195
f 1441/2289/2195 1415/2277/2183 1416/2290/2196
f 1441/2289/2195 1416/2290/2196 2331/2291/2197
f 2331/2291/2197 1416/2290/2196 1417/2292/2198
f 2331/2291/2197 1417/2292/2198 2354/2293/2199
f 2354/2293/2199 1417/2292/2198 1418/2294/2200
f 2354/2293/2199 1418/2294/2200 2366/2295/2201
f 2366/2295/2201 1418/2294/2200 1419/2296/2202
f 2366/2295/2201 1419/2296/2202 2378/2297/2203
f 2378/2297/2203 1419/2296/2202 1420/2298/2204
f 2378/2297/2203 1420/2298/2204 1442/2299/2205
f 1442/2299/2205 1420/2298/2204 1421/2300/2206
f 1442/2299/2205 1421/2300/2206 2424/2301/2207
f 2424/2301/2207 1421/2300/2206 2401/2302/2208
f 2424/2301/2207 2401/2302/2208 2402/2303/2209
f 2402/2303/2209 2401/2302/2208 2426/2304/2210
f 2402/2303/2209 2426/2304/2210 2427/2305/2211
f 2427/2305/2211 2426/2304/2210 2439/2306/2212
f 2427/2305/2211 2439/2306/2212 2440/2307/2213
f 2440/2307/2213 2439/2306/2212 2452/2308/2214
f 2440/2307/2213 2452/2308/2214 2453/2309/2215
f 2453/2309/2215 2452/2308/2214 2465/1549/1524
f 2453/2309/2215 2465/1549/1524 2466/1551/1526
f 1421/2300/2206 1422/2310/2216 2401/2302/2208
f 2401/2302/2208 1422/2310/2216 2425/2311/2217
f 2401/2302/2208 2425/2311/2217 2426/2304/2210
f 2426/2304/2210 2425/2311/2217 2438/2312/2218
f 2426/2304/2210 2438/2312/2218 2439/2306/2212
f 2439/2306/2212 2438/2312/2218 2451/2313/2219
f 2439/2306/2212 2451/2313/2219 2452/2308/2214
f 2452/2308/2214 2451/2313/2219 2464/1547/1522
f 2452/2308/2214 2464/1547/1522 2465/1549/1524
f 1422/2310/2216 1423/2314/2220 2425/2311/2217
f 2425/2311/2217 1423/2314/2220 2437/2315/2221
f 2425/2311/2217 2437/2315/2221 2438/2312/2218
f 2438/2312/2218 2437/2315/2221 2450/2316/2222
f 2438/2312/2218 2450/2316/2222 2451/2313/2219
f 2451/2313/2219 2450/2316/2222 2463/1545/1520
f 2451/2313/2219 2463/1545/1520 2464/1547/1522
f 1423/2314/2220 1424/2317/2223 2437/2315/2221
f 2437/2315/2221 1424/2317/2223 2449/2318/2224
f 2437/2315/2221 2449/2318/2224 2450/2316/2222
f 2450/2316/2222 2449/2318/2224 2462/1543/1518
f 2450/2316/2222 2462/1543/1518 2463/1545/1520
f 1424/2317/2223 1425/2319/2225 2449/2318/2224
f 2449/2318/2224 1425/2319/2225 2461/1541/1516
f 2449/2318/2224 2461/1541/1516 2462/1543/1518
f 1425/2319/2225 1426/1539/1514 2461/1541/1516
f 1352/2320/1342 1465/2321/2226 1264/2322/1340
f 1264/2322/1340 1465/2321/2226 1464/2323/2227
f 1264/2322/1340 1464/2323/2227 1265/2324/1338
f 1265/2324/1338 1464/2323/2227 1488/2325/2228
f 1265/2324/1338 1488/2325/2228 1266/2326/1506
f 1266/2326/1506 1488/2325/2228 1500/2327/2229
f 1266/2326/1506 1500/2327/2229 1267/2328/1504
f 1267/2328/1504 1500/2327/2229 1511/2329/2230
f 1267/2328/1504 1511/2329/2230 1268/2330/1502
f 1268/2330/1502 1511/2329/2230 1524/2331/2231
f 1268/2330/1502 1524/2331/2231 1269/2332/1500
f 1269/2332/1500 1524/2331/2231 1523/2333/2232
f 1269/2332/1500 1523/2333/2232 1270/2334/1498
f 1270/2334/1498 1523/2333/2232 1547/2335/2233
f 1270/2334/1498 1547/2335/2233 1271/2336/1496
f 1271/2336/1496 1547/2335/2233 1559/2337/2234
f 1271/2336/1496 1559/2337/2234 1272/2338/1494
f 1272/2338/1494 1559/2337/2234 1571/2339/2235
f 1272/2338/1494 1571/2339/2235 1273/2340/1492
f 1273/2340/1492 1571/2339/2235 1582/2341/2236
f 1273/2340/1492 1582/2341/2236 1274/2342/1490
f 1274/2342/1490 1582/2341/2236 1595/2343/2237
f 1274/2342/1490 1595/2343/2237 1275/2344/1488
f 1275/2344/1488 1595/2343/2237 1594/2345/2238
f 1275/2344/1488 1594/2345/2238 1276/2346/1486
f 1276/2346/1486 1594/2345/2238 1618/2347/2239
f 1276/2346/1486 1618/2347/2239 1277/2348/1484
f 1277/2348/1484 1618/2347/2239 1630/2349/2240
f 1277/2348/1484 1630/2349/2240 1278/2350/1482
f 1278/2350/1482 1630/2349/2240 1642/2351/2241
f 1278/2350/1482 1642/2351/2241 1279/2352/1480
f 1279/2352/1480 1642/2351/2241 1654/1594/1567
f 1279/2352/1480 1654/1594/1567 1280/1596/1478
f 1465/2321/2226 1352/2320/1342 2485/2353/2242
f 2485/2353/2242 1352/2320/1342 1351/2354/1344
f 2485/2353/2242 1351/2354/1344 2484/1562/1537
f 2484/1562/1537 1351/2354/1344 1350/1564/1346
f 1428/2203/2111 1429/2355/2243 2236/2201/2109
f 2236/2201/2109 1429/2355/2243 2237/2356/2244
f 2236/2201/2109 2237/2356/2244 2224/2199/2107
f 2224/2199/2107 2237/2356/2244 2225/2357/2245
f 2224/2199/2107 2225/2357/2245 2212/2197/2105
f 2212/2197/2105 2225/2357/2245 2213/2358/2246
f 2212/2197/2105 2213/2358/2246 2188/2195/2103
f 2188/2195/2103 2213/2358/2246 2189/2184/2093
f 2188/2195/2103 2189/2184/2093 2211/2183/2092
f 1429/2355/2243 1430/2359/2247 2237/2356/2244
f 2237/2356/2244 1430/2359/2247 2238/2360/2248
f 2237/2356/2244 2238/2360/2248 2225/2357/2245
f 2225/2357/2245 2238/2360/2248 2226/2361/2249
f 2225/2357/2245 2226/2361/2249 2213/2358/2246
f 2213/2358/2246 2226/2361/2249 2214/2185/2094
f 2213/2358/2246 2214/2185/2094 2189/2184/2093
f 1429/2362/2243 1428/2204/2111 2249/2363/2250
f 2249/2363/2250 1428/2204/2111 2248/2207/2113
f 2249/2363/2250 2248/2207/2113 2282/2209/2115
f 1430/2359/2247 1431/2364/2251 2238/2360/2248
f 2238/2360/2248 1431/2364/2251 2239/2365/2252
f 2238/2360/2248 2239/2365/2252 2226/2361/2249
f 2226/2361/2249 2239/2365/2252 2227/2186/2095
f 2226/2361/2249 2227/2186/2095 2214/2185/2094
f 1430/2366/2247 1429/2362/2243 2250/2367/2253
f 2250/2367/2253 1429/2362/2243 2249/2363/2250
f 2250/2367/2253 2249/2363/2250 2281/2368/2254
f 2281/2368/2254 2249/2363/2250 2282/2209/2115
f 2281/2368/2254 2282/2209/2115 2262/2211/2117
f 1431/2364/2251 1432/2369/2255 2239/2365/2252
f 2239/2365/2252 1432/2369/2255 2240/2187/2096
f 2239/2365/2252 2240/2187/2096 2227/2186/2095
f 1431/2370/2251 1430/2366/2247 2251/2371/2256
f 2251/2371/2256 1430/2366/2247 2250/2367/2253
f 2251/2371/2256 2250/2367/2253 2280/2372/2257
f 2280/2372/2257 2250/2367/2253 2281/2368/2254
f 2280/2372/2257 2281/2368/2254 2263/2373/2258
f 2263/2373/2258 2281/2368/2254 2262/2211/2117
f 2263/2373/2258 2262/2211/2117 2286/2213/2119
f 2240/2187/2096 1432/2369/2255 1433/2188/2097
f 1433/2189/2097 1432/2374/2255 2253/2375/2259
f 1433/2189/2097 2253/2375/2259 2254/2190/2098
f 2254/2190/2098 2253/2375/2259 2277/2376/2260
f 2254/2190/2098 2277/2376/2260 2276/2191/2099
f 2276/2191/2099 2277/2376/2260 2267/2377/2261
f 2276/2191/2099 2267/2377/2261 2268/2192/2100
f 2268/2192/2100 2267/2377/2261 2291/2378/2262
f 2268/2192/2100 2291/2378/2262 2292/2193/2101
f 2292/2193/2101 2291/2378/2262 2304/2379/2263
f 2292/2193/2101 2304/2379/2263 2305/2194/2102
f 2305/2194/2102 2304/2379/2263 2317/2380/2264
f 2305/2194/2102 2317/2380/2264 2318/1710/1636
f 2318/1710/1636 2317/2380/2264 2330/1712/1637
f 1432/2374/2255 1431/2370/2251 2252/2381/2265
f 2252/2381/2265 1431/2370/2251 2251/2371/2256
f 2252/2381/2265 2251/2371/2256 2279/2382/2266
f 2279/2382/2266 2251/2371/2256 2280/2372/2257
f 2279/2382/2266 2280/2372/2257 2264/2383/2267
f 2264/2383/2267 2280/2372/2257 2263/2373/2258
f 2264/2383/2267 2263/2373/2258 2287/2384/2268
f 2287/2384/2268 2263/2373/2258 2286/2213/2119
f 2287/2384/2268 2286/2213/2119 2299/2215/2121
f 1453/1534/1509 1454/2385/2269 1476/1536/1511
f 1476/1536/1511 1454/2385/2269 1475/2386/2270
f 1476/1536/1511 1475/2386/2270 1443/1538/1513
f 1443/1538/1513 1475/2386/2270 2495/2387/2271
f 1443/1538/1513 2495/2387/2271 2473/1540/1515
f 2473/1540/1515 2495/2387/2271 2474/1542/1517
f 1454/2385/2269 1455/2388/2272 1475/2386/2270
f 1475/2386/2270 1455/2388/2272 1474/2389/2273
f 1475/2386/2270 1474/2389/2273 2495/2387/2271
f 2495/2387/2271 1474/2389/2273 2494/2390/2274
f 2495/2387/2271 2494/2390/2274 2474/1542/1517
f 2474/1542/1517 2494/2390/2274 2475/1544/1519
f 1454/2385/2269 1453/1534/1509 1478/2391/2275
f 1478/2391/2275 1453/1534/1509 1477/1566/1539
f 1478/2391/2275 1477/1566/1539 1490/2392/2276
f 1490/2392/2276 1477/1566/1539 1489/1568/1541
f 1490/2392/2276 1489/1568/1541 1501/2393/2277
f 1501/2393/2277 1489/1568/1541 1444/1570/1543
f 1501/2393/2277 1444/1570/1543 1534/2394/2278
f 1534/2394/2278 1444/1570/1543 1535/1572/1545
f 1534/2394/2278 1535/1572/1545 1513/1574/1547
f 1455/2388/2272 1456/2395/2279 1474/2389/2273
f 1474/2389/2273 1456/2395/2279 1473/2396/2280
f 1474/2389/2273 1473/2396/2280 2494/2390/2274
f 2494/2390/2274 1473/2396/2280 2493/2397/2281
f 2494/2390/2274 2493/2397/2281 2475/1544/1519
f 2475/1544/1519 2493/2397/2281 2476/1546/1521
f 1455/2388/2272 1454/2385/2269 1479/2398/2282
f 1479/2398/2282 1454/2385/2269 1478/2391/2275
f 1479/2398/2282 1478/2391/2275 1491/2399/2283
f 1491/2399/2283 1478/2391/2275 1490/2392/2276
f 1491/2399/2283 1490/2392/2276 1502/2400/2284
f 1502/2400/2284 1490/2392/2276 1501/2393/2277
f 1502/2400/2284 1501/2393/2277 1533/2401/2285
f 1533/2401/2285 1501/2393/2277 1534/2394/2278
f 1533/2401/2285 1534/2394/2278 1514/2402/2286
f 1514/2402/2286 1534/2394/2278 1513/1574/1547
f 1514/2402/2286 1513/1574/1547 1538/1576/1549
f 1456/2395/2279 1457/2403/2287 1473/2396/2280
f 1473/2396/2280 1457/2403/2287 1472/2404/2288
f 1473/2396/2280 1472/2404/2288 2493/2397/2281
f 2493/2397/2281 1472/2404/2288 2492/2405/2289
f 2493/2397/2281 2492/2405/2289 2476/1546/1521
f 2476/1546/1521 2492/2405/2289 2477/1548/1523
f 1456/2395/2279 1455/2388/2272 1480/2406/2290
f 1480/2406/2290 1455/2388/2272 1479/2398/2282
f 1480/2406/2290 1479/2398/2282 1492/2407/2291
f 1492/2407/2291 1479/2398/2282 1491/2399/2283
f 1492/2407/2291 1491/2399/2283 1503/2408/2292
f 1503/2408/2292 1491/2399/2283 1502/2400/2284
f 1503/2408/2292 1502/2400/2284 1532/2409/2293
f 1532/2409/2293 1502/2400/2284 1533/2401/2285
f 1532/2409/2293 1533/2401/2285 1515/2410/2294
f 1515/2410/2294 1533/2401/2285 1514/2402/2286
f 1515/2410/2294 1514/2402/2286 1539/2411/2295
f 1539/2411/2295 1514/2402/2286 1538/1576/1549
f 1539/2411/2295 1538/1576/1549 1551/1578/1551
f 1457/2403/2287 1458/2412/2296 1472/2404/2288
f 1472/2404/2288 1458/2412/2296 1471/2413/2297
f 1472/2404/2288 1471/2413/2297 2492/2405/2289
f 2492/2405/2289 1471/2413/2297 2491/2414/2298
f 2492/2405/2289 2491/2414/2298 2477/1548/1523
f 2477/1548/1523 2491/2414/2298 2478/1550/1525
f 1457/2403/2287 1456/2395/2279 1481/2415/2299
f 1481/2415/2299 1456/2395/2279 1480/2406/2290
f 1481/2415/2299 1480/2406/2290 1493/2416/2300
f 1493/2416/2300 1480/2406/2290 1492/2407/2291
f 1493/2416/2300 1492/2407/2291 1504/2417/2301
f 1504/2417/2301 1492/2407/2291 1503/2408/2292
f 1504/2417/2301 1503/2408/2292 1531/2418/2302
f 1531/2418/2302 1503/2408/2292 1532/2409/2293
f 1531/2418/2302 1532/2409/2293 1516/2419/2303
f 1516/2419/2303 1532/2409/2293 1515/2410/2294
f 1516/2419/2303 1515/2410/2294 1540/2420/2304
f 1540/2420/2304 1515/2410/2294 1539/2411/2295
f 1540/2420/2304 1539/2411/2295 1552/2421/2305
f 1552/2421/2305 1539/2411/2295 1551/1578/1551
f 1552/2421/2305 1551/1578/1551 1564/1580/1553
f 1458/2412/2296 1459/2422/2306 1471/2413/2297
f 1471/2413/2297 1459/2422/2306 1470/2423/2307
f 1471/2413/2297 1470/2423/2307 2491/2414/2298
f 2491/2414/2298 1470/2423/2307 2490/2424/2308
f 2491/2414/2298 2490/2424/2308 2478/1550/1525
f 2478/1550/1525 2490/2424/2308 2479/1552/1527
f 1458/2412/2296 1457/2403/2287 1482/2425/2309
f 1482/2425/2309 1457/2403/2287 1481/2415/2299
f 1482/2425/2309 1481/2415/2299 1494/2426/2310
f 1494/2426/2310 1481/2415/2299 1493/2416/2300
f 1494/2426/2310 1493/2416/2300 1505/2427/2311
f 1505/2427/2311 1493/2416/2300 1504/2417/2301
f 1505/2427/2311 1504/2417/2301 1530/2428/2312
f 1530/2428/2312 1504/2417/2301 1531/2418/2302
f 1530/2428/2312 1531/2418/2302 1517/2429/2313
f 1517/2429/2313 1531/2418/2302 1516/2419/2303
f 1517/2429/2313 1516/2419/2303 1541/2430/2314
f 1541/2430/2314 1516/2419/2303 1540/2420/2304
f 1541/2430/2314 1540/2420/2304 1553/2431/2315
f 1553/2431/2315 1540/2420/2304 1552/2421/2305
f 1553/2431/2315 1552/2421/2305 1565/2432/2316
f 1565/2432/2316 1552/2421/2305 1564/1580/1553
f 1565/2432/2316 1564/1580/1553 1576/1582/1555
f 1459/2422/2306 1460/2433/2317 1470/2423/2307
f 1470/2423/2307 1460/2433/2317 1469/2434/2318
f 1470/2423/2307 1469/2434/2318 2490/2424/2308
f 2490/2424/2308 1469/2434/2318 2489/2435/2319
f 2490/2424/2308 2489/2435/2319 2479/1552/1527
f 2479/1552/1527 2489/2435/2319 2480/1554/1529
f 1459/2422/2306 1458/2412/2296 1483/2436/2320
f 1483/2436/2320 1458/2412/2296 1482/2425/2309
f 1483/2436/2320 1482/2425/2309 1495/2437/2321
f 1495/2437/2321 1482/2425/2309 1494/2426/2310
f 1495/2437/2321 1494/2426/2310 1506/2438/2322
f 1506/2438/2322 1494/2426/2310 1505/2427/2311
f 1506/2438/2322 1505/2427/2311 1529/2439/2323
f 1529/2439/2323 1505/2427/2311 1530/2428/2312
f 1529/2439/2323 1530/2428/2312 1518/2440/2324
f 1518/2440/2324 1530/2428/2312 1517/2429/2313
f 1518/2440/2324 1517/2429/2313 1542/2441/2325
f 1542/2441/2325 1517/2429/2313 1541/2430/2314
f 1542/2441/2325 1541/2430/2314 1554/2442/2326
f 1554/2442/2326 1541/2430/2314 1553/2431/2315
f 1554/2442/2326 1553/2431/2315 1566/2443/2327
f 1566/2443/2327 1553/2431/2315 1565/2432/2316
f 1566/2443/2327 1565/2432/2316 1577/2444/2328
f 1577/2444/2328 1565/2432/2316 1576/1582/1555
f 1577/2444/2328 1576/1582/1555 1600/1584/1557
f 1460/2433/2317 1461/2445/2329 1469/2434/2318
f 1469/2434/2318 1461/2445/2329 1468/2446/2330
f 1469/2434/2318 1468/2446/2330 2489/2435/2319
f 2489/2435/2319 1468/2446/2330 2488/2447/2331
f 2489/2435/2319 2488/2447/2331 2480/1554/1529
f 2480/1554/1529 2488/2447/2331 2481/1556/1531
f 1460/2433/2317 1459/2422/2306 1484/2448/2332
f 1484/2448/2332 1459/2422/2306 1483/2436/2320
f 1484/2448/2332 1483/2436/2320 1496/2449/2333
f 1496/2449/2333 1483/2436/2320 1495/2437/2321
f 1496/2449/2333 1495/2437/2321 1507/2450/2334
f 1507/2450/2334 1495/2437/2321 1506/2438/2322
f 1507/2450/2334 1506/2438/2322 1528/2451/2335
f 1528/2451/2335 1506/2438/2322 1529/2439/2323
f 1528/2451/2335 1529/2439/2323 1519/2452/2336
f 1519/2452/2336 1529/2439/2323 1518/2440/2324
f 1519/2452/2336 1518/2440/2324 1543/2453/2337
f 1543/2453/2337 1518/2440/2324 1542/2441/2325
f 1543/2453/2337 1542/2441/2325 1555/2454/2338
f 1555/2454/2338 1542/2441/2325 1554/2442/2326
f 1555/2454/2338 1554/2442/2326 1567/2455/2339
f 1567/2455/2339 1554/2442/2326 1566/2443/2327
f 1567/2455/2339 1566/2443/2327 1578/2456/2340
f 1578/2456/2340 1566/2443/2327 1577/2444/2328
f 1578/2456/2340 1577/2444/2328 1599/2457/2341
f 1599/2457/2341 1577/2444/2328 1600/1584/1557
f 1599/2457/2341 1600/1584/1557 1590/1586/1559
f 1461/2445/2329 1462/2458/2342 1468/2446/2330
f 1468/2446/2330 1462/2458/2342 1467/2459/2343
f 1468/2446/2330 1467/2459/2343 2488/2447/2331
f 2488/2447/2331 1467/2459/2343 2487/2460/2344
f 2488/2447/2331 2487/2460/2344 2481/1556/1531
f 2481/1556/1531 2487/2460/2344 2482/1558/1533
f 1461/2445/2329 1460/2433/2317 1485/2461/2345
f 1485/2461/2345 1460/2433/2317 1484/2448/2332
f 1485/2461/2345 1484/2448/2332 1497/2462/2346
f 1497/2462/2346 1484/2448/2332 1496/2449/2333
f 1497/2462/2346 1496/2449/2333 1508/2463/2347
f 1508/2463/2347 1496/2449/2333 1507/2450/2334
f 1508/2463/2347 1507/2450/2334 1527/2464/2348
f 1527/2464/2348 1507/2450/2334 1528/2451/2335
f 1527/2464/2348 1528/2451/2335 1520/2465/2349
f 1520/2465/2349 1528/2451/2335 1519/2452/2336
f 1520/2465/2349 1519/2452/2336 1544/2466/2350
f 1544/2466/2350 1519/2452/2336 1543/2453/2337
f 1544/2466/2350 1543/2453/2337 1556/2467/2351
f 1556/2467/2351 1543/2453/2337 1555/2454/2338
f 1556/2467/2351 1555/2454/2338 1568/2468/2352
f 1568/2468/2352 1555/2454/2338 1567/2455/2339
f 1568/2468/2352 1567/2455/2339 1579/2469/2353
f 1579/2469/2353 1567/2455/2339 1578/2456/2340
f 1579/2469/2353 1578/2456/2340 1598/2470/2354
f 1598/2470/2354 1578/2456/2340 1599/2457/2341
f 1598/2470/2354 1599/2457/2341 1591/2471/2355
f 1591/2471/2355 1599/2457/2341 1590/1586/1559
f 1591/2471/2355 1590/1586/1559 1615/1588/1561
f 1462/2458/2342 1463/2472/2356 1467/2459/2343
f 1467/2459/2343 1463/2472/2356 1466/2473/2357
f 1467/2459/2343 1466/2473/2357 2487/2460/2344
f 2487/2460/2344 1466/2473/2357 2486/2474/2358
f 2487/2460/2344 2486/2474/2358 2482/1558/1533
f 2482/1558/1533 2486/2474/2358 2483/1560/1535
f 1462/2458/2342 1461/2445/2329 1486/2475/2359
f 1486/2475/2359 1461/2445/2329 1485/2461/2345
f 1486/2475/2359 1485/2461/2345 1498/2476/2360
f 1498/2476/2360 1485/2461/2345 1497/2462/2346
f 1498/2476/2360 1497/2462/2346 1509/2477/2361
f 1509/2477/2361 1497/2462/2346 1508/2463/2347
f 1509/2477/2361 1508/2463/2347 1526/2478/2362
f 1526/2478/2362 1508/2463/2347 1527/2464/2348
f 1526/2478/2362 1527/2464/2348 1521/2479/2363
f 1521/2479/2363 1527/2464/2348 1520/2465/2349
f 1521/2479/2363 1520/2465/2349 1545/2480/2364
f 1545/2480/2364 1520/2465/2349 1544/2466/2350
f 1545/2480/2364 1544/2466/2350 1557/2481/2365
f 1557/2481/2365 1544/2466/2350 1556/2467/2351
f 1557/2481/2365 1556/2467/2351 1569/2482/2366
f 1569/2482/2366 1556/2467/2351 1568/2468/2352
f 1569/2482/2366 1568/2468/2352 1580/2483/2367
f 1580/2483/2367 1568/2468/2352 1579/2469/2353
f 1580/2483/2367 1579/2469/2353 1597/2484/2368
f 1597/2484/2368 1579/2469/2353 1598/2470/2354
f 1597/2484/2368 1598/2470/2354 1592/2485/2369
f 1592/2485/2369 1598/2470/2354 1591/2471/2355
f 1592/2485/2369 1591/2471/2355 1616/2486/2370
f 1616/2486/2370 1591/2471/2355 1615/1588/1561
f 1616/2486/2370 1615/1588/1561 1628/1590/1563
f 1463/2472/2356 1464/2323/2227 1466/2473/2357
f 1466/2473/2357 1464/2323/2227 1465/2321/2226
f 1466/2473/2357 1465/2321/2226 2486/2474/2358
f 2486/2474/2358 1465/2321/2226 2485/2353/2242
f 2486/2474/2358 2485/2353/2242 2483/1560/1535
f 2483/1560/1535 2485/2353/2242 2484/1562/1537
f 1463/2472/2356 1462/2458/2342 1487/2487/2371
f 1487/2487/2371 1462/2458/2342 1486/2475/2359
f 1487/2487/2371 1486/2475/2359 1499/2488/2372
f 1499/2488/2372 1486/2475/2359 1498/2476/2360
f 1499/2488/2372 1498/2476/2360 1510/2489/2373
f 1510/2489/2373 1498/2476/2360 1509/2477/2361
f 1510/2489/2373 1509/2477/2361 1525/2490/2374
f 1525/2490/2374 1509/2477/2361 1526/2478/2362
f 1525/2490/2374 1526/2478/2362 1522/2491/2375
f 1522/2491/2375 1526/2478/2362 1521/2479/2363
f 1522/2491/2375 1521/2479/2363 1546/2492/2376
f 1546/2492/2376 1521/2479/2363 1545/2480/2364
f 1546/2492/2376 1545/2480/2364 1558/2493/2377
f 1558/2493/2377 1545/2480/2364 1557/2481/2365
f 1558/2493/2377 1557/2481/2365 1570/2494/2378
f 1570/2494/2378 1557/2481/2365 1569/2482/2366
f 1570/2494/2378 1569/2482/2366 1581/2495/2379
f 1581/2495/2379 1569/2482/2366 1580/2483/2367
f 1581/2495/2379 1580/2483/2367 1596/2496/2380
f 1596/2496/2380 1580/2483/2367 1597/2484/2368
f 1596/2496/2380 1597/2484/2368 1593/2497/2381
f 1593/2497/2381 1597/2484/2368 1592/2485/2369
f 1593/2497/2381 1592/2485/2369 1617/2498/2382
f 1617/2498/2382 1592/2485/2369 1616/2486/2370
f 1617/2498/2382 1616/2486/2370 1629/2499/2383
f 1629/2499/2383 1616/2486/2370 1628/1590/1563
f 1629/2499/2383 1628/1590/1563 1641/1592/1565
f 1464/2323/2227 1463/2472/2356 1488/2325/2228
f 1488/2325/2228 1463/2472/2356 1487/2487/2371
f 1488/2325/2228 1487/2487/2371 1500/2327/2229
f 1500/2327/2229 1487/2487/2371 1499/2488/2372
f 1500/2327/2229 1499/2488/2372 1511/2329/2230
f 1511/2329/2230 1499/2488/2372 1510/2489/2373
f 1511/2329/2230 1510/2489/2373 1524/2331/2231
f 1524/2331/2231 1510/2489/2373 1525/2490/2374
f 1524/2331/2231 1525/2490/2374 1523/2333/2232
f 1523/2333/2232 1525/2490/2374 1522/2491/2375
f 1523/2333/2232 1522/2491/2375 1547/2335/2233
f 1547/2335/2233 1522/2491/2375 1546/2492/2376
f 1547/2335/2233 1546/2492/2376 1559/2337/2234
f 1559/2337/2234 1546/2492/2376 1558/2493/2377
f 1559/2337/2234 1558/2493/2377 1571/2339/2235
f 1571/2339/2235 1558/2493/2377 1570/2494/2378
f 1571/2339/2235 1570/2494/2378 1582/2341/2236
f 1582/2341/2236 1570/2494/2378 1581/2495/2379
f 1582/2341/2236 1581/2495/2379 1595/2343/2237
f 1595/2343/2237 1581/2495/2379 1596/2496/2380
f 1595/2343/2237 1596/2496/2380 1594/2345/2238
f 1594/2345/2238 1596/2496/2380 1593/2497/2381
f 1594/2345/2238 1593/2497/2381 1618/2347/2239
f 1618/2347/2239 1593/2497/2381 1617/2498/2382
f 1618/2347/2239 1617/2498/2382 1630/2349/2240
f 1630/2349/2240 1617/2498/2382 1629/2499/2383
f 1630/2349/2240 1629/2499/2383 1642/2351/2241
f 1642/2351/2241 1629/2499/2383 1641/1592/1565
f 1642/2351/2241 1641/1592/1565 1654/1594/1567
f 1606/1784/1698 1583/1795/1709 1584/1785/1699
f 1584/1785/1699 1583/1795/1709 1608/2500/2384
f 1584/1785/1699 1608/2500/2384 1609/1786/1700
f 1609/1786/1700 1608/2500/2384 1621/2501/2385
f 1609/1786/1700 1621/2501/2385 1622/1787/1701
f 1622/1787/1701 1621/2501/2385 1634/2502/2386
f 1622/1787/1701 1634/2502/2386 1635/1788/1702
f 1635/1788/1702 1634/2502/2386 1647/2503/2387
f 1635/1788/1702 1647/2503/2387 1648/1789/1703
f 1648/1789/1703 1647/2503/2387 1660/2504/2388
f 1648/1789/1703 1660/2504/2388 1661/1790/1704
f 1661/1790/1704 1660/2504/2388 1684/2505/2389
f 1661/1790/1704 1684/2505/2389 1683/1791/1705
f 1683/1791/1705 1684/2505/2389 1674/2506/2390
f 1683/1791/1705 1674/2506/2390 1675/1792/1706
f 1675/1792/1706 1674/2506/2390 1698/2507/2391
f 1675/1792/1706 1698/2507/2391 1699/1793/1707
f 1699/1793/1707 1698/2507/2391 1711/2508/2392
f 1699/1793/1707 1711/2508/2392 1712/1794/1708
f 1712/1794/1708 1711/2508/2392 1724/2509/2393
f 1712/1794/1708 1724/2509/2393 1725/1606/1575
f 1725/1606/1575 1724/2509/2393 1736/1608/1577
f 1583/1795/1709 1607/1797/1711 1608/2500/2384
f 1608/2500/2384 1607/1797/1711 1620/2510/2394
f 1608/2500/2384 1620/2510/2394 1621/2501/2385
f 1621/2501/2385 1620/2510/2394 1633/2511/2395
f 1621/2501/2385 1633/2511/2395 1634/2502/2386
f 1634/2502/2386 1633/2511/2395 1646/2512/2396
f 1634/2502/2386 1646/2512/2396 1647/2503/2387
f 1647/2503/2387 1646/2512/2396 1659/2513/2397
f 1647/2503/2387 1659/2513/2397 1660/2504/2388
f 1660/2504/2388 1659/2513/2397 1685/2514/2398
f 1660/2504/2388 1685/2514/2398 1684/2505/2389
f 1684/2505/2389 1685/2514/2398 1673/2515/2399
f 1684/2505/2389 1673/2515/2399 1674/2506/2390
f 1674/2506/2390 1673/2515/2399 1697/2516/2400
f 1674/2506/2390 1697/2516/2400 1698/2507/2391
f 1698/2507/2391 1697/2516/2400 1710/2517/2401
f 1698/2507/2391 1710/2517/2401 1711/2508/2392
f 1711/2508/2392 1710/2517/2401 1723/2518/2402
f 1711/2508/2392 1723/2518/2402 1724/2509/2393
f 1724/2509/2393 1723/2518/2402 1735/2519/2403
f 1724/2509/2393 1735/2519/2403 1736/1608/1577
f 1736/1608/1577 1735/2519/2403 1749/1610/1579
f 1607/1797/1711 1619/1799/1713 1620/2510/2394
f 1620/2510/2394 1619/1799/1713 1632/2520/2404
f 1620/2510/2394 1632/2520/2404 1633/2511/2395
f 1633/2511/2395 1632/2520/2404 1645/2521/2405
f 1633/2511/2395 1645/2521/2405 1646/2512/2396
f 1646/2512/2396 1645/2521/2405 1658/2522/2406
f 1646/2512/2396 1658/2522/2406 1659/2513/2397
f 1659/2513/2397 1658/2522/2406 1686/2523/2407
f 1659/2513/2397 1686/2523/2407 1685/2514/2398
f 1685/2514/2398 1686/2523/2407 1672/2524/2408
f 1685/2514/2398 1672/2524/2408 1673/2515/2399
f 1673/2515/2399 1672/2524/2408 1696/2525/2409
f 1673/2515/2399 1696/2525/2409 1697/2516/2400
f 1697/2516/2400 1696/2525/2409 1709/2526/2410
f 1697/2516/2400 1709/2526/2410 1710/2517/2401
f 1710/2517/2401 1709/2526/2410 1722/2527/2411
f 1710/2517/2401 1722/2527/2411 1723/2518/2402
f 1723/2518/2402 1722/2527/2411 1734/2528/2412
f 1723/2518/2402 1734/2528/2412 1735/2519/2403
f 1735/2519/2403 1734/2528/2412 1750/2529/2413
f 1735/2519/2403 1750/2529/2413 1749/1610/1579
f 1749/1610/1579 1750/2529/2413 1748/1612/1581
f 1619/1799/1713 1631/1801/1715 1632/2520/2404
f 1632/2520/2404 1631/1801/1715 1644/2530/2414
f 1632/2520/2404 1644/2530/2414 1645/2521/2405
f 1645/2521/2405 1644/2530/2414 1657/2531/2415
f 1645/2521/2405 1657/2531/2415 1658/2522/2406
f 1658/2522/2406 1657/2531/2415 1687/2532/2416
f 1658/2522/2406 1687/2532/2416 1686/2523/2407
f 1686/2523/2407 1687/2532/2416 1671/2533/2417
f 1686/2523/2407 1671/2533/2417 1672/2524/2408
f 1672/2524/2408 1671/2533/2417 1695/2534/2418
f 1672/2524/2408 1695/2534/2418 1696/2525/2409
f 1696/2525/2409 1695/2534/2418 1708/2535/2419
f 1696/2525/2409 1708/2535/2419 1709/2526/2410
f 1709/2526/2410 1708/2535/2419 1721/2536/2420
f 1709/2526/2410 1721/2536/2420 1722/2527/2411
f 1722/2527/2411 1721/2536/2420 1733/2537/2421
f 1722/2527/2411 1733/2537/2421 1734/2528/2412
f 1734/2528/2412 1733/2537/2421 1751/2538/2422
f 1734/2528/2412 1751/2538/2422 1750/2529/2413
f 1750/2529/2413 1751/2538/2422 1747/2539/2423
f 1750/2529/2413 1747/2539/2423 1748/1612/1581
f 1748/1612/1581 1747/2539/2423 1772/1614/1583
f 1631/1801/1715 1643/1803/1717 1644/2530/2414
f 1644/2530/2414 1643/1803/1717 1656/2540/2424
f 1644/2530/2414 1656/2540/2424 1657/2531/2415
f 1657/2531/2415 1656/2540/2424 1688/2541/2425
f 1657/2531/2415 1688/2541/2425 1687/2532/2416
f 1687/2532/2416 1688/2541/2425 1670/2542/2426
f 1687/2532/2416 1670/2542/2426 1671/2533/2417
f 1671/2533/2417 1670/2542/2426 1694/2543/2427
f 1671/2533/2417 1694/2543/2427 1695/2534/2418
f 1695/2534/2418 1694/2543/2427 1707/2544/2428
f 1695/2534/2418 1707/2544/2428 1708/2535/2419
f 1708/2535/2419 1707/2544/2428 1720/2545/2429
f 1708/2535/2419 1720/2545/2429 1721/2536/2420
f 1721/2536/2420 1720/2545/2429 1732/2546/2430
f 1721/2536/2420 1732/2546/2430 1733/2537/2421
f 1733/2537/2421 1732/2546/2430 1752/2547/2431
f 1733/2537/2421 1752/2547/2431 1751/2538/2422
f 1751/2538/2422 1752/2547/2431 1746/2548/2432
f 1751/2538/2422 1746/2548/2432 1747/2539/2423
f 1747/2539/2423 1746/2548/2432 1771/2549/2433
f 1747/2539/2423 1771/2549/2433 1772/1614/1583
f 1772/1614/1583 1771/2549/2433 1784/1616/1585
f 1643/1803/1717 1655/1805/1719 1656/2540/2424
f 1656/2540/2424 1655/1805/1719 1689/1807/1721
f 1656/2540/2424 1689/1807/1721 1688/2541/2425
f 1688/2541/2425 1689/1807/1721 1669/1809/1723
f 1688/2541/2425 1669/1809/1723 1670/2542/2426
f 1670/2542/2426 1669/1809/1723 1693/1811/1725
f 1670/2542/2426 1693/1811/1725 1694/2543/2427
f 1694/2543/2427 1693/1811/1725 1706/1813/1727
f 1694/2543/2427 1706/1813/1727 1707/2544/2428
f 1707/2544/2428 1706/1813/1727 1719/1815/1729
f 1707/2544/2428 1719/1815/1729 1720/2545/2429
f 1720/2545/2429 1719/1815/1729 1731/1817/1731
f 1720/2545/2429 1731/1817/1731 1732/2546/2430
f 1732/2546/2430 1731/1817/1731 1753/1819/1733
f 1732/2546/2430 1753/1819/1733 1752/2547/2431
f 1752/2547/2431 1753/1819/1733 1745/1821/1735
f 1752/2547/2431 1745/1821/1735 1746/2548/2432
f 1746/2548/2432 1745/1821/1735 1770/1823/1737
f 1746/2548/2432 1770/1823/1737 1771/2549/2433
f 1771/2549/2433 1770/1823/1737 1783/1825/1739
f 1771/2549/2433 1783/1825/1739 1784/1616/1585
f 1784/1616/1585 1783/1825/1739 1796/1618/1586
f 1760/1888/1802 1737/1899/1813 1738/1889/1803
f 1738/1889/1803 1737/1899/1813 1762/2550/2434
f 1738/1889/1803 1762/2550/2434 1763/1890/1804
f 1763/1890/1804 1762/2550/2434 1775/2551/2435
f 1763/1890/1804 1775/2551/2435 1776/1891/1805
f 1776/1891/1805 1775/2551/2435 1788/2552/2436
f 1776/1891/1805 1788/2552/2436 1789/1892/1806
f 1789/1892/1806 1788/2552/2436 1801/2553/2437
f 1789/1892/1806 1801/2553/2437 1802/1893/1807
f 1802/1893/1807 1801/2553/2437 1827/2554/2438
f 1802/1893/1807 1827/2554/2438 1826/1894/1808
f 1826/1894/1808 1827/2554/2438 1815/2555/2439
f 1826/1894/1808 1815/2555/2439 1816/1895/1809
f 1816/1895/1809 1815/2555/2439 1840/2556/2440
f 1816/1895/1809 1840/2556/2440 1841/1896/1810
f 1841/1896/1810 1840/2556/2440 1853/2557/2441
f 1841/1896/1810 1853/2557/2441 1854/1897/1811
f 1854/1897/1811 1853/2557/2441 1866/2558/2442
f 1854/1897/1811 1866/2558/2442 1867/1898/1812
f 1867/1898/1812 1866/2558/2442 1879/2559/2443
f 1867/1898/1812 1879/2559/2443 1880/1632/1593
f 1880/1632/1593 1879/2559/2443 1892/1634/1594
f 1737/1899/1813 1761/1901/1815 1762/2550/2434
f 1762/2550/2434 1761/1901/1815 1774/2560/2444
f 1762/2550/2434 1774/2560/2444 1775/2551/2435
f 1775/2551/2435 1774/2560/2444 1787/2561/2445
f 1775/2551/2435 1787/2561/2445 1788/2552/2436
f 1788/2552/2436 1787/2561/2445 1800/2562/2446
f 1788/2552/2436 1800/2562/2446 1801/2553/2437
f 1801/2553/2437 1800/2562/2446 1828/2563/2447
f 1801/2553/2437 1828/2563/2447 1827/2554/2438
f 1827/2554/2438 1828/2563/2447 1814/2564/2448
f 1827/2554/2438 1814/2564/2448 1815/2555/2439
f 1815/2555/2439 1814/2564/2448 1839/2565/2449
f 1815/2555/2439 1839/2565/2449 1840/2556/2440
f 1840/2556/2440 1839/2565/2449 1852/2566/2450
f 1840/2556/2440 1852/2566/2450 1853/2557/2441
f 1853/2557/2441 1852/2566/2450 1865/2567/2451
f 1853/2557/2441 1865/2567/2451 1866/2558/2442
f 1866/2558/2442 1865/2567/2451 1878/2568/2452
f 1866/2558/2442 1878/2568/2452 1879/2559/2443
f 1879/2559/2443 1878/2568/2452 1891/2569/2453
f 1879/2559/2443 1891/2569/2453 1892/1634/1594
f 1892/1634/1594 1891/2569/2453 1905/1636/1595
f 1761/1901/1815 1773/1903/1817 1774/2560/2444
f 1774/2560/2444 1773/1903/1817 1786/2570/2454
f 1774/2560/2444 1786/2570/2454 1787/2561/2445
f 1787/2561/2445 1786/2570/2454 1799/2571/2455
f 1787/2561/2445 1799/2571/2455 1800/2562/2446
f 1800/2562/2446 1799/2571/2455 1829/2572/2456
f 1800/2562/2446 1829/2572/2456 1828/2563/2447
f 1828/2563/2447 1829/2572/2456 1813/2573/2457
f 1828/2563/2447 1813/2573/2457 1814/2564/2448
f 1814/2564/2448 1813/2573/2457 1838/2574/2458
f 1814/2564/2448 1838/2574/2458 1839/2565/2449
f 1839/2565/2449 1838/2574/2458 1851/2575/2459
f 1839/2565/2449 1851/2575/2459 1852/2566/2450
f 1852/2566/2450 1851/2575/2459 1864/2576/2460
f 1852/2566/2450 1864/2576/2460 1865/2567/2451
f 1865/2567/2451 1864/2576/2460 1877/2577/2461
f 1865/2567/2451 1877/2577/2461 1878/2568/2452
f 1878/2568/2452 1877/2577/2461 1890/2578/2462
f 1878/2568/2452 1890/2578/2462 1891/2569/2453
f 1891/2569/2453 1890/2578/2462 1906/2579/2463
f 1891/2569/2453 1906/2579/2463 1905/1636/1595
f 1905/1636/1595 1906/2579/2463 1904/1638/1596
f 1773/1903/1817 1785/1905/1819 1786/2570/2454
f 1786/2570/2454 1785/1905/1819 1798/2580/2464
f 1786/2570/2454 1798/2580/2464 1799/2571/2455
f 1799/2571/2455 1798/2580/2464 1830/2581/2465
f 1799/2571/2455 1830/2581/2465 1829/2572/2456
f 1829/2572/2456 1830/2581/2465 1812/2582/2466
f 1829/2572/2456 1812/2582/2466 1813/2573/2457
f 1813/2573/2457 1812/2582/2466 1837/2583/2467
f 1813/2573/2457 1837/2583/2467 1838/2574/2458
f 1838/2574/2458 1837/2583/2467 1850/2584/2468
f 1838/2574/2458 1850/2584/2468 1851/2575/2459
f 1851/2575/2459 1850/2584/2468 1863/2585/2469
f 1851/2575/2459 1863/2585/2469 1864/2576/2460
f 1864/2576/2460 1863/2585/2469 1876/2586/2470
f 1864/2576/2460 1876/2586/2470 1877/2577/2461
f 1877/2577/2461 1876/2586/2470 1889/2587/2471
f 1877/2577/2461 1889/2587/2471 1890/2578/2462
f 1890/2578/2462 1889/2587/2471 1907/2588/2472
f 1890/2578/2462 1907/2588/2472 1906/2579/2463
f 1906/2579/2463 1907/2588/2472 1903/2589/2473
f 1906/2579/2463 1903/2589/2473 1904/1638/1596
f 1904/1638/1596 1903/2589/2473 1927/1640/1597
f 1785/1905/1819 1797/1907/1821 1798/2580/2464
f 1798/2580/2464 1797/1907/1821 1831/2590/2474
f 1798/2580/2464 1831/2590/2474 1830/2581/2465
f 1830/2581/2465 1831/2590/2474 1811/2591/2475
f 1830/2581/2465 1811/2591/2475 1812/2582/2466
f 1812/2582/2466 1811/2591/2475 1836/2592/2476
f 1812/2582/2466 1836/2592/2476 1837/2583/2467
f 1837/2583/2467 1836/2592/2476 1849/2593/2477
f 1837/2583/2467 1849/2593/2477 1850/2584/2468
f 1850/2584/2468 1849/2593/2477 1862/2594/2478
f 1850/2584/2468 1862/2594/2478 1863/2585/2469
f 1863/2585/2469 1862/2594/2478 1875/2595/2479
f 1863/2585/2469 1875/2595/2479 1876/2586/2470
f 1876/2586/2470 1875/2595/2479 1888/2596/2480
f 1876/2586/2470 1888/2596/2480 1889/2587/2471
f 1889/2587/2471 1888/2596/2480 1908/2597/2481
f 1889/2587/2471 1908/2597/2481 1907/2588/2472
f 1907/2588/2472 1908/2597/2481 1902/2598/2482
f 1907/2588/2472 1902/2598/2482 1903/2589/2473
f 1903/2589/2473 1902/2598/2482 1926/2599/2483
f 1903/2589/2473 1926/2599/2483 1927/1640/1597
f 1927/1640/1597 1926/2599/2483 1939/1642/1598
f 1832/1909/1823 1810/1911/1825 1831/2590/2474
f 1831/2590/2474 1810/1911/1825 1811/2591/2475
f 1836/2592/2476 1811/2591/2475 1835/1913/1827
f 1835/1913/1827 1811/2591/2475 1810/1911/1825
f 1797/1907/1821 1832/1909/1823 1831/2590/2474
f 1849/2593/2477 1836/2592/2476 1848/1915/1829
f 1848/1915/1829 1836/2592/2476 1835/1913/1827
f 1862/2594/2478 1849/2593/2477 1861/1917/1831
f 1861/1917/1831 1849/2593/2477 1848/1915/1829
f 1875/2595/2479 1862/2594/2478 1874/1919/1833
f 1874/1919/1833 1862/2594/2478 1861/1917/1831
f 1888/2596/2480 1875/2595/2479 1887/1921/1835
f 1887/1921/1835 1875/2595/2479 1874/1919/1833
f 1908/2597/2481 1888/2596/2480 1909/1923/1837
f 1909/1923/1837 1888/2596/2480 1887/1921/1835
f 1893/1993/1907 1894/2600/2484 1448/1991/1905
f 1448/1991/1905 1894/2600/2484 1915/1981/1895
f 1448/1991/1905 1915/1981/1895 1881/1980/1894
f 1915/1981/1895 1894/2600/2484 1895/1982/1896
f 1895/1982/1896 1894/2600/2484 1918/2601/2485
f 1895/1982/1896 1918/2601/2485 1919/1983/1897
f 1919/1983/1897 1918/2601/2485 1931/2602/2486
f 1919/1983/1897 1931/2602/2486 1932/1984/1898
f 1932/1984/1898 1931/2602/2486 1944/2603/2487
f 1932/1984/1898 1944/2603/2487 1945/1985/1899
f 1945/1985/1899 1944/2603/2487 1956/2604/2488
f 1945/1985/1899 1956/2604/2488 1957/1986/1900
f 1957/1986/1900 1956/2604/2488 1980/2605/2489
f 1957/1986/1900 1980/2605/2489 1979/1987/1901
f 1979/1987/1901 1980/2605/2489 1970/2606/2490
f 1979/1987/1901 1970/2606/2490 1971/1988/1902
f 1971/1988/1902 1970/2606/2490 1995/2607/2491
f 1971/1988/1902 1995/2607/2491 1996/1989/1903
f 1996/1989/1903 1995/2607/2491 2008/2608/2492
f 1996/1989/1903 2008/2608/2492 2009/1990/1904
f 2009/1990/1904 2008/2608/2492 2021/2609/2493
f 2009/1990/1904 2021/2609/2493 2022/1656/1605
f 2022/1656/1605 2021/2609/2493 2034/1658/1606
f 1894/2600/2484 1893/1993/1907 1917/2610/2494
f 1917/2610/2494 1893/1993/1907 1916/1995/1909
f 1917/2610/2494 1916/1995/1909 1929/2611/2495
f 1929/2611/2495 1916/1995/1909 1928/1997/1911
f 1929/2611/2495 1928/1997/1911 1941/2612/2496
f 1941/2612/2496 1928/1997/1911 1940/1999/1913
f 1941/2612/2496 1940/1999/1913 1952/2613/2497
f 1952/2613/2497 1940/1999/1913 1449/2001/1915
f 1952/2613/2497 1449/2001/1915 1985/2614/2498
f 1985/2614/2498 1449/2001/1915 1986/2003/1917
f 1985/2614/2498 1986/2003/1917 1964/2005/1919
f 1908/2597/2481 1909/1923/1837 1901/1925/1839
f 1908/2597/2481 1901/1925/1839 1902/2598/2482
f 1902/2598/2482 1901/1925/1839 1925/1927/1841
f 1902/2598/2482 1925/1927/1841 1926/2599/2483
f 1926/2599/2483 1925/1927/1841 1938/1929/1843
f 1926/2599/2483 1938/1929/1843 1939/1642/1598
f 1939/1642/1598 1938/1929/1843 1951/1644/1599
f 1894/2600/2484 1917/2610/2494 1918/2601/2485
f 1918/2601/2485 1917/2610/2494 1930/2615/2499
f 1918/2601/2485 1930/2615/2499 1931/2602/2486
f 1931/2602/2486 1930/2615/2499 1943/2616/2500
f 1931/2602/2486 1943/2616/2500 1944/2603/2487
f 1944/2603/2487 1943/2616/2500 1955/2617/2501
f 1944/2603/2487 1955/2617/2501 1956/2604/2488
f 1956/2604/2488 1955/2617/2501 1981/2618/2502
f 1956/2604/2488 1981/2618/2502 1980/2605/2489
f 1980/2605/2489 1981/2618/2502 1969/2619/2503
f 1980/2605/2489 1969/2619/2503 1970/2606/2490
f 1970/2606/2490 1969/2619/2503 1994/2620/2504
f 1970/2606/2490 1994/2620/2504 1995/2607/2491
f 1995/2607/2491 1994/2620/2504 2007/2621/2505
f 1995/2607/2491 2007/2621/2505 2008/2608/2492
f 2008/2608/2492 2007/2621/2505 2020/2622/2506
f 2008/2608/2492 2020/2622/2506 2021/2609/2493
f 2021/2609/2493 2020/2622/2506 2033/2623/2507
f 2021/2609/2493 2033/2623/2507 2034/1658/1606
f 2034/1658/1606 2033/2623/2507 2046/1660/1607
f 1930/2615/2499 1917/2610/2494 1929/2611/2495
f 1930/2615/2499 1929/2611/2495 1942/2624/2508
f 1942/2624/2508 1929/2611/2495 1941/2612/2496
f 1942/2624/2508 1941/2612/2496 1953/2625/2509
f 1953/2625/2509 1941/2612/2496 1952/2613/2497
f 1953/2625/2509 1952/2613/2497 1984/2626/2510
f 1984/2626/2510 1952/2613/2497 1985/2614/2498
f 1984/2626/2510 1985/2614/2498 1965/2627/2511
f 1965/2627/2511 1985/2614/2498 1964/2005/1919
f 1965/2627/2511 1964/2005/1919 1989/2007/1921
f 1930/2615/2499 1942/2624/2508 1943/2616/2500
f 1943/2616/2500 1942/2624/2508 1954/2628/2512
f 1943/2616/2500 1954/2628/2512 1955/2617/2501
f 1955/2617/2501 1954/2628/2512 1982/2629/2513
f 1955/2617/2501 1982/2629/2513 1981/2618/2502
f 1981/2618/2502 1982/2629/2513 1968/2630/2514
f 1981/2618/2502 1968/2630/2514 1969/2619/2503
f 1969/2619/2503 1968/2630/2514 1993/2631/2515
f 1969/2619/2503 1993/2631/2515 1994/2620/2504
f 1994/2620/2504 1993/2631/2515 2006/2632/2516
f 1994/2620/2504 2006/2632/2516 2007/2621/2505
f 2007/2621/2505 2006/2632/2516 2019/2633/2517
f 2007/2621/2505 2019/2633/2517 2020/2622/2506
f 2020/2622/2506 2019/2633/2517 2032/2634/2518
f 2020/2622/2506 2032/2634/2518 2033/2623/2507
f 2033/2623/2507 2032/2634/2518 2045/2635/2519
f 2033/2623/2507 2045/2635/2519 2046/1660/1607
f 2046/1660/1607 2045/2635/2519 2059/1662/1608
f 1954/2628/2512 1942/2624/2508 1953/2625/2509
f 1954/2628/2512 1953/2625/2509 1983/2636/2520
f 1983/2636/2520 1953/2625/2509 1984/2626/2510
f 1983/2636/2520 1984/2626/2510 1966/2637/2521
f 1966/2637/2521 1984/2626/2510 1965/2627/2511
f 1966/2637/2521 1965/2627/2511 1990/2638/2522
f 1990/2638/2522 1965/2627/2511 1989/2007/1921
f 1990/2638/2522 1989/2007/1921 2002/2009/1923
f 1966/2637/2521 1967/2639/2523 1983/2636/2520
f 1983/2636/2520 1967/2639/2523 1982/2629/2513
f 1983/2636/2520 1982/2629/2513 1954/2628/2512
f 1982/2629/2513 1967/2639/2523 1968/2630/2514
f 1968/2630/2514 1967/2639/2523 1992/2640/2524
f 1968/2630/2514 1992/2640/2524 1993/2631/2515
f 1993/2631/2515 1992/2640/2524 2005/2641/2525
f 1993/2631/2515 2005/2641/2525 2006/2632/2516
f 2006/2632/2516 2005/2641/2525 2018/2642/2526
f 2006/2632/2516 2018/2642/2526 2019/2633/2517
f 2019/2633/2517 2018/2642/2526 2031/2643/2527
f 2019/2633/2517 2031/2643/2527 2032/2634/2518
f 2032/2634/2518 2031/2643/2527 2044/2644/2528
f 2032/2634/2518 2044/2644/2528 2045/2635/2519
f 2045/2635/2519 2044/2644/2528 2060/2645/2529
f 2045/2635/2519 2060/2645/2529 2059/1662/1608
f 2059/1662/1608 2060/2645/2529 2058/1664/1609
f 1967/2639/2523 1966/2637/2521 1991/2646/2530
f 1991/2646/2530 1966/2637/2521 1990/2638/2522
f 1991/2646/2530 1990/2638/2522 2003/2647/2531
f 2003/2647/2531 1990/2638/2522 2002/2009/1923
f 2003/2647/2531 2002/2009/1923 2015/2011/1925
f 1967/2639/2523 1991/2646/2530 1992/2640/2524
f 1992/2640/2524 1991/2646/2530 2004/2648/2532
f 1992/2640/2524 2004/2648/2532 2005/2641/2525
f 2005/2641/2525 2004/2648/2532 2017/2649/2533
f 2005/2641/2525 2017/2649/2533 2018/2642/2526
f 2018/2642/2526 2017/2649/2533 2030/2650/2534
f 2018/2642/2526 2030/2650/2534 2031/2643/2527
f 2031/2643/2527 2030/2650/2534 2043/2651/2535
f 2031/2643/2527 2043/2651/2535 2044/2644/2528
f 2044/2644/2528 2043/2651/2535 2061/2652/2536
f 2044/2644/2528 2061/2652/2536 2060/2645/2529
f 2060/2645/2529 2061/2652/2536 2057/2653/2537
f 2060/2645/2529 2057/2653/2537 2058/1664/1609
f 2058/1664/1609 2057/2653/2537 2081/1666/1610
f 2004/2648/2532 1991/2646/2530 2003/2647/2531
f 2004/2648/2532 2003/2647/2531 2016/2654/2538
f 2016/2654/2538 2003/2647/2531 2015/2011/1925
f 2016/2654/2538 2015/2011/1925 2028/2013/1927
f 2004/2648/2532 2016/2654/2538 2017/2649/2533
f 2017/2649/2533 2016/2654/2538 2029/2655/2539
f 2017/2649/2533 2029/2655/2539 2030/2650/2534
f 2030/2650/2534 2029/2655/2539 2042/2656/2540
f 2030/2650/2534 2042/2656/2540 2043/2651/2535
f 2043/2651/2535 2042/2656/2540 2062/2657/2541
f 2043/2651/2535 2062/2657/2541 2061/2652/2536
f 2061/2652/2536 2062/2657/2541 2056/2658/2542
f 2061/2652/2536 2056/2658/2542 2057/2653/2537
f 2057/2653/2537 2056/2658/2542 2080/2659/2543
f 2057/2653/2537 2080/2659/2543 2081/1666/1610
f 2081/1666/1610 2080/2659/2543 2093/1668/1611
f 2029/2655/2539 2016/2654/2538 2028/2013/1927
f 2042/2656/2540 2029/2655/2539 2041/2015/1929
f 2041/2015/1929 2029/2655/2539 2028/2013/1927
f 2062/2657/2541 2042/2656/2540 2063/2017/1931
f 2063/2017/1931 2042/2656/2540 2041/2015/1929
f 2047/2087/2001 2048/2660/2544 1450/2085/1999
f 1450/2085/1999 2048/2660/2544 2069/2075/1989
f 1450/2085/1999 2069/2075/1989 2035/2074/1988
f 2069/2075/1989 2048/2660/2544 2049/2076/1990
f 2049/2076/1990 2048/2660/2544 2072/2661/2545
f 2049/2076/1990 2072/2661/2545 2073/2077/1991
f 2073/2077/1991 2072/2661/2545 2085/2662/2546
f 2073/2077/1991 2085/2662/2546 2086/2078/1992
f 2086/2078/1992 2085/2662/2546 2098/2663/2547
f 2086/2078/1992 2098/2663/2547 2099/2079/1993
f 2099/2079/1993 2098/2663/2547 2111/2664/2548
f 2099/2079/1993 2111/2664/2548 2112/2080/1994
f 2112/2080/1994 2111/2664/2548 2135/2665/2549
f 2112/2080/1994 2135/2665/2549 2134/2081/1995
f 2134/2081/1995 2135/2665/2549 2125/2666/2550
f 2134/2081/1995 2125/2666/2550 2126/2082/1996
f 2126/2082/1996 2125/2666/2550 2149/2667/2551
f 2126/2082/1996 2149/2667/2551 2150/2083/1997
f 2150/2083/1997 2149/2667/2551 2162/2668/2552
f 2150/2083/1997 2162/2668/2552 2163/2084/1998
f 2163/2084/1998 2162/2668/2552 2175/2669/2553
f 2163/2084/1998 2175/2669/2553 2176/1682/1618
f 2176/1682/1618 2175/2669/2553 2187/1684/1619
f 2048/2660/2544 2047/2087/2001 2071/2670/2554
f 2071/2670/2554 2047/2087/2001 2070/2089/2003
f 2071/2670/2554 2070/2089/2003 2083/2671/2555
f 2083/2671/2555 2070/2089/2003 2082/2091/2005
f 2083/2671/2555 2082/2091/2005 2095/2672/2556
f 2095/2672/2556 2082/2091/2005 2094/2093/2007
f 2095/2672/2556 2094/2093/2007 2107/2673/2557
f 2107/2673/2557 2094/2093/2007 2106/2095/2009
f 2107/2673/2557 2106/2095/2009 2140/2097/2011
f 2062/2657/2541 2063/2017/1931 2055/2019/1933
f 2062/2657/2541 2055/2019/1933 2056/2658/2542
f 2056/2658/2542 2055/2019/1933 2079/2021/1935
f 2056/2658/2542 2079/2021/1935 2080/2659/2543
f 2080/2659/2543 2079/2021/1935 2092/2023/1937
f 2080/2659/2543 2092/2023/1937 2093/1668/1611
f 2093/1668/1611 2092/2023/1937 2105/1670/1612
f 2048/2660/2544 2071/2670/2554 2072/2661/2545
f 2072/2661/2545 2071/2670/2554 2084/2674/2558
f 2072/2661/2545 2084/2674/2558 2085/2662/2546
f 2085/2662/2546 2084/2674/2558 2097/2675/2559
f 2085/2662/2546 2097/2675/2559 2098/2663/2547
f 2098/2663/2547 2097/2675/2559 2110/2676/2560
f 2098/2663/2547 2110/2676/2560 2111/2664/2548
f 2111/2664/2548 2110/2676/2560 2136/2677/2561
f 2111/2664/2548 2136/2677/2561 2135/2665/2549
f 2135/2665/2549 2136/2677/2561 2124/2678/2562
f 2135/2665/2549 2124/2678/2562 2125/2666/2550
f 2125/2666/2550 2124/2678/2562 2148/2679/2563
f 2125/2666/2550 2148/2679/2563 2149/2667/2551
f 2149/2667/2551 2148/2679/2563 2161/2680/2564
f 2149/2667/2551 2161/2680/2564 2162/2668/2552
f 2162/2668/2552 2161/2680/2564 2174/2681/2565
f 2162/2668/2552 2174/2681/2565 2175/2669/2553
f 2175/2669/2553 2174/2681/2565 2186/2682/2566
f 2175/2669/2553 2186/2682/2566 2187/1684/1619
f 2187/1684/1619 2186/2682/2566 2200/1686/1620
f 2084/2674/2558 2071/2670/2554 2083/2671/2555
f 2084/2674/2558 2083/2671/2555 2096/2683/2567
f 2096/2683/2567 2083/2671/2555 2095/2672/2556
f 2096/2683/2567 2095/2672/2556 2108/2684/2568
f 2108/2684/2568 2095/2672/2556 2107/2673/2557
f 2108/2684/2568 2107/2673/2557 2139/2685/2569
f 2139/2685/2569 2107/2673/2557 2140/2097/2011
f 2139/2685/2569 2140/2097/2011 2120/2099/2013
f 2084/2674/2558 2096/2683/2567 2097/2675/2559
f 2097/2675/2559 2096/2683/2567 2109/2686/2570
f 2097/2675/2559 2109/2686/2570 2110/2676/2560
f 2110/2676/2560 2109/2686/2570 2137/2687/2571
f 2110/2676/2560 2137/2687/2571 2136/2677/2561
f 2136/2677/2561 2137/2687/2571 2123/2688/2572
f 2136/2677/2561 2123/2688/2572 2124/2678/2562
f 2124/2678/2562 2123/2688/2572 2147/2689/2573
f 2124/2678/2562 2147/2689/2573 2148/2679/2563
f 2148/2679/2563 2147/2689/2573 2160/2690/2574
f 2148/2679/2563 2160/2690/2574 2161/2680/2564
f 2161/2680/2564 2160/2690/2574 2173/2691/2575
f 2161/2680/2564 2173/2691/2575 2174/2681/2565
f 2174/2681/2565 2173/2691/2575 2185/2692/2576
f 2174/2681/2565 2185/2692/2576 2186/2682/2566
f 2186/2682/2566 2185/2692/2576 2201/2693/2577
f 2186/2682/2566 2201/2693/2577 2200/1686/1620
f 2200/1686/1620 2201/2693/2577 2199/1688/1621
f 2109/2686/2570 2096/2683/2567 2108/2684/2568
f 2109/2686/2570 2108/2684/2568 2138/2694/2578
f 2138/2694/2578 2108/2684/2568 2139/2685/2569
f 2138/2694/2578 2139/2685/2569 2121/2695/2579
f 2121/2695/2579 2139/2685/2569 2120/2099/2013
f 2121/2695/2579 2120/2099/2013 2144/2101/2015
f 2121/2695/2579 2122/2696/2580 2138/2694/2578
f 2138/2694/2578 2122/2696/2580 2137/2687/2571
f 2138/2694/2578 2137/2687/2571 2109/2686/2570
f 2137/2687/2571 2122/2696/2580 2123/2688/2572
f 2123/2688/2572 2122/2696/2580 2146/2697/2581
f 2123/2688/2572 2146/2697/2581 2147/2689/2573
f 2147/2689/2573 2146/2697/2581 2159/2698/2582
f 2147/2689/2573 2159/2698/2582 2160/2690/2574
f 2160/2690/2574 2159/2698/2582 2172/2699/2583
f 2160/2690/2574 2172/2699/2583 2173/2691/2575
f 2173/2691/2575 2172/2699/2583 2184/2700/2584
f 2173/2691/2575 2184/2700/2584 2185/2692/2576
f 2185/2692/2576 2184/2700/2584 2202/2701/2585
f 2185/2692/2576 2202/2701/2585 2201/2693/2577
f 2201/2693/2577 2202/2701/2585 2198/2702/2586
f 2201/2693/2577 2198/2702/2586 2199/1688/1621
f 2199/1688/1621 2198/2702/2586 2223/1690/1622
f 2122/2696/2580 2121/2695/2579 2145/2703/2587
f 2145/2703/2587 2121/2695/2579 2144/2101/2015
f 2145/2703/2587 2144/2101/2015 2157/2103/2017
f 2122/2696/2580 2145/2703/2587 2146/2697/2581
f 2146/2697/2581 2145/2703/2587 2158/2704/2588
f 2146/2697/2581 2158/2704/2588 2159/2698/2582
f 2159/2698/2582 2158/2704/2588 2171/2705/2589
f 2159/2698/2582 2171/2705/2589 2172/2699/2583
f 2172/2699/2583 2171/2705/2589 2183/2706/2590
f 2172/2699/2583 2183/2706/2590 2184/2700/2584
f 2184/2700/2584 2183/2706/2590 2203/2707/2591
f 2184/2700/2584 2203/2707/2591 2202/2701/2585
f 2202/2701/2585 2203/2707/2591 2197/2708/2592
f 2202/2701/2585 2197/2708/2592 2198/2702/2586
f 2198/2702/2586 2197/2708/2592 2222/2709/2593
f 2198/2702/2586 2222/2709/2593 2223/1690/1622
f 2223/1690/1622 2222/2709/2593 2235/1692/1623
f 2158/2704/2588 2145/2703/2587 2157/2103/2017
f 2171/2705/2589 2158/2704/2588 2170/2105/2019
f 2170/2105/2019 2158/2704/2588 2157/2103/2017
f 2183/2706/2590 2171/2705/2589 2182/2107/2021
f 2182/2107/2021 2171/2705/2589 2170/2105/2019
f 2203/2707/2591 2183/2706/2590 2204/2109/2023
f 2204/2109/2023 2183/2706/2590 2182/2107/2021
f 2203/2707/2591 2204/2109/2023 2196/2111/2025
f 2203/2707/2591 2196/2111/2025 2197/2708/2592
f 2197/2708/2592 2196/2111/2025 2221/2113/2027
f 2197/2708/2592 2221/2113/2027 2222/2709/2593
f 2222/2709/2593 2221/2113/2027 2234/2115/2029
f 2222/2709/2593 2234/2115/2029 2235/1692/1623
f 2235/1692/1623 2234/2115/2029 2247/1694/1625
f 1432/2374/2255 2252/2381/2265 2253/2375/2259
f 2253/2375/2259 2252/2381/2265 2278/2710/2594
f 2253/2375/2259 2278/2710/2594 2277/2376/2260
f 2277/2376/2260 2278/2710/2594 2266/2711/2595
f 2277/2376/2260 2266/2711/2595 2267/2377/2261
f 2267/2377/2261 2266/2711/2595 2290/2712/2596
f 2267/2377/2261 2290/2712/2596 2291/2378/2262
f 2291/2378/2262 2290/2712/2596 2303/2713/2597
f 2291/2378/2262 2303/2713/2597 2304/2379/2263
f 2304/2379/2263 2303/2713/2597 2316/2714/2598
f 2304/2379/2263 2316/2714/2598 2317/2380/2264
f 2317/2380/2264 2316/2714/2598 2329/2715/2599
f 2317/2380/2264 2329/2715/2599 2330/1712/1637
f 2330/1712/1637 2329/2715/2599 2343/1714/1638
f 2278/2710/2594 2252/2381/2265 2279/2382/2266
f 2278/2710/2594 2279/2382/2266 2265/2716/2600
f 2265/2716/2600 2279/2382/2266 2264/2383/2267
f 2265/2716/2600 2264/2383/2267 2288/2717/2601
f 2288/2717/2601 2264/2383/2267 2287/2384/2268
f 2288/2717/2601 2287/2384/2268 2300/2718/2602
f 2300/2718/2602 2287/2384/2268 2299/2215/2121
f 2300/2718/2602 2299/2215/2121 2312/2217/2123
f 2278/2710/2594 2265/2716/2600 2266/2711/2595
f 2266/2711/2595 2265/2716/2600 2289/2719/2603
f 2266/2711/2595 2289/2719/2603 2290/2712/2596
f 2290/2712/2596 2289/2719/2603 2302/2720/2604
f 2290/2712/2596 2302/2720/2604 2303/2713/2597
f 2303/2713/2597 2302/2720/2604 2315/2721/2605
f 2303/2713/2597 2315/2721/2605 2316/2714/2598
f 2316/2714/2598 2315/2721/2605 2328/2722/2606
f 2316/2714/2598 2328/2722/2606 2329/2715/2599
f 2329/2715/2599 2328/2722/2606 2344/2723/2607
f 2329/2715/2599 2344/2723/2607 2343/1714/1638
f 2343/1714/1638 2344/2723/2607 2342/1716/1639
f 2289/2719/2603 2265/2716/2600 2288/2717/2601
f 2289/2719/2603 2288/2717/2601 2301/2724/2608
f 2301/2724/2608 2288/2717/2601 2300/2718/2602
f 2301/2724/2608 2300/2718/2602 2313/2725/2609
f 2313/2725/2609 2300/2718/2602 2312/2217/2123
f 2313/2725/2609 2312/2217/2123 2325/2219/2125
f 2289/2719/2603 2301/2724/2608 2302/2720/2604
f 2302/2720/2604 2301/2724/2608 2314/2726/2610
f 2302/2720/2604 2314/2726/2610 2315/2721/2605
f 2315/2721/2605 2314/2726/2610 2327/2727/2611
f 2315/2721/2605 2327/2727/2611 2328/2722/2606
f 2328/2722/2606 2327/2727/2611 2345/2728/2612
f 2328/2722/2606 2345/2728/2612 2344/2723/2607
f 2344/2723/2607 2345/2728/2612 2341/2729/2613
f 2344/2723/2607 2341/2729/2613 2342/1716/1639
f 2342/1716/1639 2341/2729/2613 2365/1718/1640
f 2314/2726/2610 2301/2724/2608 2313/2725/2609
f 2314/2726/2610 2313/2725/2609 2326/2730/2614
f 2326/2730/2614 2313/2725/2609 2325/2219/2125
f 2326/2730/2614 2325/2219/2125 2347/2221/2127
f 2314/2726/2610 2326/2730/2614 2327/2727/2611
f 2327/2727/2611 2326/2730/2614 2346/2731/2615
f 2327/2727/2611 2346/2731/2615 2345/2728/2612
f 2345/2728/2612 2346/2731/2615 2340/2732/2616
f 2345/2728/2612 2340/2732/2616 2341/2729/2613
f 2341/2729/2613 2340/2732/2616 2364/2733/2617
f 2341/2729/2613 2364/2733/2617 2365/1718/1640
f 2365/1718/1640 2364/2733/2617 2377/1720/1641
f 2346/2731/2615 2326/2730/2614 2347/2221/2127
f 2331/2291/2197 2332/2734/2618 1441/2289/2195
f 1441/2289/2195 2332/2734/2618 2353/2279/2185
f 1441/2289/2195 2353/2279/2185 2319/2278/2184
f 2353/2279/2185 2332/2734/2618 2333/2280/2186
f 2333/2280/2186 2332/2734/2618 2356/2735/2619
f 2333/2280/2186 2356/2735/2619 2357/2281/2187
f 2357/2281/2187 2356/2735/2619 2369/2736/2620
f 2357/2281/2187 2369/2736/2620 2370/2282/2188
f 2370/2282/2188 2369/2736/2620 2382/2737/2621
f 2370/2282/2188 2382/2737/2621 2383/2283/2189
f 2383/2283/2189 2382/2737/2621 2394/2738/2622
f 2383/2283/2189 2394/2738/2622 2395/2284/2190
f 2395/2284/2190 2394/2738/2622 2418/2739/2623
f 2395/2284/2190 2418/2739/2623 2417/2285/2191
f 2417/2285/2191 2418/2739/2623 2408/2740/2624
f 2417/2285/2191 2408/2740/2624 2409/2286/2192
f 2409/2286/2192 2408/2740/2624 2433/2741/2625
f 2409/2286/2192 2433/2741/2625 2434/2287/2193
f 2434/2287/2193 2433/2741/2625 2446/2742/2626
f 2434/2287/2193 2446/2742/2626 2447/2288/2194
f 2447/2288/2194 2446/2742/2626 2459/2743/2627
f 2447/2288/2194 2459/2743/2627 2460/1734/1648
f 2460/1734/1648 2459/2743/2627 2472/1563/1538
f 2332/2734/2618 2331/2291/2197 2355/2744/2628
f 2355/2744/2628 2331/2291/2197 2354/2293/2199
f 2355/2744/2628 2354/2293/2199 2367/2745/2629
f 2367/2745/2629 2354/2293/2199 2366/2295/2201
f 2367/2745/2629 2366/2295/2201 2379/2746/2630
f 2379/2746/2630 2366/2295/2201 2378/2297/2203
f 2379/2746/2630 2378/2297/2203 2390/2747/2631
f 2390/2747/2631 2378/2297/2203 1442/2299/2205
f 2390/2747/2631 1442/2299/2205 2423/2748/2632
f 2423/2748/2632 1442/2299/2205 2424/2301/2207
f 2423/2748/2632 2424/2301/2207 2402/2303/2209
f 2346/2731/2615 2347/2221/2127 2339/2223/2129
f 2346/2731/2615 2339/2223/2129 2340/2732/2616
f 2340/2732/2616 2339/2223/2129 2363/2225/2131
f 2340/2732/2616 2363/2225/2131 2364/2733/2617
f 2364/2733/2617 2363/2225/2131 2376/2227/2133
f 2364/2733/2617 2376/2227/2133 2377/1720/1641
f 2377/1720/1641 2376/2227/2133 2389/1722/1642
f 2332/2734/2618 2355/2744/2628 2356/2735/2619
f 2356/2735/2619 2355/2744/2628 2368/2749/2633
f 2356/2735/2619 2368/2749/2633 2369/2736/2620
f 2369/2736/2620 2368/2749/2633 2381/2750/2634
f 2369/2736/2620 2381/2750/2634 2382/2737/2621
f 2382/2737/2621 2381/2750/2634 2393/2751/2635
f 2382/2737/2621 2393/2751/2635 2394/2738/2622
f 2394/2738/2622 2393/2751/2635 2419/2752/2636
f 2394/2738/2622 2419/2752/2636 2418/2739/2623
f 2418/2739/2623 2419/2752/2636 2407/2753/2637
f 2418/2739/2623 2407/2753/2637 2408/2740/2624
f 2408/2740/2624 2407/2753/2637 2432/2754/2638
f 2408/2740/2624 2432/2754/2638 2433/2741/2625
f 2433/2741/2625 2432/2754/2638 2445/2755/2639
f 2433/2741/2625 2445/2755/2639 2446/2742/2626
f 2446/2742/2626 2445/2755/2639 2458/2756/2640
f 2446/2742/2626 2458/2756/2640 2459/2743/2627
f 2459/2743/2627 2458/2756/2640 2471/1561/1536
f 2459/2743/2627 2471/1561/1536 2472/1563/1538
f 2368/2749/2633 2355/2744/2628 2367/2745/2629
f 2368/2749/2633 2367/2745/2629 2380/2757/2641
f 2380/2757/2641 2367/2745/2629 2379/2746/2630
f 2380/2757/2641 2379/2746/2630 2391/2758/2642
f 2391/2758/2642 2379/2746/2630 2390/2747/2631
f 2391/2758/2642 2390/2747/2631 2422/2759/2643
f 2422/2759/2643 2390/2747/2631 2423/2748/2632
f 2422/2759/2643 2423/2748/2632 2403/2760/2644
f 2403/2760/2644 2423/2748/2632 2402/2303/2209
f 2403/2760/2644 2402/2303/2209 2427/2305/2211
f 2368/2749/2633 2380/2757/2641 2381/2750/2634
f 2381/2750/2634 2380/2757/2641 2392/2761/2645
f 2381/2750/2634 2392/2761/2645 2393/2751/2635
f 2393/2751/2635 2392/2761/2645 2420/2762/2646
f 2393/2751/2635 2420/2762/2646 2419/2752/2636
f 2419/2752/2636 2420/2762/2646 2406/2763/2647
f 2419/2752/2636 2406/2763/2647 2407/2753/2637
f 2407/2753/2637 2406/2763/2647 2431/2764/2648
f 2407/2753/2637 2431/2764/2648 2432/2754/2638
f 2432/2754/2638 2431/2764/2648 2444/2765/2649
f 2432/2754/2638 2444/2765/2649 2445/2755/2639
f 2445/2755/2639 2444/2765/2649 2457/2766/2650
f 2445/2755/2639 2457/2766/2650 2458/2756/2640
f 2458/2756/2640 2457/2766/2650 2470/1559/1534
f 2458/2756/2640 2470/1559/1534 2471/1561/1536
f 2392/2761/2645 2380/2757/2641 2391/2758/2642
f 2392/2761/2645 2391/2758/2642 2421/2767/2651
f 2421/2767/2651 2391/2758/2642 2422/2759/2643
f 2421/2767/2651 2422/2759/2643 2404/2768/2652
f 2404/2768/2652 2422/2759/2643 2403/2760/2644
f 2404/2768/2652 2403/2760/2644 2428/2769/2653
f 2428/2769/2653 2403/2760/2644 2427/2305/2211
f 2428/2769/2653 2427/2305/2211 2440/2307/2213
f 2404/2768/2652 2405/2770/2654 2421/2767/2651
f 2421/2767/2651 2405/2770/2654 2420/2762/2646
f 2421/2767/2651 2420/2762/2646 2392/2761/2645
f 2420/2762/2646 2405/2770/2654 2406/2763/2647
f 2406/2763/2647 2405/2770/2654 2430/2771/2655
f 2406/2763/2647 2430/2771/2655 2431/2764/2648
f 2431/2764/2648 2430/2771/2655 2443/2772/2656
f 2431/2764/2648 2443/2772/2656 2444/2765/2649
f 2444/2765/2649 2443/2772/2656 2456/2773/2657
f 2444/2765/2649 2456/2773/2657 2457/2766/2650
f 2457/2766/2650 2456/2773/2657 2469/1557/1532
f 2457/2766/2650 2469/1557/1532 2470/1559/1534
f 2405/2770/2654 2404/2768/2652 2429/2774/2658
f 2429/2774/2658 2404/2768/2652 2428/2769/2653
f 2429/2774/2658 2428/2769/2653 2441/2775/2659
f 2441/2775/2659 2428/2769/2653 2440/2307/2213
f 2441/2775/2659 2440/2307/2213 2453/2309/2215
f 2405/2770/2654 2429/2774/2658 2430/2771/2655
f 2430/2771/2655 2429/2774/2658 2442/2776/2660
f 2430/2771/2655 2442/2776/2660 2443/2772/2656
f 2443/2772/2656 2442/2776/2660 2455/2777/2661
f 2443/2772/2656 2455/2777/2661 2456/2773/2657
f 2456/2773/2657 2455/2777/2661 2468/1555/1530
f 2456/2773/2657 2468/1555/1530 2469/1557/1532
f 2442/2776/2660 2429/2774/2658 2441/2775/2659
f 2442/2776/2660 2441/2775/2659 2454/2778/2662
f 2454/2778/2662 2441/2775/2659 2453/2309/2215
f 2454/2778/2662 2453/2309/2215 2466/1551/1526
f 2442/2776/2660 2454/2778/2662 2455/2777/2661
f 2455/2777/2661 2454/2778/2662 2467/1553/1528
f 2455/2777/2661 2467/1553/1528 2468/1555/1530
f 2467/1553/1528 2454/2778/2662 2466/1551/1526
usemtl Aluminum_-_Cast
f 1354/2779/2663 1353/2780/2664 2496/2781/2665
f 2496/2781/2665 1353/2780/2664 1427/2782/2666
f 2496/2781/2665 1427/2782/2666 2526/2783/2667
f 2526/2783/2667 1427/2782/2666 1426/2784/2668
f 2526/2783/2667 1426/2784/2668 1425/2785/2669
f 1425/2785/2669 1424/2786/2670 2526/2783/2667
f 2526/2783/2667 1424/2786/2670 2525/2787/2671
f 2525/2787/2671 1424/2786/2670 1423/2788/2672
f 2525/2787/2671 1423/2788/2672 1422/2789/2673
f 2525/2787/2671 1422/2789/2673 2524/2790/2674
f 2524/2790/2674 1422/2789/2673 1421/2791/2675
f 2524/2790/2674 1421/2791/2675 1420/2792/2676
f 1420/2792/2676 1419/2793/2677 2524/2790/2674
f 2524/2790/2674 1419/2793/2677 2523/2794/2678
f 2523/2794/2678 1419/2793/2677 1418/2795/2679
f 2523/2794/2678 1418/2795/2679 1417/2796/2680
f 2523/2794/2678 1417/2796/2680 2522/2797/2681
f 2522/2797/2681 1417/2796/2680 1416/2798/2682
f 2522/2797/2681 1416/2798/2682 1415/2799/2683
f 2522/2797/2681 1415/2799/2683 2521/2800/2684
f 2521/2800/2684 1415/2799/2683 1414/2801/2685
f 2521/2800/2684 1414/2801/2685 1413/2802/2686
f 1413/2802/2686 1412/2803/2687 2521/2800/2684
f 2521/2800/2684 1412/2803/2687 2520/2804/2688
f 2520/2804/2688 1412/2803/2687 1411/2805/2689
f 2520/2804/2688 1411/2805/2689 1410/2806/2690
f 2520/2804/2688 1410/2806/2690 2519/2807/2691
f 2519/2807/2691 1410/2806/2690 1409/2808/2692
f 2519/2807/2691 1409/2808/2692 1408/2809/2693
f 1408/2809/2693 1407/2810/2694 2519/2807/2691
f 2519/2807/2691 1407/2810/2694 2518/2811/2695
f 2518/2811/2695 1407/2810/2694 1406/2812/2696
f 2518/2811/2695 1406/2812/2696 1405/2813/2697
f 2518/2811/2695 1405/2813/2697 2517/2814/2698
f 2517/2814/2698 1405/2813/2697 1404/2815/2699
f 2517/2814/2698 1404/2815/2699 1403/2816/2700
f 2517/2814/2698 1403/2816/2700 2516/2817/2701
f 2516/2817/2701 1403/2816/2700 1402/2818/2702
f 2516/2817/2701 1402/2818/2702 1401/2819/2703
f 1401/2819/2703 1400/2820/2704 2516/2817/2701
f 2516/2817/2701 1400/2820/2704 2515/2821/2705
f 2515/2821/2705 1400/2820/2704 1399/2822/2706
f 2515/2821/2705 1399/2822/2706 1398/2823/2707
f 2515/2821/2705 1398/2823/2707 2514/2824/2708
f 2514/2824/2708 1398/2823/2707 1397/2825/2709
f 2514/2824/2708 1397/2825/2709 1396/2826/2710
f 1396/2826/2710 1395/2827/2711 2514/2824/2708
f 2514/2824/2708 1395/2827/2711 2513/2828/2712
f 2513/2828/2712 1395/2827/2711 1394/2829/2713
f 2513/2828/2712 1394/2829/2713 1393/2830/2714
f 2513/2828/2712 1393/2830/2714 2512/2831/2715
f 2512/2831/2715 1393/2830/2714 1392/2832/2716
f 2512/2831/2715 1392/2832/2716 1391/2833/2717
f 1391/2833/2717 1390/2834/2718 2512/2831/2715
f 2512/2831/2715 1390/2834/2718 2511/2835/2719
f 2511/2835/2719 1390/2834/2718 1389/2836/2720
f 2511/2835/2719 1389/2836/2720 1388/2837/2721
f 2511/2835/2719 1388/2837/2721 2510/2838/2722
f 2510/2838/2722 1388/2837/2721 1387/2839/2723
f 2510/2838/2722 1387/2839/2723 1386/2840/2724
f 2510/2838/2722 1386/2840/2724 2509/2841/2725
f 2509/2841/2725 1386/2840/2724 1385/2842/2726
f 2509/2841/2725 1385/2842/2726 1384/2843/2727
f 1384/2843/2727 1383/2844/2728 2509/2841/2725
f 2509/2841/2725 1383/2844/2728 2508/2845/2729
f 2508/2845/2729 1383/2844/2728 1382/2846/2730
f 2508/2845/2729 1382/2846/2730 1381/2847/2731
f 2508/2845/2729 1381/2847/2731 2507/2848/2732
f 2507/2848/2732 1381/2847/2731 1380/2849/2733
f 2507/2848/2732 1380/2849/2733 1379/2850/2734
f 1379/2850/2734 1378/2851/2735 2507/2848/2732
f 2507/2848/2732 1378/2851/2735 2506/2852/2736
f 2506/2852/2736 1378/2851/2735 1377/2853/2737
f 2506/2852/2736 1377/2853/2737 1376/2854/2738
f 2506/2852/2736 1376/2854/2738 2505/2855/2739
f 2505/2855/2739 1376/2854/2738 1375/2856/2740
f 2505/2855/2739 1375/2856/2740 1374/2857/2741
f 1374/2857/2741 1373/2858/2742 2505/2855/2739
f 2505/2855/2739 1373/2858/2742 2504/2859/2743
f 2504/2859/2743 1373/2858/2742 1372/2860/2744
f 2504/2859/2743 1372/2860/2744 1371/2861/2745
f 2504/2859/2743 1371/2861/2745 2503/2862/2746
f 2503/2862/2746 1371/2861/2745 1370/2863/2747
f 2503/2862/2746 1370/2863/2747 1369/2864/2748
f 2503/2862/2746 1369/2864/2748 2502/2865/2749
f 2502/2865/2749 1369/2864/2748 1368/2866/2750
f 2502/2865/2749 1368/2866/2750 1367/2867/2751
f 1367/2867/2751 1366/2868/2752 2502/2865/2749
f 2502/2865/2749 1366/2868/2752 2501/2869/2753
f 2501/2869/2753 1366/2868/2752 1365/2870/2754
f 2501/2869/2753 1365/2870/2754 1364/2871/2755
f 2501/2869/2753 1364/2871/2755 2500/2872/2756
f 2500/2872/2756 1364/2871/2755 1363/2873/2757
f 2500/2872/2756 1363/2873/2757 1362/2874/2758
f 1362/2874/2758 1361/2875/2759 2500/2872/2756
f 2500/2872/2756 1361/2875/2759 2499/2876/2760
f 2499/2876/2760 1361/2875/2759 1360/2877/2761
f 2499/2876/2760 1360/2877/2761 1359/2878/2762
f 2499/2876/2760 1359/2878/2762 2498/2879/2763
f 2498/2879/2763 1359/2878/2762 1358/2880/2764
f 2498/2879/2763 1358/2880/2764 1357/2881/2765
f 2498/2879/2763 1357/2881/2765 2497/2882/2766
f 2497/2882/2766 1357/2881/2765 1356/2883/2767
f 2497/2882/2766 1356/2883/2767 1355/2884/2768
f 1355/2884/2768 1354/2779/2663 2497/2882/2766
f 2497/2882/2766 1354/2779/2663 2496/2781/2665
usemtl Steel_-_Satin
f 2526/2885/2769 2538/2886/2770 2496/2887/2771
f 2496/2887/2771 2538/2886/2770 2539/2888/2772
f 2496/2887/2771 2539/2888/2772 2497/2889/2773
f 2497/2889/2773 2539/2888/2772 2540/2890/2774
f 2497/2889/2773 2540/2890/2774 2498/2891/2775
f 2498/2891/2775 2540/2890/2774 2541/2892/2776
f 2498/2891/2775 2541/2892/2776 2499/2893/2777
f 2499/2893/2777 2541/2892/2776 2542/2894/2778
f 2499/2893/2777 2542/2894/2778 2500/2895/2779
f 2500/2895/2779 2542/2894/2778 2543/2896/2780
f 2500/2895/2779 2543/2896/2780 2501/2897/2781
f 2501/2897/2781 2543/2896/2780 2544/2898/2782
f 2501/2897/2781 2544/2898/2782 2502/2899/2783
f 2502/2899/2783 2544/2898/2782 2545/2900/2784
f 2502/2899/2783 2545/2900/2784 2503/2901/2785
f 2503/2901/2785 2545/2900/2784 2546/2902/2786
f 2503/2901/2785 2546/2902/2786 2504/2903/2787
f 2504/2903/2787 2546/2902/2786 2547/2904/2788
f 2504/2903/2787 2547/2904/2788 2505/2905/2789
f 2505/2905/2789 2547/2904/2788 2548/2906/2790
f 2505/2905/2789 2548/2906/2790 2506/2907/2791
f 2506/2907/2791 2548/2906/2790 2549/2908/2792
f 2506/2907/2791 2549/2908/2792 2507/2909/2793
f 2507/2909/2793 2549/2908/2792 2550/2910/2794
f 2507/2909/2793 2550/2910/2794 2508/2911/2795
f 2508/2911/2795 2550/2910/2794 2551/2912/2796
f 2508/2911/2795 2551/2912/2796 2587/2913/2797
f 2587/2913/2797 2551/2912/2796 2586/2914/2798
f 2586/2914/2798 2551/2912/2796 2552/2915/2799
f 2586/2914/2798 2552/2915/2799 2585/2916/2800
f 2585/2916/2800 2552/2915/2799 2553/2917/2801
f 2585/2916/2800 2553/2917/2801 2584/2918/2802
f 2584/2918/2802 2553/2917/2801 2554/2919/2803
f 2584/2918/2802 2554/2919/2803 2583/2920/2804
f 2583/2920/2804 2554/2919/2803 2555/2921/2805
f 2583/2920/2804 2555/2921/2805 2582/2922/2806
f 2582/2922/2806 2555/2921/2805 2556/2923/2807
f 2582/2922/2806 2556/2923/2807 2581/2924/2808
f 2581/2924/2808 2556/2923/2807 2557/2925/2809
f 2581/2924/2808 2557/2925/2809 2580/2926/2810
f 2580/2926/2810 2557/2925/2809 2558/2927/2811
f 2580/2926/2810 2558/2927/2811 2579/2928/2812
f 2579/2928/2812 2558/2927/2811 2559/2929/2813
f 2579/2928/2812 2559/2929/2813 2578/2930/2814
f 2578/2930/2814 2559/2929/2813 2560/2931/2815
f 2578/2930/2814 2560/2931/2815 2577/2932/2816
f 2577/2932/2816 2560/2931/2815 2561/2933/2817
f 2577/2932/2816 2561/2933/2817 2576/2934/2818
f 2576/2934/2818 2561/2933/2817 2562/2935/2819
f 2576/2934/2818 2562/2935/2819 2575/2936/2820
f 2575/2936/2820 2562/2935/2819 2563/2937/2821
f 2575/2936/2820 2563/2937/2821 2605/2938/2822
f 2605/2938/2822 2563/2937/2821 2564/2939/2823
f 2605/2938/2822 2564/2939/2823 2604/2940/2824
f 2604/2940/2824 2564/2939/2823 2565/2941/2825
f 2604/2940/2824 2565/2941/2825 2603/2942/2826
f 2603/2942/2826 2565/2941/2825 2566/2943/2827
f 2603/2942/2826 2566/2943/2827 2602/2944/2828
f 2602/2944/2828 2566/2943/2827 2567/2945/2829
f 2602/2944/2828 2567/2945/2829 2601/2946/2830
f 2601/2946/2830 2567/2945/2829 2568/2947/2831
f 2601/2946/2830 2568/2947/2831 2600/2948/2832
f 2600/2948/2832 2568/2947/2831 2569/2949/2833
f 2600/2948/2832 2569/2949/2833 2599/2950/2834
f 2599/2950/2834 2569/2949/2833 2570/2951/2835
f 2599/2950/2834 2570/2951/2835 2598/2952/2836
f 2598/2952/2836 2570/2951/2835 2571/2953/2837
f 2598/2954/2836 2571/2955/2837 2597/2956/2838
f 2597/2956/2838 2571/2955/2837 2572/2957/2839
f 2597/2956/2838 2572/2957/2839 2596/2958/2840
f 2596/2958/2840 2572/2957/2839 2573/2959/2841
f 2596/2958/2840 2573/2959/2841 2595/2960/2842
f 2595/2960/2842 2573/2959/2841 2574/2961/2843
f 2595/2960/2842 2574/2961/2843 2594/2962/2844
f 2594/2962/2844 2574/2961/2843 2515/2963/2845
f 2594/2962/2844 2515/2963/2845 2514/2964/2846
f 2538/2886/2770 2526/2885/2769 2537/2965/2847
f 2537/2965/2847 2526/2885/2769 2525/2966/2848
f 2537/2965/2847 2525/2966/2848 2536/2967/2849
f 2536/2967/2849 2525/2966/2848 2524/2968/2850
f 2536/2967/2849 2524/2968/2850 2535/2969/2851
f 2535/2969/2851 2524/2968/2850 2523/2970/2852
f 2535/2969/2851 2523/2970/2852 2534/2971/2853
f 2534/2971/2853 2523/2970/2852 2522/2972/2854
f 2534/2971/2853 2522/2972/2854 2533/2973/2855
f 2533/2973/2855 2522/2972/2854 2521/2974/2856
f 2533/2973/2855 2521/2974/2856 2532/2975/2857
f 2532/2975/2857 2521/2974/2856 2520/2976/2858
f 2532/2975/2857 2520/2976/2858 2531/2977/2859
f 2531/2977/2859 2520/2976/2858 2519/2978/2860
f 2531/2977/2859 2519/2978/2860 2530/2979/2861
f 2530/2980/2861 2519/2981/2860 2518/2982/2862
f 2530/2980/2861 2518/2982/2862 2529/2983/2863
f 2529/2983/2863 2518/2982/2862 2517/2984/2864
f 2529/2983/2863 2517/2984/2864 2528/2985/2865
f 2528/2985/2865 2517/2984/2864 2516/2986/2866
f 2528/2985/2865 2516/2986/2866 2527/2987/2867
f 2527/2987/2867 2516/2986/2866 2515/2963/2845
f 2527/2987/2867 2515/2963/2845 2574/2961/2843
f 2594/2962/2844 2514/2964/2846 2593/2988/2868
f 2593/2988/2868 2514/2964/2846 2513/2989/2869
f 2593/2988/2868 2513/2989/2869 2592/2990/2870
f 2592/2990/2870 2513/2989/2869 2512/2991/2871
f 2592/2990/2870 2512/2991/2871 2591/2992/2872
f 2591/2992/2872 2512/2991/2871 2511/2993/2873
f 2591/2992/2872 2511/2993/2873 2590/2994/2874
f 2590/2994/2874 2511/2993/2873 2510/2995/2875
f 2590/2994/2874 2510/2995/2875 2589/2996/2876
f 2589/2996/2876 2510/2995/2875 2509/2997/2877
f 2589/2996/2876 2509/2997/2877 2588/2998/2878
f 2588/2998/2878 2509/2997/2877 2508/2911/2795
f 2588/2998/2878 2508/2911/2795 2587/2913/2797
f 2607/2999/2879 2540/3000/2880 2606/3001/2881
f 2606/3001/2881 2540/3000/2880 2539/3002/2882
f 2606/3001/2881 2539/3002/2882 2538/3003/2883
f 2608/3004/2884 2544/3005/2885 2607/2999/2879
f 2607/2999/2879 2544/3005/2885 2543/3006/2886
f 2607/2999/2879 2543/3006/2886 2542/3007/2887
f 2550/3008/2888 2549/3009/2889 2608/3004/2884
f 2608/3004/2884 2549/3009/2889 2548/3010/2890
f 2608/3004/2884 2548/3010/2890 2547/3011/2891
f 2547/3011/2891 2546/3012/2892 2608/3004/2884
f 2608/3004/2884 2546/3012/2892 2545/3013/2893
f 2608/3004/2884 2545/3013/2893 2544/3005/2885
f 2542/3007/2887 2541/3014/2894 2607/2999/2879
f 2607/2999/2879 2541/3014/2894 2540/3000/2880
f 2538/3003/2883 2537/3015/2895 2606/3001/2881
f 2606/3001/2881 2537/3015/2895 2536/3016/2896
f 2606/3001/2881 2536/3016/2896 2535/3017/2897
f 2535/3017/2897 2534/3018/2898 2606/3001/2881
f 2606/3001/2881 2534/3018/2898 2533/3019/2899
f 2606/3001/2881 2533/3019/2899 2609/3020/2900
f 2609/3020/2900 2533/3019/2899 2532/3021/2901
f 2609/3020/2900 2532/3021/2901 2531/3022/2902
f 2531/3022/2902 2530/3023/2903 2609/3020/2900
f 2609/3020/2900 2530/3023/2903 2529/3024/2904
f 2609/3020/2900 2529/3024/2904 2528/3025/2905
f 2528/3025/2905 2527/3026/2906 2609/3020/2900
f 2657/3027/2907 2607/3028/2908 2611/3029/2909
f 2611/3029/2909 2607/3028/2908 2606/3030/2910
f 2611/3029/2909 2606/3030/2910 2610/3031/2911
f 2611/3029/2909 2612/3032/2912 2657/3027/2907
f 2657/3027/2907 2612/3032/2912 2656/3033/2913
f 2656/3033/2913 2612/3032/2912 2613/3034/2914
f 2656/3033/2913 2613/3034/2914 2655/3035/2915
f 2655/3035/2915 2613/3034/2914 2614/3036/2916
f 2655/3035/2915 2614/3036/2916 2654/3037/2917
f 2654/3037/2917 2614/3036/2916 2615/3038/2918
f 2654/3037/2917 2615/3038/2918 2653/3039/2919
f 2653/3039/2919 2615/3038/2918 2616/3040/2920
f 2653/3039/2919 2616/3040/2920 2652/3041/2921
f 2652/3041/2921 2616/3040/2920 2617/3042/2922
f 2652/3041/2921 2617/3042/2922 2618/3043/2923
f 2619/3044/2924 2620/3045/2925 2618/3043/2923
f 2618/3043/2923 2620/3045/2925 2621/3046/2926
f 2618/3043/2923 2621/3046/2926 2622/3047/2927
f 2622/3047/2927 2623/3048/2928 2618/3043/2923
f 2618/3043/2923 2623/3048/2928 2624/3049/2929
f 2618/3043/2923 2624/3049/2929 2625/3050/2930
f 2625/3050/2930 2626/3051/2931 2618/3043/2923
f 2618/3043/2923 2626/3051/2931 2627/3052/2932
f 2618/3043/2923 2627/3052/2932 2628/3053/2933
f 2628/3053/2933 2629/3054/2934 2618/3043/2923
f 2618/3043/2923 2629/3054/2934 2630/3055/2935
f 2618/3043/2923 2630/3055/2935 2631/3056/2936
f 2631/3056/2936 2632/3057/2937 2618/3043/2923
f 2618/3043/2923 2632/3057/2937 2633/3058/2938
f 2618/3043/2923 2633/3058/2938 2634/3059/2939
f 2634/3059/2939 2635/3060/2940 2618/3043/2923
f 2618/3043/2923 2635/3060/2940 2651/3061/2941
f 2618/3043/2923 2651/3061/2941 2652/3041/2921
f 2635/3060/2940 2636/3062/2942 2651/3061/2941
f 2651/3061/2941 2636/3062/2942 2637/3063/2943
f 2651/3061/2941 2637/3063/2943 2638/3064/2944
f 2638/3064/2944 2639/3065/2945 2651/3061/2941
f 2651/3061/2941 2639/3065/2945 2640/3066/2946
f 2651/3061/2941 2640/3066/2946 2641/3067/2947
f 2641/3067/2947 2642/3068/2948 2651/3061/2941
f 2651/3061/2941 2642/3068/2948 2643/3069/2949
f 2651/3061/2941 2643/3069/2949 2644/3070/2950
f 2644/3070/2950 2645/3071/2951 2651/3061/2941
f 2651/3061/2941 2645/3071/2951 2646/3072/2952
f 2651/3061/2941 2646/3072/2952 2647/3073/2953
f 2647/3073/2953 2648/3074/2954 2651/3061/2941
f 2651/3061/2941 2648/3074/2954 2649/3075/2955
f 2651/3061/2941 2649/3075/2955 2650/3076/2956
f 2611/3077/2957 2658/3078/2958 2728/3079/2959
f 2728/3079/2959 2658/3078/2958 2659/3080/2960
f 2728/3079/2959 2659/3080/2960 2660/3081/2961
f 2728/3079/2959 2660/3081/2961 2729/3082/2962
f 2729/3082/2962 2660/3081/2961 2661/3083/2963
f 2729/3082/2962 2661/3083/2963 2662/3084/2964
f 2729/3082/2962 2662/3084/2964 2730/3085/2965
f 2730/3085/2965 2662/3084/2964 2663/3086/2966
f 2730/3085/2965 2663/3086/2966 2664/3087/2967
f 2730/3085/2965 2664/3087/2967 2731/3088/2968
f 2731/3088/2968 2664/3087/2967 2665/3089/2969
f 2731/3088/2968 2665/3089/2969 2732/3090/2970
f 2732/3090/2970 2665/3089/2969 2666/3091/2971
f 2732/3090/2970 2666/3091/2971 2667/3092/2972
f 2732/3090/2970 2667/3092/2972 2733/3093/2973
f 2733/3093/2973 2667/3092/2972 2668/3094/2974
f 2733/3093/2973 2668/3094/2974 2734/3095/2975
f 2734/3095/2975 2668/3094/2974 2669/3096/2976
f 2734/3095/2975 2669/3096/2976 2735/3097/2977
f 2735/3097/2977 2669/3096/2976 2670/3098/2978
f 2735/3097/2977 2670/3098/2978 2671/3099/2979
f 2735/3097/2977 2671/3099/2979 2736/3100/2980
f 2736/3100/2980 2671/3099/2979 2672/3101/2981
f 2736/3100/2980 2672/3101/2981 2621/3102/2982
f 2621/3102/2982 2672/3101/2981 2737/3103/2983
f 2621/3102/2982 2737/3103/2983 2674/3104/2984
f 2674/3104/2984 2737/3103/2983 2673/3105/2985
f 2673/3105/2985 2737/3103/2983 2672/3101/2981
f 2675/3106/2986 2738/3107/2987 2674/3104/2984
f 2674/3104/2984 2738/3107/2987 2622/3108/2988
f 2674/3104/2984 2622/3108/2988 2621/3102/2982
f 2676/3109/2989 2623/3110/2990 2675/3106/2986
f 2675/3106/2986 2623/3110/2990 2622/3108/2988
f 2675/3106/2986 2622/3108/2988 2738/3107/2987
f 2676/3109/2989 2677/3111/2991 2623/3110/2990
f 2623/3110/2990 2677/3111/2991 2624/3112/2992
f 2624/3112/2992 2677/3111/2991 2678/3113/2993
f 2624/3112/2992 2678/3113/2993 2625/3114/2994
f 2625/3114/2994 2678/3113/2993 2679/3115/2995
f 2625/3114/2994 2679/3115/2995 2680/3116/2996
f 2625/3114/2994 2680/3116/2996 2626/3117/2997
f 2626/3117/2997 2680/3116/2996 2681/3118/2998
f 2626/3117/2997 2681/3118/2998 2627/3119/2999
f 2627/3119/2999 2681/3118/2998 2682/3120/3000
f 2627/3119/2999 2682/3120/3000 2683/3121/3001
f 2627/3119/2999 2683/3121/3001 2628/3122/3002
f 2628/3122/3002 2683/3121/3001 2684/3123/3003
f 2628/3122/3002 2684/3123/3003 2629/3124/3004
f 2629/3124/3004 2684/3123/3003 2685/3125/3005
f 2629/3124/3004 2685/3125/3005 2686/3126/3006
f 2629/3124/3004 2686/3126/3006 2630/3127/3007
f 2630/3127/3007 2686/3126/3006 2687/3128/3008
f 2630/3127/3007 2687/3128/3008 2631/3129/3009
f 2631/3129/3009 2687/3128/3008 2688/3130/3010
f 2631/3129/3009 2688/3130/3010 2689/3131/3011
f 2631/3129/3009 2689/3131/3011 2632/3132/3012
f 2632/3132/3012 2689/3131/3011 2690/3133/3013
f 2632/3132/3012 2690/3133/3013 2633/3134/3014
f 2633/3134/3014 2690/3133/3013 2691/3135/3015
f 2633/3134/3014 2691/3135/3015 2692/3136/3016
f 2633/3134/3014 2692/3136/3016 2634/3137/3017
f 2634/3137/3017 2692/3136/3016 2693/3138/3018
f 2634/3137/3017 2693/3138/3018 2635/3139/3019
f 2635/3139/3019 2693/3138/3018 2694/3140/3020
f 2635/3139/3019 2694/3140/3020 2636/3141/3021
f 2636/3141/3021 2694/3140/3020 2695/3142/3022
f 2636/3141/3021 2695/3142/3022 2696/3143/3023
f 2636/3141/3021 2696/3143/3023 2637/3144/3024
f 2637/3144/3024 2696/3143/3023 2697/3145/3025
f 2637/3144/3024 2697/3145/3025 2638/3146/3026
f 2638/3146/3026 2697/3145/3025 2698/3147/3027
f 2638/3146/3026 2698/3147/3027 2699/3148/3028
f 2638/3146/3026 2699/3148/3028 2639/3149/3029
f 2639/3149/3029 2699/3148/3028 2700/3150/3030
f 2639/3149/3029 2700/3150/3030 2640/3151/3031
f 2640/3151/3031 2700/3150/3030 2701/3152/3032
f 2640/3151/3031 2701/3152/3032 2702/3153/3033
f 2640/3151/3031 2702/3153/3033 2641/3154/3034
f 2641/3154/3034 2702/3153/3033 2703/3155/3035
f 2641/3154/3034 2703/3155/3035 2642/3156/3036
f 2642/3156/3036 2703/3155/3035 2704/3157/3037
f 2642/3156/3036 2704/3157/3037 2705/3158/3038
f 2642/3156/3036 2705/3158/3038 2643/3159/3039
f 2643/3159/3039 2705/3158/3038 2706/3160/3040
f 2643/3159/3039 2706/3160/3040 2644/3161/3041
f 2644/3161/3041 2706/3160/3040 2707/3162/3042
f 2644/3161/3041 2707/3162/3042 2708/3163/3043
f 2644/3161/3041 2708/3163/3043 2645/3164/3044
f 2645/3164/3044 2708/3163/3043 2709/3165/3045
f 2645/3164/3044 2709/3165/3045 2646/3166/3046
f 2646/3166/3046 2709/3165/3045 2710/3167/3047
f 2646/3166/3046 2710/3167/3047 2711/3168/3048
f 2712/3169/3049 2739/3170/3050 2711/3168/3048
f 2711/3168/3048 2739/3170/3050 2647/3171/3051
f 2711/3168/3048 2647/3171/3051 2646/3166/3046
f 2713/3172/3052 2740/3173/3053 2712/3169/3049
f 2712/3169/3049 2740/3173/3053 2648/3174/3054
f 2712/3169/3049 2648/3174/3054 2647/3171/3051
f 2713/3172/3052 2714/3175/3055 2740/3173/3053
f 2740/3173/3053 2714/3175/3055 2741/3176/3056
f 2740/3173/3053 2741/3176/3056 2649/3177/3057
f 2649/3177/3057 2741/3176/3056 2650/3178/3058
f 2650/3178/3058 2741/3176/3056 2742/3179/3059
f 2650/3178/3058 2742/3179/3059 2651/3180/3060
f 2651/3180/3060 2742/3179/3059 2743/3181/3061
f 2651/3180/3060 2743/3181/3061 2652/3182/3062
f 2652/3182/3062 2743/3181/3061 2744/3183/3063
f 2652/3182/3062 2744/3183/3063 2653/3184/3064
f 2653/3184/3064 2744/3183/3063 2745/3185/3065
f 2653/3184/3064 2745/3185/3065 2654/3186/3066
f 2654/3186/3066 2745/3185/3065 2746/3187/3067
f 2654/3186/3066 2746/3187/3067 2655/3188/3068
f 2655/3188/3068 2746/3187/3067 2747/3189/3069
f 2655/3188/3068 2747/3189/3069 2656/3190/3070
f 2656/3190/3070 2747/3189/3069 2748/3191/3071
f 2656/3190/3070 2748/3191/3071 2657/3192/3072
f 2657/3192/3072 2748/3191/3071 2749/3193/3073
f 2657/3192/3072 2749/3193/3073 2607/3194/3074
f 2607/3194/3074 2749/3193/3073 2727/3195/3075
f 2607/3194/3074 2727/3195/3075 2608/3196/3076
f 2714/3175/3055 2715/3197/3077 2741/3176/3056
f 2741/3176/3056 2715/3197/3077 2742/3179/3059
f 2715/3197/3077 2716/3198/3078 2742/3179/3059
f 2742/3179/3059 2716/3198/3078 2717/3199/3079
f 2742/3179/3059 2717/3199/3079 2743/3181/3061
f 2743/3181/3061 2717/3199/3079 2718/3200/3080
f 2743/3181/3061 2718/3200/3080 2744/3183/3063
f 2744/3183/3063 2718/3200/3080 2719/3201/3081
f 2744/3183/3063 2719/3201/3081 2720/3202/3082
f 2744/3183/3063 2720/3202/3082 2745/3185/3065
f 2745/3185/3065 2720/3202/3082 2721/3203/3083
f 2745/3185/3065 2721/3203/3083 2746/3187/3067
f 2746/3187/3067 2721/3203/3083 2722/3204/3084
f 2746/3187/3067 2722/3204/3084 2723/3205/3085
f 2746/3187/3067 2723/3205/3085 2747/3189/3069
f 2747/3189/3069 2723/3205/3085 2724/3206/3086
f 2747/3189/3069 2724/3206/3086 2748/3191/3071
f 2748/3191/3071 2724/3206/3086 2725/3207/3087
f 2748/3191/3071 2725/3207/3087 2726/3208/3088
f 2748/3191/3071 2726/3208/3088 2749/3193/3073
f 2749/3193/3073 2726/3208/3088 2727/3195/3075
f 2649/3177/3057 2648/3174/3054 2740/3173/3053
f 2621/3102/2982 2620/3209/3089 2736/3100/2980
f 2736/3100/2980 2620/3209/3089 2735/3097/2977
f 2620/3209/3089 2619/3210/3090 2735/3097/2977
f 2735/3097/2977 2619/3210/3090 2734/3095/2975
f 2619/3210/3090 2618/3211/3091 2734/3095/2975
f 2734/3095/2975 2618/3211/3091 2733/3093/2973
f 2618/3211/3091 2617/3212/3092 2733/3093/2973
f 2733/3093/2973 2617/3212/3092 2732/3090/2970
f 2617/3212/3092 2616/3213/3093 2732/3090/2970
f 2732/3090/2970 2616/3213/3093 2731/3088/2968
f 2616/3213/3093 2615/3214/3094 2731/3088/2968
f 2731/3088/2968 2615/3214/3094 2730/3085/2965
f 2615/3214/3094 2614/3215/3095 2730/3085/2965
f 2730/3085/2965 2614/3215/3095 2729/3082/2962
f 2614/3215/3095 2613/3216/3096 2729/3082/2962
f 2729/3082/2962 2613/3216/3096 2728/3079/2959
f 2613/3216/3096 2612/3217/3097 2728/3079/2959
f 2728/3079/2959 2612/3217/3097 2611/3077/2957
f 2647/3171/3051 2739/3170/3050 2712/3169/3049
f 2610/3218/3098 2764/3219/3099 2611/3220/3100
f 2611/3220/3100 2764/3219/3099 2765/3221/3101
f 2611/3220/3100 2765/3221/3101 2766/3222/3102
f 2750/3223/3103 2757/3224/3104 2610/3218/3098
f 2610/3218/3098 2757/3224/3104 2758/3225/3105
f 2610/3218/3098 2758/3225/3105 2759/3226/3106
f 2751/3227/3107 2752/3228/3108 2750/3223/3103
f 2750/3223/3103 2752/3228/3108 2753/3229/3109
f 2750/3223/3103 2753/3229/3109 2754/3230/3110
f 2754/3230/3110 2755/3231/3111 2750/3223/3103
f 2750/3223/3103 2755/3231/3111 2756/3232/3112
f 2750/3223/3103 2756/3232/3112 2757/3224/3104
f 2759/3226/3106 2760/3233/3113 2610/3218/3098
f 2610/3218/3098 2760/3233/3113 2761/3234/3114
f 2610/3218/3098 2761/3234/3114 2762/3235/3115
f 2762/3235/3115 2763/3236/3116 2610/3218/3098
f 2610/3218/3098 2763/3236/3116 2764/3219/3099
f 2766/3222/3102 2767/3237/3117 2611/3220/3100
f 2611/3220/3100 2767/3237/3117 2768/3238/3118
f 2611/3220/3100 2768/3238/3118 2658/3239/3119
f 2658/3239/3119 2768/3238/3118 2769/3240/3120
f 2658/3239/3119 2769/3240/3120 2770/3241/3121
f 2770/3241/3121 2771/3242/3122 2658/3239/3119
f 2658/3239/3119 2771/3242/3122 2772/3243/3123
f 2658/3239/3119 2772/3243/3123 2773/3244/3124
f 2773/3244/3124 2774/3245/3125 2658/3239/3119
f 2659/3246/3126 2658/3247/3127 2776/3248/3128
f 2776/3248/3128 2658/3247/3127 2774/3249/3129
f 2776/3248/3128 2774/3249/3129 2775/3250/3130
f 2777/3251/3131 2661/3252/3132 2776/3248/3128
f 2776/3248/3128 2661/3252/3132 2660/3253/3133
f 2776/3248/3128 2660/3253/3133 2659/3246/3126
f 2777/3251/3131 2778/3254/3134 2661/3252/3132
f 2661/3252/3132 2778/3254/3134 2779/3255/3135
f 2725/3256/3136 2724/3257/3137 2843/3258/3138
f 2843/3258/3138 2724/3257/3137 2842/3259/3139
f 2842/3259/3139 2724/3257/3137 2723/3260/3140
f 2842/3259/3139 2723/3260/3140 2841/3261/3141
f 2841/3261/3141 2723/3260/3140 2722/3262/3142
f 2841/3261/3141 2722/3262/3142 2840/3263/3143
f 2840/3263/3143 2722/3262/3142 2721/3264/3144
f 2840/3263/3143 2721/3264/3144 2839/3265/3145
f 2839/3265/3145 2721/3264/3144 2720/3266/3146
f 2839/3265/3145 2720/3266/3146 2838/3267/3147
f 2838/3267/3147 2720/3266/3146 2719/3268/3148
f 2838/3267/3147 2719/3268/3148 2837/3269/3149
f 2837/3269/3149 2719/3268/3148 2718/3270/3150
f 2837/3269/3149 2718/3270/3150 2836/3271/3151
f 2836/3271/3151 2718/3270/3150 2717/3272/3152
f 2836/3271/3151 2717/3272/3152 2835/3273/3153
f 2835/3273/3153 2717/3272/3152 2716/3274/3154
f 2835/3273/3153 2716/3274/3154 2834/3275/3155
f 2834/3275/3155 2716/3274/3154 2715/3276/3156
f 2834/3275/3155 2715/3276/3156 2833/3277/3157
f 2833/3277/3157 2715/3276/3156 2714/3278/3158
f 2833/3277/3157 2714/3278/3158 2832/3279/3159
f 2832/3279/3159 2714/3278/3158 2713/3280/3160
f 2832/3279/3159 2713/3280/3160 2831/3281/3161
f 2831/3281/3161 2713/3280/3160 2712/3282/3162
f 2831/3281/3161 2712/3282/3162 2830/3283/3163
f 2830/3283/3163 2712/3282/3162 2711/3284/3164
f 2830/3283/3163 2711/3284/3164 2829/3285/3165
f 2829/3285/3165 2711/3284/3164 2710/3286/3166
f 2829/3285/3165 2710/3286/3166 2828/3287/3167
f 2828/3287/3167 2710/3286/3166 2709/3288/3168
f 2828/3287/3167 2709/3288/3168 2827/3289/3169
f 2827/3289/3169 2709/3288/3168 2708/3290/3170
f 2827/3289/3169 2708/3290/3170 2826/3291/3171
f 2826/3291/3171 2708/3290/3170 2707/3292/3172
f 2826/3291/3171 2707/3292/3172 2825/3293/3173
f 2825/3293/3173 2707/3292/3172 2706/3294/3174
f 2825/3293/3173 2706/3294/3174 2824/3295/3175
f 2824/3295/3175 2706/3294/3174 2705/3296/3176
f 2824/3295/3175 2705/3296/3176 2823/3297/3177
f 2823/3297/3177 2705/3296/3176 2704/3298/3178
f 2823/3297/3177 2704/3298/3178 2822/3299/3179
f 2822/3299/3179 2704/3298/3178 2703/3300/3180
f 2822/3299/3179 2703/3300/3180 2821/3301/3181
f 2821/3301/3181 2703/3300/3180 2702/3302/3182
f 2821/3301/3181 2702/3302/3182 2820/3303/3183
f 2820/3303/3183 2702/3302/3182 2701/3304/3184
f 2820/3303/3183 2701/3304/3184 2819/3305/3185
f 2819/3305/3185 2701/3304/3184 2700/3306/3186
f 2819/3305/3185 2700/3306/3186 2818/3307/3187
f 2818/3307/3187 2700/3306/3186 2699/3308/3188
f 2818/3307/3187 2699/3308/3188 2817/3309/3189
f 2817/3309/3189 2699/3308/3188 2698/3310/3190
f 2817/3309/3189 2698/3310/3190 2816/3311/3191
f 2816/3311/3191 2698/3310/3190 2697/3312/3192
f 2816/3311/3191 2697/3312/3192 2815/3313/3193
f 2815/3313/3193 2697/3312/3192 2696/3314/3194
f 2815/3313/3193 2696/3314/3194 2814/3315/3195
f 2814/3315/3195 2696/3314/3194 2695/3316/3196
f 2814/3315/3195 2695/3316/3196 2813/3317/3197
f 2813/3317/3197 2695/3316/3196 2694/3318/3198
f 2813/3317/3197 2694/3318/3198 2812/3319/3199
f 2812/3319/3199 2694/3318/3198 2693/3320/3200
f 2812/3319/3199 2693/3320/3200 2811/3321/3201
f 2811/3321/3201 2693/3320/3200 2810/3322/3202
f 2810/3322/3202 2693/3320/3200 2692/3323/3203
f 2810/3322/3202 2692/3323/3203 2809/3324/3204
f 2809/3324/3204 2692/3323/3203 2691/3325/3205
f 2809/3324/3204 2691/3325/3205 2808/3326/3206
f 2808/3326/3206 2691/3325/3205 2690/3327/3207
f 2808/3326/3206 2690/3327/3207 2807/3328/3208
f 2807/3328/3208 2690/3327/3207 2689/3329/3209
f 2807/3328/3208 2689/3329/3209 2806/3330/3210
f 2806/3330/3210 2689/3329/3209 2688/3331/3211
f 2806/3330/3210 2688/3331/3211 2805/3332/3212
f 2805/3332/3212 2688/3331/3211 2687/3333/3213
f 2805/3332/3212 2687/3333/3213 2804/3334/3214
f 2804/3334/3214 2687/3333/3213 2686/3335/3215
f 2804/3334/3214 2686/3335/3215 2803/3336/3216
f 2803/3336/3216 2686/3335/3215 2685/3337/3217
f 2803/3336/3216 2685/3337/3217 2802/3338/3218
f 2802/3338/3218 2685/3337/3217 2684/3339/3219
f 2802/3338/3218 2684/3339/3219 2801/3340/3220
f 2801/3340/3220 2684/3339/3219 2683/3341/3221
f 2801/3340/3220 2683/3341/3221 2800/3342/3222
f 2800/3342/3222 2683/3341/3221 2682/3343/3223
f 2800/3342/3222 2682/3343/3223 2799/3344/3224
f 2799/3344/3224 2682/3343/3223 2681/3345/3225
f 2799/3344/3224 2681/3345/3225 2798/3346/3226
f 2798/3346/3226 2681/3345/3225 2680/3347/3227
f 2798/3346/3226 2680/3347/3227 2797/3348/3228
f 2797/3348/3228 2680/3347/3227 2679/3349/3229
f 2797/3348/3228 2679/3349/3229 2796/3350/3230
f 2796/3350/3230 2679/3349/3229 2678/3351/3231
f 2796/3350/3230 2678/3351/3231 2795/3352/3232
f 2795/3352/3232 2678/3351/3231 2677/3353/3233
f 2795/3352/3232 2677/3353/3233 2794/3354/3234
f 2794/3354/3234 2677/3353/3233 2676/3355/3235
f 2794/3354/3234 2676/3355/3235 2793/3356/3236
f 2793/3356/3236 2676/3355/3235 2675/3357/3237
f 2793/3356/3236 2675/3357/3237 2792/3358/3238
f 2792/3358/3238 2675/3357/3237 2674/3359/3239
f 2792/3358/3238 2674/3359/3239 2791/3360/3240
f 2791/3360/3240 2674/3359/3239 2673/3361/3241
f 2791/3360/3240 2673/3361/3241 2790/3362/3242
f 2790/3362/3242 2673/3361/3241 2672/3363/3243
f 2790/3362/3242 2672/3363/3243 2789/3364/3244
f 2789/3364/3244 2672/3363/3243 2671/3365/3245
f 2789/3364/3244 2671/3365/3245 2788/3366/3246
f 2788/3366/3246 2671/3365/3245 2670/3367/3247
f 2788/3366/3246 2670/3367/3247 2787/3368/3248
f 2787/3368/3248 2670/3367/3247 2669/3369/3249
f 2787/3368/3248 2669/3369/3249 2786/3370/3250
f 2786/3370/3250 2669/3369/3249 2668/3371/3251
f 2786/3370/3250 2668/3371/3251 2785/3372/3252
f 2785/3372/3252 2668/3371/3251 2667/3373/3253
f 2785/3372/3252 2667/3373/3253 2784/3374/3254
f 2784/3374/3254 2667/3373/3253 2666/3375/3255
f 2784/3374/3254 2666/3375/3255 2783/3376/3256
f 2783/3376/3256 2666/3375/3255 2665/3377/3257
f 2783/3376/3256 2665/3377/3257 2782/3378/3258
f 2782/3378/3258 2665/3377/3257 2664/3379/3259
f 2782/3378/3258 2664/3379/3259 2781/3380/3260
f 2781/3380/3260 2664/3379/3259 2663/3381/3261
f 2781/3380/3260 2663/3381/3261 2780/3382/3262
f 2780/3382/3262 2663/3381/3261 2662/3383/3263
f 2780/3382/3262 2662/3383/3263 2779/3384/3264
f 2779/3384/3264 2662/3383/3263 2661/3385/3265
f 2551/3386/3266 2550/3387/3267 2844/3388/3268
f 2844/3388/3268 2550/3387/3267 2608/3389/3269
f 2844/3388/3268 2608/3389/3269 2727/3390/3270
f 2727/3390/3270 2726/3391/3271 2844/3388/3268
f 2844/3388/3268 2726/3391/3271 2725/3392/3272
f 2844/3388/3268 2725/3392/3272 2846/3393/3273
f 2846/3393/3273 2725/3392/3272 2845/3394/3274
f 2845/3394/3274 2725/3392/3272 2843/3395/3275
usemtl Aluminum_-_Cast
f 2574/3396/3276 2573/3397/3277 2850/3398/3278
f 2850/3398/3278 2573/3397/3277 2572/3399/3279
f 2850/3398/3278 2572/3399/3279 2571/3400/3280
f 2571/3400/3280 2570/3401/3281 2850/3398/3278
f 2850/3398/3278 2570/3401/3281 2569/3402/3282
f 2850/3398/3278 2569/3402/3282 2568/3403/3283
f 2850/3398/3278 2568/3403/3283 2849/3404/3284
f 2849/3404/3284 2568/3403/3283 2567/3405/3285
f 2849/3404/3284 2567/3405/3285 2566/3406/3286
f 2566/3406/3286 2565/3407/3287 2849/3404/3284
f 2849/3404/3284 2565/3407/3287 2564/3408/3288
f 2849/3404/3284 2564/3408/3288 2563/3409/3289
f 2563/3409/3289 2562/3410/3290 2849/3404/3284
f 2849/3404/3284 2562/3410/3290 2561/3411/3291
f 2849/3404/3284 2561/3411/3291 2848/3412/3292
f 2848/3412/3292 2561/3411/3291 2560/3413/3293
f 2848/3412/3292 2560/3413/3293 2559/3414/3294
f 2559/3414/3294 2558/3415/3295 2848/3412/3292
f 2848/3412/3292 2558/3415/3295 2557/3416/3296
f 2848/3412/3292 2557/3416/3296 2844/3417/3297
f 2844/3417/3297 2557/3416/3296 2556/3418/3298
f 2844/3417/3297 2556/3418/3298 2555/3419/3299
f 2555/3419/3299 2554/3420/3300 2844/3417/3297
f 2844/3417/3297 2554/3420/3300 2553/3421/3301
f 2844/3417/3297 2553/3421/3301 2552/3422/3302
f 2552/3422/3302 2551/3423/3303 2844/3417/3297
f 2844/3417/3297 2847/3424/3304 2848/3412/3292
usemtl Steel_-_Satin
f 2575/3425/3305 2605/3426/3306 2576/3427/3307
f 2576/3427/3307 2605/3426/3306 2577/3428/3308
f 2577/3428/3308 2605/3426/3306 2604/3429/3309
f 2577/3428/3308 2604/3429/3309 2578/3430/3310
f 2578/3430/3310 2604/3429/3309 2603/3431/3311
f 2578/3430/3310 2603/3431/3311 2579/3432/3312
f 2579/3432/3312 2603/3431/3311 2602/3433/3313
f 2579/3432/3312 2602/3433/3313 2580/3434/3314
f 2580/3434/3314 2602/3433/3313 2601/3435/3315
f 2580/3434/3314 2601/3435/3315 2581/3436/3316
f 2581/3436/3316 2601/3435/3315 2600/3437/3317
f 2581/3436/3316 2600/3437/3317 2582/3438/3318
f 2582/3438/3318 2600/3437/3317 2599/3439/3319
f 2582/3438/3318 2599/3439/3319 2583/3440/3320
f 2583/3440/3320 2599/3439/3319 2598/3441/3321
f 2583/3440/3320 2598/3441/3321 2584/3442/3322
f 2584/3442/3322 2598/3441/3321 2597/3443/3323
f 2584/3442/3322 2597/3443/3323 2585/3444/3324
f 2585/3444/3324 2597/3443/3323 2596/3445/3325
f 2585/3444/3324 2596/3445/3325 2586/3446/3326
f 2586/3446/3326 2596/3445/3325 2595/3447/3327
f 2586/3446/3326 2595/3447/3327 2587/3448/3328
f 2587/3448/3328 2595/3447/3327 2594/3449/3329
f 2587/3448/3328 2594/3449/3329 2588/3450/3330
f 2588/3450/3330 2594/3449/3329 2593/3451/3331
f 2588/3450/3330 2593/3451/3331 2589/3452/3332
f 2589/3452/3332 2593/3451/3331 2592/3453/3333
f 2589/3452/3332 2592/3453/3333 2590/3454/3334
f 2590/3454/3334 2592/3453/3333 2591/3455/3335
f 2527/3456/3336 2574/3457/3337 2609/3458/3338
f 2609/3458/3338 2574/3457/3337 2850/3459/3339
f 2606/3460/3340 2849/3461/3341 2610/3462/3342
f 2610/3462/3342 2849/3461/3341 2851/3463/3343
f 2610/3462/3342 2851/3463/3343 2852/3464/3344
f 2609/3465/3345 2850/3466/3346 2606/3460/3340
f 2606/3460/3340 2850/3466/3346 2849/3461/3341
f 2852/3464/3344 2750/3467/3347 2610/3462/3342
f 2853/3468/3348 2751/3469/3349 2852/3470/3350
f 2852/3470/3350 2751/3469/3349 2750/3471/3351
f 106/3472/3352 2891/3473/3353 76/3474/3354
f 76/3474/3354 2891/3473/3353 2892/3475/3355
f 76/3474/3354 2892/3475/3355 77/3476/3356
f 77/3476/3356 2892/3475/3355 2893/3477/3357
f 77/3476/3356 2893/3477/3357 78/3478/3358
f 78/3478/3358 2893/3477/3357 2894/3479/3359
f 78/3478/3358 2894/3479/3359 79/3480/3360
f 79/3480/3360 2894/3479/3359 2895/3481/3361
f 79/3480/3360 2895/3481/3361 80/3482/3362
f 80/3482/3362 2895/3481/3361 2774/3483/3363
f 80/3482/3362 2774/3483/3363 81/3484/3364
f 81/3484/3364 2774/3483/3363 2773/3485/3365
f 81/3484/3364 2773/3485/3365 82/3486/3366
f 82/3486/3366 2773/3485/3365 2772/3487/3367
f 82/3486/3366 2772/3487/3367 83/3488/3368
f 83/3488/3368 2772/3487/3367 2771/3489/3369
f 83/3488/3368 2771/3489/3369 84/3490/3370
f 84/3490/3370 2771/3489/3369 2770/3491/3371
f 84/3490/3370 2770/3491/3371 85/3492/3372
f 85/3492/3372 2770/3491/3371 2769/3493/3373
f 85/3492/3372 2769/3493/3373 86/3494/3374
f 86/3494/3374 2769/3493/3373 2768/3495/3375
f 86/3494/3374 2768/3495/3375 87/3496/3376
f 87/3496/3376 2768/3495/3375 2767/3497/3377
f 87/3496/3376 2767/3497/3377 88/3498/3378
f 88/3498/3378 2767/3497/3377 2766/3499/3379
f 88/3498/3378 2766/3499/3379 89/3500/3380
f 89/3500/3380 2766/3499/3379 2765/3501/3381
f 89/3500/3380 2765/3501/3381 90/3502/3382
f 90/3502/3382 2765/3501/3381 2764/3503/3383
f 90/3502/3382 2764/3503/3383 91/3504/3384
f 91/3504/3384 2764/3503/3383 2763/3505/3385
f 91/3504/3384 2763/3505/3385 2762/3506/3386
f 2891/3473/3353 106/3472/3352 2890/3507/3387
f 2890/3507/3387 106/3472/3352 105/3508/3388
f 2890/3507/3387 105/3508/3388 2889/3509/3389
f 2889/3509/3389 105/3508/3388 104/3510/3390
f 2889/3509/3389 104/3510/3390 2888/3511/3391
f 2888/3511/3391 104/3510/3390 103/3512/3392
f 2888/3511/3391 103/3512/3392 2853/3513/3393
f 2853/3513/3393 103/3512/3392 2751/3514/3394
f 2751/3514/3394 103/3512/3392 102/3515/3395
f 2751/3514/3394 102/3515/3395 2752/3516/3396
f 2752/3516/3396 102/3515/3395 101/3517/3397
f 2752/3516/3396 101/3517/3397 2753/3518/3398
f 2753/3518/3398 101/3517/3397 100/3519/3399
f 2753/3518/3398 100/3519/3399 2754/3520/3400
f 2754/3521/3400 100/3522/3399 99/3523/3401
f 2754/3521/3400 99/3523/3401 2755/3524/3402
f 2755/3524/3402 99/3523/3401 98/3525/3403
f 2755/3524/3402 98/3525/3403 2756/3526/3404
f 2756/3526/3404 98/3525/3403 97/3527/3405
f 2756/3526/3404 97/3527/3405 2757/3528/3406
f 2757/3528/3406 97/3527/3405 96/3529/3407
f 2757/3528/3406 96/3529/3407 2758/3530/3408
f 2758/3530/3408 96/3529/3407 95/3531/3409
f 2758/3530/3408 95/3531/3409 2759/3532/3410
f 2759/3532/3410 95/3531/3409 94/3533/3411
f 2759/3532/3410 94/3533/3411 2760/3534/3412
f 2760/3534/3412 94/3533/3411 93/3535/3413
f 2760/3534/3412 93/3535/3413 2761/3536/3414
f 2761/3536/3414 93/3535/3413 92/3537/3415
f 2761/3536/3414 92/3537/3415 2762/3506/3386
f 2762/3506/3386 92/3537/3415 91/3504/3384
f 2888/3511/3391 2853/3513/3393 2887/3538/3416
f 2887/3538/3416 2853/3513/3393 2854/3539/3417
f 2887/3538/3416 2854/3539/3417 2886/3540/3418
f 2886/3540/3418 2854/3539/3417 2855/3541/3419
f 2886/3540/3418 2855/3541/3419 2885/3542/3420
f 2885/3542/3420 2855/3541/3419 2856/3543/3421
f 2885/3542/3420 2856/3543/3421 2884/3544/3422
f 2884/3545/3422 2856/3546/3421 2857/3547/3423
f 2884/3545/3422 2857/3547/3423 2883/3548/3424
f 2883/3548/3424 2857/3547/3423 2858/3549/3425
f 2883/3548/3424 2858/3549/3425 2882/3550/3426
f 2882/3550/3426 2858/3549/3425 2859/3551/3427
f 2882/3550/3426 2859/3551/3427 2881/3552/3428
f 2881/3552/3428 2859/3551/3427 2860/3553/3429
f 2881/3552/3428 2860/3553/3429 2880/3554/3430
f 2880/3554/3430 2860/3553/3429 2861/3555/3431
f 2880/3554/3430 2861/3555/3431 2879/3556/3432
f 2879/3556/3432 2861/3555/3431 2862/3557/3433
f 2879/3556/3432 2862/3557/3433 2878/3558/3434
f 2878/3558/3434 2862/3557/3433 2863/3559/3435
f 2878/3558/3434 2863/3559/3435 2877/3560/3436
f 2877/3560/3436 2863/3559/3435 2864/3561/3437
f 2877/3560/3436 2864/3561/3437 2876/3562/3438
f 2876/3562/3438 2864/3561/3437 2865/3563/3439
f 2876/3562/3438 2865/3563/3439 2906/3564/3440
f 2906/3564/3440 2865/3563/3439 2866/3565/3441
f 2906/3564/3440 2866/3565/3441 2905/3566/3442
f 2905/3566/3442 2866/3565/3441 2867/3567/3443
f 2905/3566/3442 2867/3567/3443 2904/3568/3444
f 2904/3568/3444 2867/3567/3443 2868/3569/3445
f 2904/3568/3444 2868/3569/3445 2903/3570/3446
f 2903/3570/3446 2868/3569/3445 2869/3571/3447
f 2903/3570/3446 2869/3571/3447 2902/3572/3448
f 2902/3572/3448 2869/3571/3447 2870/3573/3449
f 2902/3572/3448 2870/3573/3449 2901/3574/3450
f 2901/3574/3450 2870/3573/3449 2871/3575/3451
f 2901/3574/3450 2871/3575/3451 2900/3576/3452
f 2900/3576/3452 2871/3575/3451 2872/3577/3453
f 2900/3576/3452 2872/3577/3453 2899/3578/3454
f 2899/3578/3454 2872/3577/3453 2873/3579/3455
f 2899/3578/3454 2873/3579/3455 2898/3580/3456
f 2898/3580/3456 2873/3579/3455 2874/3581/3457
f 2898/3580/3456 2874/3581/3457 2897/3582/3458
f 2897/3582/3458 2874/3581/3457 2875/3583/3459
f 2897/3582/3458 2875/3583/3459 2896/3584/3460
f 2896/3584/3460 2875/3583/3459 2775/3585/3461
f 2896/3584/3460 2775/3585/3461 2895/3481/3361
f 2895/3481/3361 2775/3585/3461 2774/3483/3363
usemtl Aluminum_-_Cast
f 2775/3586/3462 2875/3587/3463 2776/3588/3464
f 2776/3588/3464 2875/3587/3463 2874/3589/3465
f 2776/3588/3464 2874/3589/3465 2873/3590/3466
f 2873/3590/3466 2872/3591/3467 2776/3588/3464
f 2776/3588/3464 2872/3591/3467 2871/3592/3468
f 2776/3588/3464 2871/3592/3468 2870/3593/3469
f 2776/3588/3464 2870/3593/3469 2907/3594/3470
f 2907/3594/3470 2870/3593/3469 2869/3595/3471
f 2907/3594/3470 2869/3595/3471 2868/3596/3472
f 2868/3596/3472 2867/3597/3473 2907/3594/3470
f 2907/3594/3470 2867/3597/3473 2866/3598/3474
f 2907/3594/3470 2866/3598/3474 2851/3599/3475
f 2851/3599/3475 2866/3598/3474 2865/3600/3476
f 2851/3599/3475 2865/3600/3476 2864/3601/3477
f 2864/3601/3477 2863/3602/3478 2851/3599/3475
f 2851/3599/3475 2863/3602/3478 2862/3603/3479
f 2851/3599/3475 2862/3603/3479 2861/3604/3480
f 2861/3604/3480 2860/3605/3481 2851/3599/3475
f 2851/3599/3475 2860/3605/3481 2859/3606/3482
f 2851/3599/3475 2859/3606/3482 2852/3607/3483
f 2852/3607/3483 2859/3606/3482 2858/3608/3484
f 2852/3607/3483 2858/3608/3484 2857/3609/3485
f 2857/3609/3485 2856/3610/3486 2852/3607/3483
f 2852/3607/3483 2856/3610/3486 2855/3611/3487
f 2852/3607/3483 2855/3611/3487 2854/3612/3488
f 2854/3612/3488 2853/3613/3489 2852/3607/3483
f 2907/3594/3470 2908/3614/3490 2776/3588/3464
usemtl Steel_-_Satin
f 2876/3615/3491 2906/3616/3492 2877/3617/3493
f 2877/3617/3493 2906/3616/3492 2878/3618/3494
f 2878/3618/3494 2906/3616/3492 2905/3619/3495
f 2878/3618/3494 2905/3619/3495 2879/3620/3496
f 2879/3620/3496 2905/3619/3495 2904/3621/3497
f 2879/3620/3496 2904/3621/3497 2880/3622/3498
f 2880/3622/3498 2904/3621/3497 2903/3623/3499
f 2880/3622/3498 2903/3623/3499 2881/3624/3500
f 2881/3624/3500 2903/3623/3499 2902/3625/3501
f 2881/3624/3500 2902/3625/3501 2882/3626/3502
f 2882/3626/3502 2902/3625/3501 2901/3627/3503
f 2882/3626/3502 2901/3627/3503 2883/3628/3504
f 2883/3628/3504 2901/3627/3503 2900/3629/3505
f 2883/3628/3504 2900/3629/3505 2884/3630/3506
f 2884/3630/3506 2900/3629/3505 2899/3631/3507
f 2884/3630/3506 2899/3631/3507 2885/3632/3508
f 2885/3632/3508 2899/3631/3507 2898/3633/3509
f 2885/3632/3508 2898/3633/3509 2886/3634/3510
f 2886/3634/3510 2898/3633/3509 2897/3635/3511
f 2886/3634/3510 2897/3635/3511 2887/3636/3512
f 2887/3636/3512 2897/3635/3511 2896/3637/3513
f 2887/3636/3512 2896/3637/3513 2888/3638/3514
f 2888/3638/3514 2896/3637/3513 2895/3639/3515
f 2888/3638/3514 2895/3639/3515 2889/3640/3516
f 2889/3640/3516 2895/3639/3515 2894/3641/3517
f 2889/3640/3516 2894/3641/3517 2890/3642/3518
f 2890/3642/3518 2894/3641/3517 2893/3643/3519
f 2890/3642/3518 2893/3643/3519 2891/3644/3520
f 2891/3644/3520 2893/3643/3519 2892/3645/3521
usemtl Aluminum_-_Cast
f 2845/3646/3522 2843/3647/3523 2957/3648/3524
f 2957/3648/3524 2843/3647/3523 2842/3649/3525
f 2957/3648/3524 2842/3649/3525 2958/3650/3526
f 2958/3650/3526 2842/3649/3525 2841/3651/3527
f 2958/3650/3526 2841/3651/3527 2959/3652/3528
f 2959/3652/3528 2841/3651/3527 2840/3653/3529
f 2959/3652/3528 2840/3653/3529 2839/3654/3530
f 2959/3652/3528 2839/3654/3530 2960/3655/3531
f 2960/3655/3531 2839/3654/3530 2838/3656/3532
f 2960/3655/3531 2838/3656/3532 2961/3657/3533
f 2961/3657/3533 2838/3656/3532 2837/3658/3534
f 2961/3657/3533 2837/3658/3534 2962/3659/3535
f 2962/3659/3535 2837/3658/3534 2836/3660/3536
f 2962/3659/3535 2836/3660/3536 2835/3661/3537
f 2962/3659/3535 2835/3661/3537 2963/3662/3538
f 2963/3662/3538 2835/3661/3537 2834/3663/3539
f 2963/3662/3538 2834/3663/3539 2964/3664/3540
f 2964/3664/3540 2834/3663/3539 2833/3665/3541
f 2964/3664/3540 2833/3665/3541 2832/3666/3542
f 2831/3667/3543 2976/3668/3544 2832/3666/3542
f 2832/3666/3542 2976/3668/3544 2947/3669/3545
f 2832/3666/3542 2947/3669/3545 2964/3664/3540
f 2964/3664/3540 2947/3669/3545 2948/3670/3546
f 2964/3664/3540 2948/3670/3546 2963/3662/3538
f 2963/3662/3538 2948/3670/3546 2949/3671/3547
f 2963/3662/3538 2949/3671/3547 2962/3659/3535
f 2962/3659/3535 2949/3671/3547 2950/3672/3548
f 2962/3659/3535 2950/3672/3548 2961/3657/3533
f 2961/3657/3533 2950/3672/3548 2951/3673/3549
f 2961/3657/3533 2951/3673/3549 2960/3655/3531
f 2960/3655/3531 2951/3673/3549 2952/3674/3550
f 2960/3655/3531 2952/3674/3550 2959/3652/3528
f 2959/3652/3528 2952/3674/3550 2953/3675/3551
f 2959/3652/3528 2953/3675/3551 2958/3650/3526
f 2958/3650/3526 2953/3675/3551 2954/3676/3552
f 2958/3650/3526 2954/3676/3552 2957/3648/3524
f 2957/3648/3524 2954/3676/3552 2955/3677/3553
f 2957/3648/3524 2955/3677/3553 2975/3678/3554
f 2975/3678/3554 2955/3677/3553 2956/3679/3555
f 2975/3678/3554 2956/3679/3555 2844/3680/3556
f 2844/3680/3556 2956/3679/3555 2847/3681/3557
f 2830/3682/3558 2977/3683/3559 2831/3667/3543
f 2831/3667/3543 2977/3683/3559 2946/3684/3560
f 2831/3667/3543 2946/3684/3560 2976/3668/3544
f 2976/3668/3544 2946/3684/3560 2947/3669/3545
f 2830/3682/3558 2829/3685/3561 2977/3683/3559
f 2977/3683/3559 2829/3685/3561 2945/3686/3562
f 2977/3683/3559 2945/3686/3562 2946/3684/3560
f 2829/3685/3561 2828/3687/3563 2945/3686/3562
f 2945/3686/3562 2828/3687/3563 2944/3688/3564
f 2944/3688/3564 2828/3687/3563 2827/3689/3565
f 2944/3688/3564 2827/3689/3565 2943/3690/3566
f 2943/3690/3566 2827/3689/3565 2826/3691/3567
f 2943/3690/3566 2826/3691/3567 2825/3692/3568
f 2943/3690/3566 2825/3692/3568 2942/3693/3569
f 2942/3693/3569 2825/3692/3568 2824/3694/3570
f 2942/3693/3569 2824/3694/3570 2941/3695/3571
f 2941/3695/3571 2824/3694/3570 2823/3696/3572
f 2941/3695/3571 2823/3696/3572 2822/3697/3573
f 2941/3695/3571 2822/3697/3573 2940/3698/3574
f 2940/3698/3574 2822/3697/3573 2821/3699/3575
f 2940/3698/3574 2821/3699/3575 2939/3700/3576
f 2939/3700/3576 2821/3699/3575 2820/3701/3577
f 2939/3700/3576 2820/3701/3577 2938/3702/3578
f 2938/3702/3578 2820/3701/3577 2819/3703/3579
f 2938/3702/3578 2819/3703/3579 2818/3704/3580
f 2938/3702/3578 2818/3704/3580 2937/3705/3581
f 2937/3705/3581 2818/3704/3580 2817/3706/3582
f 2937/3705/3581 2817/3706/3582 2936/3707/3583
f 2936/3707/3583 2817/3706/3582 2816/3708/3584
f 2936/3707/3583 2816/3708/3584 2815/3709/3585
f 2936/3707/3583 2815/3709/3585 2935/3710/3586
f 2935/3710/3586 2815/3709/3585 2814/3711/3587
f 2935/3710/3586 2814/3711/3587 2934/3712/3588
f 2934/3712/3588 2814/3711/3587 2813/3713/3589
f 2934/3712/3588 2813/3713/3589 2812/3714/3590
f 2934/3712/3588 2812/3714/3590 2933/3715/3591
f 2933/3715/3591 2812/3714/3590 2811/3716/3592
f 2933/3715/3591 2811/3716/3592 2932/3717/3593
f 2932/3717/3593 2811/3716/3592 2810/3718/3594
f 2932/3717/3593 2810/3718/3594 2931/3719/3595
f 2931/3719/3595 2810/3718/3594 2809/3720/3596
f 2931/3719/3595 2809/3720/3596 2808/3721/3597
f 2931/3719/3595 2808/3721/3597 2930/3722/3598
f 2930/3722/3598 2808/3721/3597 2807/3723/3599
f 2930/3722/3598 2807/3723/3599 2929/3724/3600
f 2929/3724/3600 2807/3723/3599 2806/3725/3601
f 2929/3724/3600 2806/3725/3601 2805/3726/3602
f 2929/3724/3600 2805/3726/3602 2928/3727/3603
f 2928/3727/3603 2805/3726/3602 2804/3728/3604
f 2928/3727/3603 2804/3728/3604 2927/3729/3605
f 2927/3729/3605 2804/3728/3604 2803/3730/3606
f 2927/3729/3605 2803/3730/3606 2802/3731/3607
f 2927/3729/3605 2802/3731/3607 2926/3732/3608
f 2926/3732/3608 2802/3731/3607 2801/3733/3609
f 2926/3732/3608 2801/3733/3609 2925/3734/3610
f 2925/3734/3610 2801/3733/3609 2800/3735/3611
f 2925/3734/3610 2800/3735/3611 2924/3736/3612
f 2924/3736/3612 2800/3735/3611 2799/3737/3613
f 2924/3736/3612 2799/3737/3613 2798/3738/3614
f 2924/3736/3612 2798/3738/3614 2923/3739/3615
f 2923/3739/3615 2798/3738/3614 2797/3740/3616
f 2923/3739/3615 2797/3740/3616 2922/3741/3617
f 2922/3741/3617 2797/3740/3616 2796/3742/3618
f 2922/3741/3617 2796/3742/3618 2795/3743/3619
f 2922/3741/3617 2795/3743/3619 2921/3744/3620
f 2921/3744/3620 2795/3743/3619 2794/3745/3621
f 2921/3744/3620 2794/3745/3621 2920/3746/3622
f 2920/3746/3622 2794/3745/3621 2793/3747/3623
f 2920/3746/3622 2793/3747/3623 2965/3748/3624
f 2965/3748/3624 2793/3747/3623 2792/3749/3625
f 2965/3748/3624 2792/3749/3625 2791/3750/3626
f 2790/3751/3627 2978/3752/3628 2791/3750/3626
f 2791/3750/3626 2978/3752/3628 2919/3753/3629
f 2791/3750/3626 2919/3753/3629 2965/3748/3624
f 2965/3748/3624 2919/3753/3629 2920/3746/3622
f 2789/3754/3630 2966/3755/3631 2790/3751/3627
f 2790/3751/3627 2966/3755/3631 2918/3756/3632
f 2790/3751/3627 2918/3756/3632 2978/3752/3628
f 2978/3752/3628 2918/3756/3632 2919/3753/3629
f 2789/3754/3630 2788/3757/3633 2966/3755/3631
f 2966/3755/3631 2788/3757/3633 2967/3758/3634
f 2966/3755/3631 2967/3758/3634 2917/3759/3635
f 2917/3759/3635 2967/3758/3634 2916/3760/3636
f 2916/3760/3636 2967/3758/3634 2968/3761/3637
f 2916/3760/3636 2968/3761/3637 2915/3762/3638
f 2915/3762/3638 2968/3761/3637 2969/3763/3639
f 2915/3762/3638 2969/3763/3639 2914/3764/3640
f 2914/3764/3640 2969/3763/3639 2970/3765/3641
f 2914/3764/3640 2970/3765/3641 2913/3766/3642
f 2913/3766/3642 2970/3765/3641 2971/3767/3643
f 2913/3766/3642 2971/3767/3643 2912/3768/3644
f 2912/3768/3644 2971/3767/3643 2972/3769/3645
f 2912/3768/3644 2972/3769/3645 2911/3770/3646
f 2911/3770/3646 2972/3769/3645 2973/3771/3647
f 2911/3770/3646 2973/3771/3647 2910/3772/3648
f 2910/3772/3648 2973/3771/3647 2974/3773/3649
f 2910/3772/3648 2974/3773/3649 2909/3774/3650
f 2909/3774/3650 2974/3773/3649 2908/3775/3651
f 2908/3775/3651 2974/3773/3649 2777/3776/3652
f 2908/3775/3651 2777/3776/3652 2776/3777/3653
f 2788/3757/3633 2787/3778/3654 2967/3758/3634
f 2967/3758/3634 2787/3778/3654 2968/3761/3637
f 2787/3778/3654 2786/3779/3655 2968/3761/3637
f 2968/3761/3637 2786/3779/3655 2969/3763/3639
f 2786/3779/3655 2785/3780/3656 2969/3763/3639
f 2969/3763/3639 2785/3780/3656 2784/3781/3657
f 2969/3763/3639 2784/3781/3657 2970/3765/3641
f 2970/3765/3641 2784/3781/3657 2783/3782/3658
f 2970/3765/3641 2783/3782/3658 2971/3767/3643
f 2971/3767/3643 2783/3782/3658 2782/3783/3659
f 2971/3767/3643 2782/3783/3659 2781/3784/3660
f 2971/3767/3643 2781/3784/3660 2972/3769/3645
f 2972/3769/3645 2781/3784/3660 2780/3785/3661
f 2972/3769/3645 2780/3785/3661 2973/3771/3647
f 2973/3771/3647 2780/3785/3661 2779/3786/3662
f 2973/3771/3647 2779/3786/3662 2778/3787/3663
f 2973/3771/3647 2778/3787/3663 2974/3773/3649
f 2974/3773/3649 2778/3787/3663 2777/3776/3652
f 2917/3759/3635 2918/3756/3632 2966/3755/3631
f 2844/3680/3556 2846/3788/3664 2975/3678/3554
f 2975/3678/3554 2846/3788/3664 2845/3646/3522
f 2975/3678/3554 2845/3646/3522 2957/3648/3524
usemtl Steel_-_Satin
f 2907/3789/3665 2979/3790/3666 2908/3791/3667
f 2908/3791/3667 2979/3790/3666 2980/3792/3668
f 2908/3791/3667 2980/3792/3668 2909/3793/3669
f 2909/3793/3669 2980/3792/3668 2981/3794/3670
f 2909/3793/3669 2981/3794/3670 2910/3795/3671
f 2910/3795/3671 2981/3794/3670 2982/3796/3672
f 2910/3795/3671 2982/3796/3672 2911/3797/3673
f 2911/3797/3673 2982/3796/3672 2983/3798/3674
f 2911/3797/3673 2983/3798/3674 2912/3799/3675
f 2912/3799/3675 2983/3798/3674 2984/3800/3676
f 2912/3799/3675 2984/3800/3676 2913/3801/3677
f 2913/3801/3677 2984/3800/3676 2985/3802/3678
f 2913/3801/3677 2985/3802/3678 2914/3803/3679
f 2914/3803/3679 2985/3802/3678 2986/3804/3680
f 2914/3803/3679 2986/3804/3680 2915/3805/3681
f 2915/3805/3681 2986/3804/3680 2987/3806/3682
f 2915/3805/3681 2987/3806/3682 2916/3807/3683
f 2916/3807/3683 2987/3806/3682 2988/3808/3684
f 2916/3807/3683 2988/3808/3684 2917/3809/3685
f 2917/3809/3685 2988/3808/3684 2989/3810/3686
f 2917/3809/3685 2989/3810/3686 2918/3811/3687
f 2918/3811/3687 2989/3810/3686 2990/3812/3688
f 2918/3811/3687 2990/3812/3688 2919/3813/3689
f 2919/3813/3689 2990/3812/3688 2991/3814/3690
f 2919/3813/3689 2991/3814/3690 2920/3815/3691
f 2920/3815/3691 2991/3814/3690 2992/3816/3692
f 2920/3815/3691 2992/3816/3692 2921/3817/3693
f 2921/3817/3693 2992/3816/3692 2993/3818/3694
f 2921/3817/3693 2993/3818/3694 2922/3819/3695
f 2922/3819/3695 2993/3818/3694 2994/3820/3696
f 2922/3819/3695 2994/3820/3696 2923/3821/3697
f 2923/3821/3697 2994/3820/3696 2995/3822/3698
f 2923/3821/3697 2995/3822/3698 2924/3823/3699
f 2924/3823/3699 2995/3822/3698 2996/3824/3700
f 2924/3823/3699 2996/3824/3700 2925/3825/3701
f 2925/3825/3701 2996/3824/3700 2997/3826/3702
f 2925/3825/3701 2997/3826/3702 2926/3827/3703
f 2926/3827/3703 2997/3826/3702 2998/3828/3704
f 2926/3827/3703 2998/3828/3704 2927/3829/3705
f 2927/3829/3705 2998/3828/3704 2999/3830/3706
f 2927/3829/3705 2999/3830/3706 2928/3831/3707
f 2928/3831/3707 2999/3830/3706 3000/3832/3708
f 2928/3831/3707 3000/3832/3708 2929/3833/3709
f 2929/3833/3709 3000/3832/3708 3001/3834/3710
f 2929/3833/3709 3001/3834/3710 2930/3835/3711
f 2930/3835/3711 3001/3834/3710 3002/3836/3712
f 2930/3835/3711 3002/3836/3712 2931/3837/3713
f 2931/3837/3713 3002/3836/3712 3003/3838/3714
f 2931/3837/3713 3003/3838/3714 2932/3839/3715
f 2932/3839/3715 3003/3838/3714 3004/3840/3716
f 2932/3839/3715 3004/3840/3716 2933/3841/3717
f 2933/3841/3717 3004/3840/3716 3005/3842/3718
f 2933/3841/3717 3005/3842/3718 2934/3843/3719
f 2934/3843/3719 3005/3842/3718 3006/3844/3720
f 2934/3843/3719 3006/3844/3720 2935/3845/3721
f 2935/3845/3721 3006/3844/3720 3007/3846/3722
f 2935/3845/3721 3007/3846/3722 2936/3847/3723
f 2936/3847/3723 3007/3846/3722 3008/3848/3724
f 2936/3847/3723 3008/3848/3724 2937/3849/3725
f 2937/3849/3725 3008/3848/3724 3009/3850/3726
f 2937/3849/3725 3009/3850/3726 2938/3851/3727
f 2938/3851/3727 3009/3850/3726 3010/3852/3728
f 2938/3851/3727 3010/3852/3728 2939/3853/3729
f 2939/3853/3729 3010/3852/3728 3011/3854/3730
f 2939/3853/3729 3011/3854/3730 2940/3855/3731
f 2940/3855/3731 3011/3854/3730 3012/3856/3732
f 2940/3855/3731 3012/3856/3732 2941/3857/3733
f 2941/3857/3733 3012/3856/3732 3013/3858/3734
f 2941/3857/3733 3013/3858/3734 2942/3859/3735
f 2942/3859/3735 3013/3858/3734 3014/3860/3736
f 2942/3859/3735 3014/3860/3736 2943/3861/3737
f 2943/3861/3737 3014/3860/3736 3015/3862/3738
f 2943/3861/3737 3015/3862/3738 2944/3863/3739
f 2944/3863/3739 3015/3862/3738 3016/3864/3740
f 2944/3863/3739 3016/3864/3740 2945/3865/3741
f 2945/3865/3741 3016/3864/3740 3017/3866/3742
f 2945/3865/3741 3017/3866/3742 2946/3867/3743
f 2946/3867/3743 3017/3866/3742 3018/3868/3744
f 2946/3867/3743 3018/3868/3744 2947/3869/3745
f 2947/3869/3745 3018/3868/3744 3019/3870/3746
f 2947/3869/3745 3019/3870/3746 2948/3871/3747
f 2948/3871/3747 3019/3870/3746 3020/3872/3748
f 2948/3871/3747 3020/3872/3748 2949/3873/3749
f 2949/3873/3749 3020/3872/3748 3021/3874/3750
f 2949/3873/3749 3021/3874/3750 2950/3875/3751
f 2950/3875/3751 3021/3874/3750 3022/3876/3752
f 2950/3875/3751 3022/3876/3752 2951/3877/3753
f 2951/3877/3753 3022/3876/3752 3023/3878/3754
f 2951/3877/3753 3023/3878/3754 2952/3879/3755
f 2952/3879/3755 3023/3878/3754 3024/3880/3756
f 2952/3879/3755 3024/3880/3756 2953/3881/3757
f 2953/3881/3757 3024/3880/3756 3025/3882/3758
f 2953/3881/3757 3025/3882/3758 2954/3883/3759
f 2954/3883/3759 3025/3882/3758 3026/3884/3760
f 2954/3883/3759 3026/3884/3760 2955/3885/3761
f 2955/3885/3761 3026/3884/3760 3027/3886/3762
f 2955/3885/3761 3027/3886/3762 2956/3887/3763
f 2956/3887/3763 3027/3886/3762 3028/3888/3764
f 2956/3887/3763 3028/3888/3764 2847/3889/3765
f 2847/3889/3765 3028/3888/3764 3029/3890/3766
f 2847/3889/3765 3029/3890/3766 2848/3891/3767
usemtl Aluminum_-_Cast
f 3030/3892/3768 3110/3893/3769 2907/3894/3770
f 2907/3894/3770 3110/3893/3769 3111/3895/3771
f 2907/3894/3770 3111/3895/3771 2979/3896/3772
f 2979/3896/3772 3111/3895/3771 3112/3897/3773
f 2979/3896/3772 3112/3897/3773 2980/3898/3774
f 2980/3898/3774 3112/3897/3773 3113/3899/3775
f 2980/3898/3774 3113/3899/3775 2981/3900/3776
f 2981/3900/3776 3113/3899/3775 3114/3901/3777
f 2981/3900/3776 3114/3901/3777 2982/3902/3778
f 2982/3902/3778 3114/3901/3777 3115/3903/3779
f 2982/3902/3778 3115/3903/3779 2983/3904/3780
f 2983/3904/3780 3115/3903/3779 3116/3905/3781
f 2983/3904/3780 3116/3905/3781 2984/3906/3782
f 2984/3906/3782 3116/3905/3781 3117/3907/3783
f 2984/3906/3782 3117/3907/3783 2985/3908/3784
f 2985/3908/3784 3117/3907/3783 3118/3909/3785
f 2985/3908/3784 3118/3909/3785 2986/3910/3786
f 2986/3910/3786 3118/3909/3785 3048/3911/3787
f 2986/3910/3786 3048/3911/3787 2987/3912/3788
f 2987/3912/3788 3048/3911/3787 3049/3913/3789
f 2987/3912/3788 3049/3913/3789 2988/3914/3790
f 2988/3914/3790 3049/3913/3789 3050/3915/3791
f 2988/3914/3790 3050/3915/3791 2989/3916/3792
f 2989/3916/3792 3050/3915/3791 3051/3917/3793
f 2989/3916/3792 3051/3917/3793 2990/3918/3794
f 2990/3918/3794 3051/3917/3793 3052/3919/3795
f 2990/3918/3794 3052/3919/3795 2991/3920/3796
f 2991/3920/3796 3052/3919/3795 3053/3921/3797
f 2991/3920/3796 3053/3921/3797 2992/3922/3798
f 2992/3922/3798 3053/3921/3797 3054/3923/3799
f 2992/3922/3798 3054/3923/3799 2993/3924/3800
f 2993/3924/3800 3054/3923/3799 3055/3925/3801
f 2993/3924/3800 3055/3925/3801 2994/3926/3802
f 2994/3926/3802 3055/3925/3801 3056/3927/3803
f 2994/3926/3802 3056/3927/3803 2995/3928/3804
f 2995/3928/3804 3056/3927/3803 3057/3929/3805
f 2995/3928/3804 3057/3929/3805 2996/3930/3806
f 2996/3930/3806 3057/3929/3805 3058/3931/3807
f 2996/3930/3806 3058/3931/3807 2997/3932/3808
f 2997/3932/3808 3058/3931/3807 3059/3933/3809
f 2997/3932/3808 3059/3933/3809 2998/3934/3810
f 2998/3934/3810 3059/3933/3809 3060/3935/3811
f 2998/3934/3810 3060/3935/3811 2999/3936/3812
f 2999/3936/3812 3060/3935/3811 3061/3937/3813
f 2999/3936/3812 3061/3937/3813 3000/3938/3814
f 3000/3938/3814 3061/3937/3813 3062/3939/3815
f 3000/3938/3814 3062/3939/3815 3001/3940/3816
f 3001/3940/3816 3062/3939/3815 3063/3941/3817
f 3001/3940/3816 3063/3941/3817 3002/3942/3818
f 3002/3942/3818 3063/3941/3817 3064/3943/3819
f 3002/3942/3818 3064/3943/3819 3003/3944/3820
f 3003/3944/3820 3064/3943/3819 3065/3945/3821
f 3003/3944/3820 3065/3945/3821 3004/3946/3822
f 3004/3946/3822 3065/3945/3821 3066/3947/3823
f 3004/3946/3822 3066/3947/3823 3005/3948/3824
f 3005/3948/3824 3066/3947/3823 3067/3949/3825
f 3005/3948/3824 3067/3949/3825 3006/3950/3826
f 3006/3950/3826 3067/3949/3825 3068/3951/3827
f 3006/3950/3826 3068/3951/3827 3007/3952/3828
f 3007/3952/3828 3068/3951/3827 3069/3953/3829
f 3007/3952/3828 3069/3953/3829 3008/3954/3830
f 3008/3954/3830 3069/3953/3829 3070/3955/3831
f 3008/3954/3830 3070/3955/3831 3009/3956/3832
f 3009/3956/3832 3070/3955/3831 3071/3957/3833
f 3009/3956/3832 3071/3957/3833 3010/3958/3834
f 3010/3958/3834 3071/3957/3833 3072/3959/3835
f 3010/3958/3834 3072/3959/3835 3011/3960/3836
f 3011/3960/3836 3072/3959/3835 3073/3961/3837
f 3011/3960/3836 3073/3961/3837 3012/3962/3838
f 3012/3962/3838 3073/3961/3837 3074/3963/3839
f 3012/3962/3838 3074/3963/3839 3013/3964/3840
f 3013/3964/3840 3074/3963/3839 3075/3965/3841
f 3013/3964/3840 3075/3965/3841 3014/3966/3842
f 3014/3966/3842 3075/3965/3841 3076/3967/3843
f 3014/3966/3842 3076/3967/3843 3015/3968/3844
f 3015/3968/3844 3076/3967/3843 3077/3969/3845
f 3015/3968/3844 3077/3969/3845 3016/3970/3846
f 3016/3970/3846 3077/3969/3845 3078/3971/3847
f 3016/3970/3846 3078/3971/3847 3017/3972/3848
f 3017/3972/3848 3078/3971/3847 3079/3973/3849
f 3017/3972/3848 3079/3973/3849 3018/3974/3850
f 3018/3974/3850 3079/3973/3849 3080/3975/3851
f 3018/3974/3850 3080/3975/3851 3019/3976/3852
f 3019/3976/3852 3080/3975/3851 3081/3977/3853
f 3019/3976/3852 3081/3977/3853 3020/3978/3854
f 3020/3978/3854 3081/3977/3853 3082/3979/3855
f 3020/3978/3854 3082/3979/3855 3021/3980/3856
f 3021/3980/3856 3082/3979/3855 3083/3981/3857
f 3021/3982/3856 3083/3983/3857 3022/3984/3858
f 3022/3984/3858 3083/3983/3857 3084/3985/3859
f 3022/3984/3858 3084/3985/3859 3023/3986/3860
f 3023/3986/3860 3084/3985/3859 3085/3987/3861
f 3023/3986/3860 3085/3987/3861 3024/3988/3862
f 3024/3988/3862 3085/3987/3861 3086/3989/3863
f 3024/3988/3862 3086/3989/3863 3025/3990/3864
f 3025/3990/3864 3086/3989/3863 3087/3991/3865
f 3025/3990/3864 3087/3991/3865 3026/3992/3866
f 3026/3992/3866 3087/3991/3865 3088/3993/3867
f 3026/3992/3866 3088/3993/3867 3027/3994/3868
f 3027/3994/3868 3088/3993/3867 3089/3995/3869
f 3027/3994/3868 3089/3995/3869 3028/3996/3870
f 3028/3996/3870 3089/3995/3869 3090/3997/3871
f 3028/3996/3870 3090/3997/3871 3029/3998/3872
f 3029/3998/3872 3090/3997/3871 3091/3999/3873
f 3029/3998/3872 3091/3999/3873 2848/4000/3874
f 2848/4000/3874 3091/3999/3873 3092/4001/3875
f 2848/4000/3874 3092/4001/3875 3047/4002/3876
f 3047/4002/3876 3092/4001/3875 3093/4003/3877
f 3047/4002/3876 3093/4003/3877 3046/4004/3878
f 3046/4004/3878 3093/4003/3877 3094/4005/3879
f 3046/4004/3878 3094/4005/3879 3045/4006/3880
f 3045/4006/3880 3094/4005/3879 3095/4007/3881
f 3045/4006/3880 3095/4007/3881 3044/4008/3882
f 3044/4008/3882 3095/4007/3881 3096/4009/3883
f 3044/4008/3882 3096/4009/3883 3043/4010/3884
f 3043/4010/3884 3096/4009/3883 3097/4011/3885
f 3043/4010/3884 3097/4011/3885 3042/4012/3886
f 3042/4012/3886 3097/4011/3885 3098/4013/3887
f 3042/4012/3886 3098/4013/3887 3041/4014/3888
f 3041/4014/3888 3098/4013/3887 3099/4015/3889
f 3041/4014/3888 3099/4015/3889 3040/4016/3890
f 3040/4016/3890 3099/4015/3889 3100/4017/3891
f 3040/4016/3890 3100/4017/3891 3039/4018/3892
f 3039/4018/3892 3100/4017/3891 3101/4019/3893
f 3039/4018/3892 3101/4019/3893 3038/4020/3894
f 3038/4020/3894 3101/4019/3893 3102/4021/3895
f 3038/4020/3894 3102/4021/3895 3037/4022/3896
f 3037/4022/3896 3102/4021/3895 3103/4023/3897
f 3037/4022/3896 3103/4023/3897 3036/4024/3898
f 3036/4024/3898 3103/4023/3897 3104/4025/3899
f 3036/4024/3898 3104/4025/3899 3035/4026/3900
f 3035/4026/3900 3104/4025/3899 3105/4027/3901
f 3035/4026/3900 3105/4027/3901 3034/4028/3902
f 3034/4028/3902 3105/4027/3901 3106/4029/3903
f 3034/4028/3902 3106/4029/3903 3033/4030/3904
f 3033/4030/3904 3106/4029/3903 3107/4031/3905
f 3033/4030/3904 3107/4031/3905 3032/4032/3906
f 3032/4032/3906 3107/4031/3905 3108/4033/3907
f 3032/4032/3906 3108/4033/3907 3031/4034/3908
f 3031/4034/3908 3108/4033/3907 3109/4035/3909
f 3031/4034/3908 3109/4035/3909 3030/3892/3768
f 3030/3892/3768 3109/4035/3909 3110/3893/3769
usemtl Steel_-_Satin
f 2848/4036/3910 3047/4037/3911 2849/4038/3912
f 2849/4038/3912 3047/4037/3911 3046/4039/3913
f 2849/4038/3912 3046/4039/3913 3045/4040/3914
f 3045/4040/3914 3044/4041/3915 2849/4038/3912
f 2849/4038/3912 3044/4041/3915 3043/4042/3916
f 2849/4038/3912 3043/4042/3916 3042/4043/3917
f 3042/4043/3917 3041/4044/3918 2849/4038/3912
f 2849/4038/3912 3041/4044/3918 3040/4045/3919
f 2849/4038/3912 3040/4045/3919 3039/4046/3920
f 3039/4046/3920 3038/4047/3921 2849/4038/3912
f 2849/4038/3912 3038/4047/3921 2851/4048/3922
f 2851/4048/3922 3038/4047/3921 3037/4049/3923
f 2851/4048/3922 3037/4049/3923 3036/4050/3924
f 3036/4050/3924 3035/4051/3925 2851/4048/3922
f 2851/4048/3922 3035/4051/3925 3034/4052/3926
f 2851/4048/3922 3034/4052/3926 3033/4053/3927
f 3033/4053/3927 3032/4054/3928 2851/4048/3922
f 2851/4048/3922 3032/4054/3928 3031/4055/3929
f 2851/4048/3922 3031/4055/3929 3030/4056/3930
f 3030/4056/3930 2907/4057/3931 2851/4048/3922
usemtl Aluminum_-_Cast
f 3120/4058/3932 3083/4059/3933 3119/4060/3934
f 3119/4060/3934 3083/4059/3933 3082/4061/3935
f 3119/4060/3934 3082/4061/3935 3081/4062/3936
f 3121/4063/3937 3170/4064/3938 3120/4058/3932
f 3120/4058/3932 3170/4064/3938 3171/4065/3939
f 3120/4058/3932 3171/4065/3939 3172/4066/3940
f 3122/4067/3941 3048/4068/3942 3121/4063/3937
f 3121/4063/3937 3048/4068/3942 3118/4069/3943
f 3121/4063/3937 3118/4069/3943 3117/4070/3944
f 3119/4060/3934 3198/4071/3945 3122/4067/3941
f 3122/4067/3941 3198/4071/3945 3199/4072/3946
f 3122/4067/3941 3199/4072/3946 3200/4073/3947
f 3124/4074/3948 3071/4075/3949 3123/4076/3950
f 3123/4076/3950 3071/4075/3949 3070/4077/3951
f 3123/4076/3950 3070/4077/3951 3150/4078/3952
f 3150/4078/3952 3070/4077/3951 3069/4079/3953
f 3150/4078/3952 3069/4079/3953 3149/4080/3954
f 3149/4080/3954 3069/4079/3953 3068/4081/3955
f 3149/4080/3954 3068/4081/3955 3148/4082/3956
f 3148/4082/3956 3068/4081/3955 3067/4083/3957
f 3148/4082/3956 3067/4083/3957 3066/4084/3958
f 3124/4074/3948 3125/4085/3959 3071/4075/3949
f 3071/4075/3949 3125/4085/3959 3072/4086/3960
f 3072/4086/3960 3125/4085/3959 3126/4087/3961
f 3072/4086/3960 3126/4087/3961 3127/4088/3962
f 3072/4086/3960 3127/4088/3962 3073/4089/3963
f 3073/4089/3963 3127/4088/3962 3128/4090/3964
f 3073/4089/3963 3128/4090/3964 3129/4091/3965
f 3073/4089/3963 3129/4091/3965 3074/4092/3966
f 3074/4092/3966 3129/4091/3965 3130/4093/3967
f 3074/4092/3966 3130/4093/3967 3075/4094/3968
f 3075/4094/3968 3130/4093/3967 3131/4095/3969
f 3075/4094/3968 3131/4095/3969 3132/4096/3970
f 3075/4094/3968 3132/4096/3970 3076/4097/3971
f 3076/4097/3971 3132/4096/3970 3133/4098/3972
f 3076/4097/3971 3133/4098/3972 3077/4099/3973
f 3077/4099/3973 3133/4098/3972 3134/4100/3974
f 3077/4099/3973 3134/4100/3974 3078/4101/3975
f 3078/4101/3975 3134/4100/3974 3135/4102/3976
f 3078/4101/3975 3135/4102/3976 3079/4103/3977
f 3079/4103/3977 3135/4102/3976 3119/4060/3934
f 3079/4103/3977 3119/4060/3934 3080/4104/3978
f 3080/4104/3978 3119/4060/3934 3081/4062/3936
f 3135/4102/3976 3136/4105/3979 3119/4060/3934
f 3119/4060/3934 3136/4105/3979 3137/4106/3980
f 3119/4060/3934 3137/4106/3980 3138/4107/3981
f 3138/4107/3981 3139/4108/3982 3119/4060/3934
f 3119/4060/3934 3139/4108/3982 3140/4109/3983
f 3119/4060/3934 3140/4109/3983 3141/4110/3984
f 3141/4110/3984 3142/4111/3985 3119/4060/3934
f 3119/4060/3934 3142/4111/3985 3143/4112/3986
f 3119/4060/3934 3143/4112/3986 3144/4113/3987
f 3144/4113/3987 3145/4114/3988 3119/4060/3934
f 3119/4060/3934 3145/4114/3988 3198/4071/3945
f 3198/4071/3945 3145/4114/3988 3197/4115/3989
f 3197/4115/3989 3145/4114/3988 3146/4116/3990
f 3197/4115/3989 3146/4116/3990 3196/4117/3991
f 3196/4117/3991 3146/4116/3990 3147/4118/3992
f 3196/4117/3991 3147/4118/3992 3066/4084/3958
f 3066/4084/3958 3147/4118/3992 3148/4082/3956
f 3178/4119/3993 3151/4120/3994 3120/4058/3932
f 3120/4058/3932 3151/4120/3994 3152/4121/3995
f 3120/4058/3932 3152/4121/3995 3088/4122/3996
f 3088/4122/3996 3152/4121/3995 3089/4123/3997
f 3089/4123/3997 3152/4121/3995 3153/4124/3998
f 3089/4123/3997 3153/4124/3998 3090/4125/3999
f 3090/4125/3999 3153/4124/3998 3154/4126/4000
f 3090/4125/3999 3154/4126/4000 3091/4127/4001
f 3091/4127/4001 3154/4126/4000 3155/4128/4002
f 3091/4127/4001 3155/4128/4002 3092/4129/4003
f 3092/4129/4003 3155/4128/4002 3156/4130/4004
f 3092/4129/4003 3156/4130/4004 3157/4131/4005
f 3092/4129/4003 3157/4131/4005 3093/4132/4006
f 3093/4132/4006 3157/4131/4005 3158/4133/4007
f 3093/4132/4006 3158/4133/4007 3094/4134/4008
f 3094/4134/4008 3158/4133/4007 3159/4135/4009
f 3094/4134/4008 3159/4135/4009 3160/4136/4010
f 3094/4134/4008 3160/4136/4010 3095/4137/4011
f 3095/4137/4011 3160/4136/4010 3161/4138/4012
f 3095/4137/4011 3161/4138/4012 3162/4139/4013
f 3095/4137/4011 3162/4139/4013 3096/4140/4014
f 3096/4140/4014 3162/4139/4013 3163/4141/4015
f 3096/4140/4014 3163/4141/4015 3164/4142/4016
f 3096/4140/4014 3164/4142/4016 3097/4143/4017
f 3097/4143/4017 3164/4142/4016 3165/4144/4018
f 3097/4143/4017 3165/4144/4018 3098/4145/4019
f 3098/4145/4019 3165/4144/4018 3166/4146/4020
f 3098/4145/4019 3166/4146/4020 3099/4147/4021
f 3099/4147/4021 3166/4146/4020 3167/4148/4022
f 3099/4147/4021 3167/4148/4022 3100/4149/4023
f 3100/4149/4023 3167/4148/4022 3101/4150/4024
f 3101/4150/4024 3167/4148/4022 3168/4151/4025
f 3101/4150/4024 3168/4151/4025 3231/4152/4026
f 3231/4152/4026 3168/4151/4025 3230/4153/4027
f 3230/4153/4027 3168/4151/4025 3169/4154/4028
f 3230/4153/4027 3169/4154/4028 3229/4155/4029
f 3229/4155/4029 3169/4154/4028 3170/4064/3938
f 3229/4155/4029 3170/4064/3938 3121/4063/3937
f 3172/4066/3940 3173/4156/4030 3120/4058/3932
f 3120/4058/3932 3173/4156/4030 3174/4157/4031
f 3120/4058/3932 3174/4157/4031 3175/4158/4032
f 3175/4158/4032 3176/4159/4033 3120/4058/3932
f 3120/4058/3932 3176/4159/4033 3177/4160/4034
f 3120/4058/3932 3177/4160/4034 3178/4119/3993
f 3206/4161/4035 3179/4162/4036 3122/4067/3941
f 3122/4067/3941 3179/4162/4036 3180/4163/4037
f 3122/4067/3941 3180/4163/4037 3053/4164/4038
f 3053/4164/4038 3180/4163/4037 3054/4165/4039
f 3054/4165/4039 3180/4163/4037 3181/4166/4040
f 3054/4165/4039 3181/4166/4040 3055/4167/4041
f 3055/4167/4041 3181/4166/4040 3182/4168/4042
f 3055/4167/4041 3182/4168/4042 3056/4169/4043
f 3056/4169/4043 3182/4168/4042 3183/4170/4044
f 3056/4169/4043 3183/4170/4044 3184/4171/4045
f 3056/4169/4043 3184/4171/4045 3057/4172/4046
f 3057/4172/4046 3184/4171/4045 3185/4173/4047
f 3057/4172/4046 3185/4173/4047 3186/4174/4048
f 3057/4172/4046 3186/4174/4048 3058/4175/4049
f 3058/4175/4049 3186/4174/4048 3187/4176/4050
f 3058/4175/4049 3187/4176/4050 3059/4177/4051
f 3059/4177/4051 3187/4176/4050 3188/4178/4052
f 3059/4177/4051 3188/4178/4052 3189/4179/4053
f 3059/4177/4051 3189/4179/4053 3060/4180/4054
f 3060/4180/4054 3189/4179/4053 3190/4181/4055
f 3060/4180/4054 3190/4181/4055 3191/4182/4056
f 3060/4180/4054 3191/4182/4056 3061/4183/4057
f 3061/4183/4057 3191/4182/4056 3192/4184/4058
f 3061/4183/4057 3192/4184/4058 3062/4185/4059
f 3062/4185/4059 3192/4184/4058 3193/4186/4060
f 3062/4185/4059 3193/4186/4060 3063/4187/4061
f 3063/4187/4061 3193/4186/4060 3194/4188/4062
f 3063/4187/4061 3194/4188/4062 3064/4189/4063
f 3064/4189/4063 3194/4188/4062 3195/4190/4064
f 3064/4189/4063 3195/4190/4064 3065/4191/4065
f 3065/4191/4065 3195/4190/4064 3196/4117/3991
f 3065/4191/4065 3196/4117/3991 3066/4084/3958
f 3200/4073/3947 3201/4192/4066 3122/4067/3941
f 3122/4067/3941 3201/4192/4066 3202/4193/4067
f 3122/4067/3941 3202/4193/4067 3203/4194/4068
f 3203/4194/4068 3204/4195/4069 3122/4067/3941
f 3122/4067/3941 3204/4195/4069 3205/4196/4070
f 3122/4067/3941 3205/4196/4070 3206/4161/4035
f 3208/4197/4071 3106/4198/4072 3207/4199/4073
f 3207/4199/4073 3106/4198/4072 3105/4200/4074
f 3207/4199/4073 3105/4200/4074 3234/4201/4075
f 3234/4201/4075 3105/4200/4074 3104/4202/4076
f 3234/4201/4075 3104/4202/4076 3233/4203/4077
f 3233/4203/4077 3104/4202/4076 3103/4204/4078
f 3233/4203/4077 3103/4204/4078 3232/4205/4079
f 3232/4205/4079 3103/4204/4078 3102/4206/4080
f 3232/4205/4079 3102/4206/4080 3231/4152/4026
f 3231/4152/4026 3102/4206/4080 3101/4150/4024
f 3106/4198/4072 3208/4197/4071 3107/4207/4081
f 3107/4207/4081 3208/4197/4071 3209/4208/4082
f 3107/4207/4081 3209/4208/4082 3210/4209/4083
f 3107/4207/4081 3210/4209/4083 3108/4210/4084
f 3108/4210/4084 3210/4209/4083 3211/4211/4085
f 3108/4210/4084 3211/4211/4085 3212/4212/4086
f 3108/4210/4084 3212/4212/4086 3109/4213/4087
f 3109/4213/4087 3212/4212/4086 3213/4214/4088
f 3109/4213/4087 3213/4214/4088 3110/4215/4089
f 3110/4215/4089 3213/4214/4088 3214/4216/4090
f 3110/4215/4089 3214/4216/4090 3215/4217/4091
f 3110/4215/4089 3215/4217/4091 3111/4218/4092
f 3111/4218/4092 3215/4217/4091 3216/4219/4093
f 3111/4218/4092 3216/4219/4093 3217/4220/4094
f 3111/4218/4092 3217/4220/4094 3112/4221/4095
f 3112/4221/4095 3217/4220/4094 3218/4222/4096
f 3112/4221/4095 3218/4222/4096 3113/4223/4097
f 3113/4223/4097 3218/4222/4096 3219/4224/4098
f 3113/4223/4097 3219/4224/4098 3114/4225/4099
f 3114/4225/4099 3219/4224/4098 3121/4063/3937
f 3114/4225/4099 3121/4063/3937 3115/4226/4100
f 3115/4226/4100 3121/4063/3937 3116/4227/4101
f 3116/4227/4101 3121/4063/3937 3117/4070/3944
f 3219/4224/4098 3220/4228/4102 3121/4063/3937
f 3121/4063/3937 3220/4228/4102 3221/4229/4103
f 3121/4063/3937 3221/4229/4103 3222/4230/4104
f 3222/4230/4104 3223/4231/4105 3121/4063/3937
f 3121/4063/3937 3223/4231/4105 3224/4232/4106
f 3121/4063/3937 3224/4232/4106 3225/4233/4107
f 3225/4233/4107 3226/4234/4108 3121/4063/3937
f 3121/4063/3937 3226/4234/4108 3227/4235/4109
f 3121/4063/3937 3227/4235/4109 3228/4236/4110
f 3228/4236/4110 3229/4155/4029 3121/4063/3937
f 3088/4122/3996 3087/4237/4111 3120/4058/3932
f 3120/4058/3932 3087/4237/4111 3086/4238/4112
f 3120/4058/3932 3086/4238/4112 3085/4239/4113
f 3085/4239/4113 3084/4240/4114 3120/4058/3932
f 3120/4058/3932 3084/4240/4114 3083/4059/3933
f 3053/4164/4038 3052/4241/4115 3122/4067/3941
f 3122/4067/3941 3052/4241/4115 3051/4242/4116
f 3122/4067/3941 3051/4242/4116 3050/4243/4117
f 3050/4243/4117 3049/4244/4118 3122/4067/3941
f 3122/4067/3941 3049/4244/4118 3048/4068/3942
usemtl Steel_-_Satin
f 3235/4245/4119 3236/4246/4120 3119/4247/4121
f 3119/4247/4121 3236/4246/4120 3120/4248/4122
f 3237/4249/4123 3317/4250/4124 3235/4251/4125
f 3235/4251/4125 3317/4250/4124 3258/4252/4126
f 3235/4251/4125 3258/4252/4126 3259/4253/4127
f 3238/4254/4128 3307/4255/4129 3237/4249/4123
f 3237/4249/4123 3307/4255/4129 3308/4256/4130
f 3237/4249/4123 3308/4256/4130 3309/4257/4131
f 3236/4258/4132 3289/4259/4133 3238/4254/4128
f 3238/4254/4128 3289/4259/4133 3342/4260/4134
f 3238/4254/4128 3342/4260/4134 3343/4261/4135
f 3235/4251/4125 3240/4262/4136 3236/4258/4132
f 3236/4258/4132 3240/4262/4136 3279/4263/4137
f 3236/4258/4132 3279/4263/4137 3280/4264/4138
f 3266/4265/4139 3239/4266/4140 3235/4251/4125
f 3235/4251/4125 3239/4266/4140 3240/4262/4136
f 3240/4262/4136 3241/4267/4141 3279/4263/4137
f 3279/4263/4137 3241/4267/4141 3278/4268/4142
f 3278/4268/4142 3241/4267/4141 3242/4269/4143
f 3278/4268/4142 3242/4269/4143 3277/4270/4144
f 3277/4270/4144 3242/4269/4143 3243/4271/4145
f 3277/4270/4144 3243/4271/4145 3276/4272/4146
f 3276/4272/4146 3243/4271/4145 3244/4273/4147
f 3276/4272/4146 3244/4273/4147 3275/4274/4148
f 3275/4274/4148 3244/4273/4147 3245/4275/4149
f 3275/4274/4148 3245/4275/4149 3274/4276/4150
f 3274/4276/4150 3245/4275/4149 3246/4277/4151
f 3274/4276/4150 3246/4277/4151 3273/4278/4152
f 3273/4278/4152 3246/4277/4151 3272/4279/4153
f 3272/4279/4153 3246/4277/4151 3247/4280/4154
f 3272/4279/4153 3247/4280/4154 3271/4281/4155
f 3271/4281/4155 3247/4280/4154 3248/4282/4156
f 3271/4281/4155 3248/4282/4156 3270/4283/4157
f 3270/4283/4157 3248/4282/4156 3249/4284/4158
f 3270/4283/4157 3249/4284/4158 3333/4285/4159
f 3333/4285/4159 3249/4284/4158 3298/4286/4160
f 3333/4285/4159 3298/4286/4160 3299/4287/4161
f 3249/4284/4158 3250/4288/4162 3298/4286/4160
f 3298/4286/4160 3250/4288/4162 3297/4289/4163
f 3297/4289/4163 3250/4288/4162 3251/4290/4164
f 3297/4289/4163 3251/4290/4164 3296/4291/4165
f 3296/4291/4165 3251/4290/4164 3252/4292/4166
f 3296/4291/4165 3252/4292/4166 3295/4293/4167
f 3295/4293/4167 3252/4292/4166 3253/4294/4168
f 3295/4293/4167 3253/4294/4168 3322/4295/4169
f 3322/4295/4169 3253/4294/4168 3254/4296/4170
f 3322/4295/4169 3254/4296/4170 3321/4297/4171
f 3321/4297/4171 3254/4296/4170 3255/4298/4172
f 3321/4297/4171 3255/4298/4172 3320/4299/4173
f 3320/4299/4173 3255/4298/4172 3256/4300/4174
f 3320/4299/4173 3256/4300/4174 3319/4301/4175
f 3319/4301/4175 3256/4300/4174 3257/4302/4176
f 3319/4301/4175 3257/4302/4176 3318/4303/4177
f 3318/4303/4177 3257/4302/4176 3258/4252/4126
f 3318/4303/4177 3258/4252/4126 3317/4250/4124
f 3259/4253/4127 3260/4304/4178 3235/4251/4125
f 3235/4251/4125 3260/4304/4178 3261/4305/4179
f 3235/4251/4125 3261/4305/4179 3262/4306/4180
f 3262/4306/4180 3263/4307/4181 3235/4251/4125
f 3235/4251/4125 3263/4307/4181 3264/4308/4182
f 3235/4251/4125 3264/4308/4182 3265/4309/4183
f 3265/4309/4183 3266/4265/4139 3235/4251/4125
f 3268/4310/4184 3336/4311/4185 3267/4312/4186
f 3267/4312/4186 3336/4311/4185 3337/4313/4187
f 3267/4312/4186 3337/4313/4187 3294/4314/4188
f 3294/4314/4188 3337/4313/4187 3338/4315/4189
f 3294/4314/4188 3338/4315/4189 3293/4316/4190
f 3293/4316/4190 3338/4315/4189 3339/4317/4191
f 3293/4316/4190 3339/4317/4191 3292/4318/4192
f 3292/4318/4192 3339/4317/4191 3340/4319/4193
f 3292/4318/4192 3340/4319/4193 3291/4320/4194
f 3291/4320/4194 3340/4319/4193 3341/4321/4195
f 3291/4320/4194 3341/4321/4195 3290/4322/4196
f 3290/4322/4196 3341/4321/4195 3342/4260/4134
f 3290/4322/4196 3342/4260/4134 3289/4259/4133
f 3336/4311/4185 3268/4310/4184 3335/4323/4197
f 3335/4323/4197 3268/4310/4184 3269/4324/4198
f 3335/4323/4197 3269/4324/4198 3334/4325/4199
f 3334/4325/4199 3269/4324/4198 3270/4283/4157
f 3334/4325/4199 3270/4283/4157 3333/4285/4159
f 3280/4264/4138 3281/4326/4200 3236/4258/4132
f 3236/4258/4132 3281/4326/4200 3282/4327/4201
f 3236/4258/4132 3282/4327/4201 3283/4328/4202
f 3283/4328/4202 3284/4329/4203 3236/4258/4132
f 3236/4258/4132 3284/4329/4203 3285/4330/4204
f 3236/4258/4132 3285/4330/4204 3286/4331/4205
f 3286/4331/4205 3287/4332/4206 3236/4258/4132
f 3236/4258/4132 3287/4332/4206 3288/4333/4207
f 3236/4258/4132 3288/4333/4207 3289/4259/4133
f 3333/4285/4159 3299/4287/4161 3332/4334/4208
f 3332/4334/4208 3299/4287/4161 3300/4335/4209
f 3332/4334/4208 3300/4335/4209 3331/4336/4210
f 3331/4336/4210 3300/4335/4209 3301/4337/4211
f 3331/4336/4210 3301/4337/4211 3330/4338/4212
f 3330/4338/4212 3301/4337/4211 3302/4339/4213
f 3330/4338/4212 3302/4339/4213 3329/4340/4214
f 3329/4340/4214 3302/4339/4213 3328/4341/4215
f 3328/4341/4215 3302/4339/4213 3303/4342/4216
f 3328/4341/4215 3303/4342/4216 3327/4343/4217
f 3327/4343/4217 3303/4342/4216 3304/4344/4218
f 3327/4343/4217 3304/4344/4218 3326/4345/4219
f 3326/4345/4219 3304/4344/4218 3305/4346/4220
f 3326/4345/4219 3305/4346/4220 3306/4347/4221
f 3326/4345/4219 3306/4347/4221 3325/4348/4222
f 3325/4348/4222 3306/4347/4221 3307/4255/4129
f 3325/4348/4222 3307/4255/4129 3324/4349/4223
f 3324/4349/4223 3307/4255/4129 3238/4254/4128
f 3324/4349/4223 3238/4254/4128 3323/4350/4224
f 3323/4350/4224 3238/4254/4128 3350/4351/4225
f 3350/4351/4225 3238/4254/4128 3349/4352/4226
f 3349/4352/4226 3238/4254/4128 3348/4353/4227
f 3348/4353/4227 3238/4254/4128 3347/4354/4228
f 3347/4354/4228 3238/4254/4128 3346/4355/4229
f 3346/4355/4229 3238/4254/4128 3345/4356/4230
f 3345/4356/4230 3238/4254/4128 3344/4357/4231
f 3344/4357/4231 3238/4254/4128 3343/4261/4135
f 3309/4257/4131 3310/4358/4232 3237/4249/4123
f 3237/4249/4123 3310/4358/4232 3311/4359/4233
f 3237/4249/4123 3311/4359/4233 3312/4360/4234
f 3312/4360/4234 3313/4361/4235 3237/4249/4123
f 3237/4249/4123 3313/4361/4235 3314/4362/4236
f 3237/4249/4123 3314/4362/4236 3315/4363/4237
f 3315/4363/4237 3316/4364/4238 3237/4249/4123
f 3237/4249/4123 3316/4364/4238 3317/4250/4124
f 3235/4365/4239 3119/4366/4240 3237/4367/4241
f 3237/4367/4241 3119/4366/4240 3122/4368/4242
f 3238/4369/4243 3237/4370/4244 3121/4371/4245
f 3121/4371/4245 3237/4370/4244 3122/4372/4246
f 3238/4373/4247 3121/4374/4248 3236/4375/4249
f 3236/4375/4249 3121/4374/4248 3120/4376/4250
f 3266/4377/4251 3137/4378/4252 3239/4379/4253
f 3239/4379/4253 3137/4378/4252 3136/4380/4254
f 3239/4381/4253 3136/4382/4254 3240/4383/4255
f 3240/4383/4255 3136/4382/4254 3135/4384/4256
f 3240/4383/4255 3135/4384/4256 3241/4385/4257
f 3241/4385/4257 3135/4384/4256 3134/4386/4258
f 3241/4385/4257 3134/4386/4258 3242/4387/4259
f 3242/4387/4259 3134/4386/4258 3133/4388/4260
f 3242/4387/4259 3133/4388/4260 3243/4389/4261
f 3243/4389/4261 3133/4388/4260 3132/4390/4262
f 3243/4389/4261 3132/4390/4262 3244/4391/4263
f 3244/4391/4263 3132/4390/4262 3131/4392/4264
f 3244/4391/4263 3131/4392/4264 3245/4393/4265
f 3245/4393/4265 3131/4392/4264 3130/4394/4266
f 3245/4393/4265 3130/4394/4266 3246/4395/4267
f 3246/4395/4267 3130/4394/4266 3129/4396/4268
f 3246/4395/4267 3129/4396/4268 3247/4397/4269
f 3247/4397/4269 3129/4396/4268 3128/4398/4270
f 3247/4397/4269 3128/4398/4270 3248/4399/4271
f 3248/4399/4271 3128/4398/4270 3127/4400/4272
f 3248/4399/4271 3127/4400/4272 3249/4401/4273
f 3249/4401/4273 3127/4400/4272 3126/4402/4274
f 3249/4401/4273 3126/4402/4274 3250/4403/4275
f 3250/4403/4275 3126/4402/4274 3125/4404/4276
f 3250/4403/4275 3125/4404/4276 3251/4405/4277
f 3251/4405/4277 3125/4404/4276 3124/4406/4278
f 3251/4405/4277 3124/4406/4278 3252/4407/4279
f 3252/4407/4279 3124/4406/4278 3123/4408/4280
f 3252/4409/4281 3123/4410/4280 3253/4411/4282
f 3253/4411/4282 3123/4410/4280 3150/4412/4283
f 3253/4413/4282 3150/4414/4283 3254/4415/4284
f 3254/4415/4284 3150/4414/4283 3149/4416/4285
f 3254/4415/4284 3149/4416/4285 3255/4417/4286
f 3255/4417/4286 3149/4416/4285 3148/4418/4287
f 3255/4417/4286 3148/4418/4287 3256/4419/4288
f 3256/4419/4288 3148/4418/4287 3147/4420/4289
f 3256/4419/4288 3147/4420/4289 3257/4421/4290
f 3257/4421/4290 3147/4420/4289 3146/4422/4291
f 3257/4421/4290 3146/4422/4291 3258/4423/4292
f 3258/4423/4292 3146/4422/4291 3145/4424/4293
f 3258/4423/4292 3145/4424/4293 3259/4425/4294
f 3259/4425/4294 3145/4424/4293 3144/4426/4295
f 3259/4425/4294 3144/4426/4295 3260/4427/4296
f 3260/4427/4296 3144/4426/4295 3143/4428/4297
f 3260/4427/4296 3143/4428/4297 3261/4429/4298
f 3261/4429/4298 3143/4428/4297 3142/4430/4299
f 3261/4429/4298 3142/4430/4299 3262/4431/4300
f 3262/4431/4300 3142/4430/4299 3141/4432/4301
f 3262/4431/4300 3141/4432/4301 3263/4433/4302
f 3263/4433/4302 3141/4432/4301 3140/4434/4303
f 3263/4433/4302 3140/4434/4303 3264/4435/4304
f 3264/4435/4304 3140/4434/4303 3139/4436/4305
f 3264/4435/4304 3139/4436/4305 3265/4437/4306
f 3265/4437/4306 3139/4436/4305 3138/4438/4307
f 3265/4437/4306 3138/4438/4307 3266/4439/4308
f 3266/4439/4308 3138/4438/4307 3137/4440/4252
f 3267/4441/4309 3164/4442/4310 3268/4443/4311
f 3268/4443/4311 3164/4442/4310 3163/4444/4312
f 3268/4443/4311 3163/4444/4312 3269/4445/4313
f 3269/4445/4313 3163/4444/4312 3162/4446/4314
f 3269/4445/4313 3162/4446/4314 3270/4447/4315
f 3270/4447/4315 3162/4446/4314 3161/4448/4316
f 3270/4447/4315 3161/4448/4316 3271/4449/4317
f 3271/4449/4317 3161/4448/4316 3160/4450/4318
f 3271/4449/4317 3160/4450/4318 3272/4451/4319
f 3272/4451/4319 3160/4450/4318 3159/4452/4320
f 3272/4451/4319 3159/4452/4320 3273/4453/4321
f 3273/4453/4321 3159/4452/4320 3158/4454/4322
f 3273/4453/4321 3158/4454/4322 3274/4455/4323
f 3274/4455/4323 3158/4454/4322 3157/4456/4324
f 3274/4455/4323 3157/4456/4324 3275/4457/4325
f 3275/4457/4325 3157/4456/4324 3156/4458/4326
f 3275/4457/4325 3156/4458/4326 3276/4459/4327
f 3276/4459/4327 3156/4458/4326 3155/4460/4328
f 3276/4459/4327 3155/4460/4328 3277/4461/4329
f 3277/4461/4329 3155/4460/4328 3154/4462/4330
f 3277/4461/4329 3154/4462/4330 3278/4463/4331
f 3278/4463/4331 3154/4462/4330 3153/4464/4332
f 3278/4463/4331 3153/4464/4332 3279/4465/4333
f 3279/4465/4333 3153/4464/4332 3152/4466/4334
f 3279/4465/4333 3152/4466/4334 3280/4467/4335
f 3280/4467/4335 3152/4466/4334 3151/4468/4336
f 3294/4469/4337 3165/4470/4338 3267/4471/4309
f 3267/4471/4309 3165/4470/4338 3164/4472/4310
f 3281/4473/4339 3178/4474/4340 3282/4475/4341
f 3282/4475/4341 3178/4474/4340 3177/4476/4342
f 3282/4475/4341 3177/4476/4342 3283/4477/4343
f 3283/4477/4343 3177/4476/4342 3176/4478/4344
f 3283/4477/4343 3176/4478/4344 3284/4479/4345
f 3284/4479/4345 3176/4478/4344 3175/4480/4346
f 3284/4479/4345 3175/4480/4346 3285/4481/4347
f 3285/4481/4347 3175/4480/4346 3174/4482/4348
f 3285/4481/4347 3174/4482/4348 3286/4483/4349
f 3286/4483/4349 3174/4482/4348 3173/4484/4350
f 3286/4483/4349 3173/4484/4350 3287/4485/4351
f 3287/4485/4351 3173/4484/4350 3172/4486/4352
f 3287/4485/4351 3172/4486/4352 3288/4487/4353
f 3288/4487/4353 3172/4486/4352 3171/4488/4354
f 3288/4487/4353 3171/4488/4354 3289/4489/4355
f 3289/4489/4355 3171/4488/4354 3170/4490/4356
f 3289/4489/4355 3170/4490/4356 3290/4491/4357
f 3290/4491/4357 3170/4490/4356 3169/4492/4358
f 3290/4491/4357 3169/4492/4358 3291/4493/4359
f 3291/4493/4359 3169/4492/4358 3168/4494/4360
f 3291/4493/4359 3168/4494/4360 3292/4495/4361
f 3292/4495/4361 3168/4494/4360 3167/4496/4362
f 3292/4495/4361 3167/4496/4362 3293/4497/4363
f 3293/4497/4363 3167/4496/4362 3166/4498/4364
f 3293/4497/4363 3166/4498/4364 3294/4499/4365
f 3294/4499/4365 3166/4498/4364 3165/4500/4338
f 3280/4501/4335 3151/4502/4336 3281/4503/4339
f 3281/4503/4339 3151/4502/4336 3178/4504/4340
f 3295/4505/4366 3192/4506/4367 3296/4507/4368
f 3296/4507/4368 3192/4506/4367 3191/4508/4369
f 3296/4507/4368 3191/4508/4369 3297/4509/4370
f 3297/4509/4370 3191/4508/4369 3190/4510/4371
f 3297/4509/4370 3190/4510/4371 3298/4511/4372
f 3298/4511/4372 3190/4510/4371 3189/4512/4373
f 3298/4511/4372 3189/4512/4373 3299/4513/4374
f 3299/4513/4374 3189/4512/4373 3188/4514/4375
f 3299/4513/4374 3188/4514/4375 3300/4515/4376
f 3300/4515/4376 3188/4514/4375 3187/4516/4377
f 3300/4515/4376 3187/4516/4377 3301/4517/4378
f 3301/4517/4378 3187/4516/4377 3186/4518/4379
f 3301/4517/4378 3186/4518/4379 3302/4519/4380
f 3302/4519/4380 3186/4518/4379 3185/4520/4381
f 3302/4519/4380 3185/4520/4381 3303/4521/4382
f 3303/4521/4382 3185/4520/4381 3184/4522/4383
f 3303/4521/4382 3184/4522/4383 3304/4523/4384
f 3304/4523/4384 3184/4522/4383 3183/4524/4385
f 3304/4523/4384 3183/4524/4385 3305/4525/4386
f 3305/4525/4386 3183/4524/4385 3182/4526/4387
f 3305/4525/4386 3182/4526/4387 3306/4527/4388
f 3306/4527/4388 3182/4526/4387 3181/4528/4389
f 3306/4527/4388 3181/4528/4389 3307/4529/4390
f 3307/4529/4390 3181/4528/4389 3180/4530/4391
f 3307/4529/4390 3180/4530/4391 3308/4531/4392
f 3308/4531/4392 3180/4530/4391 3179/4532/4393
f 3322/4533/4394 3193/4534/4395 3295/4535/4366
f 3295/4535/4366 3193/4534/4395 3192/4536/4367
f 3309/4537/4396 3206/4538/4397 3310/4539/4398
f 3310/4539/4398 3206/4538/4397 3205/4540/4399
f 3310/4539/4398 3205/4540/4399 3311/4541/4400
f 3311/4541/4400 3205/4540/4399 3204/4542/4401
f 3311/4541/4400 3204/4542/4401 3312/4543/4402
f 3312/4543/4402 3204/4542/4401 3203/4544/4403
f 3312/4543/4402 3203/4544/4403 3313/4545/4404
f 3313/4545/4404 3203/4544/4403 3202/4546/4405
f 3313/4545/4404 3202/4546/4405 3314/4547/4406
f 3314/4547/4406 3202/4546/4405 3201/4548/4407
f 3314/4547/4406 3201/4548/4407 3315/4549/4408
f 3315/4549/4408 3201/4548/4407 3200/4550/4409
f 3315/4549/4408 3200/4550/4409 3316/4551/4410
f 3316/4551/4410 3200/4550/4409 3199/4552/4411
f 3316/4551/4410 3199/4552/4411 3317/4553/4412
f 3317/4553/4412 3199/4552/4411 3198/4554/4413
f 3317/4553/4412 3198/4554/4413 3318/4555/4414
f 3318/4555/4414 3198/4554/4413 3197/4556/4415
f 3318/4555/4414 3197/4556/4415 3319/4557/4416
f 3319/4557/4416 3197/4556/4415 3196/4558/4417
f 3319/4557/4416 3196/4558/4417 3320/4559/4418
f 3320/4559/4418 3196/4558/4417 3195/4560/4419
f 3320/4559/4418 3195/4560/4419 3321/4561/4420
f 3321/4561/4420 3195/4560/4419 3194/4562/4421
f 3321/4561/4420 3194/4562/4421 3322/4563/4422
f 3322/4563/4422 3194/4562/4421 3193/4564/4395
f 3308/4565/4423 3179/4566/4424 3309/4567/4396
f 3309/4567/4396 3179/4566/4424 3206/4568/4397
f 3350/4569/4425 3221/4570/4426 3323/4571/4427
f 3323/4571/4427 3221/4570/4426 3220/4572/4428
f 3323/4573/4427 3220/4574/4428 3324/4575/4429
f 3324/4575/4429 3220/4574/4428 3219/4576/4430
f 3324/4575/4429 3219/4576/4430 3325/4577/4431
f 3325/4577/4431 3219/4576/4430 3218/4578/4432
f 3325/4577/4431 3218/4578/4432 3326/4579/4433
f 3326/4579/4433 3218/4578/4432 3217/4580/4434
f 3326/4579/4433 3217/4580/4434 3327/4581/4435
f 3327/4581/4435 3217/4580/4434 3216/4582/4436
f 3327/4581/4435 3216/4582/4436 3328/4583/4437
f 3328/4583/4437 3216/4582/4436 3215/4584/4438
f 3328/4583/4437 3215/4584/4438 3329/4585/4439
f 3329/4585/4439 3215/4584/4438 3214/4586/4440
f 3329/4585/4439 3214/4586/4440 3330/4587/4441
f 3330/4587/4441 3214/4586/4440 3213/4588/4442
f 3330/4587/4441 3213/4588/4442 3331/4589/4443
f 3331/4589/4443 3213/4588/4442 3212/4590/4444
f 3331/4589/4443 3212/4590/4444 3332/4591/4445
f 3332/4591/4445 3212/4590/4444 3211/4592/4446
f 3332/4591/4445 3211/4592/4446 3333/4593/4447
f 3333/4593/4447 3211/4592/4446 3210/4594/4448
f 3333/4593/4447 3210/4594/4448 3334/4595/4449
f 3334/4595/4449 3210/4594/4448 3209/4596/4450
f 3334/4595/4449 3209/4596/4450 3335/4597/4451
f 3335/4597/4451 3209/4596/4450 3208/4598/4452
f 3335/4597/4451 3208/4598/4452 3336/4599/4453
f 3336/4599/4453 3208/4598/4452 3207/4600/4454
f 3336/4601/4455 3207/4602/4454 3337/4603/4456
f 3337/4603/4456 3207/4602/4454 3234/4604/4457
f 3337/4605/4456 3234/4606/4457 3338/4607/4458
f 3338/4607/4458 3234/4606/4457 3233/4608/4459
f 3338/4607/4458 3233/4608/4459 3339/4609/4460
f 3339/4609/4460 3233/4608/4459 3232/4610/4461
f 3339/4609/4460 3232/4610/4461 3340/4611/4462
f 3340/4611/4462 3232/4610/4461 3231/4612/4463
f 3340/4611/4462 3231/4612/4463 3341/4613/4464
f 3341/4613/4464 3231/4612/4463 3230/4614/4465
f 3341/4613/4464 3230/4614/4465 3342/4615/4466
f 3342/4615/4466 3230/4614/4465 3229/4616/4467
f 3342/4615/4466 3229/4616/4467 3343/4617/4468
f 3343/4617/4468 3229/4616/4467 3228/4618/4469
f 3343/4617/4468 3228/4618/4469 3344/4619/4470
f 3344/4619/4470 3228/4618/4469 3227/4620/4471
f 3344/4619/4470 3227/4620/4471 3345/4621/4472
f 3345/4621/4472 3227/4620/4471 3226/4622/4473
f 3345/4621/4472 3226/4622/4473 3346/4623/4474
f 3346/4623/4474 3226/4622/4473 3225/4624/4475
f 3346/4623/4474 3225/4624/4475 3347/4625/4476
f 3347/4625/4476 3225/4624/4475 3224/4626/4477
f 3347/4625/4476 3224/4626/4477 3348/4627/4478
f 3348/4627/4478 3224/4626/4477 3223/4628/4479
f 3348/4627/4478 3223/4628/4479 3349/4629/4480
f 3349/4629/4480 3223/4628/4479 3222/4630/4481
f 3349/4629/4480 3222/4630/4481 3350/4631/4482
f 3350/4631/4482 3222/4630/4481 3221/4632/4426
# 3350 vertices
# 4632 texture params
# 4482 normals
# 6716 facets

# 1 groups
