# WaveFront *.obj file (generated by Autodesk ATF)

mtllib lidar_link.mtl

g lidar

v -0.026000 -0.058031 -0.075774
v -0.025547 -0.058090 -0.075774
v -0.025125 -0.058265 -0.075774
v -0.024763 -0.058543 -0.075774
v -0.024484 -0.058906 -0.075774
v -0.024310 -0.059328 -0.075774
v -0.024250 -0.059781 -0.075774
v -0.024310 -0.060233 -0.075774
v -0.024484 -0.060656 -0.075774
v -0.024763 -0.061018 -0.075774
v -0.025125 -0.061296 -0.075774
v -0.025547 -0.061471 -0.075774
v -0.026000 -0.061531 -0.075774
v -0.026453 -0.061471 -0.075774
v -0.026875 -0.061296 -0.075774
v -0.027237 -0.061018 -0.075774
v -0.027516 -0.060656 -0.075774
v -0.027690 -0.060233 -0.075774
v -0.027750 -0.059781 -0.075774
v -0.027690 -0.059328 -0.075774
v -0.027516 -0.058906 -0.075774
v -0.027237 -0.058543 -0.075774
v -0.026875 -0.058265 -0.075774
v -0.026453 -0.058090 -0.075774
v -0.027750 -0.059781 -0.075489
v -0.027690 -0.060233 -0.075489
v -0.027516 -0.060656 -0.075489
v -0.027237 -0.061018 -0.075489
v -0.026875 -0.061296 -0.075489
v -0.026453 -0.061471 -0.075489
v -0.026000 -0.061531 -0.075489
v -0.025547 -0.061471 -0.075489
v -0.025125 -0.061296 -0.075489
v -0.024763 -0.061018 -0.075489
v -0.024484 -0.060656 -0.075489
v -0.024310 -0.060233 -0.075489
v -0.024250 -0.059781 -0.075489
v -0.024310 -0.059328 -0.075489
v -0.024484 -0.058906 -0.075489
v -0.024763 -0.058543 -0.075489
v -0.025125 -0.058265 -0.075489
v -0.025547 -0.058090 -0.075489
v -0.026000 -0.058031 -0.075489
v -0.026453 -0.058090 -0.075489
v -0.026875 -0.058265 -0.075489
v -0.027237 -0.058543 -0.075489
v -0.027516 -0.058906 -0.075489
v -0.027690 -0.059328 -0.075489
v 0.026000 -0.110031 -0.075774
v 0.026453 -0.110090 -0.075774
v 0.026875 -0.110265 -0.075774
v 0.027237 -0.110543 -0.075774
v 0.027516 -0.110906 -0.075774
v 0.027690 -0.111328 -0.075774
v 0.027750 -0.111781 -0.075774
v 0.027690 -0.112233 -0.075774
v 0.027516 -0.112656 -0.075774
v 0.027237 -0.113018 -0.075774
v 0.026875 -0.113296 -0.075774
v 0.026453 -0.113471 -0.075774
v 0.026000 -0.113531 -0.075774
v 0.025547 -0.113471 -0.075774
v 0.025125 -0.113296 -0.075774
v 0.024763 -0.113018 -0.075774
v 0.024484 -0.112656 -0.075774
v 0.024310 -0.112233 -0.075774
v 0.024250 -0.111781 -0.075774
v 0.024310 -0.111328 -0.075774
v 0.024484 -0.110906 -0.075774
v 0.024763 -0.110543 -0.075774
v 0.025125 -0.110265 -0.075774
v 0.025547 -0.110090 -0.075774
v 0.024250 -0.111781 -0.075489
v 0.024310 -0.112233 -0.075489
v 0.024484 -0.112656 -0.075489
v 0.024763 -0.113018 -0.075489
v 0.025125 -0.113296 -0.075489
v 0.025547 -0.113471 -0.075489
v 0.026000 -0.113531 -0.075489
v 0.026453 -0.113471 -0.075489
v 0.026875 -0.113296 -0.075489
v 0.027237 -0.113018 -0.075489
v 0.027516 -0.112656 -0.075489
v 0.027690 -0.112233 -0.075489
v 0.027750 -0.111781 -0.075489
v 0.027690 -0.111328 -0.075489
v 0.027516 -0.110906 -0.075489
v 0.027237 -0.110543 -0.075489
v 0.026875 -0.110265 -0.075489
v 0.026453 -0.110090 -0.075489
v 0.026000 -0.110031 -0.075489
v 0.025547 -0.110090 -0.075489
v 0.025125 -0.110265 -0.075489
v 0.024763 -0.110543 -0.075489
v 0.024484 -0.110906 -0.075489
v 0.024310 -0.111328 -0.075489
v 0.026000 -0.058031 -0.075774
v 0.026453 -0.058090 -0.075774
v 0.026875 -0.058265 -0.075774
v 0.027237 -0.058543 -0.075774
v 0.027516 -0.058906 -0.075774
v 0.027690 -0.059328 -0.075774
v 0.027750 -0.059781 -0.075774
v 0.027690 -0.060233 -0.075774
v 0.027516 -0.060656 -0.075774
v 0.027237 -0.061018 -0.075774
v 0.026875 -0.061296 -0.075774
v 0.026453 -0.061471 -0.075774
v 0.026000 -0.061531 -0.075774
v 0.025547 -0.061471 -0.075774
v 0.025125 -0.061296 -0.075774
v 0.024763 -0.061018 -0.075774
v 0.024484 -0.060656 -0.075774
v 0.024310 -0.060233 -0.075774
v 0.024250 -0.059781 -0.075774
v 0.024310 -0.059328 -0.075774
v 0.024484 -0.058906 -0.075774
v 0.024763 -0.058543 -0.075774
v 0.025125 -0.058265 -0.075774
v 0.025547 -0.058090 -0.075774
v 0.024250 -0.059781 -0.075489
v 0.024310 -0.060233 -0.075489
v 0.024484 -0.060656 -0.075489
v 0.024763 -0.061018 -0.075489
v 0.025125 -0.061296 -0.075489
v 0.025547 -0.061471 -0.075489
v 0.026000 -0.061531 -0.075489
v 0.026453 -0.061471 -0.075489
v 0.026875 -0.061296 -0.075489
v 0.027237 -0.061018 -0.075489
v 0.027516 -0.060656 -0.075489
v 0.027690 -0.060233 -0.075489
v 0.027750 -0.059781 -0.075489
v 0.027690 -0.059328 -0.075489
v 0.027516 -0.058906 -0.075489
v 0.027237 -0.058543 -0.075489
v 0.026875 -0.058265 -0.075489
v 0.026453 -0.058090 -0.075489
v 0.026000 -0.058031 -0.075489
v 0.025547 -0.058090 -0.075489
v 0.025125 -0.058265 -0.075489
v 0.024763 -0.058543 -0.075489
v 0.024484 -0.058906 -0.075489
v 0.024310 -0.059328 -0.075489
v -0.026000 -0.110031 -0.075774
v -0.025547 -0.110090 -0.075774
v -0.025125 -0.110265 -0.075774
v -0.024763 -0.110543 -0.075774
v -0.024484 -0.110906 -0.075774
v -0.024310 -0.111328 -0.075774
v -0.024250 -0.111781 -0.075774
v -0.024310 -0.112233 -0.075774
v -0.024484 -0.112656 -0.075774
v -0.024763 -0.113018 -0.075774
v -0.025125 -0.113296 -0.075774
v -0.025547 -0.113471 -0.075774
v -0.026000 -0.113531 -0.075774
v -0.026453 -0.113471 -0.075774
v -0.026875 -0.113296 -0.075774
v -0.027237 -0.113018 -0.075774
v -0.027516 -0.112656 -0.075774
v -0.027690 -0.112233 -0.075774
v -0.027750 -0.111781 -0.075774
v -0.027690 -0.111328 -0.075774
v -0.027516 -0.110906 -0.075774
v -0.027237 -0.110543 -0.075774
v -0.026875 -0.110265 -0.075774
v -0.026453 -0.110090 -0.075774
v -0.027750 -0.111781 -0.075489
v -0.027690 -0.112233 -0.075489
v -0.027516 -0.112656 -0.075489
v -0.027237 -0.113018 -0.075489
v -0.026875 -0.113296 -0.075489
v -0.026453 -0.113471 -0.075489
v -0.026000 -0.113531 -0.075489
v -0.025547 -0.113471 -0.075489
v -0.025125 -0.113296 -0.075489
v -0.024763 -0.113018 -0.075489
v -0.024484 -0.112656 -0.075489
v -0.024310 -0.112233 -0.075489
v -0.024250 -0.111781 -0.075489
v -0.024310 -0.111328 -0.075489
v -0.024484 -0.110906 -0.075489
v -0.024763 -0.110543 -0.075489
v -0.025125 -0.110265 -0.075489
v -0.025547 -0.110090 -0.075489
v -0.026000 -0.110031 -0.075489
v -0.026453 -0.110090 -0.075489
v -0.026875 -0.110265 -0.075489
v -0.027237 -0.110543 -0.075489
v -0.027516 -0.110906 -0.075489
v -0.027690 -0.111328 -0.075489
v 0.027250 -0.095648 -0.075774
v 0.027190 -0.096101 -0.075774
v 0.027016 -0.096523 -0.075774
v 0.026737 -0.096885 -0.075774
v 0.026375 -0.097163 -0.075774
v 0.025953 -0.097338 -0.075774
v 0.025500 -0.097398 -0.075774
v 0.025047 -0.097338 -0.075774
v 0.024625 -0.097163 -0.075774
v 0.024263 -0.096885 -0.075774
v 0.023984 -0.096523 -0.075774
v 0.023810 -0.096101 -0.075774
v 0.023750 -0.095648 -0.075774
v 0.023810 -0.095195 -0.075774
v 0.023984 -0.094773 -0.075774
v 0.024263 -0.094410 -0.075774
v 0.024625 -0.094132 -0.075774
v 0.025047 -0.093957 -0.075774
v 0.025500 -0.093898 -0.075774
v 0.025953 -0.093957 -0.075774
v 0.026375 -0.094132 -0.075774
v 0.026737 -0.094410 -0.075774
v 0.027016 -0.094773 -0.075774
v 0.027190 -0.095195 -0.075774
v 0.023750 -0.095648 -0.075489
v 0.023810 -0.096101 -0.075489
v 0.023984 -0.096523 -0.075489
v 0.024263 -0.096885 -0.075489
v 0.024625 -0.097163 -0.075489
v 0.025047 -0.097338 -0.075489
v 0.025500 -0.097398 -0.075489
v 0.025953 -0.097338 -0.075489
v 0.026375 -0.097163 -0.075489
v 0.026737 -0.096885 -0.075489
v 0.027016 -0.096523 -0.075489
v 0.027190 -0.096101 -0.075489
v 0.027250 -0.095648 -0.075489
v 0.027190 -0.095195 -0.075489
v 0.027016 -0.094773 -0.075489
v 0.026737 -0.094410 -0.075489
v 0.026375 -0.094132 -0.075489
v 0.025953 -0.093957 -0.075489
v 0.025500 -0.093898 -0.075489
v 0.025047 -0.093957 -0.075489
v 0.024625 -0.094132 -0.075489
v 0.024263 -0.094410 -0.075489
v 0.023984 -0.094773 -0.075489
v 0.023810 -0.095195 -0.075489
v -0.023750 -0.095648 -0.075774
v -0.023810 -0.096101 -0.075774
v -0.023984 -0.096523 -0.075774
v -0.024263 -0.096885 -0.075774
v -0.024625 -0.097163 -0.075774
v -0.025047 -0.097338 -0.075774
v -0.025500 -0.097398 -0.075774
v -0.025953 -0.097338 -0.075774
v -0.026375 -0.097163 -0.075774
v -0.026737 -0.096885 -0.075774
v -0.027016 -0.096523 -0.075774
v -0.027190 -0.096101 -0.075774
v -0.027250 -0.095648 -0.075774
v -0.027190 -0.095195 -0.075774
v -0.027016 -0.094773 -0.075774
v -0.026737 -0.094410 -0.075774
v -0.026375 -0.094132 -0.075774
v -0.025953 -0.093957 -0.075774
v -0.025500 -0.093898 -0.075774
v -0.025047 -0.093957 -0.075774
v -0.024625 -0.094132 -0.075774
v -0.024263 -0.094410 -0.075774
v -0.023984 -0.094773 -0.075774
v -0.023810 -0.095195 -0.075774
v -0.027250 -0.095648 -0.075489
v -0.027190 -0.096101 -0.075489
v -0.027016 -0.096523 -0.075489
v -0.026737 -0.096885 -0.075489
v -0.026375 -0.097163 -0.075489
v -0.025953 -0.097338 -0.075489
v -0.025500 -0.097398 -0.075489
v -0.025047 -0.097338 -0.075489
v -0.024625 -0.097163 -0.075489
v -0.024263 -0.096885 -0.075489
v -0.023984 -0.096523 -0.075489
v -0.023810 -0.096101 -0.075489
v -0.023750 -0.095648 -0.075489
v -0.023810 -0.095195 -0.075489
v -0.023984 -0.094773 -0.075489
v -0.024263 -0.094410 -0.075489
v -0.024625 -0.094132 -0.075489
v -0.025047 -0.093957 -0.075489
v -0.025500 -0.093898 -0.075489
v -0.025953 -0.093957 -0.075489
v -0.026375 -0.094132 -0.075489
v -0.026737 -0.094410 -0.075489
v -0.027016 -0.094773 -0.075489
v -0.027190 -0.095195 -0.075489
v 0.050888 -0.111205 -0.074274
v 0.050811 -0.111787 -0.074274
v 0.050586 -0.112330 -0.074274
v 0.050229 -0.112796 -0.074274
v 0.049763 -0.113153 -0.074274
v 0.049220 -0.113378 -0.074274
v 0.048638 -0.113455 -0.074274
v 0.048055 -0.113378 -0.074274
v 0.047513 -0.113153 -0.074274
v 0.047047 -0.112796 -0.074274
v 0.046689 -0.112330 -0.074274
v 0.046464 -0.111787 -0.074274
v 0.046388 -0.111205 -0.074274
v 0.046464 -0.110622 -0.074274
v 0.046689 -0.110080 -0.074274
v 0.047047 -0.109614 -0.074274
v 0.047513 -0.109256 -0.074274
v 0.048055 -0.109031 -0.074274
v 0.048638 -0.108955 -0.074274
v 0.049220 -0.109031 -0.074274
v 0.049763 -0.109256 -0.074274
v 0.050229 -0.109614 -0.074274
v 0.050586 -0.110080 -0.074274
v 0.050811 -0.110622 -0.074274
v -0.046388 -0.111205 -0.074274
v -0.046464 -0.111787 -0.074274
v -0.046689 -0.112330 -0.074274
v -0.047047 -0.112796 -0.074274
v -0.047513 -0.113153 -0.074274
v -0.048055 -0.113378 -0.074274
v -0.048638 -0.113455 -0.074274
v -0.049220 -0.113378 -0.074274
v -0.049763 -0.113153 -0.074274
v -0.050229 -0.112796 -0.074274
v -0.050586 -0.112330 -0.074274
v -0.050811 -0.111787 -0.074274
v -0.050888 -0.111205 -0.074274
v -0.050811 -0.110622 -0.074274
v -0.050586 -0.110080 -0.074274
v -0.050229 -0.109614 -0.074274
v -0.049763 -0.109256 -0.074274
v -0.049220 -0.109031 -0.074274
v -0.048638 -0.108955 -0.074274
v -0.048055 -0.109031 -0.074274
v -0.047513 -0.109256 -0.074274
v -0.047047 -0.109614 -0.074274
v -0.046689 -0.110080 -0.074274
v -0.046464 -0.110622 -0.074274
v 0.030024 0.008219 -0.074274
v 0.030024 -0.018281 -0.074274
v -0.030024 -0.018281 -0.074274
v -0.030024 0.008219 -0.074274
v -0.037138 0.008219 -0.074274
v -0.037138 -0.034618 -0.074274
v -0.038638 -0.034618 -0.074274
v -0.038638 -0.101205 -0.074274
v -0.058638 -0.101205 -0.074274
v -0.058638 -0.121205 -0.074274
v 0.058638 -0.121205 -0.074274
v 0.058638 -0.101205 -0.074274
v 0.038638 -0.101205 -0.074274
v 0.038638 -0.034618 -0.074274
v 0.037138 -0.034618 -0.074274
v 0.037138 0.008219 -0.074274
v 0.025000 -0.115781 -0.074274
v -0.025000 -0.115781 -0.074274
v -0.026113 -0.115655 -0.074274
v -0.027169 -0.115285 -0.074274
v -0.028117 -0.114690 -0.074274
v -0.028909 -0.113898 -0.074274
v -0.029505 -0.112950 -0.074274
v -0.029875 -0.111893 -0.074274
v -0.030000 -0.110781 -0.074274
v -0.030000 -0.060781 -0.074274
v -0.029875 -0.059668 -0.074274
v -0.029505 -0.058611 -0.074274
v -0.028909 -0.057663 -0.074274
v -0.028117 -0.056871 -0.074274
v -0.027169 -0.056276 -0.074274
v -0.026113 -0.055906 -0.074274
v -0.025000 -0.055781 -0.074274
v 0.025000 -0.055781 -0.074274
v 0.026113 -0.055906 -0.074274
v 0.027169 -0.056276 -0.074274
v 0.028117 -0.056871 -0.074274
v 0.028909 -0.057663 -0.074274
v 0.029505 -0.058611 -0.074274
v 0.029875 -0.059668 -0.074274
v 0.030000 -0.060781 -0.074274
v 0.030000 -0.110781 -0.074274
v 0.029875 -0.111893 -0.074274
v 0.029505 -0.112950 -0.074274
v 0.028909 -0.113898 -0.074274
v 0.028117 -0.114690 -0.074274
v 0.027169 -0.115285 -0.074274
v 0.026113 -0.115655 -0.074274
v 0.030024 0.009719 -0.075774
v 0.030024 -0.018281 -0.075774
v 0.030024 0.008219 -0.034574
v 0.030024 0.009719 -0.034574
v -0.030024 0.009719 -0.034574
v -0.030024 0.009719 -0.075774
v -0.038638 0.009719 -0.075774
v -0.038638 0.009719 -0.047760
v -0.062138 0.009719 -0.047760
v -0.062138 0.009719 -0.046260
v -0.037138 0.009719 -0.046260
v -0.037138 0.009719 0.014226
v -0.037012 0.009719 0.015338
v -0.036643 0.009719 0.016395
v -0.036047 0.009719 0.017343
v -0.035255 0.009719 0.018135
v -0.034307 0.009719 0.018730
v -0.033250 0.009719 0.019100
v -0.032138 0.009719 0.019226
v 0.032138 0.009719 0.019226
v 0.033250 0.009719 0.019100
v 0.034307 0.009719 0.018730
v 0.035255 0.009719 0.018135
v 0.036047 0.009719 0.017343
v 0.036643 0.009719 0.016395
v 0.037012 0.009719 0.015338
v 0.037138 0.009719 0.014226
v 0.037138 0.009719 -0.046060
v 0.062138 0.009719 -0.046060
v 0.062138 0.009719 -0.047760
v 0.038638 0.009719 -0.047760
v 0.038638 0.009719 -0.075774
v -0.028000 0.009719 -0.005039
v -0.028043 0.009719 -0.004715
v -0.028167 0.009719 -0.004414
v -0.028366 0.009719 -0.004155
v -0.028625 0.009719 -0.003956
v -0.028926 0.009719 -0.003832
v -0.029250 0.009719 -0.003789
v -0.029574 0.009719 -0.003832
v -0.029875 0.009719 -0.003956
v -0.030134 0.009719 -0.004155
v -0.030333 0.009719 -0.004414
v -0.030457 0.009719 -0.004715
v -0.030500 0.009719 -0.005039
v -0.030457 0.009719 -0.005362
v -0.030333 0.009719 -0.005664
v -0.030134 0.009719 -0.005923
v -0.029875 0.009719 -0.006121
v -0.029574 0.009719 -0.006246
v -0.029250 0.009719 -0.006289
v -0.028926 0.009719 -0.006246
v -0.028625 0.009719 -0.006121
v -0.028366 0.009719 -0.005923
v -0.028167 0.009719 -0.005664
v -0.028043 0.009719 -0.005362
v 0.030500 0.009719 -0.005039
v 0.030457 0.009719 -0.004715
v 0.030333 0.009719 -0.004414
v 0.030134 0.009719 -0.004155
v 0.029875 0.009719 -0.003956
v 0.029574 0.009719 -0.003832
v 0.029250 0.009719 -0.003789
v 0.028926 0.009719 -0.003832
v 0.028625 0.009719 -0.003956
v 0.028366 0.009719 -0.004155
v 0.028167 0.009719 -0.004414
v 0.028043 0.009719 -0.004715
v 0.028000 0.009719 -0.005039
v 0.028043 0.009719 -0.005362
v 0.028167 0.009719 -0.005664
v 0.028366 0.009719 -0.005923
v 0.028625 0.009719 -0.006121
v 0.028926 0.009719 -0.006246
v 0.029250 0.009719 -0.006289
v 0.029574 0.009719 -0.006246
v 0.029875 0.009719 -0.006121
v 0.030134 0.009719 -0.005923
v 0.030333 0.009719 -0.005664
v 0.030457 0.009719 -0.005362
v -0.030024 0.008219 -0.034574
v -0.030024 -0.018281 -0.075774
v 0.038638 -0.101205 -0.075774
v 0.058638 -0.101205 -0.075774
v 0.058638 -0.121205 -0.075774
v -0.058638 -0.121205 -0.075774
v -0.058638 -0.101205 -0.075774
v -0.038638 -0.101205 -0.075774
v -0.046388 -0.111205 -0.075774
v -0.046464 -0.110622 -0.075774
v -0.046689 -0.110080 -0.075774
v -0.047047 -0.109614 -0.075774
v -0.047513 -0.109256 -0.075774
v -0.048055 -0.109031 -0.075774
v -0.048638 -0.108955 -0.075774
v -0.049220 -0.109031 -0.075774
v -0.049763 -0.109256 -0.075774
v -0.050229 -0.109614 -0.075774
v -0.050586 -0.110080 -0.075774
v -0.050811 -0.110622 -0.075774
v -0.050888 -0.111205 -0.075774
v -0.050811 -0.111787 -0.075774
v -0.050586 -0.112330 -0.075774
v -0.050229 -0.112796 -0.075774
v -0.049763 -0.113153 -0.075774
v -0.049220 -0.113378 -0.075774
v -0.048638 -0.113455 -0.075774
v -0.048055 -0.113378 -0.075774
v -0.047513 -0.113153 -0.075774
v -0.047047 -0.112796 -0.075774
v -0.046689 -0.112330 -0.075774
v -0.046464 -0.111787 -0.075774
v 0.050888 -0.111205 -0.075774
v 0.050811 -0.110622 -0.075774
v 0.050586 -0.110080 -0.075774
v 0.050229 -0.109614 -0.075774
v 0.049763 -0.109256 -0.075774
v 0.049220 -0.109031 -0.075774
v 0.048638 -0.108955 -0.075774
v 0.048055 -0.109031 -0.075774
v 0.047513 -0.109256 -0.075774
v 0.047047 -0.109614 -0.075774
v 0.046689 -0.110080 -0.075774
v 0.046464 -0.110622 -0.075774
v 0.046388 -0.111205 -0.075774
v 0.046464 -0.111787 -0.075774
v 0.046689 -0.112330 -0.075774
v 0.047047 -0.112796 -0.075774
v 0.047513 -0.113153 -0.075774
v 0.048055 -0.113378 -0.075774
v 0.048638 -0.113455 -0.075774
v 0.049220 -0.113378 -0.075774
v 0.049763 -0.113153 -0.075774
v 0.050229 -0.112796 -0.075774
v 0.050586 -0.112330 -0.075774
v 0.050811 -0.111787 -0.075774
v -0.038638 -0.034618 -0.047760
v 0.038638 -0.034618 -0.047760
v 0.067138 -0.034618 -0.047760
v 0.067138 -0.034618 -0.046060
v 0.037138 -0.034618 -0.046060
v 0.037138 0.008219 -0.046060
v 0.037138 0.008219 0.014226
v 0.037012 0.008219 0.015338
v 0.036643 0.008219 0.016395
v 0.036047 0.008219 0.017343
v 0.035255 0.008219 0.018135
v 0.034307 0.008219 0.018730
v 0.033250 0.008219 0.019100
v 0.032138 0.008219 0.019226
v -0.032138 0.008219 0.019226
v -0.033250 0.008219 0.019100
v -0.034307 0.008219 0.018730
v -0.035255 0.008219 0.018135
v -0.036047 0.008219 0.017343
v -0.036643 0.008219 0.016395
v -0.037012 0.008219 0.015338
v -0.037138 0.008219 0.014226
v -0.037138 0.008219 -0.046260
v -0.028000 0.008219 -0.005039
v -0.028043 0.008219 -0.005362
v -0.028167 0.008219 -0.005664
v -0.028366 0.008219 -0.005923
v -0.028625 0.008219 -0.006121
v -0.028926 0.008219 -0.006246
v -0.029250 0.008219 -0.006289
v -0.029574 0.008219 -0.006246
v -0.029875 0.008219 -0.006121
v -0.030134 0.008219 -0.005923
v -0.030333 0.008219 -0.005664
v -0.030457 0.008219 -0.005362
v -0.030500 0.008219 -0.005039
v -0.030457 0.008219 -0.004715
v -0.030333 0.008219 -0.004414
v -0.030134 0.008219 -0.004155
v -0.029875 0.008219 -0.003956
v -0.029574 0.008219 -0.003832
v -0.029250 0.008219 -0.003789
v -0.028926 0.008219 -0.003832
v -0.028625 0.008219 -0.003956
v -0.028366 0.008219 -0.004155
v -0.028167 0.008219 -0.004414
v -0.028043 0.008219 -0.004715
v 0.030500 0.008219 -0.005039
v 0.030457 0.008219 -0.005362
v 0.030333 0.008219 -0.005664
v 0.030134 0.008219 -0.005923
v 0.029875 0.008219 -0.006121
v 0.029574 0.008219 -0.006246
v 0.029250 0.008219 -0.006289
v 0.028926 0.008219 -0.006246
v 0.028625 0.008219 -0.006121
v 0.028366 0.008219 -0.005923
v 0.028167 0.008219 -0.005664
v 0.028043 0.008219 -0.005362
v 0.028000 0.008219 -0.005039
v 0.028043 0.008219 -0.004715
v 0.028167 0.008219 -0.004414
v 0.028366 0.008219 -0.004155
v 0.028625 0.008219 -0.003956
v 0.028926 0.008219 -0.003832
v 0.029250 0.008219 -0.003789
v 0.029574 0.008219 -0.003832
v 0.029875 0.008219 -0.003956
v 0.030134 0.008219 -0.004155
v 0.030333 0.008219 -0.004414
v 0.030457 0.008219 -0.004715
v -0.037138 -0.034618 -0.046260
v -0.067138 -0.034618 -0.046260
v -0.067138 -0.034618 -0.047760
v -0.067138 0.004719 -0.047760
v -0.067012 0.005832 -0.047760
v -0.066643 0.006889 -0.047760
v -0.066047 0.007837 -0.047760
v -0.065255 0.008629 -0.047760
v -0.064307 0.009224 -0.047760
v -0.063250 0.009594 -0.047760
v -0.055138 -0.010949 -0.047760
v -0.055061 -0.011532 -0.047760
v -0.054836 -0.012074 -0.047760
v -0.054479 -0.012540 -0.047760
v -0.054013 -0.012898 -0.047760
v -0.053470 -0.013123 -0.047760
v -0.052888 -0.013199 -0.047760
v -0.052305 -0.013123 -0.047760
v -0.051763 -0.012898 -0.047760
v -0.051297 -0.012540 -0.047760
v -0.050939 -0.012074 -0.047760
v -0.050714 -0.011532 -0.047760
v -0.050638 -0.010949 -0.047760
v -0.050714 -0.010367 -0.047760
v -0.050939 -0.009824 -0.047760
v -0.051297 -0.009359 -0.047760
v -0.051763 -0.009001 -0.047760
v -0.052305 -0.008776 -0.047760
v -0.052888 -0.008699 -0.047760
v -0.053470 -0.008776 -0.047760
v -0.054013 -0.009001 -0.047760
v -0.054479 -0.009359 -0.047760
v -0.054836 -0.009824 -0.047760
v -0.055061 -0.010367 -0.047760
v -0.067138 0.004719 -0.046260
v -0.067012 0.005832 -0.046260
v -0.066643 0.006889 -0.046260
v -0.066047 0.007837 -0.046260
v -0.065255 0.008629 -0.046260
v -0.064307 0.009224 -0.046260
v -0.063250 0.009594 -0.046260
v -0.055138 -0.010949 -0.046260
v -0.055061 -0.010367 -0.046260
v -0.054836 -0.009824 -0.046260
v -0.054479 -0.009359 -0.046260
v -0.054013 -0.009001 -0.046260
v -0.053470 -0.008776 -0.046260
v -0.052888 -0.008699 -0.046260
v -0.052305 -0.008776 -0.046260
v -0.051763 -0.009001 -0.046260
v -0.051297 -0.009359 -0.046260
v -0.050939 -0.009824 -0.046260
v -0.050714 -0.010367 -0.046260
v -0.050638 -0.010949 -0.046260
v -0.050714 -0.011532 -0.046260
v -0.050939 -0.012074 -0.046260
v -0.051297 -0.012540 -0.046260
v -0.051763 -0.012898 -0.046260
v -0.052305 -0.013123 -0.046260
v -0.052888 -0.013199 -0.046260
v -0.053470 -0.013123 -0.046260
v -0.054013 -0.012898 -0.046260
v -0.054479 -0.012540 -0.046260
v -0.054836 -0.012074 -0.046260
v -0.055061 -0.011532 -0.046260
v 0.067138 0.004719 -0.046060
v 0.067012 0.005832 -0.046060
v 0.066643 0.006889 -0.046060
v 0.066047 0.007837 -0.046060
v 0.065255 0.008629 -0.046060
v 0.064307 0.009224 -0.046060
v 0.063250 0.009594 -0.046060
v 0.050138 -0.008699 -0.046060
v 0.055638 -0.008699 -0.046060
v 0.056220 -0.008776 -0.046060
v 0.056763 -0.009001 -0.046060
v 0.057229 -0.009359 -0.046060
v 0.057586 -0.009824 -0.046060
v 0.057811 -0.010367 -0.046060
v 0.057888 -0.010949 -0.046060
v 0.057811 -0.011532 -0.046060
v 0.057586 -0.012074 -0.046060
v 0.057229 -0.012540 -0.046060
v 0.056763 -0.012898 -0.046060
v 0.056220 -0.013123 -0.046060
v 0.055638 -0.013199 -0.046060
v 0.050138 -0.013199 -0.046060
v 0.049555 -0.013123 -0.046060
v 0.049013 -0.012898 -0.046060
v 0.048547 -0.012540 -0.046060
v 0.048189 -0.012074 -0.046060
v 0.047964 -0.011532 -0.046060
v 0.047888 -0.010949 -0.046060
v 0.047964 -0.010367 -0.046060
v 0.048189 -0.009824 -0.046060
v 0.048547 -0.009359 -0.046060
v 0.049013 -0.009001 -0.046060
v 0.049555 -0.008776 -0.046060
v 0.067138 0.004719 -0.047760
v 0.067012 0.005832 -0.047760
v 0.066643 0.006889 -0.047760
v 0.066047 0.007837 -0.047760
v 0.065255 0.008629 -0.047760
v 0.064307 0.009224 -0.047760
v 0.063250 0.009594 -0.047760
v 0.055638 -0.008699 -0.047760
v 0.050138 -0.008699 -0.047760
v 0.049555 -0.008776 -0.047760
v 0.049013 -0.009001 -0.047760
v 0.048547 -0.009359 -0.047760
v 0.048189 -0.009824 -0.047760
v 0.047964 -0.010367 -0.047760
v 0.047888 -0.010949 -0.047760
v 0.047964 -0.011532 -0.047760
v 0.048189 -0.012074 -0.047760
v 0.048547 -0.012540 -0.047760
v 0.049013 -0.012898 -0.047760
v 0.049555 -0.013123 -0.047760
v 0.050138 -0.013199 -0.047760
v 0.055638 -0.013199 -0.047760
v 0.056220 -0.013123 -0.047760
v 0.056763 -0.012898 -0.047760
v 0.057229 -0.012540 -0.047760
v 0.057586 -0.012074 -0.047760
v 0.057811 -0.011532 -0.047760
v 0.057888 -0.010949 -0.047760
v 0.057811 -0.010367 -0.047760
v 0.057586 -0.009824 -0.047760
v 0.057229 -0.009359 -0.047760
v 0.056763 -0.009001 -0.047760
v 0.056220 -0.008776 -0.047760
v 0.000000 -0.055781 -0.056189
v -0.001378 -0.055781 -0.056317
v -0.002709 -0.055781 -0.056696
v -0.003948 -0.055781 -0.057313
v -0.005053 -0.055781 -0.058147
v -0.005985 -0.055781 -0.059170
v -0.006714 -0.055781 -0.060346
v -0.007214 -0.055781 -0.061637
v -0.007468 -0.055781 -0.062997
v -0.007468 -0.055781 -0.064381
v -0.007214 -0.055781 -0.065742
v -0.006714 -0.055781 -0.067032
v -0.005985 -0.055781 -0.068209
v -0.005053 -0.055781 -0.069232
v -0.003948 -0.055781 -0.070066
v -0.002709 -0.055781 -0.070683
v -0.001378 -0.055781 -0.071062
v 0.000000 -0.055781 -0.071189
v 0.001378 -0.055781 -0.071062
v 0.002709 -0.055781 -0.070683
v 0.003948 -0.055781 -0.070066
v 0.005053 -0.055781 -0.069232
v 0.005985 -0.055781 -0.068209
v 0.006714 -0.055781 -0.067032
v 0.007214 -0.055781 -0.065742
v 0.007468 -0.055781 -0.064381
v 0.007468 -0.055781 -0.062997
v 0.007214 -0.055781 -0.061637
v 0.006714 -0.055781 -0.060346
v 0.005985 -0.055781 -0.059170
v 0.005053 -0.055781 -0.058147
v 0.003948 -0.055781 -0.057313
v 0.002709 -0.055781 -0.056696
v 0.001378 -0.055781 -0.056317
v -0.025000 -0.055781 -0.034989
v 0.025000 -0.055781 -0.034989
v -0.030000 -0.060781 -0.034989
v -0.029875 -0.059668 -0.034989
v -0.029505 -0.058611 -0.034989
v -0.028909 -0.057663 -0.034989
v -0.028117 -0.056871 -0.034989
v -0.027169 -0.056276 -0.034989
v -0.026113 -0.055906 -0.034989
v -0.026113 -0.055906 -0.054632
v -0.027169 -0.056276 -0.054632
v -0.028117 -0.056871 -0.054632
v -0.028909 -0.057663 -0.054632
v -0.029505 -0.058611 -0.054632
v -0.029875 -0.059668 -0.054632
v -0.030000 -0.110781 -0.034989
v -0.025000 -0.115781 -0.034989
v -0.026113 -0.115655 -0.034989
v -0.027169 -0.115285 -0.034989
v -0.028117 -0.114690 -0.034989
v -0.028909 -0.113898 -0.034989
v -0.029505 -0.112950 -0.034989
v -0.029875 -0.111893 -0.034989
v -0.029875 -0.111893 -0.054632
v -0.029505 -0.112950 -0.054632
v -0.028909 -0.113898 -0.054632
v -0.028117 -0.114690 -0.054632
v -0.027169 -0.115285 -0.054632
v -0.026113 -0.115655 -0.054632
v -0.027500 -0.111781 -0.075489
v -0.027449 -0.112169 -0.075489
v -0.027299 -0.112531 -0.075489
v -0.027061 -0.112841 -0.075489
v -0.026750 -0.113080 -0.075489
v -0.026388 -0.113229 -0.075489
v -0.026000 -0.113281 -0.075489
v -0.025612 -0.113229 -0.075489
v -0.025250 -0.113080 -0.075489
v -0.024939 -0.112841 -0.075489
v -0.024701 -0.112531 -0.075489
v -0.024551 -0.112169 -0.075489
v -0.024500 -0.111781 -0.075489
v -0.024551 -0.111392 -0.075489
v -0.024701 -0.111031 -0.075489
v -0.024939 -0.110720 -0.075489
v -0.025250 -0.110481 -0.075489
v -0.025612 -0.110332 -0.075489
v -0.026000 -0.110281 -0.075489
v -0.026388 -0.110332 -0.075489
v -0.026750 -0.110481 -0.075489
v -0.027061 -0.110720 -0.075489
v -0.027299 -0.111031 -0.075489
v -0.027449 -0.111392 -0.075489
v 0.024500 -0.059781 -0.075489
v 0.024551 -0.060169 -0.075489
v 0.024701 -0.060531 -0.075489
v 0.024939 -0.060841 -0.075489
v 0.025250 -0.061080 -0.075489
v 0.025612 -0.061229 -0.075489
v 0.026000 -0.061281 -0.075489
v 0.026388 -0.061229 -0.075489
v 0.026750 -0.061080 -0.075489
v 0.027061 -0.060841 -0.075489
v 0.027299 -0.060531 -0.075489
v 0.027449 -0.060169 -0.075489
v 0.027500 -0.059781 -0.075489
v 0.027449 -0.059392 -0.075489
v 0.027299 -0.059031 -0.075489
v 0.027061 -0.058720 -0.075489
v 0.026750 -0.058481 -0.075489
v 0.026388 -0.058332 -0.075489
v 0.026000 -0.058281 -0.075489
v 0.025612 -0.058332 -0.075489
v 0.025250 -0.058481 -0.075489
v 0.024939 -0.058720 -0.075489
v 0.024701 -0.059031 -0.075489
v 0.024551 -0.059392 -0.075489
v 0.024500 -0.111781 -0.075489
v 0.024551 -0.112169 -0.075489
v 0.024701 -0.112531 -0.075489
v 0.024939 -0.112841 -0.075489
v 0.025250 -0.113080 -0.075489
v 0.025612 -0.113229 -0.075489
v 0.026000 -0.113281 -0.075489
v 0.026388 -0.113229 -0.075489
v 0.026750 -0.113080 -0.075489
v 0.027061 -0.112841 -0.075489
v 0.027299 -0.112531 -0.075489
v 0.027449 -0.112169 -0.075489
v 0.027500 -0.111781 -0.075489
v 0.027449 -0.111392 -0.075489
v 0.027299 -0.111031 -0.075489
v 0.027061 -0.110720 -0.075489
v 0.026750 -0.110481 -0.075489
v 0.026388 -0.110332 -0.075489
v 0.026000 -0.110281 -0.075489
v 0.025612 -0.110332 -0.075489
v 0.025250 -0.110481 -0.075489
v 0.024939 -0.110720 -0.075489
v 0.024701 -0.111031 -0.075489
v 0.024551 -0.111392 -0.075489
v -0.027500 -0.059781 -0.075489
v -0.027449 -0.060169 -0.075489
v -0.027299 -0.060531 -0.075489
v -0.027061 -0.060841 -0.075489
v -0.026750 -0.061080 -0.075489
v -0.026388 -0.061229 -0.075489
v -0.026000 -0.061281 -0.075489
v -0.025612 -0.061229 -0.075489
v -0.025250 -0.061080 -0.075489
v -0.024939 -0.060841 -0.075489
v -0.024701 -0.060531 -0.075489
v -0.024551 -0.060169 -0.075489
v -0.024500 -0.059781 -0.075489
v -0.024551 -0.059392 -0.075489
v -0.024701 -0.059031 -0.075489
v -0.024939 -0.058720 -0.075489
v -0.025250 -0.058481 -0.075489
v -0.025612 -0.058332 -0.075489
v -0.026000 -0.058281 -0.075489
v -0.026388 -0.058332 -0.075489
v -0.026750 -0.058481 -0.075489
v -0.027061 -0.058720 -0.075489
v -0.027299 -0.059031 -0.075489
v -0.027449 -0.059392 -0.075489
v 0.025000 -0.115781 -0.034989
v 0.030000 -0.110781 -0.034989
v 0.029875 -0.111893 -0.034989
v 0.029505 -0.112950 -0.034989
v 0.028909 -0.113898 -0.034989
v 0.028117 -0.114690 -0.034989
v 0.027169 -0.115285 -0.034989
v 0.026113 -0.115655 -0.034989
v 0.026113 -0.115655 -0.054632
v 0.027169 -0.115285 -0.054632
v 0.028117 -0.114690 -0.054632
v 0.028909 -0.113898 -0.054632
v 0.029505 -0.112950 -0.054632
v 0.029875 -0.111893 -0.054632
v 0.030000 -0.060781 -0.034989
v 0.029875 -0.059668 -0.034989
v 0.029505 -0.058611 -0.034989
v 0.028909 -0.057663 -0.034989
v 0.028117 -0.056871 -0.034989
v 0.027169 -0.056276 -0.034989
v 0.026113 -0.055906 -0.034989
v 0.007500 -0.065365 -0.034989
v 0.009684 -0.066305 -0.034989
v 0.011752 -0.067479 -0.034989
v 0.013680 -0.068872 -0.034989
v 0.015445 -0.070466 -0.034989
v 0.017024 -0.072244 -0.034989
v 0.018400 -0.074183 -0.034989
v 0.019556 -0.076262 -0.034989
v 0.020479 -0.078454 -0.034989
v 0.021156 -0.080733 -0.034989
v 0.021581 -0.083073 -0.034989
v 0.021747 -0.085445 -0.034989
v 0.021654 -0.087822 -0.034989
v 0.021302 -0.090174 -0.034989
v 0.020695 -0.092473 -0.034989
v 0.019840 -0.094692 -0.034989
v 0.018749 -0.096805 -0.034989
v 0.017433 -0.098786 -0.034989
v 0.015909 -0.100612 -0.034989
v 0.014195 -0.102260 -0.034989
v 0.012311 -0.103711 -0.034989
v 0.010280 -0.104948 -0.034989
v 0.008126 -0.105956 -0.034989
v 0.005874 -0.106722 -0.034989
v 0.003553 -0.107238 -0.034989
v 0.001189 -0.107498 -0.034989
v -0.001189 -0.107498 -0.034989
v -0.003553 -0.107238 -0.034989
v -0.005874 -0.106722 -0.034989
v -0.008126 -0.105956 -0.034989
v -0.010280 -0.104948 -0.034989
v -0.012311 -0.103711 -0.034989
v -0.014195 -0.102260 -0.034989
v -0.015909 -0.100612 -0.034989
v -0.017433 -0.098786 -0.034989
v -0.018749 -0.096805 -0.034989
v -0.019840 -0.094692 -0.034989
v -0.020695 -0.092473 -0.034989
v -0.021302 -0.090174 -0.034989
v -0.021654 -0.087822 -0.034989
v -0.021747 -0.085445 -0.034989
v -0.021581 -0.083073 -0.034989
v -0.021156 -0.080733 -0.034989
v -0.020479 -0.078454 -0.034989
v -0.019556 -0.076262 -0.034989
v -0.018400 -0.074183 -0.034989
v -0.017024 -0.072244 -0.034989
v -0.015445 -0.070466 -0.034989
v -0.013680 -0.068872 -0.034989
v -0.011752 -0.067479 -0.034989
v -0.009684 -0.066305 -0.034989
v -0.007500 -0.065365 -0.034989
v -0.007500 -0.060781 -0.034989
v 0.007500 -0.060781 -0.034989
v 0.029875 -0.059668 -0.054632
v 0.029505 -0.058611 -0.054632
v 0.028909 -0.057663 -0.054632
v 0.028117 -0.056871 -0.054632
v 0.027169 -0.056276 -0.054632
v 0.026113 -0.055906 -0.054632
v 0.000000 -0.039781 -0.056189
v -0.001378 -0.039781 -0.056317
v -0.002709 -0.039781 -0.056696
v -0.003948 -0.039781 -0.057313
v -0.005053 -0.039781 -0.058147
v -0.005985 -0.039781 -0.059170
v -0.006714 -0.039781 -0.060346
v -0.007214 -0.039781 -0.061637
v -0.007468 -0.039781 -0.062997
v -0.007468 -0.039781 -0.064381
v -0.007214 -0.039781 -0.065742
v -0.006714 -0.039781 -0.067032
v -0.005985 -0.039781 -0.068209
v -0.005053 -0.039781 -0.069232
v -0.003948 -0.039781 -0.070066
v -0.002709 -0.039781 -0.070683
v -0.001378 -0.039781 -0.071062
v 0.000000 -0.039781 -0.071189
v 0.001378 -0.039781 -0.071062
v 0.002709 -0.039781 -0.070683
v 0.003948 -0.039781 -0.070066
v 0.005053 -0.039781 -0.069232
v 0.005985 -0.039781 -0.068209
v 0.006714 -0.039781 -0.067032
v 0.007214 -0.039781 -0.065742
v 0.007468 -0.039781 -0.064381
v 0.007468 -0.039781 -0.062997
v 0.007214 -0.039781 -0.061637
v 0.006714 -0.039781 -0.060346
v 0.005985 -0.039781 -0.059170
v 0.005053 -0.039781 -0.058147
v 0.003948 -0.039781 -0.057313
v 0.002709 -0.039781 -0.056696
v 0.001378 -0.039781 -0.056317
v 0.007500 -0.065365 0.010011
v 0.009684 -0.066305 0.010011
v 0.011752 -0.067479 0.010011
v 0.013680 -0.068872 0.010011
v 0.015445 -0.070466 0.010011
v 0.017024 -0.072244 0.010011
v 0.018400 -0.074183 0.010011
v 0.019556 -0.076262 0.010011
v 0.020479 -0.078454 0.010011
v 0.021156 -0.080733 0.010011
v 0.021581 -0.083073 0.010011
v 0.021747 -0.085445 0.010011
v 0.021654 -0.087822 0.010011
v 0.021302 -0.090174 0.010011
v 0.020695 -0.092473 0.010011
v 0.019840 -0.094692 0.010011
v 0.018749 -0.096805 0.010011
v 0.017433 -0.098786 0.010011
v 0.015909 -0.100612 0.010011
v 0.014195 -0.102260 0.010011
v 0.012311 -0.103711 0.010011
v 0.010280 -0.104948 0.010011
v 0.008126 -0.105956 0.010011
v 0.005874 -0.106722 0.010011
v 0.003553 -0.107238 0.010011
v 0.001189 -0.107498 0.010011
v -0.001189 -0.107498 0.010011
v -0.003553 -0.107238 0.010011
v -0.005874 -0.106722 0.010011
v -0.008126 -0.105956 0.010011
v -0.010280 -0.104948 0.010011
v -0.012311 -0.103711 0.010011
v -0.014195 -0.102260 0.010011
v -0.015909 -0.100612 0.010011
v -0.017433 -0.098786 0.010011
v -0.018749 -0.096805 0.010011
v -0.019840 -0.094692 0.010011
v -0.020695 -0.092473 0.010011
v -0.021302 -0.090174 0.010011
v -0.021654 -0.087822 0.010011
v -0.021747 -0.085445 0.010011
v -0.021581 -0.083073 0.010011
v -0.021156 -0.080733 0.010011
v -0.020479 -0.078454 0.010011
v -0.019556 -0.076262 0.010011
v -0.018400 -0.074183 0.010011
v -0.017024 -0.072244 0.010011
v -0.015445 -0.070466 0.010011
v -0.013680 -0.068872 0.010011
v -0.011752 -0.067479 0.010011
v -0.009684 -0.066305 0.010011
v -0.007500 -0.065365 0.010011
v -0.007500 -0.060781 0.010011
v 0.007500 -0.060781 0.010011
v -0.003000 -0.060781 -0.006989
v -0.003000 -0.060781 -0.028989
v 0.003000 -0.060781 -0.028989
v 0.003000 -0.060781 -0.006989
v 0.003000 -0.060981 -0.006989
v -0.003000 -0.060981 -0.006989
v 0.003000 -0.060981 -0.028989
v -0.003000 -0.060981 -0.028989
v 0.024500 -0.111781 -0.070189
v 0.024551 -0.112169 -0.070189
v 0.024701 -0.112531 -0.070189
v 0.024939 -0.112841 -0.070189
v 0.025250 -0.113080 -0.070189
v 0.025612 -0.113229 -0.070189
v 0.026000 -0.113281 -0.070189
v 0.026388 -0.113229 -0.070189
v 0.026750 -0.113080 -0.070189
v 0.027061 -0.112841 -0.070189
v 0.027299 -0.112531 -0.070189
v 0.027449 -0.112169 -0.070189
v 0.027500 -0.111781 -0.070189
v 0.027449 -0.111392 -0.070189
v 0.027299 -0.111031 -0.070189
v 0.027061 -0.110720 -0.070189
v 0.026750 -0.110481 -0.070189
v 0.026388 -0.110332 -0.070189
v 0.026000 -0.110281 -0.070189
v 0.025612 -0.110332 -0.070189
v 0.025250 -0.110481 -0.070189
v 0.024939 -0.110720 -0.070189
v 0.024701 -0.111031 -0.070189
v 0.024551 -0.111392 -0.070189
v 0.024500 -0.059781 -0.070189
v 0.024551 -0.060169 -0.070189
v 0.024701 -0.060531 -0.070189
v 0.024939 -0.060841 -0.070189
v 0.025250 -0.061080 -0.070189
v 0.025612 -0.061229 -0.070189
v 0.026000 -0.061281 -0.070189
v 0.026388 -0.061229 -0.070189
v 0.026750 -0.061080 -0.070189
v 0.027061 -0.060841 -0.070189
v 0.027299 -0.060531 -0.070189
v 0.027449 -0.060169 -0.070189
v 0.027500 -0.059781 -0.070189
v 0.027449 -0.059392 -0.070189
v 0.027299 -0.059031 -0.070189
v 0.027061 -0.058720 -0.070189
v 0.026750 -0.058481 -0.070189
v 0.026388 -0.058332 -0.070189
v 0.026000 -0.058281 -0.070189
v 0.025612 -0.058332 -0.070189
v 0.025250 -0.058481 -0.070189
v 0.024939 -0.058720 -0.070189
v 0.024701 -0.059031 -0.070189
v 0.024551 -0.059392 -0.070189
v -0.027500 -0.111781 -0.070189
v -0.027449 -0.112169 -0.070189
v -0.027299 -0.112531 -0.070189
v -0.027061 -0.112841 -0.070189
v -0.026750 -0.113080 -0.070189
v -0.026388 -0.113229 -0.070189
v -0.026000 -0.113281 -0.070189
v -0.025612 -0.113229 -0.070189
v -0.025250 -0.113080 -0.070189
v -0.024939 -0.112841 -0.070189
v -0.024701 -0.112531 -0.070189
v -0.024551 -0.112169 -0.070189
v -0.024500 -0.111781 -0.070189
v -0.024551 -0.111392 -0.070189
v -0.024701 -0.111031 -0.070189
v -0.024939 -0.110720 -0.070189
v -0.025250 -0.110481 -0.070189
v -0.025612 -0.110332 -0.070189
v -0.026000 -0.110281 -0.070189
v -0.026388 -0.110332 -0.070189
v -0.026750 -0.110481 -0.070189
v -0.027061 -0.110720 -0.070189
v -0.027299 -0.111031 -0.070189
v -0.027449 -0.111392 -0.070189
v -0.027500 -0.059781 -0.070189
v -0.027449 -0.060169 -0.070189
v -0.027299 -0.060531 -0.070189
v -0.027061 -0.060841 -0.070189
v -0.026750 -0.061080 -0.070189
v -0.026388 -0.061229 -0.070189
v -0.026000 -0.061281 -0.070189
v -0.025612 -0.061229 -0.070189
v -0.025250 -0.061080 -0.070189
v -0.024939 -0.060841 -0.070189
v -0.024701 -0.060531 -0.070189
v -0.024551 -0.060169 -0.070189
v -0.024500 -0.059781 -0.070189
v -0.024551 -0.059392 -0.070189
v -0.024701 -0.059031 -0.070189
v -0.024939 -0.058720 -0.070189
v -0.025250 -0.058481 -0.070189
v -0.025612 -0.058332 -0.070189
v -0.026000 -0.058281 -0.070189
v -0.026388 -0.058332 -0.070189
v -0.026750 -0.058481 -0.070189
v -0.027061 -0.058720 -0.070189
v -0.027299 -0.059031 -0.070189
v -0.027449 -0.059392 -0.070189
vt 0.075000 -0.229074 0.000000
vt 0.046490 -0.229074 0.000000
vt 0.075000 -0.274889 0.000000
vt 0.046490 -0.274889 0.000000
vt 0.075000 -0.320704 0.000000
vt 0.046490 -0.320704 0.000000
vt 0.075000 -0.366519 0.000000
vt 0.046490 -0.366519 0.000000
vt 0.075000 -0.412334 0.000000
vt 0.046490 -0.412334 0.000000
vt 0.075000 -0.458149 0.000000
vt 0.046490 -0.458149 0.000000
vt 0.075000 -0.503964 0.000000
vt 0.046490 -0.503964 0.000000
vt 0.075000 -0.549779 0.000000
vt 0.046490 -0.549779 0.000000
vt 0.075000 0.549779 0.000000
vt 0.046490 0.549779 0.000000
vt 0.075000 0.503964 0.000000
vt 0.046490 0.503964 0.000000
vt 0.075000 0.458149 0.000000
vt 0.046490 0.458149 0.000000
vt 0.075000 0.412334 0.000000
vt 0.046490 0.412334 0.000000
vt 0.075000 0.366519 0.000000
vt 0.046490 0.366519 0.000000
vt 0.075000 0.320704 0.000000
vt 0.046490 0.320704 0.000000
vt 0.075000 0.274889 0.000000
vt 0.046490 0.274889 0.000000
vt 0.075000 0.229074 0.000000
vt 0.046490 0.229074 0.000000
vt 0.075000 0.183260 0.000000
vt 0.046490 0.183260 0.000000
vt 0.075000 0.137445 0.000000
vt 0.046490 0.137445 0.000000
vt 0.075000 0.091630 0.000000
vt 0.046490 0.091630 0.000000
vt 0.075000 0.045815 0.000000
vt 0.046490 0.045815 0.000000
vt 0.075000 0.000000 0.000000
vt 0.046490 0.000000 0.000000
vt 0.075000 -0.045815 0.000000
vt 0.046490 -0.045815 0.000000
vt 0.075000 -0.091630 0.000000
vt 0.046490 -0.091630 0.000000
vt 0.075000 -0.137445 0.000000
vt 0.046490 -0.137445 0.000000
vt 0.075000 -0.183260 0.000000
vt 0.046490 -0.183260 0.000000
vt 0.075000 -0.229074 0.000000
vt 0.046490 -0.229074 0.000000
vt 0.075000 -0.274889 0.000000
vt 0.046490 -0.274889 0.000000
vt 0.075000 -0.320704 0.000000
vt 0.046490 -0.320704 0.000000
vt 0.075000 -0.366519 0.000000
vt 0.046490 -0.366519 0.000000
vt 0.075000 -0.412334 0.000000
vt 0.046490 -0.412334 0.000000
vt 0.075000 -0.458149 0.000000
vt 0.046490 -0.458149 0.000000
vt 0.075000 -0.503964 0.000000
vt 0.046490 -0.503964 0.000000
vt 0.075000 -0.549779 0.000000
vt 0.046490 -0.549779 0.000000
vt 0.075000 0.549779 0.000000
vt 0.046490 0.549779 0.000000
vt 0.075000 0.503964 0.000000
vt 0.046490 0.503964 0.000000
vt 0.075000 0.458149 0.000000
vt 0.046490 0.458149 0.000000
vt 0.075000 0.412334 0.000000
vt 0.046490 0.412334 0.000000
vt 0.075000 0.366519 0.000000
vt 0.046490 0.366519 0.000000
vt 0.075000 0.320704 0.000000
vt 0.046490 0.320704 0.000000
vt 0.075000 0.274889 0.000000
vt 0.046490 0.274889 0.000000
vt 0.075000 0.229074 0.000000
vt 0.046490 0.229074 0.000000
vt 0.075000 0.183260 0.000000
vt 0.046490 0.183260 0.000000
vt 0.075000 0.137445 0.000000
vt 0.046490 0.137445 0.000000
vt 0.075000 0.091630 0.000000
vt 0.046490 0.091630 0.000000
vt 0.075000 0.045815 0.000000
vt 0.046490 0.045815 0.000000
vt 0.075000 0.000000 0.000000
vt 0.046490 0.000000 0.000000
vt 0.075000 -0.045815 0.000000
vt 0.046490 -0.045815 0.000000
vt 0.075000 -0.091630 0.000000
vt 0.046490 -0.091630 0.000000
vt 0.075000 -0.137445 0.000000
vt 0.046490 -0.137445 0.000000
vt 0.075000 -0.183260 0.000000
vt 0.046490 -0.183260 0.000000
vt 0.075000 -0.229074 0.000000
vt 0.046490 -0.229074 0.000000
vt 0.075000 -0.274889 0.000000
vt 0.046490 -0.274889 0.000000
vt 0.075000 -0.320704 0.000000
vt 0.046490 -0.320704 0.000000
vt 0.075000 -0.366519 0.000000
vt 0.046490 -0.366519 0.000000
vt 0.075000 -0.412334 0.000000
vt 0.046490 -0.412334 0.000000
vt 0.075000 -0.458149 0.000000
vt 0.046490 -0.458149 0.000000
vt 0.075000 -0.503964 0.000000
vt 0.046490 -0.503964 0.000000
vt 0.075000 -0.549779 0.000000
vt 0.046490 -0.549779 0.000000
vt 0.075000 0.549779 0.000000
vt 0.046490 0.549779 0.000000
vt 0.075000 0.503964 0.000000
vt 0.046490 0.503964 0.000000
vt 0.075000 0.458149 0.000000
vt 0.046490 0.458149 0.000000
vt 0.075000 0.412334 0.000000
vt 0.046490 0.412334 0.000000
vt 0.075000 0.366519 0.000000
vt 0.046490 0.366519 0.000000
vt 0.075000 0.320704 0.000000
vt 0.046490 0.320704 0.000000
vt 0.075000 0.274889 0.000000
vt 0.046490 0.274889 0.000000
vt 0.075000 0.229074 0.000000
vt 0.046490 0.229074 0.000000
vt 0.075000 0.183260 0.000000
vt 0.046490 0.183260 0.000000
vt 0.075000 0.137445 0.000000
vt 0.046490 0.137445 0.000000
vt 0.075000 0.091630 0.000000
vt 0.046490 0.091630 0.000000
vt 0.075000 0.045815 0.000000
vt 0.046490 0.045815 0.000000
vt 0.075000 0.000000 0.000000
vt 0.046490 0.000000 0.000000
vt 0.075000 -0.045815 0.000000
vt 0.046490 -0.045815 0.000000
vt 0.075000 -0.091630 0.000000
vt 0.046490 -0.091630 0.000000
vt 0.075000 -0.137445 0.000000
vt 0.046490 -0.137445 0.000000
vt 0.075000 -0.183260 0.000000
vt 0.046490 -0.183260 0.000000
vt 0.075000 -0.229074 0.000000
vt 0.046490 -0.229074 0.000000
vt 0.075000 -0.274889 0.000000
vt 0.046490 -0.274889 0.000000
vt 0.075000 -0.320704 0.000000
vt 0.046490 -0.320704 0.000000
vt 0.075000 -0.366519 0.000000
vt 0.046490 -0.366519 0.000000
vt 0.075000 -0.412334 0.000000
vt 0.046490 -0.412334 0.000000
vt 0.075000 -0.458149 0.000000
vt 0.046490 -0.458149 0.000000
vt 0.075000 -0.503964 0.000000
vt 0.046490 -0.503964 0.000000
vt 0.075000 -0.549779 0.000000
vt 0.046490 -0.549779 0.000000
vt 0.075000 0.549779 0.000000
vt 0.046490 0.549779 0.000000
vt 0.075000 0.503964 0.000000
vt 0.046490 0.503964 0.000000
vt 0.075000 0.458149 0.000000
vt 0.046490 0.458149 0.000000
vt 0.075000 0.412334 0.000000
vt 0.046490 0.412334 0.000000
vt 0.075000 0.366519 0.000000
vt 0.046490 0.366519 0.000000
vt 0.075000 0.320704 0.000000
vt 0.046490 0.320704 0.000000
vt 0.075000 0.274889 0.000000
vt 0.046490 0.274889 0.000000
vt 0.075000 0.229074 0.000000
vt 0.046490 0.229074 0.000000
vt 0.075000 0.183260 0.000000
vt 0.046490 0.183260 0.000000
vt 0.075000 0.137445 0.000000
vt 0.046490 0.137445 0.000000
vt 0.075000 0.091630 0.000000
vt 0.046490 0.091630 0.000000
vt 0.075000 0.045815 0.000000
vt 0.046490 0.045815 0.000000
vt 0.075000 0.000000 0.000000
vt 0.046490 0.000000 0.000000
vt 0.075000 -0.045815 0.000000
vt 0.046490 -0.045815 0.000000
vt 0.075000 -0.091630 0.000000
vt 0.046490 -0.091630 0.000000
vt 0.075000 -0.137445 0.000000
vt 0.046490 -0.137445 0.000000
vt 0.075000 -0.183260 0.000000
vt 0.046490 -0.183260 0.000000
vt 0.075000 0.045815 0.000000
vt 0.046490 0.045815 0.000000
vt 0.075000 0.000000 0.000000
vt 0.046490 0.000000 0.000000
vt 0.075000 -0.045815 0.000000
vt 0.046490 -0.045815 0.000000
vt 0.075000 -0.091630 0.000000
vt 0.046490 -0.091630 0.000000
vt 0.075000 -0.137445 0.000000
vt 0.046490 -0.137445 0.000000
vt 0.075000 -0.183260 0.000000
vt 0.046490 -0.183260 0.000000
vt 0.075000 -0.229074 0.000000
vt 0.046490 -0.229074 0.000000
vt 0.075000 -0.274889 0.000000
vt 0.046490 -0.274889 0.000000
vt 0.075000 -0.320704 0.000000
vt 0.046490 -0.320704 0.000000
vt 0.075000 -0.366519 0.000000
vt 0.046490 -0.366519 0.000000
vt 0.075000 -0.412334 0.000000
vt 0.046490 -0.412334 0.000000
vt 0.075000 -0.458149 0.000000
vt 0.046490 -0.458149 0.000000
vt 0.075000 -0.503964 0.000000
vt 0.046490 -0.503964 0.000000
vt 0.075000 -0.549779 0.000000
vt 0.046490 -0.549779 0.000000
vt 0.075000 0.549779 0.000000
vt 0.046490 0.549779 0.000000
vt 0.075000 0.503964 0.000000
vt 0.046490 0.503964 0.000000
vt 0.075000 0.458149 0.000000
vt 0.046490 0.458149 0.000000
vt 0.075000 0.412334 0.000000
vt 0.046490 0.412334 0.000000
vt 0.075000 0.366519 0.000000
vt 0.046490 0.366519 0.000000
vt 0.075000 0.320704 0.000000
vt 0.046490 0.320704 0.000000
vt 0.075000 0.274889 0.000000
vt 0.046490 0.274889 0.000000
vt 0.075000 0.229074 0.000000
vt 0.046490 0.229074 0.000000
vt 0.075000 0.183260 0.000000
vt 0.046490 0.183260 0.000000
vt 0.075000 0.137445 0.000000
vt 0.046490 0.137445 0.000000
vt 0.075000 0.091630 0.000000
vt 0.046490 0.091630 0.000000
vt 0.075000 0.045815 0.000000
vt 0.046490 0.045815 0.000000
vt 0.075000 0.000000 0.000000
vt 0.046490 0.000000 0.000000
vt 0.075000 -0.045815 0.000000
vt 0.046490 -0.045815 0.000000
vt 0.075000 -0.091630 0.000000
vt 0.046490 -0.091630 0.000000
vt 0.075000 -0.137445 0.000000
vt 0.046490 -0.137445 0.000000
vt 0.075000 -0.183260 0.000000
vt 0.046490 -0.183260 0.000000
vt 0.075000 -0.229074 0.000000
vt 0.046490 -0.229074 0.000000
vt 0.075000 -0.274889 0.000000
vt 0.046490 -0.274889 0.000000
vt 0.075000 -0.320704 0.000000
vt 0.046490 -0.320704 0.000000
vt 0.075000 -0.366519 0.000000
vt 0.046490 -0.366519 0.000000
vt 0.075000 -0.412334 0.000000
vt 0.046490 -0.412334 0.000000
vt 0.075000 -0.458149 0.000000
vt 0.046490 -0.458149 0.000000
vt 0.075000 -0.503964 0.000000
vt 0.046490 -0.503964 0.000000
vt 0.075000 -0.549779 0.000000
vt 0.046490 -0.549779 0.000000
vt 0.075000 0.549779 0.000000
vt 0.046490 0.549779 0.000000
vt 0.075000 0.503964 0.000000
vt 0.046490 0.503964 0.000000
vt 0.075000 0.458149 0.000000
vt 0.046490 0.458149 0.000000
vt 0.075000 0.412334 0.000000
vt 0.046490 0.412334 0.000000
vt 0.075000 0.366519 0.000000
vt 0.046490 0.366519 0.000000
vt 0.075000 0.320704 0.000000
vt 0.046490 0.320704 0.000000
vt 0.075000 0.274889 0.000000
vt 0.046490 0.274889 0.000000
vt 0.075000 0.229074 0.000000
vt 0.046490 0.229074 0.000000
vt 0.075000 0.183260 0.000000
vt 0.046490 0.183260 0.000000
vt 0.075000 0.137445 0.000000
vt 0.046490 0.137445 0.000000
vt 0.075000 0.091630 0.000000
vt 0.046490 0.091630 0.000000
vt -12.142869 -2.261234 0.000000
vt -12.925536 -1.319468 0.000000
vt -12.150536 -2.319468 0.000000
vt -12.925536 -3.319468 0.000000
vt -12.142869 -2.377702 0.000000
vt -12.120392 -2.431968 0.000000
vt -12.084635 -2.478567 0.000000
vt -12.038036 -2.514324 0.000000
vt -11.983770 -2.536802 0.000000
vt -11.925536 -2.544468 0.000000
vt -10.925536 -3.319468 0.000000
vt -11.867302 -2.536802 0.000000
vt -11.813036 -2.514324 0.000000
vt -11.766437 -2.478567 0.000000
vt -11.730680 -2.431968 0.000000
vt -11.708203 -2.377702 0.000000
vt -11.700536 -2.319468 0.000000
vt -10.061759 -2.361886 0.000000
vt -10.049223 -2.250626 0.000000
vt -12.120392 -2.206968 0.000000
vt -12.084635 -2.160369 0.000000
vt -12.038036 -2.124612 0.000000
vt -11.983770 -2.102135 0.000000
vt -11.925536 -2.094468 0.000000
vt -11.867302 -2.102135 0.000000
vt -9.778701 -1.911402 0.000000
vt -11.813036 -2.124612 0.000000
vt -9.873504 -1.970970 0.000000
vt -11.766437 -2.160369 0.000000
vt -9.952675 -2.050141 0.000000
vt -11.730680 -2.206968 0.000000
vt -10.012243 -2.144944 0.000000
vt -11.708203 -2.261234 0.000000
vt -2.415315 -2.261234 0.000000
vt -4.074295 -2.250626 0.000000
vt -2.422982 -2.319468 0.000000
vt -4.061759 -2.361886 0.000000
vt -3.197982 -3.319468 0.000000
vt -4.061759 -7.361886 0.000000
vt -3.197982 -9.978088 0.000000
vt -4.074295 -7.473147 0.000000
vt -4.111274 -7.578828 0.000000
vt -4.111274 -2.144944 0.000000
vt -2.392838 -2.206968 0.000000
vt -4.170843 -2.050141 0.000000
vt -2.357081 -2.160369 0.000000
vt -4.250014 -1.970970 0.000000
vt -2.310482 -2.124612 0.000000
vt -4.344817 -1.911402 0.000000
vt -2.256216 -2.102135 0.000000
vt -1.197982 -1.319468 0.000000
vt -2.197982 -2.094468 0.000000
vt -2.139748 -2.102135 0.000000
vt -2.085482 -2.124612 0.000000
vt -2.038883 -2.160369 0.000000
vt -2.003126 -2.206968 0.000000
vt -1.980649 -2.261234 0.000000
vt -1.972982 -2.319468 0.000000
vt -1.197982 -3.319468 0.000000
vt -1.980649 -2.377702 0.000000
vt -2.003126 -2.431968 0.000000
vt -2.038883 -2.478567 0.000000
vt -2.085482 -2.514324 0.000000
vt -2.139748 -2.536802 0.000000
vt -2.197982 -2.544468 0.000000
vt -2.256216 -2.536802 0.000000
vt -2.310482 -2.514324 0.000000
vt -2.357081 -2.478567 0.000000
vt -2.392838 -2.431968 0.000000
vt -2.415315 -2.377702 0.000000
vt -10.064140 -14.261886 0.000000
vt -10.064140 -11.611886 0.000000
vt -10.775536 -14.261886 0.000000
vt -10.775536 -9.978088 0.000000
vt -9.561759 -7.861886 0.000000
vt -9.673019 -7.849350 0.000000
vt -4.059378 -11.611886 0.000000
vt -4.561759 -7.861886 0.000000
vt -3.347982 -9.978088 0.000000
vt -4.450498 -7.849350 0.000000
vt -4.344817 -7.812371 0.000000
vt -4.250014 -7.752802 0.000000
vt -4.170843 -7.673631 0.000000
vt -4.059378 -14.261886 0.000000
vt -3.347982 -14.261886 0.000000
vt -4.561759 -1.861886 0.000000
vt -4.450498 -1.874422 0.000000
vt -10.061759 -7.361886 0.000000
vt -10.925536 -9.978088 0.000000
vt -10.049223 -7.473147 0.000000
vt -10.012243 -7.578828 0.000000
vt -9.952675 -7.673631 0.000000
vt -9.873504 -7.752802 0.000000
vt -9.778701 -7.812371 0.000000
vt -9.673019 -1.874422 0.000000
vt -9.561759 -1.861886 0.000000
vt -0.305226 0.437226 0.000000
vt -0.305226 4.557226 0.000000
vt -0.455226 4.407226 0.000000
vt -3.105226 4.557226 0.000000
vt -3.105226 4.407226 0.000000
vt -0.455226 0.437226 0.000000
vt 6.355226 -4.479378 0.000000
vt 3.490069 -4.645147 0.000000
vt 6.355226 -10.484140 0.000000
vt 3.490069 -10.318371 0.000000
vt 3.509933 -10.344259 0.000000
vt 10.475226 -4.479378 0.000000
vt 7.523736 -3.767982 0.000000
vt 3.464180 -4.448506 0.000000
vt 3.490069 -4.468371 0.000000
vt 10.475226 -3.617982 0.000000
vt 7.673736 -3.617982 0.000000
vt 7.673736 -1.267982 0.000000
vt 7.523736 -1.267982 0.000000
vt 3.434033 -4.436018 0.000000
vt 1.475226 -3.767982 0.000000
vt 3.401680 -4.431759 0.000000
vt 3.369328 -4.436018 0.000000
vt 3.339180 -4.448506 0.000000
vt 3.313292 -4.468371 0.000000
vt 3.293427 -4.494259 0.000000
vt 3.280940 -4.524407 0.000000
vt 3.276680 -4.556759 0.000000
vt 3.280940 -4.589111 0.000000
vt 0.975226 -4.267982 0.000000
vt 3.293427 -4.619259 0.000000
vt 3.313292 -4.645147 0.000000
vt 0.975226 -10.695536 0.000000
vt 3.313292 -10.318371 0.000000
vt 3.293427 -10.344259 0.000000
vt 3.280940 -10.374407 0.000000
vt 1.475226 -11.195536 0.000000
vt 3.276680 -10.406759 0.000000
vt 3.280940 -10.439111 0.000000
vt 3.293427 -10.469259 0.000000
vt 3.313292 -10.495147 0.000000
vt 3.339180 -10.515012 0.000000
vt 3.369328 -10.527500 0.000000
vt 3.401680 -10.531759 0.000000
vt 3.434033 -10.527500 0.000000
vt 7.503736 -11.195536 0.000000
vt 3.464180 -10.515012 0.000000
vt 3.490069 -10.495147 0.000000
vt 3.509933 -10.469259 0.000000
vt 3.522421 -10.439111 0.000000
vt 3.526680 -10.406759 0.000000
vt 3.522421 -10.374407 0.000000
vt 1.363966 -3.780518 0.000000
vt 1.258285 -3.817497 0.000000
vt 1.163482 -3.877066 0.000000
vt 1.084311 -3.956237 0.000000
vt 1.024742 -4.051040 0.000000
vt 0.987762 -4.156721 0.000000
vt 0.987762 -10.806796 0.000000
vt 1.024742 -10.912478 0.000000
vt 1.084311 -11.007281 0.000000
vt 1.163482 -11.086452 0.000000
vt 1.258285 -11.146020 0.000000
vt 1.363966 -11.183000 0.000000
vt 7.503736 -13.695536 0.000000
vt 7.673736 -11.345536 0.000000
vt 10.475226 -10.484140 0.000000
vt 7.673736 -13.695536 0.000000
vt 10.475226 -11.345536 0.000000
vt 3.369328 -4.677500 0.000000
vt 3.369328 -10.286018 0.000000
vt 3.401680 -4.681759 0.000000
vt 3.401680 -10.281759 0.000000
vt 3.434033 -4.677500 0.000000
vt 3.434033 -10.286018 0.000000
vt 3.464180 -4.665012 0.000000
vt 3.464180 -10.298506 0.000000
vt 3.339180 -4.665012 0.000000
vt 3.339180 -10.298506 0.000000
vt 3.509933 -4.494259 0.000000
vt 3.522421 -4.524407 0.000000
vt 3.526680 -4.556759 0.000000
vt 3.522421 -4.589111 0.000000
vt 3.509933 -4.619259 0.000000
vt 0.625703 -0.190226 0.000000
vt 6.630464 -0.190226 0.000000
vt 0.625703 -0.040226 0.000000
vt 6.630464 -0.040226 0.000000
vt -2.955226 0.437226 0.000000
vt -2.955226 4.407226 0.000000
vt -3.105226 0.437226 0.000000
vt -3.105226 4.557226 0.000000
vt -0.305226 4.557226 0.000000
vt -0.305226 4.407226 0.000000
vt 10.064140 1.334468 0.000000
vt 10.925536 1.334468 0.000000
vt 10.064140 4.134468 0.000000
vt 10.925536 12.426886 0.000000
vt 9.836759 8.284468 0.000000
vt 9.830796 8.329762 0.000000
vt 9.813313 8.371968 0.000000
vt 9.785503 8.408212 0.000000
vt 9.735503 11.747456 0.000000
vt 9.749259 8.436023 0.000000
vt 9.699259 11.719646 0.000000
vt 9.707052 8.453505 0.000000
vt 9.657052 11.702163 0.000000
vt 9.661759 8.459468 0.000000
vt 9.611759 11.696200 0.000000
vt 9.616466 8.453505 0.000000
vt 9.566466 11.702163 0.000000
vt 9.574259 8.436023 0.000000
vt 9.524259 11.719646 0.000000
vt 9.538015 8.408212 0.000000
vt 9.488015 11.747456 0.000000
vt 9.510204 8.371968 0.000000
vt 9.460204 11.783700 0.000000
vt 4.663313 11.783700 0.000000
vt 4.680796 11.825907 0.000000
vt 9.442722 11.825907 0.000000
vt 4.686759 11.871200 0.000000
vt 9.436759 11.871200 0.000000
vt 4.680796 11.916493 0.000000
vt 9.442722 11.916493 0.000000
vt 4.630796 13.439175 0.000000
vt 9.492722 13.439175 0.000000
vt 4.636759 13.484468 0.000000
vt 9.486759 13.484468 0.000000
vt 4.630796 13.529762 0.000000
vt 9.492722 13.529762 0.000000
vt 4.613313 13.571968 0.000000
vt 9.510204 13.571968 0.000000
vt 4.585503 13.608212 0.000000
vt 9.538015 13.608212 0.000000
vt 4.549259 13.636023 0.000000
vt 9.574259 13.636023 0.000000
vt 4.507052 13.653505 0.000000
vt 9.616466 13.653505 0.000000
vt 1.197982 14.426886 0.000000
vt 12.925536 14.426886 0.000000
vt 9.661759 13.659468 0.000000
vt 9.707052 13.653505 0.000000
vt 12.925536 12.426886 0.000000
vt 11.925536 13.201886 0.000000
vt 11.867302 13.209553 0.000000
vt 11.813036 13.232030 0.000000
vt 12.150536 13.426886 0.000000
vt 12.142869 13.368652 0.000000
vt 12.120392 13.314386 0.000000
vt 1.197982 12.426886 0.000000
vt 1.972982 13.426886 0.000000
vt 1.980649 13.485120 0.000000
vt 2.003126 13.539386 0.000000
vt 3.197982 12.426886 0.000000
vt 2.197982 13.201886 0.000000
vt 2.139748 13.209553 0.000000
vt 2.085482 13.232030 0.000000
vt 3.197982 1.334468 0.000000
vt 4.059378 4.134468 0.000000
vt 4.286759 8.284468 0.000000
vt 4.292722 8.329762 0.000000
vt 4.059378 1.334468 0.000000
vt 4.585503 8.160725 0.000000
vt 4.549259 8.132914 0.000000
vt 4.507052 8.115431 0.000000
vt 4.461759 8.109468 0.000000
vt 4.416466 8.115431 0.000000
vt 4.374259 8.132914 0.000000
vt 4.338015 8.160725 0.000000
vt 4.310204 8.196968 0.000000
vt 4.292722 8.239175 0.000000
vt 4.310204 8.371968 0.000000
vt 4.338015 8.408212 0.000000
vt 4.388015 11.747456 0.000000
vt 4.374259 8.436023 0.000000
vt 4.424259 11.719646 0.000000
vt 4.416466 8.453505 0.000000
vt 4.466466 11.702163 0.000000
vt 4.461759 8.459468 0.000000
vt 4.511759 11.696200 0.000000
vt 4.507052 8.453505 0.000000
vt 4.557052 11.702163 0.000000
vt 4.549259 8.436023 0.000000
vt 4.599259 11.719646 0.000000
vt 4.585503 8.408212 0.000000
vt 4.635503 11.747456 0.000000
vt 4.613313 8.371968 0.000000
vt 9.492722 8.329762 0.000000
vt 4.630796 8.329762 0.000000
vt 9.486759 8.284468 0.000000
vt 4.636759 8.284468 0.000000
vt 9.492722 8.239175 0.000000
vt 4.630796 8.239175 0.000000
vt 9.510204 8.196968 0.000000
vt 4.613313 8.196968 0.000000
vt 9.538015 8.160725 0.000000
vt 9.616466 13.315431 0.000000
vt 9.611759 12.046200 0.000000
vt 9.661759 13.309468 0.000000
vt 9.657052 12.040237 0.000000
vt 9.707052 13.315431 0.000000
vt 9.699259 12.022754 0.000000
vt 9.749259 13.332914 0.000000
vt 9.735503 11.994944 0.000000
vt 9.785503 13.360725 0.000000
vt 9.813313 13.396968 0.000000
vt 9.830796 13.439175 0.000000
vt 9.836759 13.484468 0.000000
vt 11.700536 13.426886 0.000000
vt 11.708203 13.485120 0.000000
vt 9.566466 12.040237 0.000000
vt 9.574259 13.332914 0.000000
vt 9.524259 12.022754 0.000000
vt 9.538015 13.360725 0.000000
vt 9.488015 11.994944 0.000000
vt 9.510204 13.396968 0.000000
vt 9.460204 11.958700 0.000000
vt 9.749259 13.636023 0.000000
vt 11.813036 13.621742 0.000000
vt 11.867302 13.644219 0.000000
vt 9.785503 13.608212 0.000000
vt 11.766437 13.585985 0.000000
vt 9.813313 13.571968 0.000000
vt 11.730680 13.539386 0.000000
vt 9.830796 13.529762 0.000000
vt 9.707052 8.115431 0.000000
vt 9.661759 8.109468 0.000000
vt 9.616466 8.115431 0.000000
vt 9.574259 8.132914 0.000000
vt 9.830796 8.239175 0.000000
vt 9.813313 8.196968 0.000000
vt 9.785503 8.160725 0.000000
vt 9.749259 8.132914 0.000000
vt 2.415315 13.368652 0.000000
vt 2.422982 13.426886 0.000000
vt 4.286759 13.484468 0.000000
vt 2.415315 13.485120 0.000000
vt 4.292722 13.529762 0.000000
vt 2.392838 13.539386 0.000000
vt 4.310204 13.571968 0.000000
vt 2.357081 13.585985 0.000000
vt 4.338015 13.608212 0.000000
vt 2.310482 13.621742 0.000000
vt 4.374259 13.636023 0.000000
vt 4.416466 13.653505 0.000000
vt 4.461759 13.659468 0.000000
vt 2.392838 13.314386 0.000000
vt 2.357081 13.267787 0.000000
vt 2.310482 13.232030 0.000000
vt 2.256216 13.209553 0.000000
vt 2.038883 13.267787 0.000000
vt 2.003126 13.314386 0.000000
vt 1.980649 13.368652 0.000000
vt 2.038883 13.585985 0.000000
vt 2.085482 13.621742 0.000000
vt 2.139748 13.644219 0.000000
vt 2.197982 13.651886 0.000000
vt 2.256216 13.644219 0.000000
vt 12.084635 13.267787 0.000000
vt 12.038036 13.232030 0.000000
vt 11.983770 13.209553 0.000000
vt 11.766437 13.267787 0.000000
vt 11.730680 13.314386 0.000000
vt 11.708203 13.368652 0.000000
vt 11.925536 13.651886 0.000000
vt 11.983770 13.644219 0.000000
vt 12.038036 13.621742 0.000000
vt 12.084635 13.585985 0.000000
vt 12.120392 13.539386 0.000000
vt 12.142869 13.485120 0.000000
vt 4.416466 13.315431 0.000000
vt 4.466466 12.040237 0.000000
vt 4.461759 13.309468 0.000000
vt 4.511759 12.046200 0.000000
vt 4.507052 13.315431 0.000000
vt 4.557052 12.040237 0.000000
vt 4.549259 13.332914 0.000000
vt 4.599259 12.022754 0.000000
vt 4.585503 13.360725 0.000000
vt 4.635503 11.994944 0.000000
vt 4.613313 13.396968 0.000000
vt 4.663313 11.958700 0.000000
vt 4.424259 12.022754 0.000000
vt 4.374259 13.332914 0.000000
vt 4.388015 11.994944 0.000000
vt 4.338015 13.360725 0.000000
vt 4.310204 13.396968 0.000000
vt 4.292722 13.439175 0.000000
vt 9.780796 11.916493 0.000000
vt 9.786759 11.871200 0.000000
vt 9.780796 11.825907 0.000000
vt 9.763313 11.783700 0.000000
vt 9.763313 11.958700 0.000000
vt 4.360204 11.783700 0.000000
vt 4.342722 11.825907 0.000000
vt 4.336759 11.871200 0.000000
vt 4.342722 11.916493 0.000000
vt 4.360204 11.958700 0.000000
vt 0.040226 0.625703 0.000000
vt 0.190226 0.625703 0.000000
vt 0.040226 6.630464 0.000000
vt 0.190226 6.630464 0.000000
vt 1.134468 2.956866 0.000000
vt 7.793088 2.956866 0.000000
vt 1.134468 3.106866 0.000000
vt 12.226886 3.106866 0.000000
vt 12.226886 0.305375 0.000000
vt 7.793088 0.305375 0.000000
vt -0.190226 0.225226 0.000000
vt -0.040226 0.225226 0.000000
vt -0.190226 2.225226 0.000000
vt -0.040226 2.225226 0.000000
vt -2.225226 -0.190226 0.000000
vt -0.225226 -0.190226 0.000000
vt -2.225226 -0.040226 0.000000
vt -0.225226 -0.040226 0.000000
vt -0.190226 1.197982 0.000000
vt -0.040226 1.197982 0.000000
vt -0.190226 12.925536 0.000000
vt -0.040226 12.925536 0.000000
vt -2.225226 -0.190226 0.000000
vt -0.225226 -0.190226 0.000000
vt -2.225226 -0.040226 0.000000
vt -0.225226 -0.040226 0.000000
vt -0.040226 2.225226 0.000000
vt -0.190226 2.225226 0.000000
vt -0.040226 0.225226 0.000000
vt -0.190226 0.225226 0.000000
vt 12.226886 2.956866 0.000000
vt 12.226886 3.106866 0.000000
vt 5.568267 2.956866 0.000000
vt 1.134468 3.106866 0.000000
vt 1.134468 0.305375 0.000000
vt 5.568267 0.305375 0.000000
vt 2.958866 0.325226 0.000000
vt 3.128866 0.325226 0.000000
vt 2.958866 3.175226 0.000000
vt 3.128866 3.325226 0.000000
vt 0.307375 3.325226 0.000000
vt 0.307375 3.175226 0.000000
vt 0.453606 0.307375 0.000000
vt 4.737405 0.307375 0.000000
vt 0.453606 3.128866 0.000000
vt 4.737405 3.128866 0.000000
vt 4.930226 -7.484140 0.000000
vt 7.851420 -1.677500 0.000000
vt 4.930226 -1.479378 0.000000
vt 7.821273 -1.665012 0.000000
vt 7.795384 -1.645147 0.000000
vt 0.960226 -7.484140 0.000000
vt 3.781717 -8.195536 0.000000
vt 7.851420 -7.527500 0.000000
vt 7.821273 -7.515012 0.000000
vt 0.960226 -8.195536 0.000000
vt 9.810226 -8.195536 0.000000
vt 7.883773 -7.531759 0.000000
vt 7.916125 -7.527500 0.000000
vt 7.946273 -7.515012 0.000000
vt 7.972161 -7.495147 0.000000
vt 7.992026 -7.469259 0.000000
vt 8.004513 -7.439111 0.000000
vt 8.008773 -7.406759 0.000000
vt 10.310226 -7.695536 0.000000
vt 8.004513 -7.374407 0.000000
vt 7.992026 -7.344259 0.000000
vt 7.972161 -7.318371 0.000000
vt 7.946273 -7.298506 0.000000
vt 7.946273 -1.665012 0.000000
vt 7.916125 -7.286018 0.000000
vt 7.916125 -1.677500 0.000000
vt 7.883773 -1.681759 0.000000
vt 9.921487 -8.183000 0.000000
vt 10.027168 -8.146020 0.000000
vt 10.121971 -8.086452 0.000000
vt 10.201142 -8.007281 0.000000
vt 10.260711 -7.912478 0.000000
vt 10.297690 -7.806796 0.000000
vt 10.310226 -1.267982 0.000000
vt 7.972161 -1.645147 0.000000
vt 7.992026 -1.619259 0.000000
vt 8.004513 -1.589111 0.000000
vt 8.008773 -1.556759 0.000000
vt 9.810226 -0.767982 0.000000
vt 8.004513 -1.524407 0.000000
vt 7.992026 -1.494259 0.000000
vt 7.972161 -1.468371 0.000000
vt 7.946273 -1.448506 0.000000
vt 7.916125 -1.436018 0.000000
vt 7.883773 -1.431759 0.000000
vt 7.851420 -1.436018 0.000000
vt 3.761717 -0.767982 0.000000
vt 0.960226 -1.479378 0.000000
vt 0.960226 -0.767982 0.000000
vt 10.297690 -1.156721 0.000000
vt 10.260711 -1.051040 0.000000
vt 10.201142 -0.956237 0.000000
vt 10.121971 -0.877066 0.000000
vt 10.027168 -0.817497 0.000000
vt 9.921487 -0.780518 0.000000
vt 7.883773 -7.281759 0.000000
vt 7.851420 -7.286018 0.000000
vt 7.821273 -7.298506 0.000000
vt 7.795384 -7.318371 0.000000
vt 7.775519 -7.344259 0.000000
vt 7.763032 -7.374407 0.000000
vt 7.758773 -7.406759 0.000000
vt 7.763032 -7.439111 0.000000
vt 7.775519 -7.469259 0.000000
vt 7.795384 -7.495147 0.000000
vt 7.775519 -1.619259 0.000000
vt 7.763032 -1.589111 0.000000
vt 7.758773 -1.556759 0.000000
vt 7.763032 -1.524407 0.000000
vt 7.775519 -1.494259 0.000000
vt 7.795384 -1.468371 0.000000
vt 7.821273 -1.448506 0.000000
vt 4.737405 3.106866 0.000000
vt 0.453606 3.106866 0.000000
vt 4.737405 0.305375 0.000000
vt 0.453606 0.305375 0.000000
vt 0.305375 0.325226 0.000000
vt 3.106866 0.325226 0.000000
vt 2.956866 0.475226 0.000000
vt 3.106866 3.325226 0.000000
vt 2.956866 3.325226 0.000000
vt 0.305375 0.475226 0.000000
vt 0.310226 -4.402405 0.000000
vt 1.510226 -2.835505 0.000000
vt 0.310226 -0.468606 0.000000
vt 1.517893 -2.777271 0.000000
vt 1.540371 -2.723005 0.000000
vt 0.322762 -4.513665 0.000000
vt 0.359742 -4.619346 0.000000
vt 0.419311 -4.714149 0.000000
vt 0.498482 -4.793320 0.000000
vt 0.593285 -4.852889 0.000000
vt 0.698966 -4.889868 0.000000
vt 0.810226 -4.902405 0.000000
vt 3.160226 -4.902405 0.000000
vt 1.793461 -3.052839 0.000000
vt 1.735226 -3.060505 0.000000
vt 1.676992 -3.052839 0.000000
vt 3.160226 -0.468606 0.000000
vt 1.960226 -2.835505 0.000000
vt 1.952560 -2.893740 0.000000
vt 1.930082 -2.948005 0.000000
vt 1.735226 -2.610505 0.000000
vt 1.793461 -2.618172 0.000000
vt 1.847726 -2.640650 0.000000
vt 1.576127 -2.676406 0.000000
vt 1.622726 -2.640650 0.000000
vt 1.676992 -2.618172 0.000000
vt 1.894325 -2.676406 0.000000
vt 1.930082 -2.723005 0.000000
vt 1.952560 -2.777271 0.000000
vt 1.894325 -2.994604 0.000000
vt 1.847726 -3.030361 0.000000
vt 1.622726 -3.030361 0.000000
vt 1.576127 -2.994604 0.000000
vt 1.540371 -2.948005 0.000000
vt 1.517893 -2.893740 0.000000
vt 0.075000 -0.785398 0.000000
vt -0.075000 -0.785398 0.000000
vt 0.075000 -0.897598 0.000000
vt -0.075000 -0.897598 0.000000
vt 0.075000 -1.009798 0.000000
vt -0.075000 -1.009798 0.000000
vt 0.075000 -1.121997 0.000000
vt -0.075000 -1.121997 0.000000
vt 0.075000 -1.234197 0.000000
vt -0.075000 -1.234197 0.000000
vt 0.075000 -1.346397 0.000000
vt -0.075000 -1.346397 0.000000
vt 0.075000 -1.458597 0.000000
vt -0.075000 -1.458597 0.000000
vt 0.075000 -1.570796 0.000000
vt -0.075000 -1.570796 0.000000
vt -3.325226 -0.468606 0.000000
vt -1.750226 -2.610505 0.000000
vt -0.325226 -0.468606 0.000000
vt -1.691992 -2.618172 0.000000
vt -1.637726 -2.640650 0.000000
vt -3.325226 -4.752405 0.000000
vt -1.975226 -2.835505 0.000000
vt -1.967560 -2.777271 0.000000
vt -1.945082 -2.723005 0.000000
vt -3.325226 -4.902405 0.000000
vt -1.808461 -3.052839 0.000000
vt -1.862726 -3.030361 0.000000
vt -1.909325 -2.994604 0.000000
vt -0.825226 -4.902405 0.000000
vt -1.750226 -3.060505 0.000000
vt -1.691992 -3.052839 0.000000
vt -1.637726 -3.030361 0.000000
vt -1.591127 -2.994604 0.000000
vt -1.555371 -2.948005 0.000000
vt -0.325226 -4.402405 0.000000
vt -1.532893 -2.893740 0.000000
vt -1.525226 -2.835505 0.000000
vt -1.532893 -2.777271 0.000000
vt -1.555371 -2.723005 0.000000
vt -1.591127 -2.676406 0.000000
vt -0.713966 -4.889868 0.000000
vt -0.608285 -4.852889 0.000000
vt -0.513482 -4.793320 0.000000
vt -0.434311 -4.714149 0.000000
vt -0.374742 -4.619346 0.000000
vt -0.337762 -4.513665 0.000000
vt -1.945082 -2.948005 0.000000
vt -1.967560 -2.893740 0.000000
vt -1.909325 -2.676406 0.000000
vt -1.862726 -2.640650 0.000000
vt -1.808461 -2.618172 0.000000
vt -4.352405 -0.190226 0.000000
vt -0.418606 -0.190226 0.000000
vt -4.352405 -0.040226 0.000000
vt -0.418606 -0.040226 0.000000
vt -0.040226 6.678587 0.000000
vt -0.190226 6.678587 0.000000
vt -0.040226 0.630077 0.000000
vt -0.190226 0.630077 0.000000
vt 0.075000 -1.570796 0.000000
vt -0.075000 -1.570796 0.000000
vt 0.075000 -1.682996 0.000000
vt -0.075000 -1.682996 0.000000
vt 0.075000 -1.795196 0.000000
vt -0.075000 -1.795196 0.000000
vt 0.075000 -1.907396 0.000000
vt -0.075000 -1.907396 0.000000
vt 0.075000 -2.019595 0.000000
vt -0.075000 -2.019595 0.000000
vt 0.075000 -2.131795 0.000000
vt -0.075000 -2.131795 0.000000
vt 0.075000 -2.243995 0.000000
vt -0.075000 -2.243995 0.000000
vt 0.075000 -2.356194 0.000000
vt -0.075000 -2.356194 0.000000
vt -0.667982 0.190226 0.000000
vt -7.095536 0.190226 0.000000
vt -0.667982 0.040226 0.000000
vt -7.095536 0.040226 0.000000
vt 0.075000 0.000000 0.000000
vt -0.075000 0.000000 0.000000
vt 0.075000 -0.112200 0.000000
vt -0.075000 -0.112200 0.000000
vt 0.075000 -0.224399 0.000000
vt -0.075000 -0.224399 0.000000
vt 0.075000 -0.336599 0.000000
vt -0.075000 -0.336599 0.000000
vt 0.075000 -0.448799 0.000000
vt -0.075000 -0.448799 0.000000
vt 0.075000 -0.560999 0.000000
vt -0.075000 -0.560999 0.000000
vt 0.075000 -0.673198 0.000000
vt -0.075000 -0.673198 0.000000
vt 0.075000 -0.785398 0.000000
vt -0.075000 -0.785398 0.000000
vt -0.040226 6.656587 0.000000
vt -0.190226 6.656587 0.000000
vt -0.040226 0.628077 0.000000
vt -0.190226 0.628077 0.000000
vt -3.325226 -0.468606 0.000000
vt -1.625226 -2.610505 0.000000
vt -0.325226 -0.468606 0.000000
vt -1.566992 -2.618172 0.000000
vt -1.512726 -2.640650 0.000000
vt -3.325226 -4.402405 0.000000
vt -2.400226 -2.835505 0.000000
vt -2.392560 -2.777271 0.000000
vt -2.370082 -2.723005 0.000000
vt -3.312690 -4.513665 0.000000
vt -3.275711 -4.619346 0.000000
vt -3.216142 -4.714149 0.000000
vt -3.136971 -4.793320 0.000000
vt -3.042168 -4.852889 0.000000
vt -2.936487 -4.889868 0.000000
vt -2.825226 -4.902405 0.000000
vt -0.325226 -4.902405 0.000000
vt -1.625226 -3.060505 0.000000
vt -2.175226 -3.060505 0.000000
vt -2.233461 -3.052839 0.000000
vt -0.325226 -4.752405 0.000000
vt -1.566992 -3.052839 0.000000
vt -1.512726 -3.030361 0.000000
vt -1.466127 -2.994604 0.000000
vt -1.430371 -2.948005 0.000000
vt -1.407893 -2.893740 0.000000
vt -1.400226 -2.835505 0.000000
vt -1.407893 -2.777271 0.000000
vt -1.430371 -2.723005 0.000000
vt -1.466127 -2.676406 0.000000
vt -2.287726 -3.030361 0.000000
vt -2.334325 -2.994604 0.000000
vt -2.370082 -2.948005 0.000000
vt -2.392560 -2.893740 0.000000
vt -2.334325 -2.676406 0.000000
vt -2.287726 -2.640650 0.000000
vt -2.233461 -2.618172 0.000000
vt -2.175226 -2.610505 0.000000
vt 0.085000 0.000000 0.000000
vt -0.085000 0.000000 0.000000
vt 0.085000 -0.112200 0.000000
vt -0.085000 -0.112200 0.000000
vt 0.085000 -0.224399 0.000000
vt -0.085000 -0.224399 0.000000
vt 0.085000 -0.336599 0.000000
vt -0.085000 -0.336599 0.000000
vt 0.085000 -0.448799 0.000000
vt -0.085000 -0.448799 0.000000
vt 0.085000 -0.560999 0.000000
vt -0.085000 -0.560999 0.000000
vt 0.085000 -0.673198 0.000000
vt -0.085000 -0.673198 0.000000
vt 0.085000 -0.785398 0.000000
vt -0.085000 -0.785398 0.000000
vt 0.310226 -4.902405 0.000000
vt 1.235226 -2.835505 0.000000
vt 0.310226 -0.468606 0.000000
vt 1.242893 -2.777271 0.000000
vt 1.265371 -2.723005 0.000000
vt 2.660226 -4.902405 0.000000
vt 1.460226 -3.060505 0.000000
vt 1.401992 -3.052839 0.000000
vt 1.347726 -3.030361 0.000000
vt 2.771487 -4.889868 0.000000
vt 3.160226 -4.402405 0.000000
vt 2.169325 -2.994604 0.000000
vt 2.122726 -3.030361 0.000000
vt 2.877168 -4.852889 0.000000
vt 2.971971 -4.793320 0.000000
vt 3.051142 -4.714149 0.000000
vt 3.110711 -4.619346 0.000000
vt 3.147690 -4.513665 0.000000
vt 3.160226 -0.468606 0.000000
vt 2.235226 -2.835505 0.000000
vt 2.227560 -2.893740 0.000000
vt 2.205082 -2.948005 0.000000
vt 2.010226 -2.610505 0.000000
vt 2.068461 -2.618172 0.000000
vt 2.122726 -2.640650 0.000000
vt 2.068461 -3.052839 0.000000
vt 2.010226 -3.060505 0.000000
vt 1.301127 -2.994604 0.000000
vt 1.265371 -2.948005 0.000000
vt 1.242893 -2.893740 0.000000
vt 1.301127 -2.676406 0.000000
vt 1.347726 -2.640650 0.000000
vt 1.401992 -2.618172 0.000000
vt 1.460226 -2.610505 0.000000
vt 2.169325 -2.676406 0.000000
vt 2.205082 -2.723005 0.000000
vt 2.227560 -2.777271 0.000000
vt -0.418606 -0.042226 0.000000
vt -4.352405 -0.042226 0.000000
vt -0.418606 -0.212226 0.000000
vt -4.352405 -0.212226 0.000000
vt -0.212226 -0.630226 0.000000
vt -0.042226 -0.630226 0.000000
vt -0.212226 -0.080226 0.000000
vt -0.042226 -0.080226 0.000000
vt 0.085000 -0.353429 0.000000
vt -0.085000 -0.353429 0.000000
vt 0.085000 -0.412334 0.000000
vt -0.085000 -0.412334 0.000000
vt 0.085000 -0.471239 0.000000
vt -0.085000 -0.471239 0.000000
vt 0.085000 -0.530144 0.000000
vt -0.085000 -0.530144 0.000000
vt 0.085000 -0.589049 0.000000
vt -0.085000 -0.589049 0.000000
vt 0.085000 -0.647953 0.000000
vt -0.085000 -0.647953 0.000000
vt 0.085000 -0.706858 0.000000
vt -0.085000 -0.706858 0.000000
vt 0.085000 -0.765763 0.000000
vt -0.085000 -0.765763 0.000000
vt 0.085000 -0.824668 0.000000
vt -0.085000 -0.824668 0.000000
vt 0.085000 -0.883573 0.000000
vt -0.085000 -0.883573 0.000000
vt 0.085000 -0.942478 0.000000
vt -0.085000 -0.942478 0.000000
vt 0.085000 -1.001383 0.000000
vt -0.085000 -1.001383 0.000000
vt 0.085000 -1.060288 0.000000
vt -0.085000 -1.060288 0.000000
vt 0.042226 0.080226 0.000000
vt 0.212226 0.080226 0.000000
vt 0.042226 0.630226 0.000000
vt 0.212226 0.630226 0.000000
vt -0.085000 -0.353429 0.000000
vt 0.085000 -0.353429 0.000000
vt -0.085000 -0.294524 0.000000
vt 0.085000 -0.294524 0.000000
vt -0.085000 -0.235619 0.000000
vt 0.085000 -0.235619 0.000000
vt -0.085000 -0.176715 0.000000
vt 0.085000 -0.176715 0.000000
vt -0.085000 -0.117810 0.000000
vt 0.085000 -0.117810 0.000000
vt -0.085000 -0.058905 0.000000
vt 0.085000 -0.058905 0.000000
vt -0.085000 0.000000 0.000000
vt 0.085000 0.000000 0.000000
vt -0.085000 0.058905 0.000000
vt 0.085000 0.058905 0.000000
vt -0.085000 0.117810 0.000000
vt 0.085000 0.117810 0.000000
vt -0.085000 0.176715 0.000000
vt 0.085000 0.176715 0.000000
vt -0.085000 0.235619 0.000000
vt 0.085000 0.235619 0.000000
vt -0.085000 0.294524 0.000000
vt 0.085000 0.294524 0.000000
vt -0.085000 0.353429 0.000000
vt 0.085000 0.353429 0.000000
vt -0.075000 -0.058905 0.000000
vt 0.075000 -0.058905 0.000000
vt -0.075000 -0.000000 0.000000
vt 0.075000 0.000000 0.000000
vt -0.075000 0.058905 0.000000
vt 0.075000 0.058905 0.000000
vt -0.075000 0.117810 0.000000
vt 0.075000 0.117810 0.000000
vt -0.075000 0.176715 0.000000
vt 0.075000 0.176715 0.000000
vt -0.075000 0.235619 0.000000
vt 0.075000 0.235619 0.000000
vt -0.075000 0.294524 0.000000
vt 0.075000 0.294524 0.000000
vt -0.075000 0.353429 0.000000
vt 0.075000 0.353429 0.000000
vt -0.075000 0.412334 0.000000
vt 0.075000 0.412334 0.000000
vt -0.075000 0.471239 0.000000
vt 0.075000 0.471239 0.000000
vt -0.075000 0.530144 0.000000
vt 0.075000 0.530144 0.000000
vt -0.075000 0.589049 0.000000
vt 0.075000 0.589049 0.000000
vt -0.075000 0.647953 0.000000
vt 0.075000 0.647953 0.000000
vt -0.075000 0.706858 0.000000
vt 0.075000 0.706858 0.000000
vt -0.075000 -0.706858 0.000000
vt 0.075000 -0.706858 0.000000
vt -0.075000 -0.647953 0.000000
vt 0.075000 -0.647953 0.000000
vt -0.075000 -0.589049 0.000000
vt 0.075000 -0.589049 0.000000
vt -0.075000 -0.530144 0.000000
vt 0.075000 -0.530144 0.000000
vt -0.075000 -0.471239 0.000000
vt 0.075000 -0.471239 0.000000
vt -0.075000 -0.412334 0.000000
vt 0.075000 -0.412334 0.000000
vt -0.075000 -0.353429 0.000000
vt 0.075000 -0.353429 0.000000
vt -0.075000 -0.294524 0.000000
vt 0.075000 -0.294524 0.000000
vt -0.075000 -0.235619 0.000000
vt 0.075000 -0.235619 0.000000
vt -0.075000 -0.176715 0.000000
vt 0.075000 -0.176715 0.000000
vt -0.075000 -0.117810 0.000000
vt 0.075000 -0.117810 0.000000
vt 0.075000 -0.163625 0.000000
vt -0.075000 -0.163625 0.000000
vt 0.075000 -0.196350 0.000000
vt -0.075000 -0.196350 0.000000
vt 0.075000 -0.229074 0.000000
vt -0.075000 -0.229074 0.000000
vt 0.075000 -0.261799 0.000000
vt -0.075000 -0.261799 0.000000
vt 0.075000 -0.294524 0.000000
vt -0.075000 -0.294524 0.000000
vt 0.075000 -0.327249 0.000000
vt -0.075000 -0.327249 0.000000
vt 0.075000 -0.359974 0.000000
vt -0.075000 -0.359974 0.000000
vt 0.075000 -0.392699 0.000000
vt -0.075000 -0.392699 0.000000
vt 0.075000 0.392699 0.000000
vt -0.075000 0.392699 0.000000
vt 0.075000 0.359974 0.000000
vt -0.075000 0.359974 0.000000
vt 0.075000 0.327249 0.000000
vt -0.075000 0.327249 0.000000
vt 0.075000 0.294524 0.000000
vt -0.075000 0.294524 0.000000
vt 0.075000 0.261799 0.000000
vt -0.075000 0.261799 0.000000
vt 0.075000 0.229074 0.000000
vt -0.075000 0.229074 0.000000
vt 0.075000 0.196350 0.000000
vt -0.075000 0.196350 0.000000
vt 0.075000 0.163625 0.000000
vt -0.075000 0.163625 0.000000
vt 0.075000 0.130900 0.000000
vt -0.075000 0.130900 0.000000
vt 0.075000 0.098175 0.000000
vt -0.075000 0.098175 0.000000
vt 0.075000 0.065450 0.000000
vt -0.075000 0.065450 0.000000
vt 0.075000 0.032725 0.000000
vt -0.075000 0.032725 0.000000
vt 0.075000 0.000000 0.000000
vt -0.075000 0.000000 0.000000
vt 0.075000 -0.032725 0.000000
vt -0.075000 -0.032725 0.000000
vt 0.075000 -0.065450 0.000000
vt -0.075000 -0.065450 0.000000
vt 0.075000 -0.098175 0.000000
vt -0.075000 -0.098175 0.000000
vt 0.075000 -0.130900 0.000000
vt -0.075000 -0.130900 0.000000
vt 0.075000 -0.163625 0.000000
vt -0.075000 -0.163625 0.000000
vt 0.075000 -0.196350 0.000000
vt -0.075000 -0.196350 0.000000
vt 0.075000 -0.229074 0.000000
vt -0.075000 -0.229074 0.000000
vt 0.075000 -0.261799 0.000000
vt -0.075000 -0.261799 0.000000
vt 0.075000 -0.294524 0.000000
vt -0.075000 -0.294524 0.000000
vt 0.075000 -0.327249 0.000000
vt -0.075000 -0.327249 0.000000
vt 0.075000 -0.359974 0.000000
vt -0.075000 -0.359974 0.000000
vt 0.075000 -0.392699 0.000000
vt -0.075000 -0.392699 0.000000
vt 0.075000 0.392699 0.000000
vt -0.075000 0.392699 0.000000
vt 0.075000 0.359974 0.000000
vt -0.075000 0.359974 0.000000
vt 0.075000 0.327249 0.000000
vt -0.075000 0.327249 0.000000
vt 0.075000 0.294524 0.000000
vt -0.075000 0.294524 0.000000
vt 0.075000 0.261799 0.000000
vt -0.075000 0.261799 0.000000
vt 0.075000 0.229074 0.000000
vt -0.075000 0.229074 0.000000
vt 0.075000 0.196350 0.000000
vt -0.075000 0.196350 0.000000
vt 0.075000 0.163625 0.000000
vt -0.075000 0.163625 0.000000
vt 0.075000 0.130900 0.000000
vt -0.075000 0.130900 0.000000
vt 0.075000 0.098175 0.000000
vt -0.075000 0.098175 0.000000
vt 0.075000 0.065450 0.000000
vt -0.075000 0.065450 0.000000
vt 0.075000 0.032725 0.000000
vt -0.075000 0.032725 0.000000
vt 0.075000 0.000000 0.000000
vt -0.075000 0.000000 0.000000
vt 0.075000 -0.032725 0.000000
vt -0.075000 -0.032725 0.000000
vt 0.075000 -0.065450 0.000000
vt -0.075000 -0.065450 0.000000
vt 0.075000 -0.098175 0.000000
vt -0.075000 -0.098175 0.000000
vt 0.075000 -0.130900 0.000000
vt -0.075000 -0.130900 0.000000
vt 0.075000 -0.647953 0.000000
vt -0.075000 -0.647953 0.000000
vt 0.075000 -0.706858 0.000000
vt -0.075000 -0.706858 0.000000
vt 0.075000 0.706858 0.000000
vt -0.075000 0.706858 0.000000
vt 0.075000 0.647953 0.000000
vt -0.075000 0.647953 0.000000
vt 0.075000 0.589049 0.000000
vt -0.075000 0.589049 0.000000
vt 0.075000 0.530144 0.000000
vt -0.075000 0.530144 0.000000
vt 0.075000 0.471239 0.000000
vt -0.075000 0.471239 0.000000
vt 0.075000 0.412334 0.000000
vt -0.075000 0.412334 0.000000
vt 0.075000 0.353429 0.000000
vt -0.075000 0.353429 0.000000
vt 0.075000 0.294524 0.000000
vt -0.075000 0.294524 0.000000
vt 0.075000 0.235619 0.000000
vt -0.075000 0.235619 0.000000
vt 0.075000 0.176715 0.000000
vt -0.075000 0.176715 0.000000
vt 0.075000 0.117810 0.000000
vt -0.075000 0.117810 0.000000
vt 0.075000 0.058905 0.000000
vt -0.075000 0.058905 0.000000
vt 0.075000 0.000000 0.000000
vt -0.075000 -0.000000 0.000000
vt 0.075000 -0.058905 0.000000
vt -0.075000 -0.058905 0.000000
vt 0.075000 -0.117810 0.000000
vt -0.075000 -0.117810 0.000000
vt 0.075000 -0.176715 0.000000
vt -0.075000 -0.176715 0.000000
vt 0.075000 -0.235619 0.000000
vt -0.075000 -0.235619 0.000000
vt 0.075000 -0.294524 0.000000
vt -0.075000 -0.294524 0.000000
vt 0.075000 -0.353429 0.000000
vt -0.075000 -0.353429 0.000000
vt 0.075000 -0.412334 0.000000
vt -0.075000 -0.412334 0.000000
vt 0.075000 -0.471239 0.000000
vt -0.075000 -0.471239 0.000000
vt 0.075000 -0.530144 0.000000
vt -0.075000 -0.530144 0.000000
vt 0.075000 -0.589049 0.000000
vt -0.075000 -0.589049 0.000000
vt 0.075000 -0.647953 0.000000
vt -0.075000 -0.647953 0.000000
vt 0.075000 -0.706858 0.000000
vt -0.075000 -0.706858 0.000000
vt 0.075000 0.706858 0.000000
vt -0.075000 0.706858 0.000000
vt 0.075000 0.647953 0.000000
vt -0.075000 0.647953 0.000000
vt 0.075000 0.589049 0.000000
vt -0.075000 0.589049 0.000000
vt 0.075000 0.530144 0.000000
vt -0.075000 0.530144 0.000000
vt 0.075000 0.471239 0.000000
vt -0.075000 0.471239 0.000000
vt 0.075000 0.412334 0.000000
vt -0.075000 0.412334 0.000000
vt 0.075000 0.353429 0.000000
vt -0.075000 0.353429 0.000000
vt 0.075000 0.294524 0.000000
vt -0.075000 0.294524 0.000000
vt 0.075000 0.235619 0.000000
vt -0.075000 0.235619 0.000000
vt 0.075000 0.176715 0.000000
vt -0.075000 0.176715 0.000000
vt 0.075000 0.117810 0.000000
vt -0.075000 0.117810 0.000000
vt 0.075000 0.058905 0.000000
vt -0.075000 0.058905 0.000000
vt 0.075000 0.000000 0.000000
vt -0.075000 -0.000000 0.000000
vt 0.075000 -0.058905 0.000000
vt -0.075000 -0.058905 0.000000
vt 0.075000 -0.117810 0.000000
vt -0.075000 -0.117810 0.000000
vt 0.075000 -0.176715 0.000000
vt -0.075000 -0.176715 0.000000
vt 0.075000 -0.235619 0.000000
vt -0.075000 -0.235619 0.000000
vt 0.075000 -0.294524 0.000000
vt -0.075000 -0.294524 0.000000
vt 0.075000 -0.353429 0.000000
vt -0.075000 -0.353429 0.000000
vt 0.075000 -0.412334 0.000000
vt -0.075000 -0.412334 0.000000
vt 0.075000 -0.471239 0.000000
vt -0.075000 -0.471239 0.000000
vt 0.075000 -0.530144 0.000000
vt -0.075000 -0.530144 0.000000
vt 0.075000 -0.589049 0.000000
vt -0.075000 -0.589049 0.000000
vt -3.153313 -2.337730 0.000000
vt -5.515500 -4.470500 0.000000
vt -3.015500 -2.350500 0.000000
vt -0.515500 -4.470500 0.000000
vt -2.877688 -2.337730 0.000000
vt -2.744569 -2.299855 0.000000
vt -2.620676 -2.238163 0.000000
vt -2.510229 -2.154757 0.000000
vt -2.416987 -2.052476 0.000000
vt -2.344128 -1.934804 0.000000
vt -0.515500 -0.541991 0.000000
vt -2.294131 -1.805748 0.000000
vt -2.268700 -1.669702 0.000000
vt -2.268700 -1.531299 0.000000
vt -2.294131 -1.395253 0.000000
vt -2.344128 -1.266197 0.000000
vt -2.416987 -1.148524 0.000000
vt -2.510229 -1.046244 0.000000
vt -2.620676 -0.962838 0.000000
vt -2.744569 -0.901146 0.000000
vt -2.877688 -0.863271 0.000000
vt -3.015500 -0.850500 0.000000
vt -5.515500 -0.541991 0.000000
vt -3.153313 -0.863271 0.000000
vt -3.286432 -0.901146 0.000000
vt -3.410325 -0.962838 0.000000
vt -3.520772 -1.046244 0.000000
vt -3.614013 -1.148524 0.000000
vt -3.686873 -1.266197 0.000000
vt -3.736870 -1.395253 0.000000
vt -3.762301 -1.531299 0.000000
vt -3.762301 -1.669702 0.000000
vt -3.736870 -1.805748 0.000000
vt -3.686873 -1.934804 0.000000
vt -3.614013 -2.052476 0.000000
vt -3.520772 -2.154757 0.000000
vt -3.410325 -2.238163 0.000000
vt -3.286432 -2.299855 0.000000
vt 2.025000 0.000000 0.000000
vt -1.903510 0.000000 0.000000
vt 0.060745 -0.112200 0.000000
vt -1.903510 -0.112200 0.000000
vt 0.060745 -0.224399 0.000000
vt -1.903510 -0.224399 0.000000
vt 0.060745 -0.336599 0.000000
vt -1.903510 -0.336599 0.000000
vt 0.060745 -0.448799 0.000000
vt -1.903510 -0.448799 0.000000
vt 0.060745 -0.560999 0.000000
vt -1.903510 -0.560999 0.000000
vt 0.060745 -0.673198 0.000000
vt -1.903510 -0.673198 0.000000
vt -1.903510 -0.785398 0.000000
vt 2.025000 -0.785398 0.000000
vt 2.025000 -0.673198 0.000000
vt 2.025000 -0.560999 0.000000
vt 2.025000 -0.448799 0.000000
vt 2.025000 -0.336599 0.000000
vt 2.025000 -0.224399 0.000000
vt 2.025000 -0.112200 0.000000
vt -0.541991 -0.515500 0.000000
vt -4.470500 -0.515500 0.000000
vt -0.541991 -5.515500 0.000000
vt -4.470500 -5.515500 0.000000
vt 2.025000 -0.785398 0.000000
vt -1.903510 -0.785398 0.000000
vt 0.060745 -0.897598 0.000000
vt -1.903510 -0.897598 0.000000
vt 0.060745 -1.009798 0.000000
vt -1.903510 -1.009798 0.000000
vt 0.060745 -1.121997 0.000000
vt -1.903510 -1.121997 0.000000
vt 0.060745 -1.234197 0.000000
vt -1.903510 -1.234197 0.000000
vt 0.060745 -1.346397 0.000000
vt -1.903510 -1.346397 0.000000
vt 0.060745 -1.458597 0.000000
vt -1.903510 -1.458597 0.000000
vt -1.903510 -1.570796 0.000000
vt 2.025000 -1.570796 0.000000
vt 2.025000 -1.458597 0.000000
vt 2.025000 -1.346397 0.000000
vt 2.025000 -1.234197 0.000000
vt 2.025000 -1.121997 0.000000
vt 2.025000 -1.009798 0.000000
vt 2.025000 -0.897598 0.000000
vt 2.628769 -6.340500 0.000000
vt 2.674062 -6.334537 0.000000
vt 2.583475 -6.334537 0.000000
vt 2.541269 -6.317055 0.000000
vt 2.716269 -6.317055 0.000000
vt 2.505025 -6.289244 0.000000
vt 2.752512 -6.289244 0.000000
vt 2.477214 -6.253000 0.000000
vt 2.780323 -6.253000 0.000000
vt 2.459732 -6.210794 0.000000
vt 2.797806 -6.210794 0.000000
vt 2.453769 -6.165500 0.000000
vt 2.803769 -6.165500 0.000000
vt 2.459732 -6.120207 0.000000
vt 2.797806 -6.120207 0.000000
vt 2.477214 -6.078000 0.000000
vt 2.780323 -6.078000 0.000000
vt 2.505025 -6.041757 0.000000
vt 2.752512 -6.041757 0.000000
vt 2.541269 -6.013946 0.000000
vt 2.716269 -6.013946 0.000000
vt 2.583475 -5.996463 0.000000
vt 2.674062 -5.996463 0.000000
vt 2.628769 -5.990500 0.000000
vt 2.628769 -1.240500 0.000000
vt 2.674062 -1.234537 0.000000
vt 2.583475 -1.234537 0.000000
vt 2.541269 -1.217055 0.000000
vt 2.716269 -1.217055 0.000000
vt 2.505025 -1.189244 0.000000
vt 2.752512 -1.189244 0.000000
vt 2.477214 -1.153000 0.000000
vt 2.780323 -1.153000 0.000000
vt 2.459732 -1.110794 0.000000
vt 2.797806 -1.110794 0.000000
vt 2.453769 -1.065500 0.000000
vt 2.803769 -1.065500 0.000000
vt 2.459732 -1.020207 0.000000
vt 2.797806 -1.020207 0.000000
vt 2.477214 -0.978000 0.000000
vt 2.780323 -0.978000 0.000000
vt 2.505025 -0.941757 0.000000
vt 2.752512 -0.941757 0.000000
vt 2.541269 -0.913946 0.000000
vt 2.716269 -0.913946 0.000000
vt 2.583475 -0.896463 0.000000
vt 2.674062 -0.896463 0.000000
vt 2.628769 -0.890500 0.000000
vt 0.970207 -6.384537 0.000000
vt 1.015500 -6.390500 0.000000
vt 1.015500 -6.365500 0.000000
vt 1.060794 -6.384537 0.000000
vt 1.054323 -6.360389 0.000000
vt 1.103000 -6.367055 0.000000
vt 1.090500 -6.345404 0.000000
vt 1.139244 -6.339244 0.000000
vt 1.121566 -6.321566 0.000000
vt 1.167055 -6.303000 0.000000
vt 1.145404 -6.290500 0.000000
vt 1.184537 -6.260794 0.000000
vt 1.160389 -6.254323 0.000000
vt 1.165500 -6.215500 0.000000
vt 1.190500 -6.215500 0.000000
vt 1.160389 -6.176678 0.000000
vt 1.184537 -6.170207 0.000000
vt 1.145404 -6.140500 0.000000
vt 1.167055 -6.128000 0.000000
vt 1.121566 -6.109434 0.000000
vt 1.139244 -6.091757 0.000000
vt 1.090500 -6.085597 0.000000
vt 1.103000 -6.063946 0.000000
vt 1.054323 -6.070612 0.000000
vt 1.060794 -6.046463 0.000000
vt 1.015500 -6.065500 0.000000
vt 1.015500 -6.040500 0.000000
vt 0.970207 -6.046463 0.000000
vt 0.976678 -6.070612 0.000000
vt 0.928000 -6.063946 0.000000
vt 0.940500 -6.085597 0.000000
vt 0.891757 -6.091757 0.000000
vt 0.909434 -6.109434 0.000000
vt 0.863946 -6.128000 0.000000
vt 0.885597 -6.140500 0.000000
vt 0.846463 -6.170207 0.000000
vt 0.870612 -6.176678 0.000000
vt 0.840500 -6.215500 0.000000
vt 0.865500 -6.215500 0.000000
vt 0.870612 -6.254323 0.000000
vt 0.846463 -6.260794 0.000000
vt 0.885597 -6.290500 0.000000
vt 0.863946 -6.303000 0.000000
vt 0.909434 -6.321566 0.000000
vt 0.891757 -6.339244 0.000000
vt 0.940500 -6.345404 0.000000
vt 0.928000 -6.367055 0.000000
vt 0.976678 -6.360389 0.000000
vt 6.170207 -1.184537 0.000000
vt 6.215500 -1.190500 0.000000
vt 6.215500 -1.165500 0.000000
vt 6.260794 -1.184537 0.000000
vt 6.254323 -1.160389 0.000000
vt 6.303000 -1.167055 0.000000
vt 6.290500 -1.145404 0.000000
vt 6.339244 -1.139244 0.000000
vt 6.321566 -1.121566 0.000000
vt 6.367055 -1.103000 0.000000
vt 6.345404 -1.090500 0.000000
vt 6.384537 -1.060794 0.000000
vt 6.360389 -1.054323 0.000000
vt 6.365500 -1.015500 0.000000
vt 6.390500 -1.015500 0.000000
vt 6.360389 -0.976678 0.000000
vt 6.384537 -0.970207 0.000000
vt 6.345404 -0.940500 0.000000
vt 6.367055 -0.928000 0.000000
vt 6.321566 -0.909434 0.000000
vt 6.339244 -0.891757 0.000000
vt 6.290500 -0.885597 0.000000
vt 6.303000 -0.863946 0.000000
vt 6.254323 -0.870612 0.000000
vt 6.260794 -0.846463 0.000000
vt 6.215500 -0.865500 0.000000
vt 6.215500 -0.840500 0.000000
vt 6.170207 -0.846463 0.000000
vt 6.176678 -0.870612 0.000000
vt 6.128000 -0.863946 0.000000
vt 6.140500 -0.885597 0.000000
vt 6.091757 -0.891757 0.000000
vt 6.109434 -0.909434 0.000000
vt 6.063946 -0.928000 0.000000
vt 6.085597 -0.940500 0.000000
vt 6.046463 -0.970207 0.000000
vt 6.070612 -0.976678 0.000000
vt 6.040500 -1.015500 0.000000
vt 6.065500 -1.015500 0.000000
vt 6.070612 -1.054323 0.000000
vt 6.046463 -1.060794 0.000000
vt 6.085597 -1.090500 0.000000
vt 6.063946 -1.103000 0.000000
vt 6.109434 -1.121566 0.000000
vt 6.091757 -1.139244 0.000000
vt 6.140500 -1.145404 0.000000
vt 6.128000 -1.167055 0.000000
vt 6.176678 -1.160389 0.000000
vt 0.970207 -1.184537 0.000000
vt 1.015500 -1.190500 0.000000
vt 1.015500 -1.165500 0.000000
vt 1.060794 -1.184537 0.000000
vt 1.054323 -1.160389 0.000000
vt 1.103000 -1.167055 0.000000
vt 1.090500 -1.145404 0.000000
vt 1.139244 -1.139244 0.000000
vt 1.121566 -1.121566 0.000000
vt 1.167055 -1.103000 0.000000
vt 1.145404 -1.090500 0.000000
vt 1.184537 -1.060794 0.000000
vt 1.160389 -1.054323 0.000000
vt 1.165500 -1.015500 0.000000
vt 1.190500 -1.015500 0.000000
vt 1.160389 -0.976678 0.000000
vt 1.184537 -0.970207 0.000000
vt 1.145404 -0.940500 0.000000
vt 1.167055 -0.928000 0.000000
vt 1.121566 -0.909434 0.000000
vt 1.139244 -0.891757 0.000000
vt 1.090500 -0.885597 0.000000
vt 1.103000 -0.863946 0.000000
vt 1.054323 -0.870612 0.000000
vt 1.060794 -0.846463 0.000000
vt 1.015500 -0.865500 0.000000
vt 1.015500 -0.840500 0.000000
vt 0.970207 -0.846463 0.000000
vt 0.976678 -0.870612 0.000000
vt 0.928000 -0.863946 0.000000
vt 0.940500 -0.885597 0.000000
vt 0.891757 -0.891757 0.000000
vt 0.909434 -0.909434 0.000000
vt 0.863946 -0.928000 0.000000
vt 0.885597 -0.940500 0.000000
vt 0.846463 -0.970207 0.000000
vt 0.870612 -0.976678 0.000000
vt 0.840500 -1.015500 0.000000
vt 0.865500 -1.015500 0.000000
vt 0.870612 -1.054323 0.000000
vt 0.846463 -1.060794 0.000000
vt 0.885597 -1.090500 0.000000
vt 0.863946 -1.103000 0.000000
vt 0.909434 -1.121566 0.000000
vt 0.891757 -1.139244 0.000000
vt 0.940500 -1.145404 0.000000
vt 0.928000 -1.167055 0.000000
vt 0.976678 -1.160389 0.000000
vt 6.170207 -6.384537 0.000000
vt 6.215500 -6.390500 0.000000
vt 6.215500 -6.365500 0.000000
vt 6.260794 -6.384537 0.000000
vt 6.254323 -6.360389 0.000000
vt 6.303000 -6.367055 0.000000
vt 6.290500 -6.345404 0.000000
vt 6.339244 -6.339244 0.000000
vt 6.321566 -6.321566 0.000000
vt 6.367055 -6.303000 0.000000
vt 6.345404 -6.290500 0.000000
vt 6.384537 -6.260794 0.000000
vt 6.360389 -6.254323 0.000000
vt 6.365500 -6.215500 0.000000
vt 6.390500 -6.215500 0.000000
vt 6.360389 -6.176678 0.000000
vt 6.384537 -6.170207 0.000000
vt 6.345404 -6.140500 0.000000
vt 6.367055 -6.128000 0.000000
vt 6.321566 -6.109434 0.000000
vt 6.339244 -6.091757 0.000000
vt 6.290500 -6.085597 0.000000
vt 6.303000 -6.063946 0.000000
vt 6.254323 -6.070612 0.000000
vt 6.260794 -6.046463 0.000000
vt 6.215500 -6.065500 0.000000
vt 6.215500 -6.040500 0.000000
vt 6.170207 -6.046463 0.000000
vt 6.176678 -6.070612 0.000000
vt 6.128000 -6.063946 0.000000
vt 6.140500 -6.085597 0.000000
vt 6.091757 -6.091757 0.000000
vt 6.109434 -6.109434 0.000000
vt 6.063946 -6.128000 0.000000
vt 6.085597 -6.140500 0.000000
vt 6.046463 -6.170207 0.000000
vt 6.070612 -6.176678 0.000000
vt 6.040500 -6.215500 0.000000
vt 6.065500 -6.215500 0.000000
vt 6.070612 -6.254323 0.000000
vt 6.046463 -6.260794 0.000000
vt 6.085597 -6.290500 0.000000
vt 6.063946 -6.303000 0.000000
vt 6.109434 -6.321566 0.000000
vt 6.091757 -6.339244 0.000000
vt 6.140500 -6.345404 0.000000
vt 6.128000 -6.367055 0.000000
vt 6.176678 -6.360389 0.000000
vt 5.515500 4.349010 0.000000
vt 0.515500 4.349010 0.000000
vt 5.515500 0.420500 0.000000
vt 0.515500 0.420500 0.000000
vt 2.025000 -1.570796 0.000000
vt -1.903510 -1.570796 0.000000
vt 0.060745 -1.682996 0.000000
vt -1.903510 -1.682996 0.000000
vt 0.060745 -1.795196 0.000000
vt -1.903510 -1.795196 0.000000
vt 0.060745 -1.907396 0.000000
vt -1.903510 -1.907396 0.000000
vt 0.060745 -2.019595 0.000000
vt -1.903510 -2.019595 0.000000
vt 0.060745 -2.131795 0.000000
vt -1.903510 -2.131795 0.000000
vt 0.060745 -2.243995 0.000000
vt -1.903510 -2.243995 0.000000
vt -1.903510 -2.356194 0.000000
vt 2.025000 -2.356194 0.000000
vt 2.025000 -2.243995 0.000000
vt 2.025000 -2.131795 0.000000
vt 2.025000 -2.019595 0.000000
vt 2.025000 -1.907396 0.000000
vt 2.025000 -1.795196 0.000000
vt 2.025000 -1.682996 0.000000
vt 6.602964 -1.004240 0.000000
vt 6.115500 -0.615500 0.000000
vt 6.615500 -1.115500 0.000000
vt 5.098612 -2.024587 0.000000
vt 5.263436 -2.196017 0.000000
vt 6.565985 -0.898559 0.000000
vt 6.506416 -0.803756 0.000000
vt 6.427245 -0.724585 0.000000
vt 6.332442 -0.665016 0.000000
vt 6.226761 -0.628036 0.000000
vt 1.115500 -0.615500 0.000000
vt 3.581982 -1.440759 0.000000
vt 3.819611 -1.450099 0.000000
vt 4.054800 -1.485327 0.000000
vt 1.004240 -0.628036 0.000000
vt 0.898559 -0.665016 0.000000
vt 0.803756 -0.724585 0.000000
vt 0.724585 -0.803756 0.000000
vt 0.665016 -0.898559 0.000000
vt 0.628036 -1.004240 0.000000
vt 0.615500 -1.115500 0.000000
vt 0.615500 -6.115500 0.000000
vt 1.115500 -2.865500 0.000000
vt 1.785355 -2.440259 0.000000
vt 1.924603 -2.247477 0.000000
vt 0.628036 -6.226761 0.000000
vt 0.665016 -6.332442 0.000000
vt 0.724585 -6.427245 0.000000
vt 0.803756 -6.506416 0.000000
vt 0.898559 -6.565985 0.000000
vt 1.004240 -6.602964 0.000000
vt 1.115500 -6.615500 0.000000
vt 6.115500 -6.615500 0.000000
vt 3.581982 -5.790242 0.000000
vt 3.344754 -5.773583 0.000000
vt 3.110762 -5.731124 0.000000
vt 6.226761 -6.602964 0.000000
vt 6.615500 -6.115500 0.000000
vt 5.098612 -5.206413 0.000000
vt 4.916058 -5.358823 0.000000
vt 6.332442 -6.565985 0.000000
vt 6.427245 -6.506416 0.000000
vt 6.506416 -6.427245 0.000000
vt 6.565985 -6.332442 0.000000
vt 6.602964 -6.226761 0.000000
vt 5.787248 -3.496594 0.000000
vt 5.787248 -3.734407 0.000000
vt 5.761284 -3.970798 0.000000
vt 1.573902 -2.865500 0.000000
vt 1.667987 -2.647091 0.000000
vt 2.084065 -2.071049 0.000000
vt 2.261835 -1.913086 0.000000
vt 2.455789 -1.775475 0.000000
vt 2.663607 -1.659861 0.000000
vt 2.882805 -1.567628 0.000000
vt 3.110762 -1.499877 0.000000
vt 3.344754 -1.457418 0.000000
vt 4.284737 -1.546020 0.000000
vt 4.506673 -1.631455 0.000000
vt 4.717956 -1.740609 0.000000
vt 4.916058 -1.872177 0.000000
vt 5.408558 -2.384416 0.000000
vt 5.532244 -2.587533 0.000000
vt 5.633016 -2.802939 0.000000
vt 5.709668 -3.028060 0.000000
vt 5.761284 -3.260203 0.000000
vt 5.709668 -4.202941 0.000000
vt 5.633016 -4.428062 0.000000
vt 5.532244 -4.643468 0.000000
vt 5.408558 -4.846585 0.000000
vt 5.263436 -5.034984 0.000000
vt 4.717956 -5.490392 0.000000
vt 4.506673 -5.599546 0.000000
vt 4.284737 -5.684980 0.000000
vt 4.054800 -5.745674 0.000000
vt 3.819611 -5.780902 0.000000
vt 2.882805 -5.663373 0.000000
vt 2.663607 -5.571139 0.000000
vt 2.455789 -5.455526 0.000000
vt 2.261835 -5.317915 0.000000
vt 2.084065 -5.159952 0.000000
vt 1.924603 -4.983524 0.000000
vt 1.785355 -4.790742 0.000000
vt 1.115500 -4.365500 0.000000
vt 1.667987 -4.583910 0.000000
vt 1.573902 -4.365500 0.000000
vt 2.025000 0.785398 0.000000
vt -1.903510 0.785398 0.000000
vt 0.060745 0.673198 0.000000
vt -1.903510 0.673198 0.000000
vt 0.060745 0.560999 0.000000
vt -1.903510 0.560999 0.000000
vt 0.060745 0.448799 0.000000
vt -1.903510 0.448799 0.000000
vt 0.060745 0.336599 0.000000
vt -1.903510 0.336599 0.000000
vt 0.060745 0.224399 0.000000
vt -1.903510 0.224399 0.000000
vt 0.060745 0.112200 0.000000
vt -1.903510 0.112200 0.000000
vt -1.903510 0.000000 0.000000
vt 2.025000 0.000000 0.000000
vt 2.025000 0.112200 0.000000
vt 2.025000 0.224399 0.000000
vt 2.025000 0.336599 0.000000
vt 2.025000 0.448799 0.000000
vt 2.025000 0.560999 0.000000
vt 2.025000 0.673198 0.000000
vt 0.541991 0.515500 0.000000
vt 4.470500 0.515500 0.000000
vt 0.541991 5.515500 0.000000
vt 4.470500 5.515500 0.000000
vt 0.800000 -1.039498 0.000000
vt -0.800000 -1.178097 0.000000
vt 0.800000 -1.178097 0.000000
vt -0.800000 -1.316697 0.000000
vt 0.800000 -1.316697 0.000000
vt -0.800000 -1.455297 0.000000
vt 0.800000 -1.455297 0.000000
vt -0.800000 -1.593896 0.000000
vt 0.800000 -1.593896 0.000000
vt -0.800000 -1.732496 0.000000
vt 0.800000 -1.732496 0.000000
vt -0.800000 -1.871096 0.000000
vt 0.800000 -1.871096 0.000000
vt -0.800000 -2.009695 0.000000
vt 0.800000 -2.009695 0.000000
vt -0.800000 -2.148295 0.000000
vt 0.800000 -2.148295 0.000000
vt -0.800000 -2.286895 0.000000
vt 0.800000 -2.286895 0.000000
vt 0.800000 2.425494 0.000000
vt -0.800000 2.425494 0.000000
vt -0.800000 2.286895 0.000000
vt 0.800000 2.286895 0.000000
vt -0.800000 2.148295 0.000000
vt 0.800000 2.148295 0.000000
vt -0.800000 2.009695 0.000000
vt 0.800000 2.009695 0.000000
vt -0.800000 1.871096 0.000000
vt 0.800000 1.871096 0.000000
vt -0.800000 1.732496 0.000000
vt 0.800000 1.732496 0.000000
vt -0.800000 1.593896 0.000000
vt 0.800000 1.593896 0.000000
vt -0.800000 1.455297 0.000000
vt 0.800000 1.455297 0.000000
vt -0.800000 1.316697 0.000000
vt 0.800000 1.316697 0.000000
vt -0.800000 1.178097 0.000000
vt 0.800000 1.178097 0.000000
vt -0.800000 1.039498 0.000000
vt 0.800000 1.039498 0.000000
vt -0.800000 0.900898 0.000000
vt 0.800000 0.900898 0.000000
vt -0.800000 0.762298 0.000000
vt 0.800000 0.762298 0.000000
vt -0.800000 0.623699 0.000000
vt 0.800000 0.623699 0.000000
vt -0.800000 0.485099 0.000000
vt 0.800000 0.485099 0.000000
vt -0.800000 0.346499 0.000000
vt 0.800000 0.346499 0.000000
vt -0.800000 0.207900 0.000000
vt 0.800000 0.207900 0.000000
vt -0.800000 0.069300 0.000000
vt 0.800000 0.069300 0.000000
vt -0.800000 -0.069300 0.000000
vt 0.800000 -0.069300 0.000000
vt -0.800000 -0.207900 0.000000
vt 0.800000 -0.207900 0.000000
vt -0.800000 -0.346499 0.000000
vt 0.800000 -0.346499 0.000000
vt -0.800000 -0.485099 0.000000
vt 0.800000 -0.485099 0.000000
vt -0.800000 -0.623699 0.000000
vt 0.800000 -0.623699 0.000000
vt -0.800000 -0.762298 0.000000
vt 0.800000 -0.762298 0.000000
vt -0.800000 -0.900898 0.000000
vt 0.800000 -0.900898 0.000000
vt -0.800000 -1.039498 0.000000
vt -0.915500 -1.665500 0.000000
vt -0.777688 -1.652730 0.000000
vt -1.053313 -1.652730 0.000000
vt -1.186432 -1.614855 0.000000
vt -0.644569 -1.614855 0.000000
vt -1.310325 -1.553163 0.000000
vt -0.520676 -1.553163 0.000000
vt -1.420772 -1.469757 0.000000
vt -0.410229 -1.469757 0.000000
vt -1.514013 -1.367476 0.000000
vt -1.586873 -1.249804 0.000000
vt -1.636870 -1.120748 0.000000
vt -1.662301 -0.984702 0.000000
vt -1.662301 -0.846299 0.000000
vt -1.636870 -0.710253 0.000000
vt -1.586873 -0.581197 0.000000
vt -1.514013 -0.463524 0.000000
vt -1.420772 -0.361244 0.000000
vt -1.310325 -0.277838 0.000000
vt -0.316987 -1.367476 0.000000
vt -1.186432 -0.216146 0.000000
vt -1.053313 -0.178271 0.000000
vt -0.915500 -0.165500 0.000000
vt -0.777688 -0.178271 0.000000
vt -0.644569 -0.216146 0.000000
vt -0.520676 -0.277838 0.000000
vt -0.410229 -0.361244 0.000000
vt -0.316987 -0.463524 0.000000
vt -0.244128 -1.249804 0.000000
vt -0.244128 -0.581197 0.000000
vt -0.194131 -1.120748 0.000000
vt -0.194131 -0.710253 0.000000
vt -0.168700 -0.984702 0.000000
vt -0.168700 -0.846299 0.000000
vt 2.250000 -0.765720 0.000000
vt -2.250000 -0.765720 0.000000
vt 2.250000 -1.003651 0.000000
vt -2.250000 -1.003651 0.000000
vt 2.250000 -1.241582 0.000000
vt -2.250000 -1.241582 0.000000
vt 2.250000 -1.479513 0.000000
vt -2.250000 -1.479513 0.000000
vt 2.250000 -1.717444 0.000000
vt -2.250000 -1.717444 0.000000
vt 2.250000 -1.955376 0.000000
vt -2.250000 -1.955376 0.000000
vt 2.250000 -2.193307 0.000000
vt -2.250000 -2.193307 0.000000
vt 2.250000 -2.431238 0.000000
vt -2.250000 -2.431238 0.000000
vt 2.250000 -2.669169 0.000000
vt -2.250000 -2.669169 0.000000
vt 2.250000 -2.907100 0.000000
vt -2.250000 -2.907100 0.000000
vt 2.250000 -3.145031 0.000000
vt -2.250000 -3.145031 0.000000
vt 2.250000 -3.382962 0.000000
vt -2.250000 -3.382962 0.000000
vt 2.250000 -3.620894 0.000000
vt -2.250000 -3.620894 0.000000
vt 2.250000 -3.858825 0.000000
vt -2.250000 -3.858825 0.000000
vt 2.250000 -4.096756 0.000000
vt -2.250000 -4.096756 0.000000
vt 2.250000 -4.334687 0.000000
vt -2.250000 -4.334687 0.000000
vt 2.250000 -4.572618 0.000000
vt -2.250000 -4.572618 0.000000
vt 2.250000 -4.810549 0.000000
vt -2.250000 -4.810549 0.000000
vt 2.250000 -5.048480 0.000000
vt -2.250000 -5.048480 0.000000
vt 2.250000 -5.286412 0.000000
vt -2.250000 -5.286412 0.000000
vt 2.250000 -5.524343 0.000000
vt -2.250000 -5.524343 0.000000
vt 2.250000 -5.762274 0.000000
vt -2.250000 -5.762274 0.000000
vt 2.250000 -6.000205 0.000000
vt -2.250000 -6.000205 0.000000
vt 2.250000 -6.238136 0.000000
vt -2.250000 -6.238136 0.000000
vt 2.250000 -6.476067 0.000000
vt -2.250000 -6.476067 0.000000
vt 2.250000 -6.713998 0.000000
vt -2.250000 -6.713998 0.000000
vt 2.250000 -6.951930 0.000000
vt -2.250000 -6.951930 0.000000
vt 2.250000 -7.189861 0.000000
vt -2.250000 -7.189861 0.000000
vt 2.250000 -7.427792 0.000000
vt -2.250000 -7.427792 0.000000
vt 2.250000 -7.665723 0.000000
vt -2.250000 -7.665723 0.000000
vt 2.250000 -7.903654 0.000000
vt -2.250000 -7.903654 0.000000
vt 2.250000 -8.141585 0.000000
vt -2.250000 -8.141585 0.000000
vt 2.250000 -8.379516 0.000000
vt -2.250000 -8.379516 0.000000
vt 2.250000 -8.617448 0.000000
vt -2.250000 -8.617448 0.000000
vt 2.250000 -8.855379 0.000000
vt -2.250000 -8.855379 0.000000
vt 2.250000 -9.093310 0.000000
vt -2.250000 -9.093310 0.000000
vt 2.250000 -9.331241 0.000000
vt -2.250000 -9.331241 0.000000
vt 2.250000 -9.569172 0.000000
vt -2.250000 -9.569172 0.000000
vt 2.250000 -9.807103 0.000000
vt -2.250000 -9.807103 0.000000
vt 2.250000 -10.045034 0.000000
vt -2.250000 -10.045034 0.000000
vt 2.250000 -10.282966 0.000000
vt -2.250000 -10.282966 0.000000
vt 2.250000 -10.520897 0.000000
vt -2.250000 -10.520897 0.000000
vt 2.250000 -10.758828 0.000000
vt -2.250000 -10.758828 0.000000
vt 2.250000 -10.996759 0.000000
vt -2.250000 -10.996759 0.000000
vt 2.250000 -11.234690 0.000000
vt -2.250000 -11.234690 0.000000
vt 2.250000 -11.472621 0.000000
vt -2.250000 -11.472621 0.000000
vt 2.250000 -11.710552 0.000000
vt -2.250000 -11.710552 0.000000
vt 2.250000 -11.948484 0.000000
vt -2.250000 -11.948484 0.000000
vt 2.250000 -12.186415 0.000000
vt -2.250000 -12.186415 0.000000
vt 2.250000 -12.424346 0.000000
vt -2.250000 -12.424346 0.000000
vt 2.250000 -12.662277 0.000000
vt -2.250000 -12.662277 0.000000
vt 2.250000 -12.900208 0.000000
vt -2.250000 -12.900208 0.000000
vt -0.465500 -0.061341 0.000000
vt -4.965500 -0.061341 0.000000
vt -0.465500 -0.519742 0.000000
vt -4.965500 -0.519742 0.000000
vt -1.665500 -0.465500 0.000000
vt -0.615500 -1.065500 0.000000
vt -0.165500 -0.465500 0.000000
vt -0.615500 -3.265500 0.000000
vt -0.165500 -4.965500 0.000000
vt -1.215500 -3.265500 0.000000
vt -1.665500 -4.965500 0.000000
vt -1.215500 -1.065500 0.000000
vt 0.465500 0.061341 0.000000
vt 4.965500 0.061341 0.000000
vt 0.465500 0.519742 0.000000
vt 4.965500 0.519742 0.000000
vt 0.483000 -2.218108 0.000000
vt 0.483000 -3.718108 0.000000
vt 0.941402 -2.218108 0.000000
vt 0.941402 -3.718108 0.000000
vt 5.154748 -3.087014 0.000000
vt 5.128784 -3.323405 0.000000
vt 5.077168 -3.555549 0.000000
vt 5.000516 -3.780669 0.000000
vt 1.035487 -3.936518 0.000000
vt 4.899744 -3.996076 0.000000
vt 1.152855 -4.143350 0.000000
vt 4.776058 -4.199192 0.000000
vt 1.292103 -4.336132 0.000000
vt 4.630936 -4.387592 0.000000
vt 1.451565 -4.512559 0.000000
vt 4.466112 -4.559021 0.000000
vt 1.629335 -4.670523 0.000000
vt 4.283558 -4.711431 0.000000
vt 1.823289 -4.808134 0.000000
vt 4.085456 -4.842999 0.000000
vt 2.031107 -4.923747 0.000000
vt 3.874173 -4.952153 0.000000
vt 2.250305 -5.015981 0.000000
vt 3.652237 -5.037588 0.000000
vt 2.478262 -5.083732 0.000000
vt 3.422300 -5.098282 0.000000
vt 2.712254 -5.126191 0.000000
vt 3.187111 -5.133510 0.000000
vt 2.949482 -5.142850 0.000000
vt 5.154748 -2.849202 0.000000
vt 5.128784 -2.612811 0.000000
vt 5.077168 -2.380667 0.000000
vt 5.000516 -2.155547 0.000000
vt 1.035487 -1.999698 0.000000
vt 4.899744 -1.940141 0.000000
vt 1.152855 -1.792866 0.000000
vt 4.776058 -1.737024 0.000000
vt 1.292103 -1.600084 0.000000
vt 4.630936 -1.548624 0.000000
vt 1.451565 -1.423657 0.000000
vt 4.466112 -1.377195 0.000000
vt 1.629335 -1.265693 0.000000
vt 4.283558 -1.224785 0.000000
vt 1.823289 -1.128082 0.000000
vt 4.085456 -1.093217 0.000000
vt 2.031107 -1.012469 0.000000
vt 3.874173 -0.984063 0.000000
vt 2.250305 -0.920235 0.000000
vt 3.652237 -0.898628 0.000000
vt 2.478262 -0.852484 0.000000
vt 3.422300 -0.837934 0.000000
vt 2.712254 -0.810025 0.000000
vt 3.187111 -0.802706 0.000000
vt 2.949482 -0.793366 0.000000
vt 0.097500 -0.075500 0.000000
vt 0.077500 -0.075500 0.000000
vt 0.097500 -0.675500 0.000000
vt 0.077500 -0.675500 0.000000
vt -0.235500 -0.077500 0.000000
vt -2.435500 -0.077500 0.000000
vt -0.235500 -0.097500 0.000000
vt -2.435500 -0.097500 0.000000
vt 0.077500 -0.675500 0.000000
vt 0.097500 -0.675500 0.000000
vt 0.077500 -0.075500 0.000000
vt 0.097500 -0.075500 0.000000
vt 2.435500 0.097500 0.000000
vt 0.235500 0.097500 0.000000
vt 2.435500 0.077500 0.000000
vt 0.235500 0.077500 0.000000
vt -0.075500 -0.235500 0.000000
vt -0.675500 -0.235500 0.000000
vt -0.075500 -2.435500 0.000000
vt -0.675500 -2.435500 0.000000
vt -0.265000 -0.274889 0.000000
vt 0.265000 -0.274889 0.000000
vt -0.265000 -0.235619 0.000000
vt 0.265000 -0.235619 0.000000
vt -0.265000 -0.196350 0.000000
vt 0.265000 -0.196350 0.000000
vt -0.265000 -0.157080 0.000000
vt 0.265000 -0.157080 0.000000
vt -0.265000 -0.117810 0.000000
vt 0.265000 -0.117810 0.000000
vt -0.265000 -0.078540 0.000000
vt 0.265000 -0.078540 0.000000
vt -0.265000 -0.039270 0.000000
vt 0.265000 -0.039270 0.000000
vt -0.265000 0.000000 0.000000
vt 0.265000 -0.000000 0.000000
vt -0.265000 0.039270 0.000000
vt 0.265000 0.039270 0.000000
vt -0.265000 0.078540 0.000000
vt 0.265000 0.078540 0.000000
vt -0.265000 0.117810 0.000000
vt 0.265000 0.117810 0.000000
vt -0.265000 0.157080 0.000000
vt 0.265000 0.157080 0.000000
vt -0.265000 0.196350 0.000000
vt 0.265000 0.196350 0.000000
vt -0.265000 0.235619 0.000000
vt 0.265000 0.235619 0.000000
vt -0.265000 0.274889 0.000000
vt 0.265000 0.274889 0.000000
vt -0.265000 0.314159 0.000000
vt 0.265000 0.314159 0.000000
vt -0.265000 0.353429 0.000000
vt 0.265000 0.353429 0.000000
vt -0.265000 0.392699 0.000000
vt 0.265000 0.392699 0.000000
vt -0.265000 0.431969 0.000000
vt 0.265000 0.431969 0.000000
vt -0.265000 0.471239 0.000000
vt 0.265000 0.471239 0.000000
vt -0.265000 -0.471239 0.000000
vt 0.265000 -0.471239 0.000000
vt -0.265000 -0.431969 0.000000
vt 0.265000 -0.431969 0.000000
vt -0.265000 -0.392699 0.000000
vt 0.265000 -0.392699 0.000000
vt -0.265000 -0.353429 0.000000
vt 0.265000 -0.353429 0.000000
vt -0.265000 -0.314159 0.000000
vt 0.265000 -0.314159 0.000000
vt 0.195500 -0.345500 0.000000
vt 0.234323 -0.340389 0.000000
vt 0.156678 -0.340389 0.000000
vt 0.120500 -0.325404 0.000000
vt 0.270500 -0.325404 0.000000
vt 0.089434 -0.301566 0.000000
vt 0.301566 -0.301566 0.000000
vt 0.065597 -0.270500 0.000000
vt 0.325404 -0.270500 0.000000
vt 0.050612 -0.234323 0.000000
vt 0.340389 -0.234323 0.000000
vt 0.045500 -0.195500 0.000000
vt 0.345500 -0.195500 0.000000
vt 0.050612 -0.156678 0.000000
vt 0.340389 -0.156678 0.000000
vt 0.065597 -0.120500 0.000000
vt 0.325404 -0.120500 0.000000
vt 0.089434 -0.089434 0.000000
vt 0.301566 -0.089434 0.000000
vt 0.120500 -0.065597 0.000000
vt 0.270500 -0.065597 0.000000
vt 0.156678 -0.050612 0.000000
vt 0.234323 -0.050612 0.000000
vt 0.195500 -0.045500 0.000000
vt -0.265000 -0.274889 0.000000
vt 0.265000 -0.274889 0.000000
vt -0.265000 -0.235619 0.000000
vt 0.265000 -0.235619 0.000000
vt -0.265000 -0.196350 0.000000
vt 0.265000 -0.196350 0.000000
vt -0.265000 -0.157080 0.000000
vt 0.265000 -0.157080 0.000000
vt -0.265000 -0.117810 0.000000
vt 0.265000 -0.117810 0.000000
vt -0.265000 -0.078540 0.000000
vt 0.265000 -0.078540 0.000000
vt -0.265000 -0.039270 0.000000
vt 0.265000 -0.039270 0.000000
vt -0.265000 0.000000 0.000000
vt 0.265000 0.000000 0.000000
vt -0.265000 0.039270 0.000000
vt 0.265000 0.039270 0.000000
vt -0.265000 0.078540 0.000000
vt 0.265000 0.078540 0.000000
vt -0.265000 0.117810 0.000000
vt 0.265000 0.117810 0.000000
vt -0.265000 0.157080 0.000000
vt 0.265000 0.157080 0.000000
vt -0.265000 0.196350 0.000000
vt 0.265000 0.196350 0.000000
vt -0.265000 0.235619 0.000000
vt 0.265000 0.235619 0.000000
vt -0.265000 0.274889 0.000000
vt 0.265000 0.274889 0.000000
vt -0.265000 0.314159 0.000000
vt 0.265000 0.314159 0.000000
vt -0.265000 0.353429 0.000000
vt 0.265000 0.353429 0.000000
vt -0.265000 0.392699 0.000000
vt 0.265000 0.392699 0.000000
vt -0.265000 0.431969 0.000000
vt 0.265000 0.431969 0.000000
vt -0.265000 0.471239 0.000000
vt 0.265000 0.471239 0.000000
vt -0.265000 -0.471239 0.000000
vt 0.265000 -0.471239 0.000000
vt -0.265000 -0.431969 0.000000
vt 0.265000 -0.431969 0.000000
vt -0.265000 -0.392699 0.000000
vt 0.265000 -0.392699 0.000000
vt -0.265000 -0.353429 0.000000
vt 0.265000 -0.353429 0.000000
vt -0.265000 -0.314159 0.000000
vt 0.265000 -0.314159 0.000000
vt 0.195500 -0.345500 0.000000
vt 0.234323 -0.340389 0.000000
vt 0.156678 -0.340389 0.000000
vt 0.120500 -0.325404 0.000000
vt 0.270500 -0.325404 0.000000
vt 0.089434 -0.301566 0.000000
vt 0.301566 -0.301566 0.000000
vt 0.065597 -0.270500 0.000000
vt 0.325404 -0.270500 0.000000
vt 0.050612 -0.234323 0.000000
vt 0.340389 -0.234323 0.000000
vt 0.045500 -0.195500 0.000000
vt 0.345500 -0.195500 0.000000
vt 0.050612 -0.156678 0.000000
vt 0.340389 -0.156678 0.000000
vt 0.065597 -0.120500 0.000000
vt 0.325404 -0.120500 0.000000
vt 0.089434 -0.089434 0.000000
vt 0.301566 -0.089434 0.000000
vt 0.120500 -0.065597 0.000000
vt 0.270500 -0.065597 0.000000
vt 0.156678 -0.050612 0.000000
vt 0.234323 -0.050612 0.000000
vt 0.195500 -0.045500 0.000000
vt -0.265000 -0.274889 0.000000
vt 0.265000 -0.274889 0.000000
vt -0.265000 -0.235619 0.000000
vt 0.265000 -0.235619 0.000000
vt -0.265000 -0.196350 0.000000
vt 0.265000 -0.196350 0.000000
vt -0.265000 -0.157080 0.000000
vt 0.265000 -0.157080 0.000000
vt -0.265000 -0.117810 0.000000
vt 0.265000 -0.117810 0.000000
vt -0.265000 -0.078540 0.000000
vt 0.265000 -0.078540 0.000000
vt -0.265000 -0.039270 0.000000
vt 0.265000 -0.039270 0.000000
vt -0.265000 0.000000 0.000000
vt 0.265000 0.000000 0.000000
vt -0.265000 0.039270 0.000000
vt 0.265000 0.039270 0.000000
vt -0.265000 0.078540 0.000000
vt 0.265000 0.078540 0.000000
vt -0.265000 0.117810 0.000000
vt 0.265000 0.117810 0.000000
vt -0.265000 0.157080 0.000000
vt 0.265000 0.157080 0.000000
vt -0.265000 0.196350 0.000000
vt 0.265000 0.196350 0.000000
vt -0.265000 0.235619 0.000000
vt 0.265000 0.235619 0.000000
vt -0.265000 0.274889 0.000000
vt 0.265000 0.274889 0.000000
vt -0.265000 0.314159 0.000000
vt 0.265000 0.314159 0.000000
vt -0.265000 0.353429 0.000000
vt 0.265000 0.353429 0.000000
vt -0.265000 0.392699 0.000000
vt 0.265000 0.392699 0.000000
vt -0.265000 0.431969 0.000000
vt 0.265000 0.431969 0.000000
vt -0.265000 0.471239 0.000000
vt 0.265000 0.471239 0.000000
vt -0.265000 -0.471239 0.000000
vt 0.265000 -0.471239 0.000000
vt -0.265000 -0.431969 0.000000
vt 0.265000 -0.431969 0.000000
vt -0.265000 -0.392699 0.000000
vt 0.265000 -0.392699 0.000000
vt -0.265000 -0.353429 0.000000
vt 0.265000 -0.353429 0.000000
vt -0.265000 -0.314159 0.000000
vt 0.265000 -0.314159 0.000000
vt 0.195500 -0.345500 0.000000
vt 0.234323 -0.340389 0.000000
vt 0.156678 -0.340389 0.000000
vt 0.120500 -0.325404 0.000000
vt 0.270500 -0.325404 0.000000
vt 0.089434 -0.301566 0.000000
vt 0.301566 -0.301566 0.000000
vt 0.065597 -0.270500 0.000000
vt 0.325404 -0.270500 0.000000
vt 0.050612 -0.234323 0.000000
vt 0.340389 -0.234323 0.000000
vt 0.045500 -0.195500 0.000000
vt 0.345500 -0.195500 0.000000
vt 0.050612 -0.156678 0.000000
vt 0.340389 -0.156678 0.000000
vt 0.065597 -0.120500 0.000000
vt 0.325404 -0.120500 0.000000
vt 0.089434 -0.089434 0.000000
vt 0.301566 -0.089434 0.000000
vt 0.120500 -0.065597 0.000000
vt 0.270500 -0.065597 0.000000
vt 0.156678 -0.050612 0.000000
vt 0.234323 -0.050612 0.000000
vt 0.195500 -0.045500 0.000000
vt -0.265000 -0.274889 0.000000
vt 0.265000 -0.274889 0.000000
vt -0.265000 -0.235619 0.000000
vt 0.265000 -0.235619 0.000000
vt -0.265000 -0.196350 0.000000
vt 0.265000 -0.196350 0.000000
vt -0.265000 -0.157080 0.000000
vt 0.265000 -0.157080 0.000000
vt -0.265000 -0.117810 0.000000
vt 0.265000 -0.117810 0.000000
vt -0.265000 -0.078540 0.000000
vt 0.265000 -0.078540 0.000000
vt -0.265000 -0.039270 0.000000
vt 0.265000 -0.039270 0.000000
vt -0.265000 0.000000 0.000000
vt 0.265000 0.000000 0.000000
vt -0.265000 0.039270 0.000000
vt 0.265000 0.039270 0.000000
vt -0.265000 0.078540 0.000000
vt 0.265000 0.078540 0.000000
vt -0.265000 0.117810 0.000000
vt 0.265000 0.117810 0.000000
vt -0.265000 0.157080 0.000000
vt 0.265000 0.157080 0.000000
vt -0.265000 0.196350 0.000000
vt 0.265000 0.196350 0.000000
vt -0.265000 0.235619 0.000000
vt 0.265000 0.235619 0.000000
vt -0.265000 0.274889 0.000000
vt 0.265000 0.274889 0.000000
vt -0.265000 0.314159 0.000000
vt 0.265000 0.314159 0.000000
vt -0.265000 0.353429 0.000000
vt 0.265000 0.353429 0.000000
vt -0.265000 0.392699 0.000000
vt 0.265000 0.392699 0.000000
vt -0.265000 0.431969 0.000000
vt 0.265000 0.431969 0.000000
vt -0.265000 0.471239 0.000000
vt 0.265000 0.471239 0.000000
vt -0.265000 -0.471239 0.000000
vt 0.265000 -0.471239 0.000000
vt -0.265000 -0.431969 0.000000
vt 0.265000 -0.431969 0.000000
vt -0.265000 -0.392699 0.000000
vt 0.265000 -0.392699 0.000000
vt -0.265000 -0.353429 0.000000
vt 0.265000 -0.353429 0.000000
vt -0.265000 -0.314159 0.000000
vt 0.265000 -0.314159 0.000000
vt 0.195500 -0.345500 0.000000
vt 0.234323 -0.340389 0.000000
vt 0.156678 -0.340389 0.000000
vt 0.120500 -0.325404 0.000000
vt 0.270500 -0.325404 0.000000
vt 0.089434 -0.301566 0.000000
vt 0.301566 -0.301566 0.000000
vt 0.065597 -0.270500 0.000000
vt 0.325404 -0.270500 0.000000
vt 0.050612 -0.234323 0.000000
vt 0.340389 -0.234323 0.000000
vt 0.045500 -0.195500 0.000000
vt 0.345500 -0.195500 0.000000
vt 0.050612 -0.156678 0.000000
vt 0.340389 -0.156678 0.000000
vt 0.065597 -0.120500 0.000000
vt 0.325404 -0.120500 0.000000
vt 0.089434 -0.089434 0.000000
vt 0.301566 -0.089434 0.000000
vt 0.120500 -0.065597 0.000000
vt 0.270500 -0.065597 0.000000
vt 0.156678 -0.050612 0.000000
vt 0.234323 -0.050612 0.000000
vt 0.195500 -0.045500 0.000000
vn -25.881905 -96.592583 0.000000
vn -25.881905 -96.592583 0.000000
vn -0.000000 -100.000000 0.000000
vn -0.000000 -100.000000 0.000000
vn 25.881905 -96.592583 0.000000
vn 25.881905 -96.592583 0.000000
vn 50.000000 -86.602540 0.000000
vn 50.000000 -86.602540 0.000000
vn 70.710678 -70.710678 0.000000
vn 70.710678 -70.710678 0.000000
vn 86.602540 -50.000000 0.000000
vn 86.602540 -50.000000 0.000000
vn 96.592583 -25.881905 0.000000
vn 96.592583 -25.881905 0.000000
vn 100.000000 -0.000000 0.000000
vn 100.000000 -0.000000 0.000000
vn 96.592583 25.881905 0.000000
vn 96.592583 25.881905 0.000000
vn 86.602540 50.000000 0.000000
vn 86.602540 50.000000 0.000000
vn 70.710678 70.710678 0.000000
vn 70.710678 70.710678 0.000000
vn 50.000000 86.602540 0.000000
vn 50.000000 86.602540 0.000000
vn 25.881905 96.592583 0.000000
vn 25.881905 96.592583 0.000000
vn 0.000000 100.000000 0.000000
vn -0.000000 100.000000 0.000000
vn -25.881905 96.592583 0.000000
vn -25.881905 96.592583 0.000000
vn -50.000000 86.602540 0.000000
vn -50.000000 86.602540 0.000000
vn -70.710678 70.710678 0.000000
vn -70.710678 70.710678 0.000000
vn -86.602540 50.000000 0.000000
vn -86.602540 50.000000 0.000000
vn -96.592583 25.881905 0.000000
vn -96.592583 25.881905 0.000000
vn -100.000000 0.000000 0.000000
vn -100.000000 0.000000 0.000000
vn -96.592583 -25.881905 0.000000
vn -96.592583 -25.881905 0.000000
vn -86.602540 -50.000000 0.000000
vn -86.602540 -50.000000 0.000000
vn -70.710678 -70.710678 0.000000
vn -70.710678 -70.710678 0.000000
vn -50.000000 -86.602540 0.000000
vn -50.000000 -86.602540 0.000000
vn -25.881905 -96.592583 0.000000
vn -25.881905 -96.592583 0.000000
vn -0.000000 -100.000000 0.000000
vn -0.000000 -100.000000 0.000000
vn 25.881905 -96.592583 0.000000
vn 25.881905 -96.592583 0.000000
vn 50.000000 -86.602540 0.000000
vn 50.000000 -86.602540 0.000000
vn 70.710678 -70.710678 0.000000
vn 70.710678 -70.710678 0.000000
vn 86.602540 -50.000000 0.000000
vn 86.602540 -50.000000 0.000000
vn 96.592583 -25.881905 0.000000
vn 96.592583 -25.881905 0.000000
vn 100.000000 -0.000000 0.000000
vn 100.000000 -0.000000 0.000000
vn 96.592583 25.881905 0.000000
vn 96.592583 25.881905 0.000000
vn 86.602540 50.000000 0.000000
vn 86.602540 50.000000 0.000000
vn 70.710678 70.710678 0.000000
vn 70.710678 70.710678 0.000000
vn 50.000000 86.602540 0.000000
vn 50.000000 86.602540 0.000000
vn 25.881905 96.592583 0.000000
vn 25.881905 96.592583 0.000000
vn 0.000000 100.000000 0.000000
vn -0.000000 100.000000 0.000000
vn -25.881905 96.592583 0.000000
vn -25.881905 96.592583 0.000000
vn -50.000000 86.602540 0.000000
vn -50.000000 86.602540 0.000000
vn -70.710678 70.710678 0.000000
vn -70.710678 70.710678 0.000000
vn -86.602540 50.000000 0.000000
vn -86.602540 50.000000 0.000000
vn -96.592583 25.881905 0.000000
vn -96.592583 25.881905 0.000000
vn -100.000000 0.000000 0.000000
vn -100.000000 0.000000 0.000000
vn -96.592583 -25.881905 0.000000
vn -96.592583 -25.881905 0.000000
vn -86.602540 -50.000000 0.000000
vn -86.602540 -50.000000 0.000000
vn -70.710678 -70.710678 0.000000
vn -70.710678 -70.710678 0.000000
vn -50.000000 -86.602540 0.000000
vn -50.000000 -86.602540 0.000000
vn -25.881905 -96.592583 0.000000
vn -25.881905 -96.592583 0.000000
vn -0.000000 -100.000000 0.000000
vn -0.000000 -100.000000 0.000000
vn 25.881905 -96.592583 0.000000
vn 25.881905 -96.592583 0.000000
vn 50.000000 -86.602540 0.000000
vn 50.000000 -86.602540 0.000000
vn 70.710678 -70.710678 0.000000
vn 70.710678 -70.710678 0.000000
vn 86.602540 -50.000000 0.000000
vn 86.602540 -50.000000 0.000000
vn 96.592583 -25.881905 0.000000
vn 96.592583 -25.881905 0.000000
vn 100.000000 -0.000000 0.000000
vn 100.000000 -0.000000 0.000000
vn 96.592583 25.881905 0.000000
vn 96.592583 25.881905 0.000000
vn 86.602540 50.000000 0.000000
vn 86.602540 50.000000 0.000000
vn 70.710678 70.710678 0.000000
vn 70.710678 70.710678 0.000000
vn 50.000000 86.602540 0.000000
vn 50.000000 86.602540 0.000000
vn 25.881905 96.592583 0.000000
vn 25.881905 96.592583 0.000000
vn 0.000000 100.000000 0.000000
vn -0.000000 100.000000 0.000000
vn -25.881905 96.592583 0.000000
vn -25.881905 96.592583 0.000000
vn -50.000000 86.602540 0.000000
vn -50.000000 86.602540 0.000000
vn -70.710678 70.710678 0.000000
vn -70.710678 70.710678 0.000000
vn -86.602540 50.000000 0.000000
vn -86.602540 50.000000 0.000000
vn -96.592583 25.881905 0.000000
vn -96.592583 25.881905 0.000000
vn -100.000000 0.000000 0.000000
vn -100.000000 0.000000 0.000000
vn -96.592583 -25.881905 0.000000
vn -96.592583 -25.881905 0.000000
vn -86.602540 -50.000000 0.000000
vn -86.602540 -50.000000 0.000000
vn -70.710678 -70.710678 0.000000
vn -70.710678 -70.710678 0.000000
vn -50.000000 -86.602540 0.000000
vn -50.000000 -86.602540 0.000000
vn -25.881905 -96.592583 0.000000
vn -25.881905 -96.592583 0.000000
vn -0.000000 -100.000000 0.000000
vn -0.000000 -100.000000 0.000000
vn 25.881905 -96.592583 0.000000
vn 25.881905 -96.592583 0.000000
vn 50.000000 -86.602540 0.000000
vn 50.000000 -86.602540 0.000000
vn 70.710678 -70.710678 0.000000
vn 70.710678 -70.710678 0.000000
vn 86.602540 -50.000000 0.000000
vn 86.602540 -50.000000 0.000000
vn 96.592583 -25.881905 0.000000
vn 96.592583 -25.881905 0.000000
vn 100.000000 -0.000000 0.000000
vn 100.000000 -0.000000 0.000000
vn 96.592583 25.881905 0.000000
vn 96.592583 25.881905 0.000000
vn 86.602540 50.000000 0.000000
vn 86.602540 50.000000 0.000000
vn 70.710678 70.710678 0.000000
vn 70.710678 70.710678 0.000000
vn 50.000000 86.602540 0.000000
vn 50.000000 86.602540 0.000000
vn 25.881905 96.592583 0.000000
vn 25.881905 96.592583 0.000000
vn 0.000000 100.000000 0.000000
vn -0.000000 100.000000 0.000000
vn -25.881905 96.592583 0.000000
vn -25.881905 96.592583 0.000000
vn -50.000000 86.602540 0.000000
vn -50.000000 86.602540 0.000000
vn -70.710678 70.710678 0.000000
vn -70.710678 70.710678 0.000000
vn -86.602540 50.000000 0.000000
vn -86.602540 50.000000 0.000000
vn -96.592583 25.881905 0.000000
vn -96.592583 25.881905 0.000000
vn -100.000000 0.000000 0.000000
vn -100.000000 0.000000 0.000000
vn -96.592583 -25.881905 0.000000
vn -96.592583 -25.881905 0.000000
vn -86.602540 -50.000000 0.000000
vn -86.602540 -50.000000 0.000000
vn -70.710678 -70.710678 0.000000
vn -70.710678 -70.710678 0.000000
vn -50.000000 -86.602540 0.000000
vn -50.000000 -86.602540 0.000000
vn -96.592583 25.881905 0.000000
vn -96.592583 25.881905 0.000000
vn -100.000000 0.000000 0.000000
vn -100.000000 0.000000 0.000000
vn -96.592583 -25.881905 0.000000
vn -96.592583 -25.881905 0.000000
vn -86.602540 -50.000000 0.000000
vn -86.602540 -50.000000 0.000000
vn -70.710678 -70.710678 0.000000
vn -70.710678 -70.710678 0.000000
vn -50.000000 -86.602540 0.000000
vn -50.000000 -86.602540 0.000000
vn -25.881905 -96.592583 0.000000
vn -25.881905 -96.592583 0.000000
vn 0.000000 -100.000000 0.000000
vn -0.000000 -100.000000 0.000000
vn 25.881905 -96.592583 0.000000
vn 25.881905 -96.592583 0.000000
vn 50.000000 -86.602540 0.000000
vn 50.000000 -86.602540 0.000000
vn 70.710678 -70.710678 0.000000
vn 70.710678 -70.710678 0.000000
vn 86.602540 -50.000000 0.000000
vn 86.602540 -50.000000 0.000000
vn 96.592583 -25.881905 0.000000
vn 96.592583 -25.881905 0.000000
vn 100.000000 -0.000000 0.000000
vn 100.000000 -0.000000 0.000000
vn 96.592583 25.881905 0.000000
vn 96.592583 25.881905 0.000000
vn 86.602540 50.000000 0.000000
vn 86.602540 50.000000 0.000000
vn 70.710678 70.710678 0.000000
vn 70.710678 70.710678 0.000000
vn 50.000000 86.602540 0.000000
vn 50.000000 86.602540 0.000000
vn 25.881905 96.592583 0.000000
vn 25.881905 96.592583 0.000000
vn 0.000000 100.000000 0.000000
vn -0.000000 100.000000 0.000000
vn -25.881905 96.592583 0.000000
vn -25.881905 96.592583 0.000000
vn -50.000000 86.602540 0.000000
vn -50.000000 86.602540 0.000000
vn -70.710678 70.710678 0.000000
vn -70.710678 70.710678 0.000000
vn -86.602540 50.000000 0.000000
vn -86.602540 50.000000 0.000000
vn -96.592583 25.881905 0.000000
vn -96.592583 25.881905 0.000000
vn -100.000000 0.000000 0.000000
vn -100.000000 0.000000 0.000000
vn -96.592583 -25.881905 0.000000
vn -96.592583 -25.881905 0.000000
vn -86.602540 -50.000000 0.000000
vn -86.602540 -50.000000 0.000000
vn -70.710678 -70.710678 0.000000
vn -70.710678 -70.710678 0.000000
vn -50.000000 -86.602540 0.000000
vn -50.000000 -86.602540 0.000000
vn -25.881905 -96.592583 0.000000
vn -25.881905 -96.592583 0.000000
vn -0.000000 -100.000000 0.000000
vn -0.000000 -100.000000 0.000000
vn 25.881905 -96.592583 0.000000
vn 25.881905 -96.592583 0.000000
vn 50.000000 -86.602540 0.000000
vn 50.000000 -86.602540 0.000000
vn 70.710678 -70.710678 0.000000
vn 70.710678 -70.710678 0.000000
vn 86.602540 -50.000000 0.000000
vn 86.602540 -50.000000 0.000000
vn 96.592583 -25.881905 0.000000
vn 96.592583 -25.881905 0.000000
vn 100.000000 -0.000000 0.000000
vn 100.000000 -0.000000 0.000000
vn 96.592583 25.881905 0.000000
vn 96.592583 25.881905 0.000000
vn 86.602540 50.000000 0.000000
vn 86.602540 50.000000 0.000000
vn 70.710678 70.710678 0.000000
vn 70.710678 70.710678 0.000000
vn 50.000000 86.602540 0.000000
vn 50.000000 86.602540 0.000000
vn 25.881905 96.592583 0.000000
vn 25.881905 96.592583 0.000000
vn -0.000000 100.000000 0.000000
vn -0.000000 100.000000 0.000000
vn -25.881905 96.592583 0.000000
vn -25.881905 96.592583 0.000000
vn -50.000000 86.602540 0.000000
vn -50.000000 86.602540 0.000000
vn -70.710678 70.710678 0.000000
vn -70.710678 70.710678 0.000000
vn -86.602540 50.000000 0.000000
vn -86.602540 50.000000 0.000000
vn 0.000000 0.000000 100.000000
vn 0.000000 0.000000 100.000000
vn 0.000000 0.000000 100.000000
vn 0.000000 0.000000 100.000000
vn 0.000000 0.000000 100.000000
vn 0.000000 0.000000 100.000000
vn 0.000000 0.000000 100.000000
vn 0.000000 0.000000 100.000000
vn 0.000000 0.000000 100.000000
vn 0.000000 0.000000 100.000000
vn 0.000000 0.000000 100.000000
vn 0.000000 0.000000 100.000000
vn 0.000000 0.000000 100.000000
vn 0.000000 0.000000 100.000000
vn 0.000000 0.000000 100.000000
vn 0.000000 0.000000 100.000000
vn 0.000000 0.000000 100.000000
vn 0.000000 0.000000 100.000000
vn 0.000000 0.000000 100.000000
vn 0.000000 0.000000 100.000000
vn 0.000000 0.000000 100.000000
vn 0.000000 0.000000 100.000000
vn 0.000000 0.000000 100.000000
vn 0.000000 0.000000 100.000000
vn 0.000000 0.000000 100.000000
vn 0.000000 0.000000 100.000000
vn 0.000000 0.000000 100.000000
vn 0.000000 0.000000 100.000000
vn 0.000000 0.000000 100.000000
vn 0.000000 0.000000 100.000000
vn 0.000000 0.000000 100.000000
vn 0.000000 0.000000 100.000000
vn 0.000000 0.000000 100.000000
vn 0.000000 0.000000 100.000000
vn 0.000000 0.000000 100.000000
vn 0.000000 0.000000 100.000000
vn 0.000000 0.000000 100.000000
vn 0.000000 0.000000 100.000000
vn 0.000000 0.000000 100.000000
vn 0.000000 0.000000 100.000000
vn 0.000000 0.000000 100.000000
vn 0.000000 0.000000 100.000000
vn 0.000000 0.000000 100.000000
vn 0.000000 0.000000 100.000000
vn 0.000000 0.000000 100.000000
vn 0.000000 0.000000 100.000000
vn 0.000000 0.000000 100.000000
vn 0.000000 0.000000 100.000000
vn 0.000000 0.000000 100.000000
vn 0.000000 0.000000 100.000000
vn 0.000000 0.000000 100.000000
vn 0.000000 0.000000 100.000000
vn 0.000000 0.000000 100.000000
vn 0.000000 0.000000 100.000000
vn 0.000000 0.000000 100.000000
vn 0.000000 0.000000 100.000000
vn 0.000000 0.000000 100.000000
vn 0.000000 0.000000 100.000000
vn 0.000000 0.000000 100.000000
vn 0.000000 0.000000 100.000000
vn 0.000000 0.000000 100.000000
vn 0.000000 0.000000 100.000000
vn 0.000000 0.000000 100.000000
vn 0.000000 0.000000 100.000000
vn 0.000000 0.000000 100.000000
vn 0.000000 0.000000 100.000000
vn 0.000000 0.000000 100.000000
vn 0.000000 0.000000 100.000000
vn 0.000000 0.000000 100.000000
vn 0.000000 0.000000 100.000000
vn 0.000000 0.000000 100.000000
vn 0.000000 0.000000 100.000000
vn 0.000000 0.000000 100.000000
vn 0.000000 0.000000 100.000000
vn 0.000000 0.000000 100.000000
vn 0.000000 0.000000 100.000000
vn 0.000000 0.000000 100.000000
vn 0.000000 0.000000 100.000000
vn 0.000000 0.000000 100.000000
vn 0.000000 0.000000 100.000000
vn 0.000000 0.000000 100.000000
vn 0.000000 0.000000 100.000000
vn 0.000000 0.000000 100.000000
vn 0.000000 0.000000 100.000000
vn 0.000000 0.000000 100.000000
vn 0.000000 0.000000 100.000000
vn 0.000000 0.000000 100.000000
vn 0.000000 0.000000 100.000000
vn 0.000000 0.000000 100.000000
vn 0.000000 0.000000 100.000000
vn 0.000000 0.000000 100.000000
vn 0.000000 0.000000 100.000000
vn 0.000000 0.000000 100.000000
vn 0.000000 0.000000 100.000000
vn 0.000000 0.000000 100.000000
vn 0.000000 0.000000 100.000000
vn -100.000000 0.000000 0.000000
vn -100.000000 0.000000 0.000000
vn -100.000000 0.000000 0.000000
vn -100.000000 0.000000 0.000000
vn -100.000000 0.000000 0.000000
vn -100.000000 0.000000 0.000000
vn 0.000000 100.000000 0.000000
vn 0.000000 100.000000 0.000000
vn 0.000000 100.000000 0.000000
vn 0.000000 100.000000 0.000000
vn 0.000000 100.000000 0.000000
vn 0.000000 100.000000 0.000000
vn 0.000000 100.000000 0.000000
vn 0.000000 100.000000 0.000000
vn 0.000000 100.000000 0.000000
vn 0.000000 100.000000 0.000000
vn 0.000000 100.000000 0.000000
vn 0.000000 100.000000 0.000000
vn 0.000000 100.000000 0.000000
vn 0.000000 100.000000 0.000000
vn 0.000000 100.000000 0.000000
vn 0.000000 100.000000 0.000000
vn 0.000000 100.000000 0.000000
vn 0.000000 100.000000 0.000000
vn 0.000000 100.000000 0.000000
vn 0.000000 100.000000 0.000000
vn 0.000000 100.000000 0.000000
vn 0.000000 100.000000 0.000000
vn 0.000000 100.000000 0.000000
vn 0.000000 100.000000 0.000000
vn 0.000000 100.000000 0.000000
vn 0.000000 100.000000 0.000000
vn 0.000000 100.000000 0.000000
vn 0.000000 100.000000 0.000000
vn 0.000000 100.000000 0.000000
vn 0.000000 100.000000 0.000000
vn 0.000000 100.000000 0.000000
vn 0.000000 100.000000 0.000000
vn 0.000000 100.000000 0.000000
vn 0.000000 100.000000 0.000000
vn 0.000000 100.000000 0.000000
vn 0.000000 100.000000 0.000000
vn 0.000000 100.000000 0.000000
vn 0.000000 100.000000 0.000000
vn 0.000000 100.000000 0.000000
vn 0.000000 100.000000 0.000000
vn 0.000000 100.000000 0.000000
vn 0.000000 100.000000 0.000000
vn 0.000000 100.000000 0.000000
vn 0.000000 100.000000 0.000000
vn 0.000000 100.000000 0.000000
vn 0.000000 100.000000 0.000000
vn 0.000000 100.000000 0.000000
vn 0.000000 100.000000 0.000000
vn 0.000000 100.000000 0.000000
vn 0.000000 100.000000 0.000000
vn 0.000000 100.000000 0.000000
vn 0.000000 100.000000 0.000000
vn 0.000000 100.000000 0.000000
vn 0.000000 100.000000 0.000000
vn 0.000000 100.000000 0.000000
vn 0.000000 100.000000 0.000000
vn 0.000000 100.000000 0.000000
vn 0.000000 100.000000 0.000000
vn 0.000000 100.000000 0.000000
vn 0.000000 100.000000 0.000000
vn 0.000000 100.000000 0.000000
vn 0.000000 100.000000 0.000000
vn 0.000000 100.000000 0.000000
vn 0.000000 100.000000 0.000000
vn 0.000000 100.000000 0.000000
vn 0.000000 100.000000 0.000000
vn 0.000000 100.000000 0.000000
vn 0.000000 100.000000 0.000000
vn 0.000000 100.000000 0.000000
vn 0.000000 100.000000 0.000000
vn 0.000000 100.000000 0.000000
vn 0.000000 100.000000 0.000000
vn 0.000000 100.000000 0.000000
vn 0.000000 100.000000 0.000000
vn 0.000000 100.000000 0.000000
vn 0.000000 100.000000 0.000000
vn 0.000000 100.000000 0.000000
vn 0.000000 100.000000 0.000000
vn 0.000000 0.000000 -100.000000
vn 0.000000 0.000000 -100.000000
vn 0.000000 0.000000 -100.000000
vn 0.000000 0.000000 -100.000000
vn 100.000000 0.000000 0.000000
vn 100.000000 0.000000 0.000000
vn 100.000000 0.000000 0.000000
vn 100.000000 0.000000 0.000000
vn 100.000000 0.000000 0.000000
vn 100.000000 0.000000 0.000000
vn 0.000000 0.000000 -100.000000
vn 0.000000 0.000000 -100.000000
vn 0.000000 0.000000 -100.000000
vn 0.000000 0.000000 -100.000000
vn 0.000000 0.000000 -100.000000
vn 0.000000 0.000000 -100.000000
vn 0.000000 0.000000 -100.000000
vn 0.000000 0.000000 -100.000000
vn 0.000000 0.000000 -100.000000
vn 0.000000 0.000000 -100.000000
vn 0.000000 0.000000 -100.000000
vn 0.000000 0.000000 -100.000000
vn 0.000000 0.000000 -100.000000
vn 0.000000 0.000000 -100.000000
vn 0.000000 0.000000 -100.000000
vn 0.000000 0.000000 -100.000000
vn 0.000000 0.000000 -100.000000
vn 0.000000 0.000000 -100.000000
vn 0.000000 0.000000 -100.000000
vn 0.000000 0.000000 -100.000000
vn 0.000000 0.000000 -100.000000
vn 0.000000 0.000000 -100.000000
vn 0.000000 0.000000 -100.000000
vn 0.000000 0.000000 -100.000000
vn 0.000000 0.000000 -100.000000
vn 0.000000 0.000000 -100.000000
vn 0.000000 0.000000 -100.000000
vn 0.000000 0.000000 -100.000000
vn 0.000000 0.000000 -100.000000
vn 0.000000 0.000000 -100.000000
vn 0.000000 0.000000 -100.000000
vn 0.000000 0.000000 -100.000000
vn 0.000000 0.000000 -100.000000
vn 0.000000 0.000000 -100.000000
vn 0.000000 0.000000 -100.000000
vn 0.000000 0.000000 -100.000000
vn 0.000000 0.000000 -100.000000
vn 0.000000 0.000000 -100.000000
vn 0.000000 0.000000 -100.000000
vn 0.000000 0.000000 -100.000000
vn 0.000000 0.000000 -100.000000
vn 0.000000 0.000000 -100.000000
vn 0.000000 0.000000 -100.000000
vn 0.000000 0.000000 -100.000000
vn 0.000000 0.000000 -100.000000
vn 0.000000 0.000000 -100.000000
vn 0.000000 0.000000 -100.000000
vn 0.000000 0.000000 -100.000000
vn 0.000000 0.000000 -100.000000
vn 0.000000 0.000000 -100.000000
vn 0.000000 0.000000 -100.000000
vn 0.000000 0.000000 -100.000000
vn 0.000000 0.000000 -100.000000
vn 0.000000 0.000000 -100.000000
vn 0.000000 0.000000 -100.000000
vn 0.000000 0.000000 -100.000000
vn 0.000000 0.000000 -100.000000
vn 0.000000 0.000000 -100.000000
vn 0.000000 0.000000 -100.000000
vn 0.000000 0.000000 -100.000000
vn 0.000000 0.000000 -100.000000
vn 0.000000 0.000000 -100.000000
vn 0.000000 0.000000 -100.000000
vn 0.000000 0.000000 -100.000000
vn 0.000000 0.000000 -100.000000
vn 0.000000 0.000000 -100.000000
vn 0.000000 0.000000 -100.000000
vn 0.000000 0.000000 -100.000000
vn 0.000000 0.000000 -100.000000
vn 0.000000 0.000000 -100.000000
vn 0.000000 0.000000 -100.000000
vn 0.000000 0.000000 -100.000000
vn 0.000000 0.000000 -100.000000
vn 0.000000 0.000000 -100.000000
vn 0.000000 0.000000 -100.000000
vn 0.000000 0.000000 -100.000000
vn 0.000000 0.000000 -100.000000
vn 0.000000 0.000000 -100.000000
vn 0.000000 0.000000 -100.000000
vn 0.000000 0.000000 -100.000000
vn 0.000000 0.000000 -100.000000
vn 0.000000 0.000000 -100.000000
vn 0.000000 0.000000 -100.000000
vn 0.000000 0.000000 -100.000000
vn 0.000000 0.000000 -100.000000
vn 0.000000 0.000000 -100.000000
vn 0.000000 0.000000 -100.000000
vn 0.000000 0.000000 -100.000000
vn 0.000000 0.000000 -100.000000
vn 0.000000 0.000000 -100.000000
vn 0.000000 0.000000 -100.000000
vn 0.000000 0.000000 -100.000000
vn 0.000000 0.000000 -100.000000
vn 0.000000 0.000000 -100.000000
vn 0.000000 0.000000 -100.000000
vn 0.000000 0.000000 -100.000000
vn 0.000000 0.000000 -100.000000
vn 0.000000 0.000000 -100.000000
vn 0.000000 0.000000 -100.000000
vn 0.000000 0.000000 -100.000000
vn 0.000000 0.000000 -100.000000
vn 0.000000 0.000000 -100.000000
vn 0.000000 0.000000 -100.000000
vn 0.000000 0.000000 -100.000000
vn 0.000000 0.000000 -100.000000
vn 0.000000 0.000000 -100.000000
vn 0.000000 0.000000 -100.000000
vn 0.000000 0.000000 -100.000000
vn 0.000000 0.000000 -100.000000
vn 0.000000 0.000000 -100.000000
vn 0.000000 0.000000 -100.000000
vn 0.000000 0.000000 -100.000000
vn 0.000000 0.000000 -100.000000
vn 0.000000 0.000000 -100.000000
vn 0.000000 0.000000 -100.000000
vn 0.000000 0.000000 -100.000000
vn 0.000000 0.000000 -100.000000
vn 0.000000 0.000000 -100.000000
vn 0.000000 0.000000 -100.000000
vn 0.000000 0.000000 -100.000000
vn 0.000000 0.000000 -100.000000
vn 0.000000 0.000000 -100.000000
vn 0.000000 0.000000 -100.000000
vn 0.000000 0.000000 -100.000000
vn 0.000000 0.000000 -100.000000
vn 0.000000 0.000000 -100.000000
vn 0.000000 0.000000 -100.000000
vn 0.000000 0.000000 -100.000000
vn 0.000000 0.000000 -100.000000
vn 0.000000 0.000000 -100.000000
vn 0.000000 0.000000 -100.000000
vn 0.000000 0.000000 -100.000000
vn 0.000000 0.000000 -100.000000
vn 0.000000 0.000000 -100.000000
vn 0.000000 0.000000 -100.000000
vn 0.000000 0.000000 -100.000000
vn 0.000000 0.000000 -100.000000
vn 0.000000 0.000000 -100.000000
vn 0.000000 0.000000 -100.000000
vn 0.000000 0.000000 -100.000000
vn 0.000000 0.000000 -100.000000
vn 0.000000 0.000000 -100.000000
vn 0.000000 0.000000 -100.000000
vn 0.000000 0.000000 -100.000000
vn 0.000000 0.000000 -100.000000
vn 0.000000 0.000000 -100.000000
vn 0.000000 0.000000 -100.000000
vn 0.000000 0.000000 -100.000000
vn 0.000000 0.000000 -100.000000
vn 0.000000 0.000000 -100.000000
vn 0.000000 0.000000 -100.000000
vn 0.000000 0.000000 -100.000000
vn 0.000000 0.000000 -100.000000
vn 0.000000 0.000000 -100.000000
vn 0.000000 0.000000 -100.000000
vn 0.000000 0.000000 -100.000000
vn 0.000000 0.000000 -100.000000
vn 0.000000 0.000000 -100.000000
vn 0.000000 0.000000 -100.000000
vn 0.000000 0.000000 -100.000000
vn 0.000000 0.000000 -100.000000
vn 0.000000 0.000000 -100.000000
vn 0.000000 0.000000 -100.000000
vn 0.000000 0.000000 -100.000000
vn 0.000000 0.000000 -100.000000
vn 0.000000 0.000000 -100.000000
vn 0.000000 0.000000 -100.000000
vn 0.000000 0.000000 -100.000000
vn 0.000000 0.000000 -100.000000
vn 0.000000 0.000000 -100.000000
vn 0.000000 0.000000 -100.000000
vn 0.000000 0.000000 -100.000000
vn 0.000000 0.000000 -100.000000
vn 0.000000 0.000000 -100.000000
vn 0.000000 0.000000 -100.000000
vn 0.000000 0.000000 -100.000000
vn 0.000000 0.000000 -100.000000
vn 0.000000 0.000000 -100.000000
vn 0.000000 0.000000 -100.000000
vn 0.000000 0.000000 -100.000000
vn 0.000000 0.000000 -100.000000
vn 0.000000 0.000000 -100.000000
vn 0.000000 0.000000 -100.000000
vn 0.000000 0.000000 -100.000000
vn 0.000000 0.000000 -100.000000
vn 0.000000 0.000000 -100.000000
vn 0.000000 0.000000 -100.000000
vn 0.000000 0.000000 -100.000000
vn 0.000000 0.000000 -100.000000
vn 0.000000 0.000000 -100.000000
vn 0.000000 0.000000 -100.000000
vn 0.000000 0.000000 -100.000000
vn 0.000000 0.000000 -100.000000
vn 0.000000 0.000000 -100.000000
vn 0.000000 0.000000 -100.000000
vn 0.000000 0.000000 -100.000000
vn 0.000000 0.000000 -100.000000
vn 0.000000 0.000000 -100.000000
vn 0.000000 0.000000 -100.000000
vn 0.000000 0.000000 -100.000000
vn 0.000000 0.000000 -100.000000
vn 0.000000 0.000000 -100.000000
vn 0.000000 0.000000 -100.000000
vn 0.000000 0.000000 -100.000000
vn 0.000000 100.000000 0.000000
vn 0.000000 100.000000 0.000000
vn 0.000000 100.000000 0.000000
vn 0.000000 100.000000 0.000000
vn -100.000000 0.000000 0.000000
vn -100.000000 0.000000 0.000000
vn -100.000000 0.000000 0.000000
vn -100.000000 0.000000 0.000000
vn -100.000000 0.000000 0.000000
vn -100.000000 0.000000 0.000000
vn 0.000000 100.000000 0.000000
vn 0.000000 100.000000 0.000000
vn 0.000000 100.000000 0.000000
vn 0.000000 100.000000 0.000000
vn -100.000000 0.000000 0.000000
vn -100.000000 0.000000 0.000000
vn -100.000000 0.000000 0.000000
vn -100.000000 0.000000 0.000000
vn 0.000000 -100.000000 0.000000
vn 0.000000 -100.000000 0.000000
vn 0.000000 -100.000000 0.000000
vn 0.000000 -100.000000 0.000000
vn 100.000000 0.000000 0.000000
vn 100.000000 0.000000 0.000000
vn 100.000000 0.000000 0.000000
vn 100.000000 0.000000 0.000000
vn 0.000000 100.000000 0.000000
vn 0.000000 100.000000 0.000000
vn 0.000000 100.000000 0.000000
vn 0.000000 100.000000 0.000000
vn 100.000000 0.000000 0.000000
vn 100.000000 0.000000 0.000000
vn 100.000000 0.000000 0.000000
vn 100.000000 0.000000 0.000000
vn 100.000000 0.000000 0.000000
vn 100.000000 0.000000 0.000000
vn 0.000000 -100.000000 0.000000
vn 0.000000 -100.000000 0.000000
vn 0.000000 -100.000000 0.000000
vn 0.000000 -100.000000 0.000000
vn 0.000000 -100.000000 0.000000
vn 0.000000 -100.000000 0.000000
vn -100.000000 0.000000 0.000000
vn -100.000000 0.000000 0.000000
vn -100.000000 0.000000 0.000000
vn -100.000000 0.000000 0.000000
vn 0.000000 -100.000000 0.000000
vn 0.000000 -100.000000 0.000000
vn 0.000000 -100.000000 0.000000
vn 0.000000 -100.000000 0.000000
vn 0.000000 -100.000000 0.000000
vn 0.000000 -100.000000 0.000000
vn 0.000000 -100.000000 0.000000
vn 0.000000 -100.000000 0.000000
vn 0.000000 -100.000000 0.000000
vn 0.000000 -100.000000 0.000000
vn 0.000000 -100.000000 0.000000
vn 0.000000 -100.000000 0.000000
vn 0.000000 -100.000000 0.000000
vn 0.000000 -100.000000 0.000000
vn 0.000000 -100.000000 0.000000
vn 0.000000 -100.000000 0.000000
vn 0.000000 -100.000000 0.000000
vn 0.000000 -100.000000 0.000000
vn 0.000000 -100.000000 0.000000
vn 0.000000 -100.000000 0.000000
vn 0.000000 -100.000000 0.000000
vn 0.000000 -100.000000 0.000000
vn 0.000000 -100.000000 0.000000
vn 0.000000 -100.000000 0.000000
vn 0.000000 -100.000000 0.000000
vn 0.000000 -100.000000 0.000000
vn 0.000000 -100.000000 0.000000
vn 0.000000 -100.000000 0.000000
vn 0.000000 -100.000000 0.000000
vn 0.000000 -100.000000 0.000000
vn 0.000000 -100.000000 0.000000
vn 0.000000 -100.000000 0.000000
vn 0.000000 -100.000000 0.000000
vn 0.000000 -100.000000 0.000000
vn 0.000000 -100.000000 0.000000
vn 0.000000 -100.000000 0.000000
vn 0.000000 -100.000000 0.000000
vn 0.000000 -100.000000 0.000000
vn 0.000000 -100.000000 0.000000
vn 0.000000 -100.000000 0.000000
vn 0.000000 -100.000000 0.000000
vn 0.000000 -100.000000 0.000000
vn 0.000000 -100.000000 0.000000
vn 0.000000 -100.000000 0.000000
vn 0.000000 -100.000000 0.000000
vn 0.000000 -100.000000 0.000000
vn 0.000000 -100.000000 0.000000
vn 0.000000 -100.000000 0.000000
vn 0.000000 -100.000000 0.000000
vn 0.000000 -100.000000 0.000000
vn 0.000000 -100.000000 0.000000
vn 0.000000 -100.000000 0.000000
vn 0.000000 -100.000000 0.000000
vn 0.000000 -100.000000 0.000000
vn 0.000000 -100.000000 0.000000
vn 0.000000 -100.000000 0.000000
vn 0.000000 -100.000000 0.000000
vn 0.000000 -100.000000 0.000000
vn 0.000000 -100.000000 0.000000
vn 0.000000 -100.000000 0.000000
vn 0.000000 -100.000000 0.000000
vn 0.000000 -100.000000 0.000000
vn 0.000000 -100.000000 0.000000
vn 0.000000 -100.000000 0.000000
vn 0.000000 -100.000000 0.000000
vn 0.000000 -100.000000 0.000000
vn 0.000000 -100.000000 0.000000
vn 0.000000 -100.000000 0.000000
vn 0.000000 -100.000000 0.000000
vn 0.000000 -100.000000 0.000000
vn 0.000000 -100.000000 0.000000
vn 0.000000 -100.000000 0.000000
vn 100.000000 0.000000 0.000000
vn 100.000000 0.000000 0.000000
vn 100.000000 0.000000 0.000000
vn 100.000000 0.000000 0.000000
vn 0.000000 -100.000000 0.000000
vn 0.000000 -100.000000 0.000000
vn 0.000000 -100.000000 0.000000
vn 0.000000 -100.000000 0.000000
vn 0.000000 -100.000000 0.000000
vn 0.000000 -100.000000 0.000000
vn 0.000000 0.000000 -100.000000
vn 0.000000 0.000000 -100.000000
vn 0.000000 0.000000 -100.000000
vn 0.000000 0.000000 -100.000000
vn 0.000000 0.000000 -100.000000
vn 0.000000 0.000000 -100.000000
vn 0.000000 0.000000 -100.000000
vn 0.000000 0.000000 -100.000000
vn 0.000000 0.000000 -100.000000
vn 0.000000 0.000000 -100.000000
vn 0.000000 0.000000 -100.000000
vn 0.000000 0.000000 -100.000000
vn 0.000000 0.000000 -100.000000
vn 0.000000 0.000000 -100.000000
vn 0.000000 0.000000 -100.000000
vn 0.000000 0.000000 -100.000000
vn 0.000000 0.000000 -100.000000
vn 0.000000 0.000000 -100.000000
vn 0.000000 0.000000 -100.000000
vn 0.000000 0.000000 -100.000000
vn 0.000000 0.000000 -100.000000
vn 0.000000 0.000000 -100.000000
vn 0.000000 0.000000 -100.000000
vn 0.000000 0.000000 -100.000000
vn 0.000000 0.000000 -100.000000
vn 0.000000 0.000000 -100.000000
vn 0.000000 0.000000 -100.000000
vn 0.000000 0.000000 -100.000000
vn 0.000000 0.000000 -100.000000
vn 0.000000 0.000000 -100.000000
vn 0.000000 0.000000 -100.000000
vn 0.000000 0.000000 -100.000000
vn 0.000000 0.000000 -100.000000
vn 0.000000 0.000000 -100.000000
vn 0.000000 0.000000 -100.000000
vn -22.252093 97.492791 -0.000000
vn -22.252093 97.492791 -0.000000
vn -43.388374 90.096887 -0.000000
vn -43.388374 90.096887 -0.000000
vn -62.348980 78.183148 -0.000000
vn -62.348980 78.183148 -0.000000
vn -78.183148 62.348980 -0.000000
vn -78.183148 62.348980 -0.000000
vn -90.096887 43.388374 -0.000000
vn -90.096887 43.388374 -0.000000
vn -97.492791 22.252093 -0.000000
vn -97.492791 22.252093 -0.000000
vn -100.000000 0.000000 -0.000000
vn -100.000000 0.000000 -0.000000
vn 0.000000 0.000000 100.000000
vn 0.000000 0.000000 100.000000
vn 0.000000 0.000000 100.000000
vn 0.000000 0.000000 100.000000
vn 0.000000 0.000000 100.000000
vn 0.000000 0.000000 100.000000
vn 0.000000 0.000000 100.000000
vn 0.000000 0.000000 100.000000
vn 0.000000 0.000000 100.000000
vn 0.000000 0.000000 100.000000
vn 0.000000 0.000000 100.000000
vn 0.000000 0.000000 100.000000
vn 0.000000 0.000000 100.000000
vn 0.000000 0.000000 100.000000
vn 0.000000 0.000000 100.000000
vn 0.000000 0.000000 100.000000
vn 0.000000 0.000000 100.000000
vn 0.000000 0.000000 100.000000
vn 0.000000 0.000000 100.000000
vn 0.000000 0.000000 100.000000
vn 0.000000 0.000000 100.000000
vn 0.000000 0.000000 100.000000
vn 0.000000 0.000000 100.000000
vn 0.000000 0.000000 100.000000
vn 0.000000 0.000000 100.000000
vn 0.000000 0.000000 100.000000
vn 0.000000 0.000000 100.000000
vn 0.000000 0.000000 100.000000
vn 0.000000 0.000000 100.000000
vn 0.000000 0.000000 100.000000
vn 0.000000 0.000000 100.000000
vn 0.000000 0.000000 100.000000
vn 0.000000 0.000000 100.000000
vn 0.000000 0.000000 100.000000
vn 0.000000 0.000000 100.000000
vn 0.000000 0.000000 100.000000
vn -100.000000 0.000000 0.000000
vn -100.000000 0.000000 0.000000
vn -100.000000 0.000000 0.000000
vn -100.000000 0.000000 0.000000
vn -100.000000 0.000000 0.000000
vn -100.000000 0.000000 0.000000
vn 0.000000 -0.000000 100.000000
vn 0.000000 -0.000000 100.000000
vn -22.252093 0.000000 97.492791
vn -22.252093 0.000000 97.492791
vn -43.388374 0.000000 90.096887
vn -43.388374 0.000000 90.096887
vn -62.348980 0.000000 78.183148
vn -62.348980 0.000000 78.183148
vn -78.183148 0.000000 62.348980
vn -78.183148 0.000000 62.348980
vn -90.096887 0.000000 43.388374
vn -90.096887 0.000000 43.388374
vn -97.492791 0.000000 22.252093
vn -97.492791 0.000000 22.252093
vn 0.000000 0.000000 100.000000
vn 0.000000 0.000000 100.000000
vn 22.252093 0.000000 97.492791
vn 22.252093 0.000000 97.492791
vn 43.388374 0.000000 90.096887
vn 43.388374 0.000000 90.096887
vn 62.348980 0.000000 78.183148
vn 62.348980 0.000000 78.183148
vn 78.183148 0.000000 62.348980
vn 78.183148 0.000000 62.348980
vn 90.096887 0.000000 43.388374
vn 90.096887 0.000000 43.388374
vn 97.492791 0.000000 22.252093
vn 97.492791 0.000000 22.252093
vn 100.000000 0.000000 0.000000
vn 100.000000 0.000000 0.000000
vn 100.000000 0.000000 0.000000
vn 100.000000 0.000000 0.000000
vn 0.000000 0.000000 100.000000
vn 0.000000 0.000000 100.000000
vn 0.000000 0.000000 100.000000
vn 0.000000 0.000000 100.000000
vn 0.000000 0.000000 100.000000
vn 0.000000 0.000000 100.000000
vn 0.000000 0.000000 100.000000
vn 0.000000 0.000000 100.000000
vn 0.000000 0.000000 100.000000
vn 0.000000 0.000000 100.000000
vn 0.000000 0.000000 100.000000
vn 0.000000 0.000000 100.000000
vn 0.000000 0.000000 100.000000
vn 0.000000 0.000000 100.000000
vn 0.000000 0.000000 100.000000
vn 0.000000 0.000000 100.000000
vn 0.000000 0.000000 100.000000
vn 0.000000 0.000000 100.000000
vn 0.000000 0.000000 100.000000
vn 0.000000 0.000000 100.000000
vn 0.000000 0.000000 100.000000
vn 0.000000 0.000000 100.000000
vn 0.000000 0.000000 100.000000
vn 0.000000 0.000000 100.000000
vn 0.000000 0.000000 100.000000
vn 0.000000 0.000000 100.000000
vn 0.000000 0.000000 100.000000
vn 0.000000 0.000000 100.000000
vn 0.000000 0.000000 100.000000
vn 0.000000 0.000000 100.000000
vn 0.000000 0.000000 100.000000
vn 0.000000 0.000000 100.000000
vn 0.000000 0.000000 100.000000
vn 0.000000 0.000000 100.000000
vn 0.000000 0.000000 100.000000
vn 0.000000 0.000000 100.000000
vn 0.000000 0.000000 100.000000
vn 0.000000 0.000000 100.000000
vn 100.000000 0.000000 0.000000
vn 100.000000 0.000000 0.000000
vn 97.492791 22.252093 0.000000
vn 97.492791 22.252093 0.000000
vn 90.096887 43.388374 0.000000
vn 90.096887 43.388374 0.000000
vn 78.183148 62.348980 0.000000
vn 78.183148 62.348980 0.000000
vn 62.348980 78.183148 0.000000
vn 62.348980 78.183148 0.000000
vn 43.388374 90.096887 0.000000
vn 43.388374 90.096887 0.000000
vn 22.252093 97.492791 0.000000
vn 22.252093 97.492791 0.000000
vn 0.000000 0.000000 -100.000000
vn 0.000000 0.000000 -100.000000
vn 0.000000 0.000000 -100.000000
vn 0.000000 0.000000 -100.000000
vn 0.000000 0.000000 -100.000000
vn 0.000000 0.000000 -100.000000
vn 0.000000 0.000000 -100.000000
vn 0.000000 0.000000 -100.000000
vn 0.000000 0.000000 -100.000000
vn 0.000000 0.000000 -100.000000
vn 0.000000 0.000000 -100.000000
vn 0.000000 0.000000 -100.000000
vn 0.000000 0.000000 -100.000000
vn 0.000000 0.000000 -100.000000
vn 0.000000 0.000000 -100.000000
vn 0.000000 0.000000 -100.000000
vn 0.000000 0.000000 -100.000000
vn 0.000000 0.000000 -100.000000
vn 0.000000 0.000000 -100.000000
vn 0.000000 0.000000 -100.000000
vn 0.000000 0.000000 -100.000000
vn 0.000000 0.000000 -100.000000
vn 0.000000 0.000000 -100.000000
vn 0.000000 0.000000 -100.000000
vn 0.000000 0.000000 -100.000000
vn 0.000000 0.000000 -100.000000
vn 0.000000 0.000000 -100.000000
vn 0.000000 0.000000 -100.000000
vn 0.000000 0.000000 -100.000000
vn 0.000000 0.000000 -100.000000
vn 0.000000 0.000000 -100.000000
vn 0.000000 0.000000 -100.000000
vn 0.000000 0.000000 -100.000000
vn 0.000000 0.000000 -100.000000
vn 0.000000 0.000000 -100.000000
vn 0.000000 0.000000 -100.000000
vn 0.000000 0.000000 -100.000000
vn 100.000000 0.000000 0.000000
vn 100.000000 0.000000 0.000000
vn 0.000000 100.000000 0.000000
vn 0.000000 100.000000 0.000000
vn 0.000000 100.000000 0.000000
vn 0.000000 100.000000 0.000000
vn -0.000000 -100.000000 0.000000
vn -0.000000 -100.000000 0.000000
vn 25.881905 -96.592583 0.000000
vn 25.881905 -96.592583 0.000000
vn 50.000000 -86.602540 0.000000
vn 50.000000 -86.602540 0.000000
vn 70.710678 -70.710678 0.000000
vn 70.710678 -70.710678 0.000000
vn 86.602540 -50.000000 0.000000
vn 86.602540 -50.000000 0.000000
vn 96.592583 -25.881905 0.000000
vn 96.592583 -25.881905 0.000000
vn 100.000000 -0.000000 0.000000
vn 100.000000 -0.000000 0.000000
vn 96.592583 25.881905 0.000000
vn 96.592583 25.881905 0.000000
vn 86.602540 50.000000 0.000000
vn 86.602540 50.000000 0.000000
vn 70.710678 70.710678 0.000000
vn 70.710678 70.710678 0.000000
vn 50.000000 86.602540 0.000000
vn 50.000000 86.602540 0.000000
vn 25.881905 96.592583 0.000000
vn 25.881905 96.592583 0.000000
vn 0.000000 -100.000000 0.000000
vn 0.000000 -100.000000 0.000000
vn -25.881905 -96.592583 0.000000
vn -25.881905 -96.592583 0.000000
vn -50.000000 -86.602540 0.000000
vn -50.000000 -86.602540 0.000000
vn -70.710678 -70.710678 0.000000
vn -70.710678 -70.710678 0.000000
vn -86.602540 -50.000000 0.000000
vn -86.602540 -50.000000 0.000000
vn -96.592583 -25.881905 0.000000
vn -96.592583 -25.881905 0.000000
vn -100.000000 0.000000 0.000000
vn -100.000000 0.000000 0.000000
vn -96.592583 25.881905 0.000000
vn -96.592583 25.881905 0.000000
vn -86.602540 50.000000 0.000000
vn -86.602540 50.000000 0.000000
vn -70.710678 70.710678 0.000000
vn -70.710678 70.710678 0.000000
vn -50.000000 86.602540 0.000000
vn -50.000000 86.602540 0.000000
vn -25.881905 96.592583 0.000000
vn -25.881905 96.592583 0.000000
vn 96.592583 -25.881905 0.000000
vn 96.592583 -25.881905 0.000000
vn 100.000000 0.000000 0.000000
vn 100.000000 0.000000 0.000000
vn 96.592583 25.881905 0.000000
vn 96.592583 25.881905 0.000000
vn 86.602540 50.000000 0.000000
vn 86.602540 50.000000 0.000000
vn 70.710678 70.710678 0.000000
vn 70.710678 70.710678 0.000000
vn 50.000000 86.602540 0.000000
vn 50.000000 86.602540 0.000000
vn 25.881905 96.592583 0.000000
vn 25.881905 96.592583 0.000000
vn -0.000000 100.000000 0.000000
vn -0.000000 100.000000 0.000000
vn -25.881905 96.592583 0.000000
vn -25.881905 96.592583 0.000000
vn -50.000000 86.602540 0.000000
vn -50.000000 86.602540 0.000000
vn -70.710678 70.710678 0.000000
vn -70.710678 70.710678 0.000000
vn -86.602540 50.000000 0.000000
vn -86.602540 50.000000 0.000000
vn -96.592583 25.881905 0.000000
vn -96.592583 25.881905 0.000000
vn -100.000000 0.000000 0.000000
vn -100.000000 0.000000 0.000000
vn -96.592583 -25.881905 0.000000
vn -96.592583 -25.881905 0.000000
vn -86.602540 -50.000000 0.000000
vn -86.602540 -50.000000 0.000000
vn -70.710678 -70.710678 0.000000
vn -70.710678 -70.710678 0.000000
vn -50.000000 -86.602540 0.000000
vn -50.000000 -86.602540 0.000000
vn -25.881905 -96.592583 0.000000
vn -25.881905 -96.592583 0.000000
vn 0.000000 -100.000000 0.000000
vn 0.000000 -100.000000 0.000000
vn 25.881905 -96.592583 0.000000
vn 25.881905 -96.592583 0.000000
vn 50.000000 -86.602540 0.000000
vn 50.000000 -86.602540 0.000000
vn 70.710678 -70.710678 0.000000
vn 70.710678 -70.710678 0.000000
vn 86.602540 -50.000000 0.000000
vn 86.602540 -50.000000 0.000000
vn -96.592583 0.000000 -25.881905
vn -96.592583 0.000000 -25.881905
vn -100.000000 0.000000 -0.000000
vn -100.000000 0.000000 -0.000000
vn -96.592583 0.000000 25.881905
vn -96.592583 0.000000 25.881905
vn -86.602540 0.000000 50.000000
vn -86.602540 0.000000 50.000000
vn -70.710678 0.000000 70.710678
vn -70.710678 0.000000 70.710678
vn -50.000000 0.000000 86.602540
vn -50.000000 0.000000 86.602540
vn -25.881905 0.000000 96.592583
vn -25.881905 0.000000 96.592583
vn -0.000000 0.000000 100.000000
vn -0.000000 0.000000 100.000000
vn 25.881905 0.000000 96.592583
vn 25.881905 0.000000 96.592583
vn 50.000000 0.000000 86.602540
vn 50.000000 0.000000 86.602540
vn 70.710678 0.000000 70.710678
vn 70.710678 0.000000 70.710678
vn 86.602540 0.000000 50.000000
vn 86.602540 0.000000 50.000000
vn 96.592583 0.000000 25.881905
vn 96.592583 0.000000 25.881905
vn 100.000000 0.000000 -0.000000
vn 100.000000 0.000000 -0.000000
vn 96.592583 0.000000 -25.881905
vn 96.592583 0.000000 -25.881905
vn 86.602540 0.000000 -50.000000
vn 86.602540 0.000000 -50.000000
vn 70.710678 0.000000 -70.710678
vn 70.710678 0.000000 -70.710678
vn 50.000000 0.000000 -86.602540
vn 50.000000 0.000000 -86.602540
vn 25.881905 0.000000 -96.592583
vn 25.881905 0.000000 -96.592583
vn 0.000000 0.000000 -100.000000
vn 0.000000 0.000000 -100.000000
vn -25.881905 0.000000 -96.592583
vn -25.881905 0.000000 -96.592583
vn -50.000000 0.000000 -86.602540
vn -50.000000 0.000000 -86.602540
vn -70.710678 0.000000 -70.710678
vn -70.710678 0.000000 -70.710678
vn -86.602540 0.000000 -50.000000
vn -86.602540 0.000000 -50.000000
vn -96.592583 0.000000 -25.881905
vn -96.592583 0.000000 -25.881905
vn -100.000000 0.000000 -0.000000
vn -100.000000 0.000000 -0.000000
vn -96.592583 0.000000 25.881905
vn -96.592583 0.000000 25.881905
vn -86.602540 0.000000 50.000000
vn -86.602540 0.000000 50.000000
vn -70.710678 0.000000 70.710678
vn -70.710678 0.000000 70.710678
vn -50.000000 0.000000 86.602540
vn -50.000000 0.000000 86.602540
vn -25.881905 0.000000 96.592583
vn -25.881905 0.000000 96.592583
vn -0.000000 0.000000 100.000000
vn -0.000000 0.000000 100.000000
vn 25.881905 0.000000 96.592583
vn 25.881905 0.000000 96.592583
vn 50.000000 0.000000 86.602540
vn 50.000000 0.000000 86.602540
vn 70.710678 0.000000 70.710678
vn 70.710678 0.000000 70.710678
vn 86.602540 0.000000 50.000000
vn 86.602540 0.000000 50.000000
vn 96.592583 0.000000 25.881905
vn 96.592583 0.000000 25.881905
vn 100.000000 0.000000 -0.000000
vn 100.000000 0.000000 -0.000000
vn 96.592583 0.000000 -25.881905
vn 96.592583 0.000000 -25.881905
vn 86.602540 0.000000 -50.000000
vn 86.602540 0.000000 -50.000000
vn 70.710678 0.000000 -70.710678
vn 70.710678 0.000000 -70.710678
vn 50.000000 0.000000 -86.602540
vn 50.000000 0.000000 -86.602540
vn 25.881905 0.000000 -96.592583
vn 25.881905 0.000000 -96.592583
vn 0.000000 0.000000 -100.000000
vn 0.000000 0.000000 -100.000000
vn -25.881905 0.000000 -96.592583
vn -25.881905 0.000000 -96.592583
vn -50.000000 0.000000 -86.602540
vn -50.000000 0.000000 -86.602540
vn -70.710678 0.000000 -70.710678
vn -70.710678 0.000000 -70.710678
vn -86.602540 0.000000 -50.000000
vn -86.602540 0.000000 -50.000000
vn -96.592583 -25.881905 0.000000
vn -96.592583 -25.881905 0.000000
vn -100.000000 -0.000000 0.000000
vn -100.000000 -0.000000 0.000000
vn -96.592583 25.881905 0.000000
vn -96.592583 25.881905 0.000000
vn -86.602540 50.000000 0.000000
vn -86.602540 50.000000 0.000000
vn -70.710678 70.710678 0.000000
vn -70.710678 70.710678 0.000000
vn -50.000000 86.602540 0.000000
vn -50.000000 86.602540 0.000000
vn -25.881905 96.592583 0.000000
vn -25.881905 96.592583 0.000000
vn 0.000000 100.000000 0.000000
vn 0.000000 100.000000 0.000000
vn 25.881905 96.592583 0.000000
vn 25.881905 96.592583 0.000000
vn 50.000000 86.602540 0.000000
vn 50.000000 86.602540 0.000000
vn 70.710678 70.710678 0.000000
vn 70.710678 70.710678 0.000000
vn 86.602540 50.000000 0.000000
vn 86.602540 50.000000 0.000000
vn 96.592583 25.881905 0.000000
vn 96.592583 25.881905 0.000000
vn 100.000000 0.000000 0.000000
vn 100.000000 0.000000 0.000000
vn 96.592583 -25.881905 0.000000
vn 96.592583 -25.881905 0.000000
vn 86.602540 -50.000000 0.000000
vn 86.602540 -50.000000 0.000000
vn 70.710678 -70.710678 0.000000
vn 70.710678 -70.710678 0.000000
vn 50.000000 -86.602540 0.000000
vn 50.000000 -86.602540 0.000000
vn 25.881905 -96.592583 0.000000
vn 25.881905 -96.592583 0.000000
vn 0.000000 -100.000000 0.000000
vn 0.000000 -100.000000 0.000000
vn -25.881905 -96.592583 0.000000
vn -25.881905 -96.592583 0.000000
vn -50.000000 -86.602540 0.000000
vn -50.000000 -86.602540 0.000000
vn -70.710678 -70.710678 0.000000
vn -70.710678 -70.710678 0.000000
vn -86.602540 -50.000000 0.000000
vn -86.602540 -50.000000 0.000000
vn -96.592583 -25.881905 0.000000
vn -96.592583 -25.881905 0.000000
vn -100.000000 -0.000000 0.000000
vn -100.000000 -0.000000 0.000000
vn -96.592583 25.881905 0.000000
vn -96.592583 25.881905 0.000000
vn -86.602540 50.000000 0.000000
vn -86.602540 50.000000 0.000000
vn -70.710678 70.710678 0.000000
vn -70.710678 70.710678 0.000000
vn -50.000000 86.602540 0.000000
vn -50.000000 86.602540 0.000000
vn -25.881905 96.592583 0.000000
vn -25.881905 96.592583 0.000000
vn 0.000000 100.000000 0.000000
vn 0.000000 100.000000 0.000000
vn 25.881905 96.592583 0.000000
vn 25.881905 96.592583 0.000000
vn 50.000000 86.602540 0.000000
vn 50.000000 86.602540 0.000000
vn 70.710678 70.710678 0.000000
vn 70.710678 70.710678 0.000000
vn 86.602540 50.000000 0.000000
vn 86.602540 50.000000 0.000000
vn 96.592583 25.881905 0.000000
vn 96.592583 25.881905 0.000000
vn 100.000000 0.000000 0.000000
vn 100.000000 0.000000 0.000000
vn 96.592583 -25.881905 0.000000
vn 96.592583 -25.881905 0.000000
vn 86.602540 -50.000000 0.000000
vn 86.602540 -50.000000 0.000000
vn 70.710678 -70.710678 0.000000
vn 70.710678 -70.710678 0.000000
vn 50.000000 -86.602540 0.000000
vn 50.000000 -86.602540 0.000000
vn 25.881905 -96.592583 0.000000
vn 25.881905 -96.592583 0.000000
vn 0.000000 -100.000000 0.000000
vn 0.000000 -100.000000 0.000000
vn -25.881905 -96.592583 0.000000
vn -25.881905 -96.592583 0.000000
vn -50.000000 -86.602540 0.000000
vn -50.000000 -86.602540 0.000000
vn -70.710678 -70.710678 0.000000
vn -70.710678 -70.710678 0.000000
vn -86.602540 -50.000000 0.000000
vn -86.602540 -50.000000 0.000000
vn 0.000000 100.000000 0.000000
vn 0.000000 100.000000 0.000000
vn 0.000000 100.000000 0.000000
vn 0.000000 100.000000 0.000000
vn 0.000000 100.000000 0.000000
vn 0.000000 100.000000 0.000000
vn 0.000000 100.000000 0.000000
vn 0.000000 100.000000 0.000000
vn 0.000000 100.000000 0.000000
vn 0.000000 100.000000 0.000000
vn 0.000000 100.000000 0.000000
vn 0.000000 100.000000 0.000000
vn 0.000000 100.000000 0.000000
vn 0.000000 100.000000 0.000000
vn 0.000000 100.000000 0.000000
vn 0.000000 100.000000 0.000000
vn 0.000000 100.000000 0.000000
vn 0.000000 100.000000 0.000000
vn 0.000000 100.000000 0.000000
vn 0.000000 100.000000 0.000000
vn 0.000000 100.000000 0.000000
vn 0.000000 100.000000 0.000000
vn 0.000000 100.000000 0.000000
vn 0.000000 100.000000 0.000000
vn 0.000000 100.000000 0.000000
vn 0.000000 100.000000 0.000000
vn 0.000000 100.000000 0.000000
vn 0.000000 100.000000 0.000000
vn 0.000000 100.000000 0.000000
vn 0.000000 100.000000 0.000000
vn 0.000000 100.000000 0.000000
vn 0.000000 100.000000 0.000000
vn 0.000000 100.000000 0.000000
vn 0.000000 100.000000 0.000000
vn 0.000000 100.000000 0.000000
vn 0.000000 100.000000 0.000000
vn 0.000000 100.000000 0.000000
vn 0.000000 100.000000 0.000000
vn -22.252093 97.492791 -0.000000
vn -22.252093 97.492791 -0.000000
vn -43.388374 90.096887 -0.000000
vn -43.388374 90.096887 -0.000000
vn -62.348980 78.183148 -0.000000
vn -62.348980 78.183148 -0.000000
vn -78.183148 62.348980 -0.000000
vn -78.183148 62.348980 -0.000000
vn -90.096887 43.388374 -0.000000
vn -90.096887 43.388374 -0.000000
vn -97.492791 22.252093 -0.000000
vn -97.492791 22.252093 -0.000000
vn -100.000000 0.000000 -0.000000
vn -100.000000 0.000000 -0.000000
vn -97.492791 22.252093 -0.000000
vn -90.096887 43.388374 -0.000000
vn -78.183148 62.348980 -0.000000
vn -62.348980 78.183148 -0.000000
vn -43.388374 90.096887 -0.000000
vn -22.252093 97.492791 -0.000000
vn -100.000000 0.000000 0.000000
vn -100.000000 0.000000 0.000000
vn -97.492791 -22.252093 0.000000
vn -97.492791 -22.252093 0.000000
vn -90.096887 -43.388374 0.000000
vn -90.096887 -43.388374 0.000000
vn -78.183148 -62.348980 0.000000
vn -78.183148 -62.348980 0.000000
vn -62.348980 -78.183148 0.000000
vn -62.348980 -78.183148 0.000000
vn -43.388374 -90.096887 0.000000
vn -43.388374 -90.096887 0.000000
vn -22.252093 -97.492791 0.000000
vn -22.252093 -97.492791 0.000000
vn -0.000000 -100.000000 0.000000
vn -0.000000 -100.000000 0.000000
vn -22.252093 -97.492791 0.000000
vn -43.388374 -90.096887 0.000000
vn -62.348980 -78.183148 0.000000
vn -78.183148 -62.348980 0.000000
vn -90.096887 -43.388374 0.000000
vn -97.492791 -22.252093 0.000000
vn 0.000000 0.000000 -100.000000
vn 0.000000 0.000000 -100.000000
vn 0.000000 0.000000 -100.000000
vn 0.000000 0.000000 -100.000000
vn 0.000000 0.000000 -100.000000
vn 0.000000 0.000000 -100.000000
vn 0.000000 0.000000 -100.000000
vn 0.000000 0.000000 -100.000000
vn 0.000000 0.000000 -100.000000
vn 0.000000 0.000000 -100.000000
vn 0.000000 0.000000 -100.000000
vn 0.000000 0.000000 -100.000000
vn 0.000000 0.000000 -100.000000
vn 0.000000 0.000000 -100.000000
vn 0.000000 0.000000 -100.000000
vn 0.000000 0.000000 -100.000000
vn 0.000000 0.000000 -100.000000
vn 0.000000 0.000000 -100.000000
vn 0.000000 0.000000 -100.000000
vn 0.000000 0.000000 -100.000000
vn 0.000000 0.000000 -100.000000
vn 0.000000 0.000000 -100.000000
vn 0.000000 0.000000 -100.000000
vn 0.000000 0.000000 -100.000000
vn 0.000000 0.000000 -100.000000
vn 0.000000 0.000000 -100.000000
vn 0.000000 0.000000 -100.000000
vn 0.000000 0.000000 -100.000000
vn 0.000000 0.000000 -100.000000
vn 0.000000 0.000000 -100.000000
vn 0.000000 0.000000 -100.000000
vn 0.000000 0.000000 -100.000000
vn 0.000000 0.000000 -100.000000
vn 0.000000 0.000000 -100.000000
vn 0.000000 0.000000 -100.000000
vn 0.000000 0.000000 -100.000000
vn 0.000000 0.000000 -100.000000
vn 0.000000 0.000000 -100.000000
vn 0.000000 0.000000 -100.000000
vn 0.000000 0.000000 -100.000000
vn 0.000000 0.000000 -100.000000
vn 0.000000 0.000000 -100.000000
vn 0.000000 0.000000 -100.000000
vn 0.000000 0.000000 -100.000000
vn 0.000000 0.000000 -100.000000
vn 0.000000 0.000000 -100.000000
vn 0.000000 0.000000 -100.000000
vn 0.000000 0.000000 -100.000000
vn 0.000000 0.000000 -100.000000
vn 0.000000 0.000000 -100.000000
vn 0.000000 0.000000 -100.000000
vn 0.000000 0.000000 -100.000000
vn 0.000000 0.000000 -100.000000
vn 0.000000 0.000000 -100.000000
vn 0.000000 0.000000 -100.000000
vn 0.000000 0.000000 -100.000000
vn 0.000000 0.000000 -100.000000
vn 0.000000 0.000000 -100.000000
vn 0.000000 0.000000 -100.000000
vn 0.000000 0.000000 -100.000000
vn 0.000000 0.000000 -100.000000
vn 0.000000 0.000000 -100.000000
vn 0.000000 0.000000 -100.000000
vn 0.000000 0.000000 -100.000000
vn 0.000000 0.000000 -100.000000
vn 0.000000 0.000000 -100.000000
vn 0.000000 0.000000 -100.000000
vn 0.000000 0.000000 -100.000000
vn 0.000000 0.000000 -100.000000
vn 0.000000 0.000000 -100.000000
vn 0.000000 0.000000 -100.000000
vn 0.000000 0.000000 -100.000000
vn 0.000000 0.000000 -100.000000
vn 0.000000 0.000000 -100.000000
vn 0.000000 0.000000 -100.000000
vn 0.000000 0.000000 -100.000000
vn 0.000000 0.000000 -100.000000
vn 0.000000 0.000000 -100.000000
vn 0.000000 0.000000 -100.000000
vn 0.000000 0.000000 -100.000000
vn 0.000000 0.000000 -100.000000
vn 0.000000 0.000000 -100.000000
vn 0.000000 0.000000 -100.000000
vn 0.000000 0.000000 -100.000000
vn 0.000000 0.000000 -100.000000
vn 0.000000 0.000000 -100.000000
vn 0.000000 0.000000 -100.000000
vn 0.000000 0.000000 -100.000000
vn 0.000000 0.000000 -100.000000
vn 0.000000 0.000000 -100.000000
vn 0.000000 0.000000 -100.000000
vn 0.000000 0.000000 -100.000000
vn 0.000000 0.000000 -100.000000
vn 0.000000 0.000000 -100.000000
vn 0.000000 0.000000 -100.000000
vn 0.000000 0.000000 -100.000000
vn 0.000000 0.000000 -100.000000
vn 0.000000 0.000000 -100.000000
vn 0.000000 0.000000 -100.000000
vn 0.000000 0.000000 -100.000000
vn 0.000000 0.000000 -100.000000
vn 0.000000 0.000000 -100.000000
vn 0.000000 0.000000 -100.000000
vn 0.000000 0.000000 -100.000000
vn 0.000000 0.000000 -100.000000
vn 0.000000 0.000000 -100.000000
vn 0.000000 0.000000 -100.000000
vn 0.000000 0.000000 -100.000000
vn 0.000000 0.000000 -100.000000
vn 0.000000 0.000000 -100.000000
vn 0.000000 0.000000 -100.000000
vn 0.000000 0.000000 -100.000000
vn 0.000000 0.000000 -100.000000
vn 0.000000 0.000000 -100.000000
vn 0.000000 0.000000 -100.000000
vn 0.000000 0.000000 -100.000000
vn 0.000000 0.000000 -100.000000
vn 0.000000 0.000000 -100.000000
vn 0.000000 0.000000 -100.000000
vn 0.000000 0.000000 -100.000000
vn 0.000000 0.000000 -100.000000
vn 0.000000 0.000000 -100.000000
vn 0.000000 0.000000 -100.000000
vn 0.000000 0.000000 -100.000000
vn 0.000000 0.000000 -100.000000
vn 0.000000 0.000000 -100.000000
vn 0.000000 0.000000 -100.000000
vn 0.000000 0.000000 -100.000000
vn 0.000000 0.000000 -100.000000
vn 0.000000 0.000000 -100.000000
vn 0.000000 0.000000 -100.000000
vn 0.000000 0.000000 -100.000000
vn 0.000000 0.000000 -100.000000
vn 0.000000 0.000000 -100.000000
vn 0.000000 0.000000 -100.000000
vn 0.000000 0.000000 -100.000000
vn 0.000000 0.000000 -100.000000
vn 0.000000 0.000000 -100.000000
vn 0.000000 0.000000 -100.000000
vn 0.000000 0.000000 -100.000000
vn 0.000000 0.000000 -100.000000
vn 0.000000 0.000000 -100.000000
vn 0.000000 0.000000 -100.000000
vn 0.000000 0.000000 -100.000000
vn 0.000000 0.000000 -100.000000
vn 0.000000 0.000000 -100.000000
vn 0.000000 0.000000 -100.000000
vn 0.000000 0.000000 -100.000000
vn 0.000000 0.000000 -100.000000
vn 0.000000 0.000000 -100.000000
vn 0.000000 0.000000 -100.000000
vn 0.000000 0.000000 -100.000000
vn 0.000000 0.000000 -100.000000
vn 0.000000 0.000000 -100.000000
vn 0.000000 0.000000 -100.000000
vn 0.000000 0.000000 -100.000000
vn 0.000000 0.000000 -100.000000
vn 0.000000 0.000000 -100.000000
vn 0.000000 0.000000 -100.000000
vn 0.000000 0.000000 -100.000000
vn 0.000000 0.000000 -100.000000
vn 0.000000 0.000000 -100.000000
vn 0.000000 0.000000 -100.000000
vn 0.000000 0.000000 -100.000000
vn 0.000000 0.000000 -100.000000
vn 0.000000 0.000000 -100.000000
vn 0.000000 0.000000 -100.000000
vn 0.000000 0.000000 -100.000000
vn 0.000000 0.000000 -100.000000
vn 0.000000 0.000000 -100.000000
vn 0.000000 0.000000 -100.000000
vn 0.000000 0.000000 -100.000000
vn 0.000000 0.000000 -100.000000
vn 0.000000 0.000000 -100.000000
vn 0.000000 0.000000 -100.000000
vn 0.000000 0.000000 -100.000000
vn 0.000000 0.000000 -100.000000
vn 0.000000 0.000000 -100.000000
vn 0.000000 0.000000 -100.000000
vn 0.000000 0.000000 -100.000000
vn 0.000000 0.000000 -100.000000
vn 0.000000 0.000000 -100.000000
vn 0.000000 0.000000 -100.000000
vn 0.000000 0.000000 -100.000000
vn 0.000000 0.000000 -100.000000
vn 0.000000 0.000000 -100.000000
vn 0.000000 0.000000 -100.000000
vn 0.000000 0.000000 -100.000000
vn 0.000000 0.000000 -100.000000
vn 0.000000 0.000000 -100.000000
vn 0.000000 0.000000 -100.000000
vn 0.000000 0.000000 -100.000000
vn 0.000000 0.000000 -100.000000
vn 0.000000 0.000000 -100.000000
vn 0.000000 0.000000 -100.000000
vn 0.000000 0.000000 -100.000000
vn 0.000000 0.000000 -100.000000
vn 0.000000 0.000000 -100.000000
vn 0.000000 0.000000 -100.000000
vn 0.000000 0.000000 -100.000000
vn 0.000000 0.000000 -100.000000
vn 0.000000 0.000000 -100.000000
vn 0.000000 0.000000 -100.000000
vn 0.000000 0.000000 -100.000000
vn 0.000000 0.000000 -100.000000
vn 0.000000 0.000000 -100.000000
vn 0.000000 0.000000 -100.000000
vn 0.000000 0.000000 -100.000000
vn 0.000000 0.000000 -100.000000
vn 0.000000 0.000000 -100.000000
vn 0.000000 0.000000 -100.000000
vn 0.000000 0.000000 -100.000000
vn 0.000000 0.000000 -100.000000
vn 0.000000 0.000000 -100.000000
vn 0.000000 0.000000 -100.000000
vn 0.000000 0.000000 -100.000000
vn 0.000000 0.000000 -100.000000
vn 0.000000 0.000000 -100.000000
vn 0.000000 0.000000 -100.000000
vn 0.000000 0.000000 -100.000000
vn 0.000000 0.000000 -100.000000
vn 0.000000 0.000000 -100.000000
vn 0.000000 0.000000 -100.000000
vn 0.000000 0.000000 -100.000000
vn 0.000000 0.000000 -100.000000
vn 0.000000 0.000000 -100.000000
vn 0.000000 0.000000 -100.000000
vn 0.000000 0.000000 -100.000000
vn 0.000000 0.000000 -100.000000
vn 0.000000 0.000000 -100.000000
vn 0.000000 0.000000 -100.000000
vn 0.000000 0.000000 -100.000000
vn 0.000000 0.000000 -100.000000
vn 0.000000 0.000000 -100.000000
vn 0.000000 0.000000 -100.000000
vn 0.000000 0.000000 -100.000000
vn 0.000000 0.000000 -100.000000
vn 0.000000 0.000000 -100.000000
vn 0.000000 0.000000 -100.000000
vn 0.000000 0.000000 -100.000000
vn 0.000000 -100.000000 0.000000
vn 0.000000 -100.000000 0.000000
vn 22.252093 -97.492791 0.000000
vn 22.252093 -97.492791 0.000000
vn 43.388374 -90.096887 0.000000
vn 43.388374 -90.096887 0.000000
vn 62.348980 -78.183148 0.000000
vn 62.348980 -78.183148 0.000000
vn 78.183148 -62.348980 0.000000
vn 78.183148 -62.348980 0.000000
vn 90.096887 -43.388374 0.000000
vn 90.096887 -43.388374 0.000000
vn 97.492791 -22.252093 0.000000
vn 97.492791 -22.252093 0.000000
vn 100.000000 -0.000000 0.000000
vn 100.000000 -0.000000 0.000000
vn 97.492791 -22.252093 0.000000
vn 90.096887 -43.388374 0.000000
vn 78.183148 -62.348980 0.000000
vn 62.348980 -78.183148 0.000000
vn 43.388374 -90.096887 0.000000
vn 22.252093 -97.492791 0.000000
vn 0.000000 0.000000 100.000000
vn 0.000000 0.000000 100.000000
vn 0.000000 0.000000 100.000000
vn 0.000000 0.000000 100.000000
vn 0.000000 0.000000 100.000000
vn 0.000000 0.000000 100.000000
vn 0.000000 0.000000 100.000000
vn 0.000000 0.000000 100.000000
vn 0.000000 0.000000 100.000000
vn 0.000000 0.000000 100.000000
vn 0.000000 0.000000 100.000000
vn 0.000000 0.000000 100.000000
vn 0.000000 0.000000 100.000000
vn 0.000000 0.000000 100.000000
vn 0.000000 0.000000 100.000000
vn 0.000000 0.000000 100.000000
vn 0.000000 0.000000 100.000000
vn 0.000000 0.000000 100.000000
vn 0.000000 0.000000 100.000000
vn 0.000000 0.000000 100.000000
vn 0.000000 0.000000 100.000000
vn 0.000000 0.000000 100.000000
vn 0.000000 0.000000 100.000000
vn 0.000000 0.000000 100.000000
vn 0.000000 0.000000 100.000000
vn 0.000000 0.000000 100.000000
vn 0.000000 0.000000 100.000000
vn 0.000000 0.000000 100.000000
vn 0.000000 0.000000 100.000000
vn 0.000000 0.000000 100.000000
vn 0.000000 0.000000 100.000000
vn 0.000000 0.000000 100.000000
vn 0.000000 0.000000 100.000000
vn 0.000000 0.000000 100.000000
vn 0.000000 0.000000 100.000000
vn 0.000000 0.000000 100.000000
vn 0.000000 0.000000 100.000000
vn 0.000000 0.000000 100.000000
vn 0.000000 0.000000 100.000000
vn 0.000000 0.000000 100.000000
vn 0.000000 0.000000 100.000000
vn 0.000000 0.000000 100.000000
vn 0.000000 0.000000 100.000000
vn 0.000000 0.000000 100.000000
vn 0.000000 0.000000 100.000000
vn 0.000000 0.000000 100.000000
vn 0.000000 0.000000 100.000000
vn 0.000000 0.000000 100.000000
vn 0.000000 0.000000 100.000000
vn 0.000000 0.000000 100.000000
vn 0.000000 0.000000 100.000000
vn 0.000000 0.000000 100.000000
vn 0.000000 0.000000 100.000000
vn 0.000000 0.000000 100.000000
vn 0.000000 0.000000 100.000000
vn 0.000000 0.000000 100.000000
vn 0.000000 0.000000 100.000000
vn 0.000000 0.000000 100.000000
vn 0.000000 0.000000 100.000000
vn 0.000000 0.000000 100.000000
vn 0.000000 0.000000 100.000000
vn 0.000000 0.000000 100.000000
vn 0.000000 0.000000 100.000000
vn 0.000000 0.000000 100.000000
vn 0.000000 0.000000 100.000000
vn 0.000000 0.000000 100.000000
vn 0.000000 0.000000 100.000000
vn 0.000000 0.000000 100.000000
vn 0.000000 0.000000 100.000000
vn 0.000000 0.000000 100.000000
vn 0.000000 0.000000 100.000000
vn 0.000000 0.000000 100.000000
vn 0.000000 0.000000 100.000000
vn 0.000000 0.000000 100.000000
vn 0.000000 0.000000 100.000000
vn 0.000000 0.000000 100.000000
vn 0.000000 0.000000 100.000000
vn 0.000000 0.000000 100.000000
vn 0.000000 0.000000 100.000000
vn 0.000000 0.000000 100.000000
vn 0.000000 0.000000 100.000000
vn 0.000000 0.000000 100.000000
vn 0.000000 0.000000 100.000000
vn 0.000000 0.000000 100.000000
vn 0.000000 0.000000 100.000000
vn 0.000000 0.000000 100.000000
vn 100.000000 0.000000 0.000000
vn 100.000000 0.000000 0.000000
vn 97.492791 22.252093 0.000000
vn 97.492791 22.252093 0.000000
vn 90.096887 43.388374 0.000000
vn 90.096887 43.388374 0.000000
vn 78.183148 62.348980 0.000000
vn 78.183148 62.348980 0.000000
vn 62.348980 78.183148 0.000000
vn 62.348980 78.183148 0.000000
vn 43.388374 90.096887 0.000000
vn 43.388374 90.096887 0.000000
vn 22.252093 97.492791 0.000000
vn 22.252093 97.492791 0.000000
vn 22.252093 97.492791 0.000000
vn 43.388374 90.096887 0.000000
vn 62.348980 78.183148 0.000000
vn 78.183148 62.348980 0.000000
vn 90.096887 43.388374 0.000000
vn 97.492791 22.252093 0.000000
vn 18.374952 -0.000000 98.297310
vn 0.000000 -0.000000 100.000000
vn 0.000000 -0.000000 100.000000
vn -18.374952 0.000000 98.297310
vn -18.374952 0.000000 98.297310
vn -36.124167 0.000000 93.247223
vn -36.124167 0.000000 93.247223
vn -52.643216 0.000000 85.021714
vn -52.643216 0.000000 85.021714
vn -67.369564 0.000000 73.900892
vn -67.369564 0.000000 73.900892
vn -79.801723 0.000000 60.263464
vn -79.801723 0.000000 60.263464
vn -89.516329 0.000000 44.573836
vn -89.516329 0.000000 44.573836
vn -96.182564 0.000000 27.366299
vn -96.182564 0.000000 27.366299
vn -99.573418 0.000000 9.226836
vn -99.573418 0.000000 9.226836
vn -99.573418 0.000000 -9.226836
vn -99.573418 0.000000 -9.226836
vn -96.182564 0.000000 -27.366299
vn -96.182564 0.000000 -27.366299
vn -89.516329 0.000000 -44.573836
vn -89.516329 0.000000 -44.573836
vn -79.801723 0.000000 -60.263464
vn -79.801723 0.000000 -60.263464
vn -67.369564 0.000000 -73.900892
vn -67.369564 0.000000 -73.900892
vn -52.643216 0.000000 -85.021714
vn -52.643216 0.000000 -85.021714
vn -36.124167 0.000000 -93.247223
vn -36.124167 0.000000 -93.247223
vn -18.374952 0.000000 -98.297310
vn -18.374952 0.000000 -98.297310
vn -0.000000 0.000000 -100.000000
vn -0.000000 0.000000 -100.000000
vn 18.374952 0.000000 -98.297310
vn 18.374952 0.000000 -98.297310
vn 36.124167 0.000000 -93.247223
vn 36.124167 0.000000 -93.247223
vn 52.643216 0.000000 -85.021714
vn 52.643216 0.000000 -85.021714
vn 67.369564 0.000000 -73.900892
vn 67.369564 0.000000 -73.900892
vn 79.801723 0.000000 -60.263464
vn 79.801723 0.000000 -60.263464
vn 89.516329 0.000000 -44.573836
vn 89.516329 0.000000 -44.573836
vn 96.182564 0.000000 -27.366299
vn 96.182564 0.000000 -27.366299
vn 99.573418 0.000000 -9.226836
vn 99.573418 0.000000 -9.226836
vn 99.573418 -0.000000 9.226836
vn 99.573418 -0.000000 9.226836
vn 96.182564 -0.000000 27.366299
vn 96.182564 -0.000000 27.366299
vn 89.516329 -0.000000 44.573836
vn 89.516329 -0.000000 44.573836
vn 79.801723 -0.000000 60.263464
vn 79.801723 -0.000000 60.263464
vn 67.369564 -0.000000 73.900892
vn 67.369564 -0.000000 73.900892
vn 52.643216 -0.000000 85.021714
vn 52.643216 -0.000000 85.021714
vn 36.124167 -0.000000 93.247223
vn 36.124167 -0.000000 93.247223
vn 18.374952 -0.000000 98.297310
vn 0.000000 100.000000 0.000000
vn 0.000000 100.000000 0.000000
vn 0.000000 100.000000 0.000000
vn 0.000000 100.000000 0.000000
vn 0.000000 100.000000 0.000000
vn 0.000000 100.000000 0.000000
vn 0.000000 100.000000 0.000000
vn 0.000000 100.000000 0.000000
vn 0.000000 100.000000 0.000000
vn 0.000000 100.000000 0.000000
vn 0.000000 100.000000 0.000000
vn 0.000000 100.000000 0.000000
vn 0.000000 100.000000 0.000000
vn 0.000000 100.000000 0.000000
vn 0.000000 100.000000 0.000000
vn 0.000000 100.000000 0.000000
vn 0.000000 100.000000 0.000000
vn 0.000000 100.000000 0.000000
vn 0.000000 100.000000 0.000000
vn 0.000000 100.000000 0.000000
vn 0.000000 100.000000 0.000000
vn 0.000000 100.000000 0.000000
vn 0.000000 100.000000 0.000000
vn 0.000000 100.000000 0.000000
vn 0.000000 100.000000 0.000000
vn 0.000000 100.000000 0.000000
vn 0.000000 100.000000 0.000000
vn 0.000000 100.000000 0.000000
vn 0.000000 100.000000 0.000000
vn 0.000000 100.000000 0.000000
vn 0.000000 100.000000 0.000000
vn 0.000000 100.000000 0.000000
vn 0.000000 100.000000 0.000000
vn 0.000000 100.000000 0.000000
vn -34.482759 93.866604 -0.000000
vn -34.482759 93.866604 -0.000000
vn -44.524578 89.540840 -0.000000
vn -44.524578 89.540840 -0.000000
vn -54.034104 84.144611 -0.000000
vn -54.034104 84.144611 -0.000000
vn -62.897650 77.742431 -0.000000
vn -62.897650 77.742431 -0.000000
vn -71.009253 70.410837 -0.000000
vn -71.009253 70.410837 -0.000000
vn -78.271938 62.237479 -0.000000
vn -78.271938 62.237479 -0.000000
vn -84.598878 53.320069 -0.000000
vn -84.598878 53.320069 -0.000000
vn -89.914436 43.765216 -0.000000
vn -89.914436 43.765216 -0.000000
vn -94.155064 33.687149 -0.000000
vn -94.155064 33.687149 -0.000000
vn -97.270064 23.206350 -0.000000
vn -97.270064 23.206350 -0.000000
vn -99.222197 12.448118 -0.000000
vn -99.222197 12.448118 -0.000000
vn -99.988125 1.541069 -0.000000
vn -99.988125 1.541069 -0.000000
vn -99.558691 -9.384404 0.000000
vn -99.558691 -9.384404 0.000000
vn -97.939030 -20.197686 0.000000
vn -97.939030 -20.197686 0.000000
vn -95.148503 -30.769503 0.000000
vn -95.148503 -30.769503 0.000000
vn -91.220473 -40.973471 0.000000
vn -91.220473 -40.973471 0.000000
vn -86.201899 -50.687599 0.000000
vn -86.201899 -50.687599 0.000000
vn -80.152778 -59.795754 0.000000
vn -80.152778 -59.795754 0.000000
vn -73.145427 -68.189050 0.000000
vn -73.145427 -68.189050 0.000000
vn -65.263620 -75.767143 0.000000
vn -65.263620 -75.767143 0.000000
vn -56.601584 -82.439436 0.000000
vn -56.601584 -82.439436 0.000000
vn -47.262874 -88.126164 0.000000
vn -47.262874 -88.126164 0.000000
vn -37.359135 -92.759339 0.000000
vn -37.359135 -92.759339 0.000000
vn -27.008766 -96.283574 0.000000
vn -27.008766 -96.283574 0.000000
vn -16.335506 -98.656734 0.000000
vn -16.335506 -98.656734 0.000000
vn -5.466955 -99.850450 0.000000
vn -5.466955 -99.850450 0.000000
vn 5.466955 -99.850450 0.000000
vn 5.466955 -99.850450 0.000000
vn 16.335506 -98.656734 0.000000
vn 16.335506 -98.656734 0.000000
vn 27.008766 -96.283574 0.000000
vn 27.008766 -96.283574 0.000000
vn 37.359135 -92.759339 0.000000
vn 37.359135 -92.759339 0.000000
vn 47.262874 -88.126164 0.000000
vn 47.262874 -88.126164 0.000000
vn 56.601584 -82.439436 0.000000
vn 56.601584 -82.439436 0.000000
vn 65.263620 -75.767143 0.000000
vn 65.263620 -75.767143 0.000000
vn 73.145427 -68.189050 0.000000
vn 73.145427 -68.189050 0.000000
vn 80.152778 -59.795754 0.000000
vn 80.152778 -59.795754 0.000000
vn 86.201899 -50.687599 0.000000
vn 86.201899 -50.687599 0.000000
vn 91.220473 -40.973471 0.000000
vn 91.220473 -40.973471 0.000000
vn 95.148503 -30.769503 0.000000
vn 95.148503 -30.769503 0.000000
vn 97.939030 -20.197686 0.000000
vn 97.939030 -20.197686 0.000000
vn 99.558691 -9.384404 0.000000
vn 99.558691 -9.384404 0.000000
vn 99.988125 1.541069 0.000000
vn 99.988125 1.541069 0.000000
vn 99.222197 12.448118 0.000000
vn 99.222197 12.448118 0.000000
vn 97.270064 23.206350 0.000000
vn 97.270064 23.206350 0.000000
vn 94.155064 33.687149 0.000000
vn 94.155064 33.687149 0.000000
vn 89.914436 43.765216 0.000000
vn 89.914436 43.765216 0.000000
vn 84.598878 53.320069 0.000000
vn 84.598878 53.320069 0.000000
vn 78.271938 62.237479 0.000000
vn 78.271938 62.237479 0.000000
vn 71.009253 70.410837 0.000000
vn 71.009253 70.410837 0.000000
vn 62.897650 77.742431 0.000000
vn 62.897650 77.742431 0.000000
vn 54.034104 84.144611 0.000000
vn 54.034104 84.144611 0.000000
vn 44.524578 89.540840 0.000000
vn 44.524578 89.540840 0.000000
vn 34.482759 93.866604 0.000000
vn 34.482759 93.866604 0.000000
vn -100.000000 0.000000 0.000000
vn -100.000000 0.000000 0.000000
vn -100.000000 0.000000 0.000000
vn -100.000000 0.000000 0.000000
vn 0.000000 100.000000 0.000000
vn 0.000000 100.000000 0.000000
vn 0.000000 100.000000 0.000000
vn 0.000000 100.000000 0.000000
vn 0.000000 100.000000 0.000000
vn 0.000000 100.000000 0.000000
vn 0.000000 100.000000 0.000000
vn 0.000000 100.000000 0.000000
vn 100.000000 0.000000 0.000000
vn 100.000000 0.000000 0.000000
vn 100.000000 0.000000 0.000000
vn 100.000000 0.000000 0.000000
vn 0.000000 0.000000 100.000000
vn 0.000000 0.000000 100.000000
vn 0.000000 0.000000 100.000000
vn 0.000000 0.000000 100.000000
vn 0.000000 0.000000 100.000000
vn 0.000000 0.000000 100.000000
vn 0.000000 0.000000 100.000000
vn 0.000000 0.000000 100.000000
vn 0.000000 0.000000 100.000000
vn 0.000000 0.000000 100.000000
vn 0.000000 0.000000 100.000000
vn 0.000000 0.000000 100.000000
vn 0.000000 0.000000 100.000000
vn 0.000000 0.000000 100.000000
vn 0.000000 0.000000 100.000000
vn 0.000000 0.000000 100.000000
vn 0.000000 0.000000 100.000000
vn 0.000000 0.000000 100.000000
vn 0.000000 0.000000 100.000000
vn 0.000000 0.000000 100.000000
vn 0.000000 0.000000 100.000000
vn 0.000000 0.000000 100.000000
vn 0.000000 0.000000 100.000000
vn 0.000000 0.000000 100.000000
vn 0.000000 0.000000 100.000000
vn 0.000000 0.000000 100.000000
vn 0.000000 0.000000 100.000000
vn 0.000000 0.000000 100.000000
vn 0.000000 0.000000 100.000000
vn 0.000000 0.000000 100.000000
vn 0.000000 0.000000 100.000000
vn 0.000000 0.000000 100.000000
vn 0.000000 0.000000 100.000000
vn 0.000000 0.000000 100.000000
vn 0.000000 0.000000 100.000000
vn 0.000000 0.000000 100.000000
vn 0.000000 0.000000 100.000000
vn 0.000000 0.000000 100.000000
vn 0.000000 0.000000 100.000000
vn 0.000000 0.000000 100.000000
vn 0.000000 0.000000 100.000000
vn 0.000000 0.000000 100.000000
vn 0.000000 0.000000 100.000000
vn 0.000000 0.000000 100.000000
vn 0.000000 0.000000 100.000000
vn 0.000000 0.000000 100.000000
vn 0.000000 0.000000 100.000000
vn 0.000000 0.000000 100.000000
vn 0.000000 0.000000 100.000000
vn 0.000000 0.000000 100.000000
vn 0.000000 0.000000 100.000000
vn 0.000000 0.000000 100.000000
vn 0.000000 0.000000 100.000000
vn 0.000000 0.000000 100.000000
vn 0.000000 0.000000 -100.000000
vn 0.000000 0.000000 -100.000000
vn 0.000000 0.000000 -100.000000
vn 0.000000 0.000000 -100.000000
vn -100.000000 0.000000 0.000000
vn -100.000000 0.000000 0.000000
vn -100.000000 0.000000 0.000000
vn -100.000000 0.000000 0.000000
vn 0.000000 0.000000 100.000000
vn 0.000000 0.000000 100.000000
vn 0.000000 0.000000 100.000000
vn 0.000000 0.000000 100.000000
vn 100.000000 0.000000 0.000000
vn 100.000000 0.000000 0.000000
vn 100.000000 0.000000 0.000000
vn 100.000000 0.000000 0.000000
vn 0.000000 100.000000 0.000000
vn 0.000000 100.000000 0.000000
vn 0.000000 100.000000 0.000000
vn 0.000000 100.000000 0.000000
vn 96.592583 25.881905 0.000000
vn 96.592583 25.881905 0.000000
vn 100.000000 -0.000000 0.000000
vn 100.000000 -0.000000 0.000000
vn 96.592583 -25.881905 0.000000
vn 96.592583 -25.881905 0.000000
vn 86.602540 -50.000000 0.000000
vn 86.602540 -50.000000 0.000000
vn 70.710678 -70.710678 0.000000
vn 70.710678 -70.710678 0.000000
vn 50.000000 -86.602540 0.000000
vn 50.000000 -86.602540 0.000000
vn 25.881905 -96.592583 0.000000
vn 25.881905 -96.592583 0.000000
vn -0.000000 -100.000000 0.000000
vn 0.000000 -100.000000 0.000000
vn -25.881905 -96.592583 0.000000
vn -25.881905 -96.592583 0.000000
vn -50.000000 -86.602540 0.000000
vn -50.000000 -86.602540 0.000000
vn -70.710678 -70.710678 0.000000
vn -70.710678 -70.710678 0.000000
vn -86.602540 -50.000000 0.000000
vn -86.602540 -50.000000 0.000000
vn -96.592583 -25.881905 0.000000
vn -96.592583 -25.881905 0.000000
vn -100.000000 0.000000 0.000000
vn -100.000000 -0.000000 0.000000
vn -96.592583 25.881905 0.000000
vn -96.592583 25.881905 0.000000
vn -86.602540 50.000000 0.000000
vn -86.602540 50.000000 0.000000
vn -70.710678 70.710678 0.000000
vn -70.710678 70.710678 0.000000
vn -50.000000 86.602540 0.000000
vn -50.000000 86.602540 0.000000
vn -25.881905 96.592583 0.000000
vn -25.881905 96.592583 0.000000
vn -0.000000 100.000000 0.000000
vn -0.000000 100.000000 0.000000
vn 25.881905 96.592583 0.000000
vn 25.881905 96.592583 0.000000
vn 50.000000 86.602540 0.000000
vn 50.000000 86.602540 0.000000
vn 70.710678 70.710678 0.000000
vn 70.710678 70.710678 0.000000
vn 86.602540 50.000000 0.000000
vn 86.602540 50.000000 0.000000
vn 0.000000 0.000000 -100.000000
vn 0.000000 0.000000 -100.000000
vn 0.000000 0.000000 -100.000000
vn 0.000000 0.000000 -100.000000
vn 0.000000 0.000000 -100.000000
vn 0.000000 0.000000 -100.000000
vn 0.000000 0.000000 -100.000000
vn 0.000000 0.000000 -100.000000
vn 0.000000 0.000000 -100.000000
vn 0.000000 0.000000 -100.000000
vn 0.000000 0.000000 -100.000000
vn 0.000000 0.000000 -100.000000
vn 0.000000 0.000000 -100.000000
vn 0.000000 0.000000 -100.000000
vn 0.000000 0.000000 -100.000000
vn 0.000000 0.000000 -100.000000
vn 0.000000 0.000000 -100.000000
vn 0.000000 0.000000 -100.000000
vn 0.000000 0.000000 -100.000000
vn 0.000000 0.000000 -100.000000
vn 0.000000 0.000000 -100.000000
vn 0.000000 0.000000 -100.000000
vn 0.000000 0.000000 -100.000000
vn 0.000000 0.000000 -100.000000
vn 96.592583 25.881905 0.000000
vn 96.592583 25.881905 0.000000
vn 100.000000 -0.000000 0.000000
vn 100.000000 -0.000000 0.000000
vn 96.592583 -25.881905 0.000000
vn 96.592583 -25.881905 0.000000
vn 86.602540 -50.000000 0.000000
vn 86.602540 -50.000000 0.000000
vn 70.710678 -70.710678 0.000000
vn 70.710678 -70.710678 0.000000
vn 50.000000 -86.602540 0.000000
vn 50.000000 -86.602540 0.000000
vn 25.881905 -96.592583 0.000000
vn 25.881905 -96.592583 0.000000
vn -0.000000 -100.000000 0.000000
vn 0.000000 -100.000000 0.000000
vn -25.881905 -96.592583 0.000000
vn -25.881905 -96.592583 0.000000
vn -50.000000 -86.602540 0.000000
vn -50.000000 -86.602540 0.000000
vn -70.710678 -70.710678 0.000000
vn -70.710678 -70.710678 0.000000
vn -86.602540 -50.000000 0.000000
vn -86.602540 -50.000000 0.000000
vn -96.592583 -25.881905 0.000000
vn -96.592583 -25.881905 0.000000
vn -100.000000 0.000000 0.000000
vn -100.000000 -0.000000 0.000000
vn -96.592583 25.881905 0.000000
vn -96.592583 25.881905 0.000000
vn -86.602540 50.000000 0.000000
vn -86.602540 50.000000 0.000000
vn -70.710678 70.710678 0.000000
vn -70.710678 70.710678 0.000000
vn -50.000000 86.602540 0.000000
vn -50.000000 86.602540 0.000000
vn -25.881905 96.592583 0.000000
vn -25.881905 96.592583 0.000000
vn -0.000000 100.000000 0.000000
vn -0.000000 100.000000 0.000000
vn 25.881905 96.592583 0.000000
vn 25.881905 96.592583 0.000000
vn 50.000000 86.602540 0.000000
vn 50.000000 86.602540 0.000000
vn 70.710678 70.710678 0.000000
vn 70.710678 70.710678 0.000000
vn 86.602540 50.000000 0.000000
vn 86.602540 50.000000 0.000000
vn 0.000000 0.000000 -100.000000
vn 0.000000 0.000000 -100.000000
vn 0.000000 0.000000 -100.000000
vn 0.000000 0.000000 -100.000000
vn 0.000000 0.000000 -100.000000
vn 0.000000 0.000000 -100.000000
vn 0.000000 0.000000 -100.000000
vn 0.000000 0.000000 -100.000000
vn 0.000000 0.000000 -100.000000
vn 0.000000 0.000000 -100.000000
vn 0.000000 0.000000 -100.000000
vn 0.000000 0.000000 -100.000000
vn 0.000000 0.000000 -100.000000
vn 0.000000 0.000000 -100.000000
vn 0.000000 0.000000 -100.000000
vn 0.000000 0.000000 -100.000000
vn 0.000000 0.000000 -100.000000
vn 0.000000 0.000000 -100.000000
vn 0.000000 0.000000 -100.000000
vn 0.000000 0.000000 -100.000000
vn 0.000000 0.000000 -100.000000
vn 0.000000 0.000000 -100.000000
vn 0.000000 0.000000 -100.000000
vn 0.000000 0.000000 -100.000000
vn 96.592583 25.881905 0.000000
vn 96.592583 25.881905 0.000000
vn 100.000000 -0.000000 0.000000
vn 100.000000 -0.000000 0.000000
vn 96.592583 -25.881905 0.000000
vn 96.592583 -25.881905 0.000000
vn 86.602540 -50.000000 0.000000
vn 86.602540 -50.000000 0.000000
vn 70.710678 -70.710678 0.000000
vn 70.710678 -70.710678 0.000000
vn 50.000000 -86.602540 0.000000
vn 50.000000 -86.602540 0.000000
vn 25.881905 -96.592583 0.000000
vn 25.881905 -96.592583 0.000000
vn -0.000000 -100.000000 0.000000
vn 0.000000 -100.000000 0.000000
vn -25.881905 -96.592583 0.000000
vn -25.881905 -96.592583 0.000000
vn -50.000000 -86.602540 0.000000
vn -50.000000 -86.602540 0.000000
vn -70.710678 -70.710678 0.000000
vn -70.710678 -70.710678 0.000000
vn -86.602540 -50.000000 0.000000
vn -86.602540 -50.000000 0.000000
vn -96.592583 -25.881905 0.000000
vn -96.592583 -25.881905 0.000000
vn -100.000000 0.000000 0.000000
vn -100.000000 0.000000 0.000000
vn -96.592583 25.881905 0.000000
vn -96.592583 25.881905 0.000000
vn -86.602540 50.000000 0.000000
vn -86.602540 50.000000 0.000000
vn -70.710678 70.710678 0.000000
vn -70.710678 70.710678 0.000000
vn -50.000000 86.602540 0.000000
vn -50.000000 86.602540 0.000000
vn -25.881905 96.592583 0.000000
vn -25.881905 96.592583 0.000000
vn -0.000000 100.000000 0.000000
vn -0.000000 100.000000 0.000000
vn 25.881905 96.592583 0.000000
vn 25.881905 96.592583 0.000000
vn 50.000000 86.602540 0.000000
vn 50.000000 86.602540 0.000000
vn 70.710678 70.710678 0.000000
vn 70.710678 70.710678 0.000000
vn 86.602540 50.000000 0.000000
vn 86.602540 50.000000 0.000000
vn 0.000000 0.000000 -100.000000
vn 0.000000 0.000000 -100.000000
vn 0.000000 0.000000 -100.000000
vn 0.000000 0.000000 -100.000000
vn 0.000000 0.000000 -100.000000
vn 0.000000 0.000000 -100.000000
vn 0.000000 0.000000 -100.000000
vn 0.000000 0.000000 -100.000000
vn 0.000000 0.000000 -100.000000
vn 0.000000 0.000000 -100.000000
vn 0.000000 0.000000 -100.000000
vn 0.000000 0.000000 -100.000000
vn 0.000000 0.000000 -100.000000
vn 0.000000 0.000000 -100.000000
vn 0.000000 0.000000 -100.000000
vn 0.000000 0.000000 -100.000000
vn 0.000000 0.000000 -100.000000
vn 0.000000 0.000000 -100.000000
vn 0.000000 0.000000 -100.000000
vn 0.000000 0.000000 -100.000000
vn 0.000000 0.000000 -100.000000
vn 0.000000 0.000000 -100.000000
vn 0.000000 0.000000 -100.000000
vn 0.000000 0.000000 -100.000000
vn 96.592583 25.881905 0.000000
vn 96.592583 25.881905 0.000000
vn 100.000000 -0.000000 0.000000
vn 100.000000 -0.000000 0.000000
vn 96.592583 -25.881905 0.000000
vn 96.592583 -25.881905 0.000000
vn 86.602540 -50.000000 0.000000
vn 86.602540 -50.000000 0.000000
vn 70.710678 -70.710678 0.000000
vn 70.710678 -70.710678 0.000000
vn 50.000000 -86.602540 0.000000
vn 50.000000 -86.602540 0.000000
vn 25.881905 -96.592583 0.000000
vn 25.881905 -96.592583 0.000000
vn -0.000000 -100.000000 0.000000
vn 0.000000 -100.000000 0.000000
vn -25.881905 -96.592583 0.000000
vn -25.881905 -96.592583 0.000000
vn -50.000000 -86.602540 0.000000
vn -50.000000 -86.602540 0.000000
vn -70.710678 -70.710678 0.000000
vn -70.710678 -70.710678 0.000000
vn -86.602540 -50.000000 0.000000
vn -86.602540 -50.000000 0.000000
vn -96.592583 -25.881905 0.000000
vn -96.592583 -25.881905 0.000000
vn -100.000000 0.000000 0.000000
vn -100.000000 -0.000000 0.000000
vn -96.592583 25.881905 0.000000
vn -96.592583 25.881905 0.000000
vn -86.602540 50.000000 0.000000
vn -86.602540 50.000000 0.000000
vn -70.710678 70.710678 0.000000
vn -70.710678 70.710678 0.000000
vn -50.000000 86.602540 0.000000
vn -50.000000 86.602540 0.000000
vn -25.881905 96.592583 0.000000
vn -25.881905 96.592583 0.000000
vn -0.000000 100.000000 0.000000
vn -0.000000 100.000000 0.000000
vn 25.881905 96.592583 0.000000
vn 25.881905 96.592583 0.000000
vn 50.000000 86.602540 0.000000
vn 50.000000 86.602540 0.000000
vn 70.710678 70.710678 0.000000
vn 70.710678 70.710678 0.000000
vn 86.602540 50.000000 0.000000
vn 86.602540 50.000000 0.000000
vn 0.000000 0.000000 -100.000000
vn 0.000000 0.000000 -100.000000
vn 0.000000 0.000000 -100.000000
vn 0.000000 0.000000 -100.000000
vn 0.000000 0.000000 -100.000000
vn 0.000000 0.000000 -100.000000
vn 0.000000 0.000000 -100.000000
vn 0.000000 0.000000 -100.000000
vn 0.000000 0.000000 -100.000000
vn 0.000000 0.000000 -100.000000
vn 0.000000 0.000000 -100.000000
vn 0.000000 0.000000 -100.000000
vn 0.000000 0.000000 -100.000000
vn 0.000000 0.000000 -100.000000
vn 0.000000 0.000000 -100.000000
vn 0.000000 0.000000 -100.000000
vn 0.000000 0.000000 -100.000000
vn 0.000000 0.000000 -100.000000
vn 0.000000 0.000000 -100.000000
vn 0.000000 0.000000 -100.000000
vn 0.000000 0.000000 -100.000000
vn 0.000000 0.000000 -100.000000
vn 0.000000 0.000000 -100.000000
vn 0.000000 0.000000 -100.000000
usemtl Opaque(255,255,135)
f 2/1/1 42/2/2 1/3/3
f 1/3/3 42/2/2 43/4/4
f 1/3/3 43/4/4 24/5/5
f 24/5/5 43/4/4 44/6/6
f 24/5/5 44/6/6 23/7/7
f 23/7/7 44/6/6 45/8/8
f 23/7/7 45/8/8 22/9/9
f 22/9/9 45/8/8 46/10/10
f 22/9/9 46/10/10 21/11/11
f 21/11/11 46/10/10 47/12/12
f 21/11/11 47/12/12 20/13/13
f 20/13/13 47/12/12 48/14/14
f 20/13/13 48/14/14 19/15/15
f 19/15/15 48/14/14 25/16/16
f 19/17/15 25/18/16 18/19/17
f 18/19/17 25/18/16 26/20/18
f 18/19/17 26/20/18 17/21/19
f 17/21/19 26/20/18 27/22/20
f 17/21/19 27/22/20 16/23/21
f 16/23/21 27/22/20 28/24/22
f 16/23/21 28/24/22 15/25/23
f 15/25/23 28/24/22 29/26/24
f 15/25/23 29/26/24 14/27/25
f 14/27/25 29/26/24 30/28/26
f 14/27/25 30/28/26 13/29/27
f 13/29/27 30/28/26 31/30/28
f 13/29/27 31/30/28 12/31/29
f 12/31/29 31/30/28 32/32/30
f 12/31/29 32/32/30 11/33/31
f 11/33/31 32/32/30 33/34/32
f 11/33/31 33/34/32 10/35/33
f 10/35/33 33/34/32 34/36/34
f 10/35/33 34/36/34 9/37/35
f 9/37/35 34/36/34 35/38/36
f 9/37/35 35/38/36 8/39/37
f 8/39/37 35/38/36 36/40/38
f 8/39/37 36/40/38 7/41/39
f 7/41/39 36/40/38 37/42/40
f 7/41/39 37/42/40 6/43/41
f 6/43/41 37/42/40 38/44/42
f 6/43/41 38/44/42 5/45/43
f 5/45/43 38/44/42 39/46/44
f 5/45/43 39/46/44 4/47/45
f 4/47/45 39/46/44 40/48/46
f 4/47/45 40/48/46 3/49/47
f 3/49/47 40/48/46 41/50/48
f 3/49/47 41/50/48 2/1/1
f 2/1/1 41/50/48 42/2/2
f 50/51/49 90/52/50 49/53/51
f 49/53/51 90/52/50 91/54/52
f 49/53/51 91/54/52 72/55/53
f 72/55/53 91/54/52 92/56/54
f 72/55/53 92/56/54 71/57/55
f 71/57/55 92/56/54 93/58/56
f 71/57/55 93/58/56 70/59/57
f 70/59/57 93/58/56 94/60/58
f 70/59/57 94/60/58 69/61/59
f 69/61/59 94/60/58 95/62/60
f 69/61/59 95/62/60 68/63/61
f 68/63/61 95/62/60 96/64/62
f 68/63/61 96/64/62 67/65/63
f 67/65/63 96/64/62 73/66/64
f 67/67/63 73/68/64 66/69/65
f 66/69/65 73/68/64 74/70/66
f 66/69/65 74/70/66 65/71/67
f 65/71/67 74/70/66 75/72/68
f 65/71/67 75/72/68 64/73/69
f 64/73/69 75/72/68 76/74/70
f 64/73/69 76/74/70 63/75/71
f 63/75/71 76/74/70 77/76/72
f 63/75/71 77/76/72 62/77/73
f 62/77/73 77/76/72 78/78/74
f 62/77/73 78/78/74 61/79/75
f 61/79/75 78/78/74 79/80/76
f 61/79/75 79/80/76 60/81/77
f 60/81/77 79/80/76 80/82/78
f 60/81/77 80/82/78 59/83/79
f 59/83/79 80/82/78 81/84/80
f 59/83/79 81/84/80 58/85/81
f 58/85/81 81/84/80 82/86/82
f 58/85/81 82/86/82 57/87/83
f 57/87/83 82/86/82 83/88/84
f 57/87/83 83/88/84 56/89/85
f 56/89/85 83/88/84 84/90/86
f 56/89/85 84/90/86 55/91/87
f 55/91/87 84/90/86 85/92/88
f 55/91/87 85/92/88 54/93/89
f 54/93/89 85/92/88 86/94/90
f 54/93/89 86/94/90 53/95/91
f 53/95/91 86/94/90 87/96/92
f 53/95/91 87/96/92 52/97/93
f 52/97/93 87/96/92 88/98/94
f 52/97/93 88/98/94 51/99/95
f 51/99/95 88/98/94 89/100/96
f 51/99/95 89/100/96 50/51/49
f 50/51/49 89/100/96 90/52/50
f 98/101/97 138/102/98 97/103/99
f 97/103/99 138/102/98 139/104/100
f 97/103/99 139/104/100 120/105/101
f 120/105/101 139/104/100 140/106/102
f 120/105/101 140/106/102 119/107/103
f 119/107/103 140/106/102 141/108/104
f 119/107/103 141/108/104 118/109/105
f 118/109/105 141/108/104 142/110/106
f 118/109/105 142/110/106 117/111/107
f 117/111/107 142/110/106 143/112/108
f 117/111/107 143/112/108 116/113/109
f 116/113/109 143/112/108 144/114/110
f 116/113/109 144/114/110 115/115/111
f 115/115/111 144/114/110 121/116/112
f 115/117/111 121/118/112 114/119/113
f 114/119/113 121/118/112 122/120/114
f 114/119/113 122/120/114 113/121/115
f 113/121/115 122/120/114 123/122/116
f 113/121/115 123/122/116 112/123/117
f 112/123/117 123/122/116 124/124/118
f 112/123/117 124/124/118 111/125/119
f 111/125/119 124/124/118 125/126/120
f 111/125/119 125/126/120 110/127/121
f 110/127/121 125/126/120 126/128/122
f 110/127/121 126/128/122 109/129/123
f 109/129/123 126/128/122 127/130/124
f 109/129/123 127/130/124 108/131/125
f 108/131/125 127/130/124 128/132/126
f 108/131/125 128/132/126 107/133/127
f 107/133/127 128/132/126 129/134/128
f 107/133/127 129/134/128 106/135/129
f 106/135/129 129/134/128 130/136/130
f 106/135/129 130/136/130 105/137/131
f 105/137/131 130/136/130 131/138/132
f 105/137/131 131/138/132 104/139/133
f 104/139/133 131/138/132 132/140/134
f 104/139/133 132/140/134 103/141/135
f 103/141/135 132/140/134 133/142/136
f 103/141/135 133/142/136 102/143/137
f 102/143/137 133/142/136 134/144/138
f 102/143/137 134/144/138 101/145/139
f 101/145/139 134/144/138 135/146/140
f 101/145/139 135/146/140 100/147/141
f 100/147/141 135/146/140 136/148/142
f 100/147/141 136/148/142 99/149/143
f 99/149/143 136/148/142 137/150/144
f 99/149/143 137/150/144 98/101/97
f 98/101/97 137/150/144 138/102/98
f 146/151/145 186/152/146 145/153/147
f 145/153/147 186/152/146 187/154/148
f 145/153/147 187/154/148 168/155/149
f 168/155/149 187/154/148 188/156/150
f 168/155/149 188/156/150 167/157/151
f 167/157/151 188/156/150 189/158/152
f 167/157/151 189/158/152 166/159/153
f 166/159/153 189/158/152 190/160/154
f 166/159/153 190/160/154 165/161/155
f 165/161/155 190/160/154 191/162/156
f 165/161/155 191/162/156 164/163/157
f 164/163/157 191/162/156 192/164/158
f 164/163/157 192/164/158 163/165/159
f 163/165/159 192/164/158 169/166/160
f 163/167/159 169/168/160 162/169/161
f 162/169/161 169/168/160 170/170/162
f 162/169/161 170/170/162 161/171/163
f 161/171/163 170/170/162 171/172/164
f 161/171/163 171/172/164 160/173/165
f 160/173/165 171/172/164 172/174/166
f 160/173/165 172/174/166 159/175/167
f 159/175/167 172/174/166 173/176/168
f 159/175/167 173/176/168 158/177/169
f 158/177/169 173/176/168 174/178/170
f 158/177/169 174/178/170 157/179/171
f 157/179/171 174/178/170 175/180/172
f 157/179/171 175/180/172 156/181/173
f 156/181/173 175/180/172 176/182/174
f 156/181/173 176/182/174 155/183/175
f 155/183/175 176/182/174 177/184/176
f 155/183/175 177/184/176 154/185/177
f 154/185/177 177/184/176 178/186/178
f 154/185/177 178/186/178 153/187/179
f 153/187/179 178/186/178 179/188/180
f 153/187/179 179/188/180 152/189/181
f 152/189/181 179/188/180 180/190/182
f 152/189/181 180/190/182 151/191/183
f 151/191/183 180/190/182 181/192/184
f 151/191/183 181/192/184 150/193/185
f 150/193/185 181/192/184 182/194/186
f 150/193/185 182/194/186 149/195/187
f 149/195/187 182/194/186 183/196/188
f 149/195/187 183/196/188 148/197/189
f 148/197/189 183/196/188 184/198/190
f 148/197/189 184/198/190 147/199/191
f 147/199/191 184/198/190 185/200/192
f 147/199/191 185/200/192 146/151/145
f 146/151/145 185/200/192 186/152/146
usemtl Steel_-_Satin
f 194/201/193 228/202/194 193/203/195
f 193/203/195 228/202/194 229/204/196
f 193/203/195 229/204/196 216/205/197
f 216/205/197 229/204/196 230/206/198
f 216/205/197 230/206/198 215/207/199
f 215/207/199 230/206/198 231/208/200
f 215/207/199 231/208/200 214/209/201
f 214/209/201 231/208/200 232/210/202
f 214/209/201 232/210/202 213/211/203
f 213/211/203 232/210/202 233/212/204
f 213/211/203 233/212/204 212/213/205
f 212/213/205 233/212/204 234/214/206
f 212/213/205 234/214/206 211/215/207
f 211/215/207 234/214/206 235/216/208
f 211/215/207 235/216/208 210/217/209
f 210/217/209 235/216/208 236/218/210
f 210/217/209 236/218/210 209/219/211
f 209/219/211 236/218/210 237/220/212
f 209/219/211 237/220/212 208/221/213
f 208/221/213 237/220/212 238/222/214
f 208/221/213 238/222/214 207/223/215
f 207/223/215 238/222/214 239/224/216
f 207/223/215 239/224/216 206/225/217
f 206/225/217 239/224/216 240/226/218
f 206/225/217 240/226/218 205/227/219
f 205/227/219 240/226/218 217/228/220
f 205/229/219 217/230/220 204/231/221
f 204/231/221 217/230/220 218/232/222
f 204/231/221 218/232/222 203/233/223
f 203/233/223 218/232/222 219/234/224
f 203/233/223 219/234/224 202/235/225
f 202/235/225 219/234/224 220/236/226
f 202/235/225 220/236/226 201/237/227
f 201/237/227 220/236/226 221/238/228
f 201/237/227 221/238/228 200/239/229
f 200/239/229 221/238/228 222/240/230
f 200/239/229 222/240/230 199/241/231
f 199/241/231 222/240/230 223/242/232
f 199/241/231 223/242/232 198/243/233
f 198/243/233 223/242/232 224/244/234
f 198/243/233 224/244/234 197/245/235
f 197/245/235 224/244/234 225/246/236
f 197/245/235 225/246/236 196/247/237
f 196/247/237 225/246/236 226/248/238
f 196/247/237 226/248/238 195/249/239
f 195/249/239 226/248/238 227/250/240
f 195/249/239 227/250/240 194/201/193
f 194/201/193 227/250/240 228/202/194
f 242/251/241 276/252/242 241/253/243
f 241/253/243 276/252/242 277/254/244
f 241/253/243 277/254/244 264/255/245
f 264/255/245 277/254/244 278/256/246
f 264/255/245 278/256/246 263/257/247
f 263/257/247 278/256/246 279/258/248
f 263/257/247 279/258/248 262/259/249
f 262/259/249 279/258/248 280/260/250
f 262/259/249 280/260/250 261/261/251
f 261/261/251 280/260/250 281/262/252
f 261/261/251 281/262/252 260/263/253
f 260/263/253 281/262/252 282/264/254
f 260/263/253 282/264/254 259/265/255
f 259/265/255 282/264/254 283/266/256
f 259/265/255 283/266/256 258/267/257
f 258/267/257 283/266/256 284/268/258
f 258/267/257 284/268/258 257/269/259
f 257/269/259 284/268/258 285/270/260
f 257/269/259 285/270/260 256/271/261
f 256/271/261 285/270/260 286/272/262
f 256/271/261 286/272/262 255/273/263
f 255/273/263 286/272/262 287/274/264
f 255/273/263 287/274/264 254/275/265
f 254/275/265 287/274/264 288/276/266
f 254/275/265 288/276/266 253/277/267
f 253/277/267 288/276/266 265/278/268
f 253/279/267 265/280/268 252/281/269
f 252/281/269 265/280/268 266/282/270
f 252/281/269 266/282/270 251/283/271
f 251/283/271 266/282/270 267/284/272
f 251/283/271 267/284/272 250/285/273
f 250/285/273 267/284/272 268/286/274
f 250/285/273 268/286/274 249/287/275
f 249/287/275 268/286/274 269/288/276
f 249/287/275 269/288/276 248/289/277
f 248/289/277 269/288/276 270/290/278
f 248/289/277 270/290/278 247/291/279
f 247/291/279 270/290/278 271/292/280
f 247/291/279 271/292/280 246/293/281
f 246/293/281 271/292/280 272/294/282
f 246/293/281 272/294/282 245/295/283
f 245/295/283 272/294/282 273/296/284
f 245/295/283 273/296/284 244/297/285
f 244/297/285 273/296/284 274/298/286
f 244/297/285 274/298/286 243/299/287
f 243/299/287 274/298/286 275/300/288
f 243/299/287 275/300/288 242/251/241
f 242/251/241 275/300/288 276/252/242
f 290/301/289 347/302/290 289/303/291
f 289/303/291 347/302/290 348/304/292
f 289/303/291 348/304/292 312/305/293
f 312/305/293 348/304/292 311/306/294
f 311/306/294 348/304/292 310/307/295
f 310/307/295 348/304/292 309/308/296
f 309/308/296 348/304/292 308/309/297
f 308/309/297 348/304/292 307/310/298
f 307/310/298 348/304/292 349/311/299
f 307/310/298 349/311/299 306/312/300
f 306/312/300 349/311/299 305/313/301
f 305/313/301 349/311/299 304/314/302
f 304/314/302 349/311/299 303/315/303
f 303/315/303 349/311/299 302/316/304
f 302/316/304 349/311/299 301/317/305
f 301/317/305 349/311/299 378/318/306
f 301/317/305 378/318/306 379/319/307
f 290/301/289 291/320/308 347/302/290
f 347/302/290 291/320/308 292/321/309
f 347/302/290 292/321/309 293/322/310
f 293/322/310 294/323/311 347/302/290
f 347/302/290 294/323/311 295/324/312
f 347/302/290 295/324/312 296/325/313
f 347/302/290 296/325/313 383/326/314
f 383/326/314 296/325/313 297/327/315
f 383/326/314 297/327/315 382/328/316
f 382/328/316 297/327/315 298/329/317
f 382/328/316 298/329/317 381/330/318
f 381/330/318 298/329/317 299/331/319
f 381/330/318 299/331/319 380/332/320
f 380/332/320 299/331/319 300/333/321
f 380/332/320 300/333/321 379/319/307
f 379/319/307 300/333/321 301/317/305
f 314/334/322 360/335/323 313/336/324
f 313/336/324 360/335/323 361/337/325
f 313/336/324 361/337/325 344/338/326
f 344/338/326 361/337/325 362/339/327
f 344/338/326 362/339/327 343/340/328
f 343/340/328 362/339/327 363/341/329
f 343/340/328 363/341/329 364/342/330
f 360/335/323 314/334/322 359/343/331
f 359/343/331 314/334/322 315/344/332
f 359/343/331 315/344/332 358/345/333
f 358/345/333 315/344/332 316/346/334
f 358/345/333 316/346/334 357/347/335
f 357/347/335 316/346/334 317/348/336
f 357/347/335 317/348/336 356/349/337
f 356/349/337 317/348/336 318/350/338
f 356/349/337 318/350/338 346/351/339
f 346/351/339 318/350/338 319/352/340
f 346/351/339 319/352/340 320/353/341
f 320/353/341 321/354/342 346/351/339
f 346/351/339 321/354/342 322/355/343
f 346/351/339 322/355/343 323/356/344
f 323/356/344 324/357/345 346/351/339
f 346/351/339 324/357/345 325/358/346
f 346/351/339 325/358/346 345/359/347
f 345/359/347 325/358/346 326/360/348
f 345/359/347 326/360/348 327/361/349
f 327/361/349 328/362/350 345/359/347
f 345/359/347 328/362/350 329/363/351
f 345/359/347 329/363/351 330/364/352
f 330/364/352 331/365/353 345/359/347
f 345/359/347 331/365/353 344/338/326
f 344/338/326 331/365/353 332/366/354
f 344/338/326 332/366/354 333/367/355
f 333/367/355 334/368/356 344/338/326
f 344/338/326 334/368/356 335/369/357
f 344/338/326 335/369/357 336/370/358
f 336/370/358 313/336/324 344/338/326
f 337/371/359 338/372/360 352/373/361
f 352/373/361 338/372/360 351/374/362
f 351/374/362 338/372/360 370/375/363
f 351/374/362 370/375/363 371/376/364
f 338/372/360 339/377/365 370/375/363
f 370/375/363 339/377/365 369/378/366
f 369/378/366 339/377/365 342/379/367
f 369/378/366 342/379/367 368/380/368
f 368/380/368 342/379/367 367/381/369
f 367/381/369 342/379/367 366/382/370
f 366/382/370 342/379/367 365/383/371
f 365/383/371 342/379/367 343/340/328
f 365/383/371 343/340/328 364/342/330
f 340/384/372 341/385/373 339/377/365
f 339/377/365 341/385/373 342/379/367
f 347/302/290 354/386/374 346/351/339
f 346/351/339 354/386/374 355/387/375
f 346/351/339 355/387/375 356/349/337
f 378/318/306 349/311/299 377/388/376
f 377/388/376 349/311/299 350/389/377
f 377/388/376 350/389/377 376/390/378
f 376/390/378 350/389/377 375/391/379
f 375/391/379 350/389/377 374/392/380
f 374/392/380 350/389/377 351/374/362
f 374/392/380 351/374/362 373/393/381
f 373/393/381 351/374/362 372/394/382
f 372/394/382 351/374/362 371/376/364
f 384/395/383 353/396/384 347/302/290
f 347/302/290 353/396/384 354/386/374
f 383/326/314 384/395/383 347/302/290
usemtl Opaque(255,0,0)
f 388/397/385 385/398/386 337/399/387
f 337/399/387 385/398/386 386/400/388
f 337/399/387 386/400/388 338/401/389
f 337/399/387 387/402/390 388/397/385
usemtl Opaque(255,255,135)
f 389/403/391 438/404/392 388/405/393
f 388/405/393 438/404/392 456/406/394
f 388/405/393 456/406/394 457/407/395
f 390/408/396 395/409/397 389/403/391
f 389/403/391 395/409/397 431/410/398
f 389/403/391 431/410/398 432/411/399
f 391/412/400 392/413/401 390/408/396
f 390/408/396 392/413/401 395/409/397
f 393/414/402 394/415/403 392/413/401
f 392/413/401 394/415/403 395/409/397
f 431/410/398 395/409/397 430/416/404
f 430/416/404 395/409/397 396/417/405
f 430/416/404 396/417/405 429/418/406
f 429/418/406 396/417/405 428/419/407
f 428/419/407 396/417/405 427/420/408
f 427/420/408 396/417/405 426/421/409
f 426/421/409 396/417/405 425/422/410
f 425/422/410 396/417/405 424/423/411
f 424/423/411 396/417/405 423/424/412
f 423/424/412 396/417/405 422/425/413
f 422/425/413 396/417/405 403/426/414
f 422/425/413 403/426/414 421/427/415
f 421/427/415 403/426/414 420/428/416
f 420/428/416 403/426/414 404/429/417
f 420/428/416 404/429/417 450/430/418
f 450/430/418 404/429/417 449/431/419
f 449/431/419 404/429/417 448/432/420
f 448/432/420 404/429/417 411/433/421
f 448/432/420 411/433/421 447/434/422
f 447/434/422 411/433/421 446/435/423
f 446/435/423 411/433/421 445/436/424
f 445/436/424 411/433/421 444/437/425
f 444/437/425 411/433/421 443/438/426
f 443/438/426 411/433/421 442/439/427
f 442/439/427 411/433/421 441/440/428
f 441/440/428 411/433/421 464/441/429
f 464/441/429 411/433/421 412/442/430
f 464/441/429 412/442/430 463/443/431
f 463/443/431 412/442/430 388/405/393
f 463/443/431 388/405/393 462/444/432
f 462/444/432 388/405/393 461/445/433
f 461/445/433 388/405/393 460/446/434
f 460/446/434 388/405/393 459/447/435
f 459/447/435 388/405/393 458/448/436
f 458/448/436 388/405/393 457/407/395
f 396/417/405 397/449/437 403/426/414
f 403/426/414 397/449/437 398/450/438
f 403/426/414 398/450/438 399/451/439
f 399/451/439 400/452/440 403/426/414
f 403/426/414 400/452/440 401/453/441
f 403/426/414 401/453/441 402/454/442
f 405/455/443 406/456/444 404/429/417
f 404/429/417 406/456/444 407/457/445
f 404/429/417 407/457/445 408/458/446
f 408/458/446 409/459/447 404/429/417
f 404/429/417 409/459/447 410/460/448
f 404/429/417 410/460/448 411/433/421
f 413/461/449 415/462/450 412/442/430
f 412/442/430 415/462/450 385/463/451
f 412/442/430 385/463/451 388/405/393
f 413/461/449 414/464/452 415/462/450
f 415/462/450 416/465/453 385/463/451
f 418/466/454 452/467/455 417/468/456
f 417/468/456 452/467/455 453/469/457
f 417/468/456 453/469/457 440/470/458
f 440/470/458 453/469/457 454/471/459
f 440/470/458 454/471/459 439/472/460
f 439/472/460 454/471/459 455/473/461
f 439/472/460 455/473/461 438/404/392
f 438/404/392 455/473/461 456/406/394
f 418/466/454 419/474/462 452/467/455
f 452/467/455 419/474/462 451/475/463
f 451/475/463 419/474/462 420/428/416
f 451/475/463 420/428/416 450/430/418
f 432/411/399 433/476/464 389/403/391
f 389/403/391 433/476/464 434/477/465
f 389/403/391 434/477/465 435/478/466
f 435/478/466 436/479/467 389/403/391
f 389/403/391 436/479/467 437/480/468
f 389/403/391 437/480/468 438/404/392
f 389/481/469 388/482/470 465/483/471
f 465/483/471 388/482/470 387/484/472
usemtl Opaque(255,0,0)
f 465/485/473 340/486/474 389/487/475
f 389/487/475 340/486/474 390/488/476
f 390/488/476 340/486/474 466/489/477
f 466/489/477 340/486/474 339/490/478
usemtl Steel_-_Satin
f 385/491/479 416/492/480 386/493/481
f 386/493/481 416/492/480 467/494/482
f 386/493/481 467/494/482 103/495/483
f 103/495/483 467/494/482 104/496/484
f 104/496/484 467/494/482 105/497/485
f 105/497/485 467/494/482 106/498/486
f 106/498/486 467/494/482 214/499/487
f 106/498/486 214/499/487 107/500/488
f 107/500/488 214/499/487 213/501/489
f 107/500/488 213/501/489 108/502/490
f 108/502/490 213/501/489 212/503/491
f 108/502/490 212/503/491 109/504/492
f 109/504/492 212/503/491 211/505/493
f 109/504/492 211/505/493 110/506/494
f 110/506/494 211/505/493 210/507/495
f 110/506/494 210/507/495 111/508/496
f 111/508/496 210/507/495 209/509/497
f 111/508/496 209/509/497 112/510/498
f 112/510/498 209/509/497 208/511/499
f 112/510/498 208/511/499 113/512/500
f 113/512/500 208/511/499 207/513/501
f 113/512/500 207/513/501 263/514/502
f 263/514/502 207/513/501 264/515/503
f 264/515/503 207/513/501 206/516/504
f 264/515/503 206/516/504 241/517/505
f 241/517/505 206/516/504 205/518/506
f 241/517/505 205/518/506 242/519/507
f 242/519/507 205/518/506 204/520/508
f 242/519/507 204/520/508 150/521/509
f 150/521/509 204/520/508 68/522/510
f 150/521/509 68/522/510 151/523/511
f 151/523/511 68/522/510 67/524/512
f 151/523/511 67/524/512 152/525/513
f 152/525/513 67/524/512 66/526/514
f 152/525/513 66/526/514 153/527/515
f 153/527/515 66/526/514 65/528/516
f 153/527/515 65/528/516 154/529/517
f 154/529/517 65/528/516 64/530/518
f 154/529/517 64/530/518 155/531/519
f 155/531/519 64/530/518 63/532/520
f 155/531/519 63/532/520 156/533/521
f 156/533/521 63/532/520 62/534/522
f 156/533/521 62/534/522 470/535/523
f 470/535/523 62/534/522 469/536/524
f 469/536/524 62/534/522 61/537/525
f 469/536/524 61/537/525 60/538/526
f 468/539/527 503/540/528 467/494/482
f 467/494/482 503/540/528 504/541/529
f 467/494/482 504/541/529 505/542/530
f 469/536/524 497/543/531 468/539/527
f 468/539/527 497/543/531 498/544/532
f 468/539/527 498/544/532 499/545/533
f 471/546/534 485/547/535 470/535/523
f 470/535/523 485/547/535 486/548/536
f 470/535/523 486/548/536 487/549/537
f 472/550/538 479/551/539 471/546/534
f 471/546/534 479/551/539 480/552/540
f 471/546/534 480/552/540 481/553/541
f 391/554/542 466/555/543 472/550/538
f 472/550/538 466/555/543 19/556/544
f 472/550/538 19/556/544 18/557/545
f 391/554/542 390/558/546 466/555/543
f 386/493/481 4/559/547 466/555/543
f 466/555/543 4/559/547 3/560/548
f 466/555/543 3/560/548 2/561/549
f 2/561/549 1/562/550 466/555/543
f 466/555/543 1/562/550 24/563/551
f 466/555/543 24/563/551 23/564/552
f 23/564/552 22/565/553 466/555/543
f 466/555/543 22/565/553 21/566/554
f 466/555/543 21/566/554 20/567/555
f 20/567/555 19/556/544 466/555/543
f 18/557/545 17/568/556 472/550/538
f 472/550/538 17/568/556 16/569/557
f 472/550/538 16/569/557 256/570/558
f 256/570/558 16/569/557 15/571/559
f 256/570/558 15/571/559 257/572/560
f 257/572/560 15/571/559 14/573/561
f 257/572/560 14/573/561 258/574/562
f 258/574/562 14/573/561 13/575/563
f 258/574/562 13/575/563 259/576/564
f 259/576/564 13/575/563 12/577/565
f 259/576/564 12/577/565 260/578/566
f 260/578/566 12/577/565 11/579/567
f 260/578/566 11/579/567 261/580/568
f 261/580/568 11/579/567 10/581/569
f 261/580/568 10/581/569 262/582/570
f 262/582/570 10/581/569 9/583/571
f 262/582/570 9/583/571 263/514/502
f 263/514/502 9/583/571 113/512/500
f 113/512/500 9/583/571 114/584/572
f 114/584/572 9/583/571 8/585/573
f 114/584/572 8/585/573 115/586/574
f 115/586/574 8/585/573 7/587/575
f 115/586/574 7/587/575 116/588/576
f 116/588/576 7/587/575 6/589/577
f 116/588/576 6/589/577 117/590/578
f 117/590/578 6/589/577 5/591/579
f 117/590/578 5/591/579 118/592/580
f 118/592/580 5/591/579 4/559/547
f 118/592/580 4/559/547 386/493/481
f 72/593/581 199/594/582 49/595/583
f 49/595/583 199/594/582 198/596/584
f 49/595/583 198/596/584 50/597/585
f 50/597/585 198/596/584 197/598/586
f 50/597/585 197/598/586 51/599/587
f 51/599/587 197/598/586 196/600/588
f 51/599/587 196/600/588 52/601/589
f 52/601/589 196/600/588 467/494/482
f 52/601/589 467/494/482 53/602/590
f 53/602/590 467/494/482 54/603/591
f 54/603/591 467/494/482 55/604/592
f 55/604/592 467/494/482 509/605/593
f 55/604/592 509/605/593 510/606/594
f 199/594/582 72/593/581 200/607/595
f 200/607/595 72/593/581 71/608/596
f 200/607/595 71/608/596 201/609/597
f 201/609/597 71/608/596 70/610/598
f 201/609/597 70/610/598 202/611/599
f 202/611/599 70/610/598 69/612/600
f 202/611/599 69/612/600 203/613/601
f 203/613/601 69/612/600 68/522/510
f 203/613/601 68/522/510 204/520/508
f 60/538/526 59/614/602 469/536/524
f 469/536/524 59/614/602 513/615/603
f 469/536/524 513/615/603 514/616/604
f 59/614/602 58/617/605 513/615/603
f 513/615/603 58/617/605 512/618/606
f 512/618/606 58/617/605 57/619/607
f 512/618/606 57/619/607 511/620/608
f 511/620/608 57/619/607 56/621/609
f 511/620/608 56/621/609 510/606/594
f 510/606/594 56/621/609 55/604/592
f 98/622/610 97/623/611 386/493/481
f 386/493/481 97/623/611 120/624/612
f 386/493/481 120/624/612 119/625/613
f 119/625/613 118/592/580 386/493/481
f 103/495/483 102/626/614 386/493/481
f 386/493/481 102/626/614 101/627/615
f 386/493/481 101/627/615 100/628/616
f 100/628/616 99/629/617 386/493/481
f 386/493/481 99/629/617 98/622/610
f 474/630/618 472/550/538 473/631/619
f 473/631/619 472/550/538 163/632/620
f 473/631/619 163/632/620 496/633/621
f 496/633/621 163/632/620 162/634/622
f 496/633/621 162/634/622 495/635/623
f 495/635/623 162/634/622 161/636/624
f 495/635/623 161/636/624 494/637/625
f 494/637/625 161/636/624 160/638/626
f 494/637/625 160/638/626 493/639/627
f 493/639/627 160/638/626 159/640/628
f 493/639/627 159/640/628 470/535/523
f 470/535/523 159/640/628 158/641/629
f 470/535/523 158/641/629 157/642/630
f 474/630/618 475/643/631 472/550/538
f 472/550/538 475/643/631 476/644/632
f 472/550/538 476/644/632 477/645/633
f 477/645/633 478/646/634 472/550/538
f 472/550/538 478/646/634 479/551/539
f 481/553/541 482/647/635 471/546/534
f 471/546/534 482/647/635 483/648/636
f 471/546/534 483/648/636 484/649/637
f 484/649/637 485/547/535 471/546/534
f 487/549/537 488/650/638 470/535/523
f 470/535/523 488/650/638 489/651/639
f 470/535/523 489/651/639 490/652/640
f 490/652/640 491/653/641 470/535/523
f 470/535/523 491/653/641 492/654/642
f 470/535/523 492/654/642 493/639/627
f 499/545/533 500/655/643 468/539/527
f 468/539/527 500/655/643 501/656/644
f 468/539/527 501/656/644 502/657/645
f 502/657/645 503/540/528 468/539/527
f 505/542/530 506/658/646 467/494/482
f 467/494/482 506/658/646 507/659/647
f 467/494/482 507/659/647 508/660/648
f 508/660/648 509/605/593 467/494/482
f 514/616/604 515/661/649 469/536/524
f 469/536/524 515/661/649 516/662/650
f 469/536/524 516/662/650 517/663/651
f 517/663/651 518/664/652 469/536/524
f 469/536/524 518/664/652 519/665/653
f 469/536/524 519/665/653 520/666/654
f 520/666/654 497/543/531 469/536/524
f 168/667/655 248/668/656 145/669/657
f 145/669/657 248/668/656 247/670/658
f 145/669/657 247/670/658 146/671/659
f 146/671/659 247/670/658 246/672/660
f 146/671/659 246/672/660 147/673/661
f 147/673/661 246/672/660 245/674/662
f 147/673/661 245/674/662 148/675/663
f 148/675/663 245/674/662 244/676/664
f 148/675/663 244/676/664 149/677/665
f 149/677/665 244/676/664 243/678/666
f 149/677/665 243/678/666 150/521/509
f 150/521/509 243/678/666 242/519/507
f 248/668/656 168/667/655 249/679/667
f 249/679/667 168/667/655 167/680/668
f 249/679/667 167/680/668 250/681/669
f 250/681/669 167/680/668 166/682/670
f 250/681/669 166/682/670 472/550/538
f 472/550/538 166/682/670 165/683/671
f 472/550/538 165/683/671 164/684/672
f 164/684/672 163/632/620 472/550/538
f 157/642/630 156/533/521 470/535/523
f 194/685/673 193/686/674 467/494/482
f 467/494/482 193/686/674 216/687/675
f 467/494/482 216/687/675 215/688/676
f 215/688/676 214/499/487 467/494/482
f 196/600/588 195/689/677 467/494/482
f 467/494/482 195/689/677 194/685/673
f 256/570/558 255/690/678 472/550/538
f 472/550/538 255/690/678 254/691/679
f 472/550/538 254/691/679 253/692/680
f 253/692/680 252/693/681 472/550/538
f 472/550/538 252/693/681 251/694/682
f 472/550/538 251/694/682 250/681/669
usemtl Opaque(255,255,135)
f 338/695/683 386/696/684 339/697/685
f 339/697/685 386/696/684 466/698/686
usemtl Steel_-_Satin
f 344/699/687 343/700/688 472/701/689
f 472/701/689 343/700/688 391/702/690
f 391/702/690 343/700/688 392/703/691
f 392/703/691 343/700/688 521/704/692
f 344/705/693 472/706/694 345/707/695
f 345/707/695 472/706/694 471/708/696
f 346/709/697 345/710/698 470/711/699
f 470/711/699 345/710/698 471/712/700
f 469/713/701 347/714/702 470/715/703
f 470/715/703 347/714/702 346/716/704
f 348/717/705 347/718/706 468/719/707
f 468/719/707 347/718/706 469/720/708
f 467/721/709 349/722/710 468/723/711
f 468/723/711 349/722/710 348/724/712
f 349/725/713 467/726/714 350/727/715
f 350/727/715 467/726/714 416/728/716
f 350/727/715 416/728/716 415/729/717
f 415/729/717 522/730/718 350/727/715
f 523/731/719 524/732/720 522/733/721
f 522/733/721 524/732/720 525/734/722
f 522/733/721 525/734/722 351/735/723
f 351/735/723 350/736/724 522/733/721
f 525/737/725 526/738/726 351/739/727
f 351/739/727 526/738/726 352/740/728
usemtl Opaque(255,255,135)
f 387/741/729 545/742/730 465/743/731
f 465/743/731 545/742/730 546/744/732
f 465/743/731 546/744/732 547/745/733
f 337/746/734 526/747/735 387/741/729
f 387/741/729 526/747/735 569/748/736
f 387/741/729 569/748/736 570/749/737
f 337/746/734 352/750/738 526/747/735
f 526/747/735 527/751/739 569/748/736
f 569/748/736 527/751/739 568/752/740
f 568/752/740 527/751/739 591/753/741
f 591/753/741 527/751/739 590/754/742
f 590/754/742 527/751/739 589/755/743
f 589/755/743 527/751/739 588/756/744
f 588/756/744 527/751/739 587/757/745
f 587/757/745 527/751/739 586/758/746
f 586/758/746 527/751/739 534/759/747
f 586/758/746 534/759/747 585/760/748
f 585/760/748 534/759/747 584/761/749
f 584/761/749 534/759/747 583/762/750
f 583/762/750 534/759/747 582/763/751
f 582/763/751 534/759/747 566/764/752
f 582/763/751 566/764/752 581/765/753
f 581/765/753 566/764/752 567/766/754
f 581/765/753 567/766/754 544/767/755
f 528/768/756 529/769/757 527/751/739
f 527/751/739 529/769/757 530/770/758
f 527/751/739 530/770/758 531/771/759
f 531/771/759 532/772/760 527/751/739
f 527/751/739 532/772/760 533/773/761
f 527/751/739 533/773/761 534/759/747
f 534/759/747 535/774/762 566/764/752
f 566/764/752 535/774/762 565/775/763
f 565/775/763 535/774/762 564/776/764
f 564/776/764 535/774/762 563/777/765
f 563/777/765 535/774/762 562/778/766
f 562/778/766 535/774/762 542/779/767
f 562/778/766 542/779/767 561/780/768
f 561/780/768 542/779/767 560/781/769
f 560/781/769 542/779/767 559/782/770
f 559/782/770 542/779/767 558/783/771
f 558/783/771 542/779/767 557/784/772
f 557/784/772 542/779/767 556/785/773
f 556/785/773 542/779/767 555/786/774
f 555/786/774 542/779/767 543/787/775
f 555/786/774 543/787/775 465/743/731
f 465/743/731 543/787/775 340/788/776
f 340/788/776 543/787/775 341/789/777
f 535/774/762 536/790/778 542/779/767
f 542/779/767 536/790/778 537/791/779
f 542/779/767 537/791/779 538/792/780
f 538/792/780 539/793/781 542/779/767
f 542/779/767 539/793/781 540/794/782
f 542/779/767 540/794/782 541/795/783
f 581/765/753 544/767/755 580/796/784
f 580/796/784 544/767/755 545/742/730
f 580/796/784 545/742/730 579/797/785
f 579/797/785 545/742/730 387/741/729
f 579/797/785 387/741/729 578/798/786
f 578/798/786 387/741/729 577/799/787
f 577/799/787 387/741/729 576/800/788
f 576/800/788 387/741/729 575/801/789
f 575/801/789 387/741/729 574/802/790
f 574/802/790 387/741/729 573/803/791
f 573/803/791 387/741/729 572/804/792
f 572/804/792 387/741/729 571/805/793
f 571/805/793 387/741/729 570/749/737
f 547/745/733 548/806/794 465/743/731
f 465/743/731 548/806/794 549/807/795
f 465/743/731 549/807/795 550/808/796
f 550/808/796 551/809/797 465/743/731
f 465/743/731 551/809/797 552/810/798
f 465/743/731 552/810/798 553/811/799
f 553/811/799 554/812/800 465/743/731
f 465/743/731 554/812/800 555/786/774
usemtl Steel_-_Satin
f 342/813/801 341/814/802 592/815/803
f 592/815/803 341/814/802 543/816/804
f 342/817/805 592/818/806 521/819/807
f 521/819/807 592/818/806 593/820/808
f 521/819/807 593/820/808 594/821/809
f 521/819/807 343/822/810 342/817/805
f 595/823/811 602/824/812 594/825/813
f 594/825/813 602/824/812 603/826/814
f 594/825/813 603/826/814 604/827/815
f 596/828/816 597/829/817 595/823/811
f 595/823/811 597/829/817 598/830/818
f 595/823/811 598/830/818 599/831/819
f 599/831/819 600/832/820 595/823/811
f 595/823/811 600/832/820 601/833/821
f 595/823/811 601/833/821 393/834/822
f 392/835/823 619/836/824 393/834/822
f 393/834/822 619/836/824 620/837/825
f 393/834/822 620/837/825 621/838/826
f 521/839/827 614/840/828 392/835/823
f 392/835/823 614/840/828 615/841/829
f 392/835/823 615/841/829 616/842/830
f 594/825/813 608/843/831 521/839/827
f 521/839/827 608/843/831 609/844/832
f 521/839/827 609/844/832 610/845/833
f 604/827/815 605/846/834 594/825/813
f 594/825/813 605/846/834 606/847/835
f 594/825/813 606/847/835 607/848/836
f 607/848/836 608/843/831 594/825/813
f 610/845/833 611/849/837 521/839/827
f 521/839/827 611/849/837 612/850/838
f 521/839/827 612/850/838 613/851/839
f 613/851/839 614/840/828 521/839/827
f 616/842/830 617/852/840 392/835/823
f 392/835/823 617/852/840 618/853/841
f 392/835/823 618/853/841 619/836/824
f 621/838/826 622/854/842 393/834/822
f 393/834/822 622/854/842 623/855/843
f 393/834/822 623/855/843 624/856/844
f 393/834/822 624/856/844 595/823/811
f 595/823/811 624/856/844 625/857/845
f 595/823/811 625/857/845 602/824/812
f 394/858/403 393/859/402 632/860/846
f 632/860/846 393/859/402 601/861/847
f 632/860/846 601/861/847 631/862/848
f 631/862/848 601/861/847 600/863/849
f 631/862/848 600/863/849 630/864/850
f 630/864/850 600/863/849 599/865/851
f 630/864/850 599/865/851 629/866/852
f 629/866/852 599/865/851 598/867/853
f 629/866/852 598/867/853 628/868/854
f 628/868/854 598/867/853 597/869/855
f 628/868/854 597/869/855 627/870/856
f 627/870/856 597/869/855 596/871/857
f 627/870/856 596/871/857 626/872/858
f 626/872/858 596/871/857 595/873/859
f 592/874/860 651/875/861 593/876/862
f 593/876/862 651/875/861 652/877/863
f 593/876/862 652/877/863 653/878/864
f 543/879/865 645/880/866 592/874/860
f 592/874/860 645/880/866 646/881/867
f 592/874/860 646/881/867 647/882/868
f 395/883/869 640/884/870 543/879/865
f 543/879/865 640/884/870 641/885/871
f 543/879/865 641/885/871 642/886/872
f 395/883/869 394/887/873 640/884/870
f 640/884/870 394/887/873 639/888/874
f 639/888/874 394/887/873 638/889/875
f 638/889/875 394/887/873 637/890/876
f 637/890/876 394/887/873 636/891/877
f 636/891/877 394/887/873 635/892/878
f 635/892/878 394/887/873 626/893/879
f 635/892/878 626/893/879 634/894/880
f 634/894/880 626/893/879 633/895/881
f 633/895/881 626/893/879 593/876/862
f 633/895/881 593/876/862 656/896/882
f 656/896/882 593/876/862 655/897/883
f 655/897/883 593/876/862 654/898/884
f 654/898/884 593/876/862 653/878/864
f 394/887/873 632/899/885 626/893/879
f 626/893/879 632/899/885 631/900/886
f 626/893/879 631/900/886 630/901/887
f 630/901/887 629/902/888 626/893/879
f 626/893/879 629/902/888 628/903/889
f 626/893/879 628/903/889 627/904/890
f 642/886/872 643/905/891 543/879/865
f 543/879/865 643/905/891 644/906/892
f 543/879/865 644/906/892 645/880/866
f 647/882/868 648/907/893 592/874/860
f 592/874/860 648/907/893 649/908/894
f 592/874/860 649/908/894 650/909/895
f 650/909/895 651/875/861 592/874/860
f 593/910/896 626/911/858 594/912/897
f 594/912/897 626/911/858 595/913/859
f 395/914/898 543/915/899 396/916/900
f 396/916/900 543/915/899 542/917/901
f 535/918/902 403/919/903 536/920/904
f 536/920/904 403/919/903 402/921/905
f 536/920/904 402/921/905 537/922/906
f 537/922/906 402/921/905 401/923/907
f 537/922/906 401/923/907 538/924/908
f 538/924/908 401/923/907 400/925/909
f 538/924/908 400/925/909 539/926/910
f 539/926/910 400/925/909 399/927/911
f 539/926/910 399/927/911 540/928/912
f 540/928/912 399/927/911 398/929/913
f 540/928/912 398/929/913 541/930/914
f 541/930/914 398/929/913 397/931/915
f 541/930/914 397/931/915 542/932/901
f 542/932/901 397/931/915 396/933/900
f 535/934/902 534/935/916 403/936/903
f 403/936/903 534/935/916 404/937/917
f 404/938/917 534/939/916 405/940/918
f 405/940/918 534/939/916 533/941/919
f 405/940/918 533/941/919 406/942/920
f 406/942/920 533/941/919 532/943/921
f 406/942/920 532/943/921 407/944/922
f 407/944/922 532/943/921 531/945/923
f 407/944/922 531/945/923 408/946/924
f 408/946/924 531/945/923 530/947/925
f 408/946/924 530/947/925 409/948/926
f 409/948/926 530/947/925 529/949/927
f 409/948/926 529/949/927 410/950/928
f 410/950/928 529/949/927 528/951/929
f 410/950/928 528/951/929 411/952/930
f 411/952/930 528/951/929 527/953/931
f 526/954/932 412/955/933 527/956/931
f 527/956/931 412/955/933 411/957/930
f 524/958/934 678/959/935 525/960/936
f 525/960/936 678/959/935 679/961/937
f 525/960/936 679/961/937 680/962/938
f 657/963/939 671/964/940 524/958/934
f 524/958/934 671/964/940 672/965/941
f 524/958/934 672/965/941 673/966/942
f 658/967/943 659/968/944 657/963/939
f 657/963/939 659/968/944 660/969/945
f 657/963/939 660/969/945 661/970/946
f 661/970/946 662/971/947 657/963/939
f 657/963/939 662/971/947 663/972/948
f 657/963/939 663/972/948 413/973/949
f 412/974/950 664/975/951 413/973/949
f 413/973/949 664/975/951 665/976/952
f 413/973/949 665/976/952 666/977/953
f 412/974/950 526/978/954 664/975/951
f 664/975/951 526/978/954 689/979/955
f 689/979/955 526/978/954 688/980/956
f 688/980/956 526/978/954 687/981/957
f 687/981/957 526/978/954 686/982/958
f 686/982/958 526/978/954 685/983/959
f 685/983/959 526/978/954 684/984/960
f 684/984/960 526/978/954 525/960/936
f 684/984/960 525/960/936 683/985/961
f 683/985/961 525/960/936 682/986/962
f 682/986/962 525/960/936 681/987/963
f 681/987/963 525/960/936 680/962/938
f 666/977/953 667/988/964 413/973/949
f 413/973/949 667/988/964 668/989/965
f 413/973/949 668/989/965 657/963/939
f 657/963/939 668/989/965 669/990/966
f 657/963/939 669/990/966 670/991/967
f 670/991/967 671/964/940 657/963/939
f 673/966/942 674/992/968 524/958/934
f 524/958/934 674/992/968 675/993/969
f 524/958/934 675/993/969 676/994/970
f 676/994/970 677/995/971 524/958/934
f 524/958/934 677/995/971 678/959/935
f 657/996/972 690/997/973 658/998/974
f 658/998/974 690/997/973 691/999/975
f 658/998/974 691/999/975 659/1000/976
f 659/1000/976 691/999/975 692/1001/977
f 659/1000/976 692/1001/977 660/1002/978
f 660/1002/978 692/1001/977 693/1003/979
f 660/1002/978 693/1003/979 661/1004/980
f 661/1004/980 693/1003/979 694/1005/981
f 661/1004/980 694/1005/981 662/1006/982
f 662/1006/982 694/1005/981 695/1007/983
f 662/1006/982 695/1007/983 663/1008/984
f 663/1008/984 695/1007/983 696/1009/985
f 663/1008/984 696/1009/985 413/1010/449
f 413/1010/449 696/1009/985 414/1011/452
f 415/1012/986 704/1013/987 522/1014/988
f 522/1014/988 704/1013/987 705/1015/989
f 522/1014/988 705/1015/989 706/1016/990
f 414/1017/991 698/1018/992 415/1012/986
f 415/1012/986 698/1018/992 699/1019/993
f 415/1012/986 699/1019/993 700/1020/994
f 696/1021/995 690/1022/996 414/1017/991
f 414/1017/991 690/1022/996 720/1023/997
f 414/1017/991 720/1023/997 721/1024/998
f 696/1021/995 695/1025/999 690/1022/996
f 690/1022/996 695/1025/999 694/1026/1000
f 690/1022/996 694/1026/1000 693/1027/1001
f 693/1027/1001 692/1028/1002 690/1022/996
f 690/1022/996 692/1028/1002 691/1029/1003
f 523/1030/1004 717/1031/1005 690/1022/996
f 690/1022/996 717/1031/1005 718/1032/1006
f 690/1022/996 718/1032/1006 719/1033/1007
f 522/1014/988 711/1034/1008 523/1030/1004
f 523/1030/1004 711/1034/1008 712/1035/1009
f 523/1030/1004 712/1035/1009 713/1036/1010
f 722/1037/1011 697/1038/1012 414/1017/991
f 414/1017/991 697/1038/1012 698/1018/992
f 700/1020/994 701/1039/1013 415/1012/986
f 415/1012/986 701/1039/1013 702/1040/1014
f 415/1012/986 702/1040/1014 703/1041/1015
f 703/1041/1015 704/1013/987 415/1012/986
f 706/1016/990 707/1042/1016 522/1014/988
f 522/1014/988 707/1042/1016 708/1043/1017
f 522/1014/988 708/1043/1017 709/1044/1018
f 709/1044/1018 710/1045/1019 522/1014/988
f 522/1014/988 710/1045/1019 711/1034/1008
f 713/1036/1010 714/1046/1020 523/1030/1004
f 523/1030/1004 714/1046/1020 715/1047/1021
f 523/1030/1004 715/1047/1021 716/1048/1022
f 716/1048/1022 717/1031/1005 523/1030/1004
f 719/1033/1007 720/1023/997 690/1022/996
f 721/1024/998 722/1037/1011 414/1017/991
f 523/1049/1023 690/1050/973 524/1051/1024
f 524/1051/1024 690/1050/973 657/1052/972
f 677/1053/1025 711/1054/1026 678/1055/1027
f 678/1055/1027 711/1054/1026 710/1056/1028
f 698/1057/1029 664/1058/1030 699/1059/1031
f 699/1059/1031 664/1058/1030 689/1060/1032
f 699/1059/1031 689/1060/1032 700/1061/1033
f 700/1061/1033 689/1060/1032 688/1062/1034
f 700/1061/1033 688/1062/1034 701/1063/1035
f 701/1063/1035 688/1062/1034 687/1064/1036
f 701/1063/1035 687/1064/1036 702/1065/1037
f 702/1065/1037 687/1064/1036 686/1066/1038
f 702/1065/1037 686/1066/1038 703/1067/1039
f 703/1067/1039 686/1066/1038 685/1068/1040
f 703/1067/1039 685/1068/1040 704/1069/1041
f 704/1069/1041 685/1068/1040 684/1070/1042
f 704/1069/1041 684/1070/1042 705/1071/1043
f 705/1071/1043 684/1070/1042 683/1072/1044
f 705/1071/1043 683/1072/1044 706/1073/1045
f 706/1073/1045 683/1072/1044 682/1074/1046
f 706/1073/1045 682/1074/1046 707/1075/1047
f 707/1075/1047 682/1074/1046 681/1076/1048
f 707/1075/1047 681/1076/1048 708/1077/1049
f 708/1077/1049 681/1076/1048 680/1078/1050
f 708/1077/1049 680/1078/1050 709/1079/1051
f 709/1079/1051 680/1078/1050 679/1080/1052
f 709/1079/1051 679/1080/1052 710/1081/1028
f 710/1081/1028 679/1080/1052 678/1082/1027
f 697/1083/1053 665/1084/1054 698/1085/1029
f 698/1085/1029 665/1084/1054 664/1086/1030
f 665/1087/1054 697/1088/1053 666/1089/1055
f 666/1089/1055 697/1088/1053 722/1090/1056
f 666/1089/1055 722/1090/1056 667/1091/1057
f 667/1091/1057 722/1090/1056 721/1092/1058
f 667/1091/1057 721/1092/1058 668/1093/1059
f 668/1093/1059 721/1092/1058 720/1094/1060
f 668/1093/1059 720/1094/1060 669/1095/1061
f 669/1095/1061 720/1094/1060 719/1096/1062
f 669/1095/1061 719/1096/1062 670/1097/1063
f 670/1097/1063 719/1096/1062 718/1098/1064
f 670/1097/1063 718/1098/1064 671/1099/1065
f 671/1099/1065 718/1098/1064 717/1100/1066
f 671/1099/1065 717/1100/1066 672/1101/1067
f 672/1101/1067 717/1100/1066 716/1102/1068
f 672/1101/1067 716/1102/1068 673/1103/1069
f 673/1103/1069 716/1102/1068 715/1104/1070
f 673/1103/1069 715/1104/1070 674/1105/1071
f 674/1105/1071 715/1104/1070 714/1106/1072
f 674/1105/1071 714/1106/1072 675/1107/1073
f 675/1107/1073 714/1106/1072 713/1108/1074
f 675/1107/1073 713/1108/1074 676/1109/1075
f 676/1109/1075 713/1108/1074 712/1110/1076
f 676/1109/1075 712/1110/1076 677/1111/1025
f 677/1111/1025 712/1110/1076 711/1112/1026
f 625/1113/1077 634/1114/1078 602/1115/1079
f 602/1115/1079 634/1114/1078 633/1116/1080
f 602/1115/1079 633/1116/1080 603/1117/1081
f 603/1117/1081 633/1116/1080 656/1118/1082
f 603/1117/1081 656/1118/1082 604/1119/1083
f 604/1119/1083 656/1118/1082 655/1120/1084
f 604/1119/1083 655/1120/1084 605/1121/1085
f 605/1121/1085 655/1120/1084 654/1122/1086
f 605/1121/1085 654/1122/1086 606/1123/1087
f 606/1123/1087 654/1122/1086 653/1124/1088
f 606/1123/1087 653/1124/1088 607/1125/1089
f 607/1125/1089 653/1124/1088 652/1126/1090
f 607/1125/1089 652/1126/1090 608/1127/1091
f 608/1127/1091 652/1126/1090 651/1128/1092
f 608/1127/1091 651/1128/1092 609/1129/1093
f 609/1129/1093 651/1128/1092 650/1130/1094
f 609/1129/1093 650/1130/1094 610/1131/1095
f 610/1131/1095 650/1130/1094 649/1132/1096
f 610/1131/1095 649/1132/1096 611/1133/1097
f 611/1133/1097 649/1132/1096 648/1134/1098
f 611/1133/1097 648/1134/1098 612/1135/1099
f 612/1135/1099 648/1134/1098 647/1136/1100
f 612/1135/1099 647/1136/1100 613/1137/1101
f 613/1137/1101 647/1136/1100 646/1138/1102
f 613/1137/1101 646/1138/1102 614/1139/1103
f 614/1139/1103 646/1138/1102 645/1140/1104
f 614/1141/1103 645/1142/1104 615/1143/1105
f 615/1143/1105 645/1142/1104 644/1144/1106
f 615/1143/1105 644/1144/1106 616/1145/1107
f 616/1145/1107 644/1144/1106 643/1146/1108
f 616/1145/1107 643/1146/1108 617/1147/1109
f 617/1147/1109 643/1146/1108 642/1148/1110
f 617/1147/1109 642/1148/1110 618/1149/1111
f 618/1149/1111 642/1148/1110 641/1150/1112
f 618/1149/1111 641/1150/1112 619/1151/1113
f 619/1151/1113 641/1150/1112 640/1152/1114
f 619/1151/1113 640/1152/1114 620/1153/1115
f 620/1153/1115 640/1152/1114 639/1154/1116
f 620/1153/1115 639/1154/1116 621/1155/1117
f 621/1155/1117 639/1154/1116 638/1156/1118
f 621/1155/1117 638/1156/1118 622/1157/1119
f 622/1157/1119 638/1156/1118 637/1158/1120
f 622/1157/1119 637/1158/1120 623/1159/1121
f 623/1159/1121 637/1158/1120 636/1160/1122
f 623/1159/1121 636/1160/1122 624/1161/1123
f 624/1161/1123 636/1160/1122 635/1162/1124
f 624/1161/1123 635/1162/1124 625/1113/1077
f 625/1113/1077 635/1162/1124 634/1114/1078
usemtl Opaque(255,255,135)
f 567/1163/1125 418/1164/1126 544/1165/1127
f 544/1165/1127 418/1164/1126 417/1166/1128
f 544/1165/1127 417/1166/1128 545/1167/1129
f 545/1167/1129 417/1166/1128 440/1168/1130
f 545/1167/1129 440/1168/1130 546/1169/1131
f 546/1169/1131 440/1168/1130 439/1170/1132
f 546/1169/1131 439/1170/1132 547/1171/1133
f 547/1171/1133 439/1170/1132 438/1172/1134
f 547/1171/1133 438/1172/1134 548/1173/1135
f 548/1173/1135 438/1172/1134 437/1174/1136
f 548/1173/1135 437/1174/1136 549/1175/1137
f 549/1175/1137 437/1174/1136 436/1176/1138
f 549/1175/1137 436/1176/1138 550/1177/1139
f 550/1177/1139 436/1176/1138 435/1178/1140
f 550/1179/1139 435/1180/1140 551/1181/1141
f 551/1181/1141 435/1180/1140 434/1182/1142
f 551/1181/1141 434/1182/1142 552/1183/1143
f 552/1183/1143 434/1182/1142 433/1184/1144
f 552/1183/1143 433/1184/1144 553/1185/1145
f 553/1185/1145 433/1184/1144 432/1186/1146
f 553/1185/1145 432/1186/1146 554/1187/1147
f 554/1187/1147 432/1186/1146 431/1188/1148
f 554/1187/1147 431/1188/1148 555/1189/1149
f 555/1189/1149 431/1188/1148 430/1190/1150
f 555/1189/1149 430/1190/1150 556/1191/1151
f 556/1191/1151 430/1190/1150 429/1192/1152
f 556/1191/1151 429/1192/1152 557/1193/1153
f 557/1193/1153 429/1192/1152 428/1194/1154
f 557/1193/1153 428/1194/1154 558/1195/1155
f 558/1195/1155 428/1194/1154 427/1196/1156
f 558/1195/1155 427/1196/1156 559/1197/1157
f 559/1197/1157 427/1196/1156 426/1198/1158
f 559/1197/1157 426/1198/1158 560/1199/1159
f 560/1199/1159 426/1198/1158 425/1200/1160
f 560/1199/1159 425/1200/1160 561/1201/1161
f 561/1201/1161 425/1200/1160 424/1202/1162
f 561/1201/1161 424/1202/1162 562/1203/1163
f 562/1203/1163 424/1202/1162 423/1204/1164
f 562/1203/1163 423/1204/1164 563/1205/1165
f 563/1205/1165 423/1204/1164 422/1206/1166
f 563/1205/1165 422/1206/1166 564/1207/1167
f 564/1207/1167 422/1206/1166 421/1208/1168
f 564/1207/1167 421/1208/1168 565/1209/1169
f 565/1209/1169 421/1208/1168 420/1210/1170
f 565/1209/1169 420/1210/1170 566/1211/1171
f 566/1211/1171 420/1210/1170 419/1212/1172
f 566/1211/1171 419/1212/1172 567/1163/1125
f 567/1163/1125 419/1212/1172 418/1164/1126
f 591/1213/1173 442/1214/1174 568/1215/1175
f 568/1215/1175 442/1214/1174 441/1216/1176
f 568/1215/1175 441/1216/1176 569/1217/1177
f 569/1217/1177 441/1216/1176 464/1218/1178
f 569/1217/1177 464/1218/1178 570/1219/1179
f 570/1219/1179 464/1218/1178 463/1220/1180
f 570/1219/1179 463/1220/1180 571/1221/1181
f 571/1221/1181 463/1220/1180 462/1222/1182
f 571/1221/1181 462/1222/1182 572/1223/1183
f 572/1223/1183 462/1222/1182 461/1224/1184
f 572/1223/1183 461/1224/1184 573/1225/1185
f 573/1225/1185 461/1224/1184 460/1226/1186
f 573/1225/1185 460/1226/1186 574/1227/1187
f 574/1227/1187 460/1226/1186 459/1228/1188
f 574/1229/1187 459/1230/1188 575/1231/1189
f 575/1231/1189 459/1230/1188 458/1232/1190
f 575/1231/1189 458/1232/1190 576/1233/1191
f 576/1233/1191 458/1232/1190 457/1234/1192
f 576/1233/1191 457/1234/1192 577/1235/1193
f 577/1235/1193 457/1234/1192 456/1236/1194
f 577/1235/1193 456/1236/1194 578/1237/1195
f 578/1237/1195 456/1236/1194 455/1238/1196
f 578/1237/1195 455/1238/1196 579/1239/1197
f 579/1239/1197 455/1238/1196 454/1240/1198
f 579/1239/1197 454/1240/1198 580/1241/1199
f 580/1241/1199 454/1240/1198 453/1242/1200
f 580/1241/1199 453/1242/1200 581/1243/1201
f 581/1243/1201 453/1242/1200 452/1244/1202
f 581/1243/1201 452/1244/1202 582/1245/1203
f 582/1245/1203 452/1244/1202 451/1246/1204
f 582/1245/1203 451/1246/1204 583/1247/1205
f 583/1247/1205 451/1246/1204 450/1248/1206
f 583/1247/1205 450/1248/1206 584/1249/1207
f 584/1249/1207 450/1248/1206 449/1250/1208
f 584/1249/1207 449/1250/1208 585/1251/1209
f 585/1251/1209 449/1250/1208 448/1252/1210
f 585/1251/1209 448/1252/1210 586/1253/1211
f 586/1253/1211 448/1252/1210 447/1254/1212
f 586/1253/1211 447/1254/1212 587/1255/1213
f 587/1255/1213 447/1254/1212 446/1256/1214
f 587/1255/1213 446/1256/1214 588/1257/1215
f 588/1257/1215 446/1256/1214 445/1258/1216
f 588/1257/1215 445/1258/1216 589/1259/1217
f 589/1259/1217 445/1258/1216 444/1260/1218
f 589/1259/1217 444/1260/1218 590/1261/1219
f 590/1261/1219 444/1260/1218 443/1262/1220
f 590/1261/1219 443/1262/1220 591/1213/1173
f 591/1213/1173 443/1262/1220 442/1214/1174
usemtl Steel_-_Satin
f 336/1263/1221 474/1264/1222 313/1265/1223
f 313/1265/1223 474/1264/1222 473/1266/1224
f 313/1267/1223 473/1268/1224 314/1269/1225
f 314/1269/1225 473/1268/1224 496/1270/1226
f 314/1269/1225 496/1270/1226 315/1271/1227
f 315/1271/1227 496/1270/1226 495/1272/1228
f 315/1271/1227 495/1272/1228 316/1273/1229
f 316/1273/1229 495/1272/1228 494/1274/1230
f 316/1273/1229 494/1274/1230 317/1275/1231
f 317/1275/1231 494/1274/1230 493/1276/1232
f 317/1275/1231 493/1276/1232 318/1277/1233
f 318/1277/1233 493/1276/1232 492/1278/1234
f 318/1277/1233 492/1278/1234 319/1279/1235
f 319/1279/1235 492/1278/1234 491/1280/1236
f 319/1279/1235 491/1280/1236 320/1281/1237
f 320/1281/1237 491/1280/1236 490/1282/1238
f 320/1281/1237 490/1282/1238 321/1283/1239
f 321/1283/1239 490/1282/1238 489/1284/1240
f 321/1283/1239 489/1284/1240 322/1285/1241
f 322/1285/1241 489/1284/1240 488/1286/1242
f 322/1285/1241 488/1286/1242 323/1287/1243
f 323/1287/1243 488/1286/1242 487/1288/1244
f 323/1287/1243 487/1288/1244 324/1289/1245
f 324/1289/1245 487/1288/1244 486/1290/1246
f 324/1289/1245 486/1290/1246 325/1291/1247
f 325/1291/1247 486/1290/1246 485/1292/1248
f 325/1291/1247 485/1292/1248 326/1293/1249
f 326/1293/1249 485/1292/1248 484/1294/1250
f 326/1293/1249 484/1294/1250 327/1295/1251
f 327/1295/1251 484/1294/1250 483/1296/1252
f 327/1295/1251 483/1296/1252 328/1297/1253
f 328/1297/1253 483/1296/1252 482/1298/1254
f 328/1297/1253 482/1298/1254 329/1299/1255
f 329/1299/1255 482/1298/1254 481/1300/1256
f 329/1299/1255 481/1300/1256 330/1301/1257
f 330/1301/1257 481/1300/1256 480/1302/1258
f 330/1301/1257 480/1302/1258 331/1303/1259
f 331/1303/1259 480/1302/1258 479/1304/1260
f 331/1303/1259 479/1304/1260 332/1305/1261
f 332/1305/1261 479/1304/1260 478/1306/1262
f 332/1305/1261 478/1306/1262 333/1307/1263
f 333/1307/1263 478/1306/1262 477/1308/1264
f 333/1307/1263 477/1308/1264 334/1309/1265
f 334/1309/1265 477/1308/1264 476/1310/1266
f 334/1309/1265 476/1310/1266 335/1311/1267
f 335/1311/1267 476/1310/1266 475/1312/1268
f 335/1311/1267 475/1312/1268 336/1263/1221
f 336/1263/1221 475/1312/1268 474/1264/1222
f 312/1313/1269 498/1314/1270 289/1315/1271
f 289/1315/1271 498/1314/1270 497/1316/1272
f 289/1317/1271 497/1318/1272 290/1319/1273
f 290/1319/1273 497/1318/1272 520/1320/1274
f 290/1319/1273 520/1320/1274 291/1321/1275
f 291/1321/1275 520/1320/1274 519/1322/1276
f 291/1321/1275 519/1322/1276 292/1323/1277
f 292/1323/1277 519/1322/1276 518/1324/1278
f 292/1323/1277 518/1324/1278 293/1325/1279
f 293/1325/1279 518/1324/1278 517/1326/1280
f 293/1325/1279 517/1326/1280 294/1327/1281
f 294/1327/1281 517/1326/1280 516/1328/1282
f 294/1327/1281 516/1328/1282 295/1329/1283
f 295/1329/1283 516/1328/1282 515/1330/1284
f 295/1329/1283 515/1330/1284 296/1331/1285
f 296/1331/1285 515/1330/1284 514/1332/1286
f 296/1331/1285 514/1332/1286 297/1333/1287
f 297/1333/1287 514/1332/1286 513/1334/1288
f 297/1333/1287 513/1334/1288 298/1335/1289
f 298/1335/1289 513/1334/1288 512/1336/1290
f 298/1335/1289 512/1336/1290 299/1337/1291
f 299/1337/1291 512/1336/1290 511/1338/1292
f 299/1337/1291 511/1338/1292 300/1339/1293
f 300/1339/1293 511/1338/1292 510/1340/1294
f 300/1339/1293 510/1340/1294 301/1341/1295
f 301/1341/1295 510/1340/1294 509/1342/1296
f 301/1341/1295 509/1342/1296 302/1343/1297
f 302/1343/1297 509/1342/1296 508/1344/1298
f 302/1343/1297 508/1344/1298 303/1345/1299
f 303/1345/1299 508/1344/1298 507/1346/1300
f 303/1345/1299 507/1346/1300 304/1347/1301
f 304/1347/1301 507/1346/1300 506/1348/1302
f 304/1347/1301 506/1348/1302 305/1349/1303
f 305/1349/1303 506/1348/1302 505/1350/1304
f 305/1349/1303 505/1350/1304 306/1351/1305
f 306/1351/1305 505/1350/1304 504/1352/1306
f 306/1351/1305 504/1352/1306 307/1353/1307
f 307/1353/1307 504/1352/1306 503/1354/1308
f 307/1353/1307 503/1354/1308 308/1355/1309
f 308/1355/1309 503/1354/1308 502/1356/1310
f 308/1355/1309 502/1356/1310 309/1357/1311
f 309/1357/1311 502/1356/1310 501/1358/1312
f 309/1357/1311 501/1358/1312 310/1359/1313
f 310/1359/1313 501/1358/1312 500/1360/1314
f 310/1359/1313 500/1360/1314 311/1361/1315
f 311/1361/1315 500/1360/1314 499/1362/1316
f 311/1361/1315 499/1362/1316 312/1313/1269
f 312/1313/1269 499/1362/1316 498/1314/1270
f 724/1363/1317 757/1364/1318 723/1365/1319
f 723/1365/1319 757/1364/1318 758/1366/1320
f 723/1365/1319 758/1366/1320 756/1367/1321
f 756/1367/1321 758/1366/1320 755/1368/1322
f 755/1368/1322 758/1366/1320 754/1369/1323
f 754/1369/1323 758/1366/1320 753/1370/1324
f 753/1370/1324 758/1366/1320 752/1371/1325
f 752/1371/1325 758/1366/1320 751/1372/1326
f 751/1372/1326 758/1366/1320 370/1373/1327
f 751/1372/1326 370/1373/1327 750/1374/1328
f 750/1374/1328 370/1373/1327 749/1375/1329
f 749/1375/1329 370/1373/1327 748/1376/1330
f 748/1376/1330 370/1373/1327 747/1377/1331
f 747/1377/1331 370/1373/1327 746/1378/1332
f 746/1378/1332 370/1373/1327 745/1379/1333
f 745/1379/1333 370/1373/1327 744/1380/1334
f 744/1380/1334 370/1373/1327 743/1381/1335
f 743/1381/1335 370/1373/1327 742/1382/1336
f 742/1382/1336 370/1373/1327 741/1383/1337
f 741/1383/1337 370/1373/1327 740/1384/1338
f 740/1384/1338 370/1373/1327 369/1385/1339
f 740/1384/1338 369/1385/1339 739/1386/1340
f 739/1386/1340 369/1385/1339 738/1387/1341
f 738/1387/1341 369/1385/1339 737/1388/1342
f 737/1388/1342 369/1385/1339 736/1389/1343
f 736/1389/1343 369/1385/1339 735/1390/1344
f 735/1390/1344 369/1385/1339 734/1391/1345
f 734/1391/1345 369/1385/1339 733/1392/1346
f 733/1392/1346 369/1385/1339 732/1393/1347
f 732/1393/1347 369/1385/1339 731/1394/1348
f 731/1394/1348 369/1385/1339 730/1395/1349
f 730/1395/1349 369/1385/1339 729/1396/1350
f 729/1396/1350 369/1385/1339 757/1364/1318
f 729/1396/1350 757/1364/1318 728/1397/1351
f 728/1397/1351 757/1364/1318 727/1398/1352
f 727/1398/1352 757/1364/1318 726/1399/1353
f 726/1399/1353 757/1364/1318 725/1400/1354
f 725/1400/1354 757/1364/1318 724/1363/1317
f 757/1401/1318 369/1402/1339 766/1403/1355
f 766/1403/1355 369/1402/1339 368/1404/1356
f 766/1403/1355 368/1404/1356 767/1405/1357
f 767/1405/1357 368/1404/1356 367/1406/1358
f 767/1405/1357 367/1406/1358 768/1407/1359
f 768/1407/1359 367/1406/1358 366/1408/1360
f 768/1407/1359 366/1408/1360 769/1409/1361
f 769/1409/1361 366/1408/1360 365/1410/1362
f 769/1409/1361 365/1410/1362 770/1411/1363
f 770/1411/1363 365/1410/1362 364/1412/1364
f 770/1411/1363 364/1412/1364 771/1413/1365
f 771/1413/1365 364/1412/1364 363/1414/1366
f 771/1413/1365 363/1414/1366 362/1415/1367
f 362/1415/1367 759/1416/1368 771/1413/1365
f 771/1413/1365 759/1416/1368 760/1417/1369
f 771/1413/1365 760/1417/1369 770/1411/1363
f 770/1411/1363 760/1417/1369 761/1418/1370
f 770/1411/1363 761/1418/1370 769/1409/1361
f 769/1409/1361 761/1418/1370 762/1419/1371
f 769/1409/1361 762/1419/1371 768/1407/1359
f 768/1407/1359 762/1419/1371 763/1420/1372
f 768/1407/1359 763/1420/1372 767/1405/1357
f 767/1405/1357 763/1420/1372 764/1421/1373
f 767/1405/1357 764/1421/1373 766/1403/1355
f 766/1403/1355 764/1421/1373 765/1422/1374
f 766/1403/1355 765/1422/1374 757/1401/1318
f 361/1423/1375 772/1424/1376 362/1425/1367
f 362/1425/1367 772/1424/1376 759/1426/1368
f 772/1427/1376 361/1428/1375 780/1429/1377
f 780/1429/1377 361/1428/1375 360/1430/1378
f 780/1429/1377 360/1430/1378 781/1431/1379
f 781/1431/1379 360/1430/1378 359/1432/1380
f 781/1431/1379 359/1432/1380 782/1433/1381
f 782/1433/1381 359/1432/1380 358/1434/1382
f 782/1433/1381 358/1434/1382 783/1435/1383
f 783/1435/1383 358/1434/1382 357/1436/1384
f 783/1435/1383 357/1436/1384 784/1437/1385
f 784/1437/1385 357/1436/1384 356/1438/1386
f 784/1437/1385 356/1438/1386 785/1439/1387
f 785/1439/1387 356/1438/1386 355/1440/1388
f 785/1439/1387 355/1440/1388 354/1441/1389
f 354/1441/1389 773/1442/1390 785/1439/1387
f 785/1439/1387 773/1442/1390 774/1443/1391
f 785/1439/1387 774/1443/1391 784/1437/1385
f 784/1437/1385 774/1443/1391 775/1444/1392
f 784/1437/1385 775/1444/1392 783/1435/1383
f 783/1435/1383 775/1444/1392 776/1445/1393
f 783/1435/1383 776/1445/1393 782/1433/1381
f 782/1433/1381 776/1445/1393 777/1446/1394
f 782/1433/1381 777/1446/1394 781/1431/1379
f 781/1431/1379 777/1446/1394 778/1447/1395
f 781/1431/1379 778/1447/1395 780/1429/1377
f 780/1429/1377 778/1447/1395 779/1448/1396
f 780/1429/1377 779/1448/1396 772/1427/1376
f 265/1449/1397 288/1450/1398 266/1451/1399
f 266/1451/1399 288/1450/1398 267/1452/1400
f 267/1452/1400 288/1450/1398 287/1453/1401
f 267/1452/1400 287/1453/1401 268/1454/1402
f 268/1454/1402 287/1453/1401 286/1455/1403
f 268/1454/1402 286/1455/1403 269/1456/1404
f 269/1456/1404 286/1455/1403 285/1457/1405
f 269/1456/1404 285/1457/1405 270/1458/1406
f 270/1458/1406 285/1457/1405 284/1459/1407
f 270/1458/1406 284/1459/1407 271/1460/1408
f 271/1460/1408 284/1459/1407 283/1461/1409
f 271/1460/1408 283/1461/1409 272/1462/1410
f 272/1462/1410 283/1461/1409 282/1463/1411
f 272/1462/1410 282/1463/1411 273/1464/1412
f 273/1464/1412 282/1463/1411 281/1465/1413
f 273/1464/1412 281/1465/1413 274/1466/1414
f 274/1466/1414 281/1465/1413 280/1467/1415
f 274/1466/1414 280/1467/1415 275/1468/1416
f 275/1468/1416 280/1467/1415 279/1469/1417
f 275/1468/1416 279/1469/1417 276/1470/1418
f 276/1470/1418 279/1469/1417 278/1471/1419
f 276/1470/1418 278/1471/1419 277/1472/1420
f 217/1473/1421 240/1474/1422 218/1475/1423
f 218/1475/1423 240/1474/1422 219/1476/1424
f 219/1476/1424 240/1474/1422 239/1477/1425
f 219/1476/1424 239/1477/1425 220/1478/1426
f 220/1478/1426 239/1477/1425 238/1479/1427
f 220/1478/1426 238/1479/1427 221/1480/1428
f 221/1480/1428 238/1479/1427 237/1481/1429
f 221/1480/1428 237/1481/1429 222/1482/1430
f 222/1482/1430 237/1481/1429 236/1483/1431
f 222/1482/1430 236/1483/1431 223/1484/1432
f 223/1484/1432 236/1483/1431 235/1485/1433
f 223/1484/1432 235/1485/1433 224/1486/1434
f 224/1486/1434 235/1485/1433 234/1487/1435
f 224/1486/1434 234/1487/1435 225/1488/1436
f 225/1488/1436 234/1487/1435 233/1489/1437
f 225/1488/1436 233/1489/1437 226/1490/1438
f 226/1490/1438 233/1489/1437 232/1491/1439
f 226/1490/1438 232/1491/1439 227/1492/1440
f 227/1492/1440 232/1491/1439 231/1493/1441
f 227/1492/1440 231/1493/1441 228/1494/1442
f 228/1494/1442 231/1493/1441 230/1495/1443
f 228/1494/1442 230/1495/1443 229/1496/1444
f 170/1497/1445 169/1498/1446 786/1499/1447
f 786/1499/1447 169/1498/1446 192/1500/1448
f 786/1499/1447 192/1500/1448 809/1501/1449
f 809/1501/1449 192/1500/1448 191/1502/1450
f 809/1501/1449 191/1502/1450 808/1503/1451
f 808/1503/1451 191/1502/1450 190/1504/1452
f 808/1503/1451 190/1504/1452 807/1505/1453
f 807/1505/1453 190/1504/1452 189/1506/1454
f 807/1505/1453 189/1506/1454 806/1507/1455
f 806/1507/1455 189/1506/1454 188/1508/1456
f 806/1507/1455 188/1508/1456 805/1509/1457
f 805/1509/1457 188/1508/1456 804/1510/1458
f 804/1510/1458 188/1508/1456 187/1511/1459
f 804/1510/1458 187/1511/1459 803/1512/1460
f 803/1512/1460 187/1511/1459 186/1513/1461
f 803/1512/1460 186/1513/1461 802/1514/1462
f 802/1514/1462 186/1513/1461 185/1515/1463
f 802/1514/1462 185/1515/1463 801/1516/1464
f 801/1516/1464 185/1515/1463 184/1517/1465
f 801/1516/1464 184/1517/1465 800/1518/1466
f 800/1518/1466 184/1517/1465 183/1519/1467
f 800/1518/1466 183/1519/1467 799/1520/1468
f 799/1520/1468 183/1519/1467 182/1521/1469
f 799/1520/1468 182/1521/1469 798/1522/1470
f 798/1522/1470 182/1521/1469 181/1523/1471
f 798/1522/1470 181/1523/1471 180/1524/1472
f 798/1522/1470 180/1524/1472 797/1525/1473
f 797/1525/1473 180/1524/1472 179/1526/1474
f 797/1525/1473 179/1526/1474 796/1527/1475
f 796/1527/1475 179/1526/1474 178/1528/1476
f 796/1527/1475 178/1528/1476 795/1529/1477
f 795/1529/1477 178/1528/1476 177/1530/1478
f 795/1529/1477 177/1530/1478 794/1531/1479
f 794/1531/1479 177/1530/1478 176/1532/1480
f 794/1531/1479 176/1532/1480 793/1533/1481
f 793/1533/1481 176/1532/1480 175/1534/1482
f 793/1533/1481 175/1534/1482 792/1535/1483
f 792/1535/1483 175/1534/1482 791/1536/1484
f 791/1536/1484 175/1534/1482 174/1537/1485
f 791/1536/1484 174/1537/1485 790/1538/1486
f 790/1538/1486 174/1537/1485 173/1539/1487
f 790/1538/1486 173/1539/1487 789/1540/1488
f 789/1540/1488 173/1539/1487 172/1541/1489
f 789/1540/1488 172/1541/1489 788/1542/1490
f 788/1542/1490 172/1541/1489 171/1543/1491
f 788/1542/1490 171/1543/1491 787/1544/1492
f 787/1544/1492 171/1543/1491 170/1497/1445
f 787/1544/1492 170/1497/1445 786/1499/1447
f 122/1545/1493 121/1546/1494 810/1547/1495
f 810/1547/1495 121/1546/1494 144/1548/1496
f 810/1547/1495 144/1548/1496 833/1549/1497
f 833/1549/1497 144/1548/1496 143/1550/1498
f 833/1549/1497 143/1550/1498 832/1551/1499
f 832/1551/1499 143/1550/1498 142/1552/1500
f 832/1551/1499 142/1552/1500 831/1553/1501
f 831/1553/1501 142/1552/1500 141/1554/1502
f 831/1553/1501 141/1554/1502 830/1555/1503
f 830/1555/1503 141/1554/1502 140/1556/1504
f 830/1555/1503 140/1556/1504 829/1557/1505
f 829/1557/1505 140/1556/1504 828/1558/1506
f 828/1558/1506 140/1556/1504 139/1559/1507
f 828/1558/1506 139/1559/1507 827/1560/1508
f 827/1560/1508 139/1559/1507 138/1561/1509
f 827/1560/1508 138/1561/1509 826/1562/1510
f 826/1562/1510 138/1561/1509 137/1563/1511
f 826/1562/1510 137/1563/1511 825/1564/1512
f 825/1564/1512 137/1563/1511 136/1565/1513
f 825/1564/1512 136/1565/1513 824/1566/1514
f 824/1566/1514 136/1565/1513 135/1567/1515
f 824/1566/1514 135/1567/1515 823/1568/1516
f 823/1568/1516 135/1567/1515 134/1569/1517
f 823/1568/1516 134/1569/1517 822/1570/1518
f 822/1570/1518 134/1569/1517 133/1571/1519
f 822/1570/1518 133/1571/1519 132/1572/1520
f 822/1570/1518 132/1572/1520 821/1573/1521
f 821/1573/1521 132/1572/1520 131/1574/1522
f 821/1573/1521 131/1574/1522 820/1575/1523
f 820/1575/1523 131/1574/1522 130/1576/1524
f 820/1575/1523 130/1576/1524 819/1577/1525
f 819/1577/1525 130/1576/1524 129/1578/1526
f 819/1577/1525 129/1578/1526 818/1579/1527
f 818/1579/1527 129/1578/1526 128/1580/1528
f 818/1579/1527 128/1580/1528 817/1581/1529
f 817/1581/1529 128/1580/1528 127/1582/1530
f 817/1581/1529 127/1582/1530 816/1583/1531
f 816/1583/1531 127/1582/1530 815/1584/1532
f 815/1584/1532 127/1582/1530 126/1585/1533
f 815/1584/1532 126/1585/1533 814/1586/1534
f 814/1586/1534 126/1585/1533 125/1587/1535
f 814/1586/1534 125/1587/1535 813/1588/1536
f 813/1588/1536 125/1587/1535 124/1589/1537
f 813/1588/1536 124/1589/1537 812/1590/1538
f 812/1590/1538 124/1589/1537 123/1591/1539
f 812/1590/1538 123/1591/1539 811/1592/1540
f 811/1592/1540 123/1591/1539 122/1545/1493
f 811/1592/1540 122/1545/1493 810/1547/1495
f 74/1593/1541 73/1594/1542 834/1595/1543
f 834/1595/1543 73/1594/1542 96/1596/1544
f 834/1595/1543 96/1596/1544 857/1597/1545
f 857/1597/1545 96/1596/1544 95/1598/1546
f 857/1597/1545 95/1598/1546 856/1599/1547
f 856/1599/1547 95/1598/1546 94/1600/1548
f 856/1599/1547 94/1600/1548 855/1601/1549
f 855/1601/1549 94/1600/1548 93/1602/1550
f 855/1601/1549 93/1602/1550 854/1603/1551
f 854/1603/1551 93/1602/1550 92/1604/1552
f 854/1603/1551 92/1604/1552 853/1605/1553
f 853/1605/1553 92/1604/1552 852/1606/1554
f 852/1606/1554 92/1604/1552 91/1607/1555
f 852/1606/1554 91/1607/1555 851/1608/1556
f 851/1608/1556 91/1607/1555 90/1609/1557
f 851/1608/1556 90/1609/1557 850/1610/1558
f 850/1610/1558 90/1609/1557 89/1611/1559
f 850/1610/1558 89/1611/1559 849/1612/1560
f 849/1612/1560 89/1611/1559 88/1613/1561
f 849/1612/1560 88/1613/1561 848/1614/1562
f 848/1614/1562 88/1613/1561 87/1615/1563
f 848/1614/1562 87/1615/1563 847/1616/1564
f 847/1616/1564 87/1615/1563 86/1617/1565
f 847/1616/1564 86/1617/1565 846/1618/1566
f 846/1618/1566 86/1617/1565 85/1619/1567
f 846/1618/1566 85/1619/1567 84/1620/1568
f 846/1618/1566 84/1620/1568 845/1621/1569
f 845/1621/1569 84/1620/1568 83/1622/1570
f 845/1621/1569 83/1622/1570 844/1623/1571
f 844/1623/1571 83/1622/1570 82/1624/1572
f 844/1623/1571 82/1624/1572 843/1625/1573
f 843/1625/1573 82/1624/1572 81/1626/1574
f 843/1625/1573 81/1626/1574 842/1627/1575
f 842/1627/1575 81/1626/1574 80/1628/1576
f 842/1627/1575 80/1628/1576 841/1629/1577
f 841/1629/1577 80/1628/1576 79/1630/1578
f 841/1629/1577 79/1630/1578 840/1631/1579
f 840/1631/1579 79/1630/1578 839/1632/1580
f 839/1632/1580 79/1630/1578 78/1633/1581
f 839/1632/1580 78/1633/1581 838/1634/1582
f 838/1634/1582 78/1633/1581 77/1635/1583
f 838/1634/1582 77/1635/1583 837/1636/1584
f 837/1636/1584 77/1635/1583 76/1637/1585
f 837/1636/1584 76/1637/1585 836/1638/1586
f 836/1638/1586 76/1637/1585 75/1639/1587
f 836/1638/1586 75/1639/1587 835/1640/1588
f 835/1640/1588 75/1639/1587 74/1593/1541
f 835/1640/1588 74/1593/1541 834/1595/1543
f 26/1641/1589 25/1642/1590 858/1643/1591
f 858/1643/1591 25/1642/1590 48/1644/1592
f 858/1643/1591 48/1644/1592 881/1645/1593
f 881/1645/1593 48/1644/1592 47/1646/1594
f 881/1645/1593 47/1646/1594 880/1647/1595
f 880/1647/1595 47/1646/1594 46/1648/1596
f 880/1647/1595 46/1648/1596 879/1649/1597
f 879/1649/1597 46/1648/1596 45/1650/1598
f 879/1649/1597 45/1650/1598 878/1651/1599
f 878/1651/1599 45/1650/1598 44/1652/1600
f 878/1651/1599 44/1652/1600 877/1653/1601
f 877/1653/1601 44/1652/1600 876/1654/1602
f 876/1654/1602 44/1652/1600 43/1655/1603
f 876/1654/1602 43/1655/1603 875/1656/1604
f 875/1656/1604 43/1655/1603 42/1657/1605
f 875/1656/1604 42/1657/1605 874/1658/1606
f 874/1658/1606 42/1657/1605 41/1659/1607
f 874/1658/1606 41/1659/1607 873/1660/1608
f 873/1660/1608 41/1659/1607 40/1661/1609
f 873/1660/1608 40/1661/1609 872/1662/1610
f 872/1662/1610 40/1661/1609 39/1663/1611
f 872/1662/1610 39/1663/1611 871/1664/1612
f 871/1664/1612 39/1663/1611 38/1665/1613
f 871/1664/1612 38/1665/1613 870/1666/1614
f 870/1666/1614 38/1665/1613 37/1667/1615
f 870/1666/1614 37/1667/1615 36/1668/1616
f 870/1666/1614 36/1668/1616 869/1669/1617
f 869/1669/1617 36/1668/1616 35/1670/1618
f 869/1669/1617 35/1670/1618 868/1671/1619
f 868/1671/1619 35/1670/1618 34/1672/1620
f 868/1671/1619 34/1672/1620 867/1673/1621
f 867/1673/1621 34/1672/1620 33/1674/1622
f 867/1673/1621 33/1674/1622 866/1675/1623
f 866/1675/1623 33/1674/1622 32/1676/1624
f 866/1675/1623 32/1676/1624 865/1677/1625
f 865/1677/1625 32/1676/1624 31/1678/1626
f 865/1677/1625 31/1678/1626 864/1679/1627
f 864/1679/1627 31/1678/1626 863/1680/1628
f 863/1680/1628 31/1678/1626 30/1681/1629
f 863/1680/1628 30/1681/1629 862/1682/1630
f 862/1682/1630 30/1681/1629 29/1683/1631
f 862/1682/1630 29/1683/1631 861/1684/1632
f 861/1684/1632 29/1683/1631 28/1685/1633
f 861/1684/1632 28/1685/1633 860/1686/1634
f 860/1686/1634 28/1685/1633 27/1687/1635
f 860/1686/1634 27/1687/1635 859/1688/1636
f 859/1688/1636 27/1687/1635 26/1641/1589
f 859/1688/1636 26/1641/1589 858/1643/1591
f 354/1689/1389 353/1690/1637 773/1691/1390
f 773/1691/1390 353/1690/1637 882/1692/1638
f 882/1693/1638 353/1694/1637 890/1695/1639
f 890/1695/1639 353/1694/1637 384/1696/1640
f 890/1695/1639 384/1696/1640 891/1697/1641
f 891/1697/1641 384/1696/1640 383/1698/1642
f 891/1697/1641 383/1698/1642 892/1699/1643
f 892/1699/1643 383/1698/1642 382/1700/1644
f 892/1699/1643 382/1700/1644 893/1701/1645
f 893/1701/1645 382/1700/1644 381/1702/1646
f 893/1701/1645 381/1702/1646 894/1703/1647
f 894/1703/1647 381/1702/1646 380/1704/1648
f 894/1703/1647 380/1704/1648 895/1705/1649
f 895/1705/1649 380/1704/1648 379/1706/1650
f 895/1705/1649 379/1706/1650 378/1707/1651
f 378/1707/1651 883/1708/1652 895/1705/1649
f 895/1705/1649 883/1708/1652 884/1709/1653
f 895/1705/1649 884/1709/1653 894/1703/1647
f 894/1703/1647 884/1709/1653 885/1710/1654
f 894/1703/1647 885/1710/1654 893/1701/1645
f 893/1701/1645 885/1710/1654 886/1711/1655
f 893/1701/1645 886/1711/1655 892/1699/1643
f 892/1699/1643 886/1711/1655 887/1712/1656
f 892/1699/1643 887/1712/1656 891/1697/1641
f 891/1697/1641 887/1712/1656 888/1713/1657
f 891/1697/1641 888/1713/1657 890/1695/1639
f 890/1695/1639 888/1713/1657 889/1714/1658
f 890/1695/1639 889/1714/1658 882/1693/1638
f 889/1715/1659 883/1716/1660 882/1717/1661
f 882/1717/1661 883/1716/1660 921/1718/1662
f 882/1717/1661 921/1718/1662 922/1719/1663
f 889/1715/1659 888/1720/1664 883/1716/1660
f 883/1716/1660 888/1720/1664 887/1721/1665
f 883/1716/1660 887/1721/1665 886/1722/1666
f 886/1722/1666 885/1723/1667 883/1716/1660
f 883/1716/1660 885/1723/1667 884/1724/1668
f 896/1725/1669 914/1726/1670 883/1716/1660
f 883/1716/1660 914/1726/1670 915/1727/1671
f 883/1716/1660 915/1727/1671 916/1728/1672
f 897/1729/1673 898/1730/1674 896/1725/1669
f 896/1725/1669 898/1730/1674 899/1731/1675
f 896/1725/1669 899/1731/1675 900/1732/1676
f 900/1732/1676 901/1733/1677 896/1725/1669
f 896/1725/1669 901/1733/1677 902/1734/1678
f 896/1725/1669 902/1734/1678 758/1735/1679
f 757/1736/1680 956/1737/1681 758/1735/1679
f 758/1735/1679 956/1737/1681 905/1738/1682
f 758/1735/1679 905/1738/1682 906/1739/1683
f 765/1740/1684 764/1741/1685 757/1736/1680
f 757/1736/1680 764/1741/1685 763/1742/1686
f 757/1736/1680 763/1742/1686 762/1743/1687
f 762/1743/1687 761/1744/1688 757/1736/1680
f 757/1736/1680 761/1744/1688 760/1745/1689
f 757/1736/1680 760/1745/1689 759/1746/1690
f 772/1747/1691 943/1748/1692 759/1746/1690
f 759/1746/1690 943/1748/1692 944/1749/1693
f 759/1746/1690 944/1749/1693 945/1750/1694
f 779/1751/1695 773/1752/1696 772/1747/1691
f 772/1747/1691 773/1752/1696 936/1753/1697
f 772/1747/1691 936/1753/1697 937/1754/1698
f 779/1751/1695 778/1755/1699 773/1752/1696
f 773/1752/1696 778/1755/1699 777/1756/1700
f 773/1752/1696 777/1756/1700 776/1757/1701
f 776/1757/1701 775/1758/1702 773/1752/1696
f 773/1752/1696 775/1758/1702 774/1759/1703
f 882/1717/1661 928/1760/1704 773/1752/1696
f 773/1752/1696 928/1760/1704 929/1761/1705
f 773/1752/1696 929/1761/1705 930/1762/1706
f 903/1763/1707 904/1764/1708 956/1737/1681
f 956/1737/1681 904/1764/1708 905/1738/1682
f 906/1739/1683 907/1765/1709 758/1735/1679
f 758/1735/1679 907/1765/1709 896/1725/1669
f 907/1765/1709 908/1766/1710 896/1725/1669
f 896/1725/1669 908/1766/1710 909/1767/1711
f 896/1725/1669 909/1767/1711 910/1768/1712
f 910/1768/1712 911/1769/1713 896/1725/1669
f 896/1725/1669 911/1769/1713 912/1770/1714
f 896/1725/1669 912/1770/1714 913/1771/1715
f 913/1771/1715 914/1726/1670 896/1725/1669
f 916/1728/1672 917/1772/1716 883/1716/1660
f 883/1716/1660 917/1772/1716 918/1773/1717
f 883/1716/1660 918/1773/1717 919/1774/1718
f 919/1774/1718 920/1775/1719 883/1716/1660
f 883/1716/1660 920/1775/1719 921/1718/1662
f 922/1719/1663 923/1776/1720 882/1717/1661
f 882/1717/1661 923/1776/1720 924/1777/1721
f 882/1717/1661 924/1777/1721 925/1778/1722
f 925/1778/1722 926/1779/1723 882/1717/1661
f 882/1717/1661 926/1779/1723 927/1780/1724
f 882/1717/1661 927/1780/1724 928/1760/1704
f 930/1762/1706 931/1781/1725 773/1752/1696
f 773/1752/1696 931/1781/1725 932/1782/1726
f 773/1752/1696 932/1782/1726 933/1783/1727
f 933/1783/1727 934/1784/1728 773/1752/1696
f 773/1752/1696 934/1784/1728 935/1785/1729
f 773/1752/1696 935/1785/1729 936/1753/1697
f 937/1754/1698 938/1786/1730 772/1747/1691
f 772/1747/1691 938/1786/1730 939/1787/1731
f 772/1747/1691 939/1787/1731 940/1788/1732
f 940/1788/1732 941/1789/1733 772/1747/1691
f 772/1747/1691 941/1789/1733 942/1790/1734
f 772/1747/1691 942/1790/1734 943/1748/1692
f 945/1750/1694 946/1791/1735 759/1746/1690
f 759/1746/1690 946/1791/1735 947/1792/1736
f 759/1746/1690 947/1792/1736 948/1793/1737
f 948/1793/1737 949/1794/1738 759/1746/1690
f 759/1746/1690 949/1794/1738 950/1795/1739
f 759/1746/1690 950/1795/1739 757/1736/1680
f 757/1736/1680 950/1795/1739 951/1796/1740
f 757/1736/1680 951/1796/1740 952/1797/1741
f 757/1736/1680 952/1797/1741 955/1798/1742
f 955/1798/1742 952/1797/1741 953/1799/1743
f 955/1798/1742 953/1799/1743 954/1800/1744
f 955/1798/1742 956/1737/1681 757/1736/1680
f 896/1801/1745 377/1802/1746 957/1803/1747
f 957/1803/1747 377/1802/1746 376/1804/1748
f 957/1803/1747 376/1804/1748 958/1805/1749
f 958/1805/1749 376/1804/1748 375/1806/1750
f 958/1805/1749 375/1806/1750 959/1807/1751
f 959/1807/1751 375/1806/1750 374/1808/1752
f 959/1807/1751 374/1808/1752 960/1809/1753
f 960/1809/1753 374/1808/1752 373/1810/1754
f 960/1809/1753 373/1810/1754 961/1811/1755
f 961/1811/1755 373/1810/1754 372/1812/1756
f 961/1811/1755 372/1812/1756 962/1813/1757
f 962/1813/1757 372/1812/1756 371/1814/1758
f 962/1813/1757 371/1814/1758 370/1815/1327
f 370/1815/1327 758/1816/1320 962/1813/1757
f 962/1813/1757 758/1816/1320 902/1817/1759
f 962/1813/1757 902/1817/1759 961/1811/1755
f 961/1811/1755 902/1817/1759 901/1818/1760
f 961/1811/1755 901/1818/1760 960/1809/1753
f 960/1809/1753 901/1818/1760 900/1819/1761
f 960/1809/1753 900/1819/1761 959/1807/1751
f 959/1807/1751 900/1819/1761 899/1820/1762
f 959/1807/1751 899/1820/1762 958/1805/1749
f 958/1805/1749 899/1820/1762 898/1821/1763
f 958/1805/1749 898/1821/1763 957/1803/1747
f 957/1803/1747 898/1821/1763 897/1822/1764
f 957/1803/1747 897/1822/1764 896/1801/1745
f 377/1823/1746 896/1824/1745 378/1825/1651
f 378/1825/1651 896/1824/1745 883/1826/1652
f 756/1827/1765 963/1828/1766 723/1829/1767
f 723/1829/1767 963/1828/1766 964/1830/1768
f 723/1829/1767 964/1830/1768 724/1831/1769
f 724/1831/1769 964/1830/1768 965/1832/1770
f 724/1831/1769 965/1832/1770 725/1833/1771
f 725/1833/1771 965/1832/1770 966/1834/1772
f 725/1833/1771 966/1834/1772 726/1835/1773
f 726/1835/1773 966/1834/1772 967/1836/1774
f 726/1835/1773 967/1836/1774 727/1837/1775
f 727/1837/1775 967/1836/1774 968/1838/1776
f 727/1837/1775 968/1838/1776 728/1839/1777
f 728/1839/1777 968/1838/1776 969/1840/1778
f 728/1839/1777 969/1840/1778 729/1841/1779
f 729/1841/1779 969/1840/1778 970/1842/1780
f 729/1841/1779 970/1842/1780 730/1843/1781
f 730/1843/1781 970/1842/1780 971/1844/1782
f 730/1843/1781 971/1844/1782 731/1845/1783
f 731/1846/1783 971/1847/1782 972/1848/1784
f 731/1846/1783 972/1848/1784 732/1849/1785
f 732/1849/1785 972/1848/1784 973/1850/1786
f 732/1849/1785 973/1850/1786 733/1851/1787
f 733/1851/1787 973/1850/1786 974/1852/1788
f 733/1851/1787 974/1852/1788 734/1853/1789
f 734/1853/1789 974/1852/1788 975/1854/1790
f 734/1853/1789 975/1854/1790 735/1855/1791
f 735/1855/1791 975/1854/1790 976/1856/1792
f 735/1855/1791 976/1856/1792 736/1857/1793
f 736/1857/1793 976/1856/1792 977/1858/1794
f 736/1857/1793 977/1858/1794 737/1859/1795
f 737/1859/1795 977/1858/1794 978/1860/1796
f 737/1859/1795 978/1860/1796 738/1861/1797
f 738/1861/1797 978/1860/1796 979/1862/1798
f 738/1861/1797 979/1862/1798 739/1863/1799
f 739/1863/1799 979/1862/1798 980/1864/1800
f 739/1863/1799 980/1864/1800 740/1865/1801
f 740/1865/1801 980/1864/1800 981/1866/1802
f 740/1865/1801 981/1866/1802 741/1867/1803
f 741/1867/1803 981/1866/1802 982/1868/1804
f 741/1867/1803 982/1868/1804 742/1869/1805
f 742/1869/1805 982/1868/1804 983/1870/1806
f 742/1869/1805 983/1870/1806 743/1871/1807
f 743/1871/1807 983/1870/1806 984/1872/1808
f 743/1871/1807 984/1872/1808 744/1873/1809
f 744/1873/1809 984/1872/1808 985/1874/1810
f 744/1873/1809 985/1874/1810 745/1875/1811
f 745/1875/1811 985/1874/1810 986/1876/1812
f 745/1875/1811 986/1876/1812 746/1877/1813
f 746/1877/1813 986/1876/1812 987/1878/1814
f 746/1877/1813 987/1878/1814 747/1879/1815
f 747/1879/1815 987/1878/1814 988/1880/1816
f 747/1879/1815 988/1880/1816 748/1881/1817
f 748/1881/1817 988/1880/1816 989/1882/1818
f 748/1881/1817 989/1882/1818 749/1883/1819
f 749/1883/1819 989/1882/1818 990/1884/1820
f 749/1883/1819 990/1884/1820 750/1885/1821
f 750/1885/1821 990/1884/1820 991/1886/1822
f 750/1885/1821 991/1886/1822 751/1887/1823
f 751/1887/1823 991/1886/1822 992/1888/1824
f 751/1887/1823 992/1888/1824 752/1889/1825
f 752/1889/1825 992/1888/1824 993/1890/1826
f 752/1889/1825 993/1890/1826 753/1891/1827
f 753/1891/1827 993/1890/1826 994/1892/1828
f 753/1891/1827 994/1892/1828 754/1893/1829
f 754/1893/1829 994/1892/1828 995/1894/1830
f 754/1893/1829 995/1894/1830 755/1895/1831
f 755/1895/1831 995/1894/1830 996/1896/1832
f 755/1895/1831 996/1896/1832 756/1827/1765
f 756/1827/1765 996/1896/1832 963/1828/1766
f 963/1897/1833 996/1898/1834 964/1899/1835
f 964/1899/1835 996/1898/1834 965/1900/1836
f 965/1900/1836 996/1898/1834 995/1901/1837
f 965/1900/1836 995/1901/1837 966/1902/1838
f 966/1902/1838 995/1901/1837 994/1903/1839
f 966/1902/1838 994/1903/1839 967/1904/1840
f 967/1904/1840 994/1903/1839 993/1905/1841
f 967/1904/1840 993/1905/1841 968/1906/1842
f 968/1906/1842 993/1905/1841 969/1907/1843
f 969/1907/1843 993/1905/1841 970/1908/1844
f 970/1908/1844 993/1905/1841 971/1909/1845
f 971/1909/1845 993/1905/1841 972/1910/1846
f 972/1910/1846 993/1905/1841 973/1911/1847
f 973/1911/1847 993/1905/1841 974/1912/1848
f 974/1912/1848 993/1905/1841 975/1913/1849
f 975/1913/1849 993/1905/1841 976/1914/1850
f 976/1914/1850 993/1905/1841 977/1915/1851
f 977/1915/1851 993/1905/1841 992/1916/1852
f 977/1915/1851 992/1916/1852 978/1917/1853
f 978/1917/1853 992/1916/1852 979/1918/1854
f 979/1918/1854 992/1916/1852 980/1919/1855
f 980/1919/1855 992/1916/1852 981/1920/1856
f 981/1920/1856 992/1916/1852 982/1921/1857
f 982/1921/1857 992/1916/1852 983/1922/1858
f 983/1922/1858 992/1916/1852 984/1923/1859
f 984/1923/1859 992/1916/1852 985/1924/1860
f 985/1924/1860 992/1916/1852 991/1925/1861
f 985/1924/1860 991/1925/1861 986/1926/1862
f 986/1926/1862 991/1925/1861 990/1927/1863
f 986/1926/1862 990/1927/1863 987/1928/1864
f 987/1928/1864 990/1927/1863 989/1929/1865
f 987/1928/1864 989/1929/1865 988/1930/1866
f 1048/1931/1867 954/1932/1868 1047/1933/1869
f 1047/1933/1869 954/1932/1868 953/1934/1870
f 1047/1933/1869 953/1934/1870 1046/1935/1871
f 1046/1935/1871 953/1934/1870 952/1936/1872
f 1046/1935/1871 952/1936/1872 1045/1937/1873
f 1045/1937/1873 952/1936/1872 951/1938/1874
f 1045/1937/1873 951/1938/1874 1044/1939/1875
f 1044/1939/1875 951/1938/1874 950/1940/1876
f 1044/1939/1875 950/1940/1876 1043/1941/1877
f 1043/1941/1877 950/1940/1876 949/1942/1878
f 1043/1941/1877 949/1942/1878 1042/1943/1879
f 1042/1943/1879 949/1942/1878 948/1944/1880
f 1042/1943/1879 948/1944/1880 1041/1945/1881
f 1041/1945/1881 948/1944/1880 947/1946/1882
f 1041/1945/1881 947/1946/1882 1040/1947/1883
f 1040/1947/1883 947/1946/1882 946/1948/1884
f 1040/1947/1883 946/1948/1884 1039/1949/1885
f 1039/1949/1885 946/1948/1884 945/1950/1886
f 1039/1949/1885 945/1950/1886 1038/1951/1887
f 1038/1951/1887 945/1950/1886 944/1952/1888
f 1038/1951/1887 944/1952/1888 1037/1953/1889
f 1037/1953/1889 944/1952/1888 943/1954/1890
f 1037/1953/1889 943/1954/1890 1036/1955/1891
f 1036/1955/1891 943/1954/1890 942/1956/1892
f 1036/1955/1891 942/1956/1892 1035/1957/1893
f 1035/1957/1893 942/1956/1892 941/1958/1894
f 1035/1957/1893 941/1958/1894 1034/1959/1895
f 1034/1959/1895 941/1958/1894 940/1960/1896
f 1034/1959/1895 940/1960/1896 1033/1961/1897
f 1033/1961/1897 940/1960/1896 939/1962/1898
f 1033/1961/1897 939/1962/1898 1032/1963/1899
f 1032/1963/1899 939/1962/1898 938/1964/1900
f 1032/1963/1899 938/1964/1900 1031/1965/1901
f 1031/1965/1901 938/1964/1900 937/1966/1902
f 1031/1965/1901 937/1966/1902 1030/1967/1903
f 1030/1967/1903 937/1966/1902 936/1968/1904
f 1030/1967/1903 936/1968/1904 1029/1969/1905
f 1029/1969/1905 936/1968/1904 935/1970/1906
f 1029/1969/1905 935/1970/1906 1028/1971/1907
f 1028/1971/1907 935/1970/1906 934/1972/1908
f 1028/1971/1907 934/1972/1908 1027/1973/1909
f 1027/1973/1909 934/1972/1908 933/1974/1910
f 1027/1973/1909 933/1974/1910 1026/1975/1911
f 1026/1975/1911 933/1974/1910 932/1976/1912
f 1026/1975/1911 932/1976/1912 1025/1977/1913
f 1025/1977/1913 932/1976/1912 931/1978/1914
f 1025/1977/1913 931/1978/1914 1024/1979/1915
f 1024/1979/1915 931/1978/1914 930/1980/1916
f 1024/1979/1915 930/1980/1916 1023/1981/1917
f 1023/1981/1917 930/1980/1916 929/1982/1918
f 1023/1981/1917 929/1982/1918 1022/1983/1919
f 1022/1983/1919 929/1982/1918 928/1984/1920
f 1022/1983/1919 928/1984/1920 1021/1985/1921
f 1021/1985/1921 928/1984/1920 927/1986/1922
f 1021/1985/1921 927/1986/1922 1020/1987/1923
f 1020/1987/1923 927/1986/1922 926/1988/1924
f 1020/1987/1923 926/1988/1924 1019/1989/1925
f 1019/1989/1925 926/1988/1924 925/1990/1926
f 1019/1989/1925 925/1990/1926 1018/1991/1927
f 1018/1991/1927 925/1990/1926 924/1992/1928
f 1018/1991/1927 924/1992/1928 1017/1993/1929
f 1017/1993/1929 924/1992/1928 923/1994/1930
f 1017/1993/1929 923/1994/1930 1016/1995/1931
f 1016/1995/1931 923/1994/1930 922/1996/1932
f 1016/1995/1931 922/1996/1932 1015/1997/1933
f 1015/1997/1933 922/1996/1932 921/1998/1934
f 1015/1997/1933 921/1998/1934 1014/1999/1935
f 1014/1999/1935 921/1998/1934 920/2000/1936
f 1014/1999/1935 920/2000/1936 1013/2001/1937
f 1013/2001/1937 920/2000/1936 919/2002/1938
f 1013/2001/1937 919/2002/1938 1012/2003/1939
f 1012/2003/1939 919/2002/1938 918/2004/1940
f 1012/2003/1939 918/2004/1940 1011/2005/1941
f 1011/2005/1941 918/2004/1940 917/2006/1942
f 1011/2005/1941 917/2006/1942 1010/2007/1943
f 1010/2007/1943 917/2006/1942 916/2008/1944
f 1010/2007/1943 916/2008/1944 1009/2009/1945
f 1009/2009/1945 916/2008/1944 915/2010/1946
f 1009/2009/1945 915/2010/1946 1008/2011/1947
f 1008/2011/1947 915/2010/1946 914/2012/1948
f 1008/2011/1947 914/2012/1948 1007/2013/1949
f 1007/2013/1949 914/2012/1948 913/2014/1950
f 1007/2013/1949 913/2014/1950 1006/2015/1951
f 1006/2015/1951 913/2014/1950 912/2016/1952
f 1006/2015/1951 912/2016/1952 1005/2017/1953
f 1005/2017/1953 912/2016/1952 911/2018/1954
f 1005/2017/1953 911/2018/1954 1004/2019/1955
f 1004/2019/1955 911/2018/1954 910/2020/1956
f 1004/2019/1955 910/2020/1956 1003/2021/1957
f 1003/2021/1957 910/2020/1956 909/2022/1958
f 1003/2021/1957 909/2022/1958 1002/2023/1959
f 1002/2023/1959 909/2022/1958 908/2024/1960
f 1002/2023/1959 908/2024/1960 1001/2025/1961
f 1001/2025/1961 908/2024/1960 907/2026/1962
f 1001/2025/1961 907/2026/1962 1000/2027/1963
f 1000/2027/1963 907/2026/1962 906/2028/1964
f 1000/2027/1963 906/2028/1964 999/2029/1965
f 999/2029/1965 906/2028/1964 905/2030/1966
f 999/2029/1965 905/2030/1966 998/2031/1967
f 998/2031/1967 905/2030/1966 904/2032/1968
f 998/2031/1967 904/2032/1968 997/2033/1969
f 997/2033/1969 904/2032/1968 903/2034/1970
f 954/2035/1971 1048/2036/1972 955/2037/1973
f 955/2037/1973 1048/2036/1972 1049/2038/1974
f 955/2039/1975 1053/2040/1976 956/2041/1977
f 956/2041/1977 1053/2040/1976 1054/2042/1978
f 956/2041/1977 1054/2042/1978 1050/2043/1979
f 1050/2043/1979 1054/2042/1978 1051/2044/1980
f 1050/2043/1979 1051/2044/1980 1049/2045/1981
f 1049/2045/1981 1051/2044/1980 955/2039/1975
f 955/2039/1975 1051/2044/1980 1052/2046/1982
f 955/2039/1975 1052/2046/1982 1053/2040/1976
f 956/2047/1983 1050/2048/1984 903/2049/1985
f 903/2049/1985 1050/2048/1984 997/2050/1986
f 1050/2051/1987 1049/2052/1988 997/2053/1989
f 997/2053/1989 1049/2052/1988 1048/2054/1990
f 997/2053/1989 1048/2054/1990 1023/2055/1991
f 1023/2055/1991 1048/2054/1990 1024/2056/1992
f 1024/2056/1992 1048/2054/1990 1025/2057/1993
f 1025/2057/1993 1048/2054/1990 1026/2058/1994
f 1026/2058/1994 1048/2054/1990 1047/2059/1995
f 1026/2058/1994 1047/2059/1995 1027/2060/1996
f 1027/2060/1996 1047/2059/1995 1046/2061/1997
f 1027/2060/1996 1046/2061/1997 1028/2062/1998
f 1028/2062/1998 1046/2061/1997 1045/2063/1999
f 1028/2062/1998 1045/2063/1999 1029/2064/2000
f 1029/2064/2000 1045/2063/1999 1044/2065/2001
f 1029/2064/2000 1044/2065/2001 1030/2066/2002
f 1030/2066/2002 1044/2065/2001 1043/2067/2003
f 1030/2066/2002 1043/2067/2003 1031/2068/2004
f 1031/2068/2004 1043/2067/2003 1042/2069/2005
f 1031/2068/2004 1042/2069/2005 1032/2070/2006
f 1032/2070/2006 1042/2069/2005 1041/2071/2007
f 1032/2070/2006 1041/2071/2007 1033/2072/2008
f 1033/2072/2008 1041/2071/2007 1040/2073/2009
f 1033/2072/2008 1040/2073/2009 1034/2074/2010
f 1034/2074/2010 1040/2073/2009 1039/2075/2011
f 1034/2074/2010 1039/2075/2011 1035/2076/2012
f 1035/2076/2012 1039/2075/2011 1038/2077/2013
f 1035/2076/2012 1038/2077/2013 1036/2078/2014
f 1036/2078/2014 1038/2077/2013 1037/2079/2015
f 1023/2055/1991 1022/2080/2016 997/2053/1989
f 997/2053/1989 1022/2080/2016 1021/2081/2017
f 997/2053/1989 1021/2081/2017 1020/2082/2018
f 1020/2082/2018 1019/2083/2019 997/2053/1989
f 997/2053/1989 1019/2083/2019 998/2084/2020
f 998/2084/2020 1019/2083/2019 1018/2085/2021
f 998/2084/2020 1018/2085/2021 999/2086/2022
f 999/2086/2022 1018/2085/2021 1017/2087/2023
f 999/2086/2022 1017/2087/2023 1000/2088/2024
f 1000/2088/2024 1017/2087/2023 1016/2089/2025
f 1000/2088/2024 1016/2089/2025 1001/2090/2026
f 1001/2090/2026 1016/2089/2025 1015/2091/2027
f 1001/2090/2026 1015/2091/2027 1002/2092/2028
f 1002/2092/2028 1015/2091/2027 1014/2093/2029
f 1002/2092/2028 1014/2093/2029 1003/2094/2030
f 1003/2094/2030 1014/2093/2029 1013/2095/2031
f 1003/2094/2030 1013/2095/2031 1004/2096/2032
f 1004/2096/2032 1013/2095/2031 1012/2097/2033
f 1004/2096/2032 1012/2097/2033 1005/2098/2034
f 1005/2098/2034 1012/2097/2033 1011/2099/2035
f 1005/2098/2034 1011/2099/2035 1006/2100/2036
f 1006/2100/2036 1011/2099/2035 1010/2101/2037
f 1006/2100/2036 1010/2101/2037 1007/2102/2038
f 1007/2102/2038 1010/2101/2037 1009/2103/2039
f 1007/2102/2038 1009/2103/2039 1008/2104/2040
f 1054/2105/2041 1055/2106/2042 1051/2107/2043
f 1051/2107/2043 1055/2106/2042 1056/2108/2044
f 1057/2109/2045 1055/2110/2046 1053/2111/2047
f 1053/2111/2047 1055/2110/2046 1054/2112/2048
f 1052/2113/2049 1058/2114/2050 1053/2115/2051
f 1053/2115/2051 1058/2114/2050 1057/2116/2052
f 1056/2117/2053 1058/2118/2054 1051/2119/2055
f 1051/2119/2055 1058/2118/2054 1052/2120/2056
f 1057/2121/2057 1058/2122/2058 1055/2123/2059
f 1055/2123/2059 1058/2122/2058 1056/2124/2060
f 1060/2125/2061 835/2126/2062 1059/2127/2063
f 1059/2127/2063 835/2126/2062 834/2128/2064
f 1059/2127/2063 834/2128/2064 1082/2129/2065
f 1082/2129/2065 834/2128/2064 857/2130/2066
f 1082/2129/2065 857/2130/2066 1081/2131/2067
f 1081/2131/2067 857/2130/2066 856/2132/2068
f 1081/2131/2067 856/2132/2068 1080/2133/2069
f 1080/2133/2069 856/2132/2068 855/2134/2070
f 1080/2133/2069 855/2134/2070 1079/2135/2071
f 1079/2135/2071 855/2134/2070 854/2136/2072
f 1079/2135/2071 854/2136/2072 1078/2137/2073
f 1078/2137/2073 854/2136/2072 853/2138/2074
f 1078/2137/2073 853/2138/2074 1077/2139/2075
f 1077/2139/2075 853/2138/2074 852/2140/2076
f 1077/2139/2075 852/2140/2076 1076/2141/2077
f 1076/2141/2077 852/2140/2076 851/2142/2078
f 1076/2141/2077 851/2142/2078 1075/2143/2079
f 1075/2143/2079 851/2142/2078 850/2144/2080
f 1075/2143/2079 850/2144/2080 1074/2145/2081
f 1074/2145/2081 850/2144/2080 849/2146/2082
f 1074/2145/2081 849/2146/2082 1073/2147/2083
f 1073/2147/2083 849/2146/2082 848/2148/2084
f 1073/2147/2083 848/2148/2084 1072/2149/2085
f 1072/2149/2085 848/2148/2084 847/2150/2086
f 1072/2149/2085 847/2150/2086 1071/2151/2087
f 1071/2151/2087 847/2150/2086 846/2152/2088
f 1071/2151/2087 846/2152/2088 1070/2153/2089
f 1070/2153/2089 846/2152/2088 845/2154/2090
f 1070/2153/2089 845/2154/2090 1069/2155/2091
f 1069/2155/2091 845/2154/2090 844/2156/2092
f 1069/2155/2091 844/2156/2092 1068/2157/2093
f 1068/2157/2093 844/2156/2092 843/2158/2094
f 1068/2157/2093 843/2158/2094 1067/2159/2095
f 1067/2159/2095 843/2158/2094 842/2160/2096
f 1067/2159/2095 842/2160/2096 1066/2161/2097
f 1066/2161/2097 842/2160/2096 841/2162/2098
f 1066/2161/2097 841/2162/2098 1065/2163/2099
f 1065/2163/2099 841/2162/2098 840/2164/2100
f 1065/2165/2099 840/2166/2100 1064/2167/2101
f 1064/2167/2101 840/2166/2100 839/2168/2102
f 1064/2167/2101 839/2168/2102 1063/2169/2103
f 1063/2169/2103 839/2168/2102 838/2170/2104
f 1063/2169/2103 838/2170/2104 1062/2171/2105
f 1062/2171/2105 838/2170/2104 837/2172/2106
f 1062/2171/2105 837/2172/2106 1061/2173/2107
f 1061/2173/2107 837/2172/2106 836/2174/2108
f 1061/2173/2107 836/2174/2108 1060/2125/2061
f 1060/2125/2061 836/2174/2108 835/2126/2062
f 1059/2175/2109 1082/2176/2110 1060/2177/2111
f 1060/2177/2111 1082/2176/2110 1061/2178/2112
f 1061/2178/2112 1082/2176/2110 1081/2179/2113
f 1061/2178/2112 1081/2179/2113 1062/2180/2114
f 1062/2180/2114 1081/2179/2113 1080/2181/2115
f 1062/2180/2114 1080/2181/2115 1063/2182/2116
f 1063/2182/2116 1080/2181/2115 1079/2183/2117
f 1063/2182/2116 1079/2183/2117 1064/2184/2118
f 1064/2184/2118 1079/2183/2117 1078/2185/2119
f 1064/2184/2118 1078/2185/2119 1065/2186/2120
f 1065/2186/2120 1078/2185/2119 1077/2187/2121
f 1065/2186/2120 1077/2187/2121 1066/2188/2122
f 1066/2188/2122 1077/2187/2121 1076/2189/2123
f 1066/2188/2122 1076/2189/2123 1067/2190/2124
f 1067/2190/2124 1076/2189/2123 1075/2191/2125
f 1067/2190/2124 1075/2191/2125 1068/2192/2126
f 1068/2192/2126 1075/2191/2125 1074/2193/2127
f 1068/2192/2126 1074/2193/2127 1069/2194/2128
f 1069/2194/2128 1074/2193/2127 1073/2195/2129
f 1069/2194/2128 1073/2195/2129 1070/2196/2130
f 1070/2196/2130 1073/2195/2129 1072/2197/2131
f 1070/2196/2130 1072/2197/2131 1071/2198/2132
f 1084/2199/2133 811/2200/2134 1083/2201/2135
f 1083/2201/2135 811/2200/2134 810/2202/2136
f 1083/2201/2135 810/2202/2136 1106/2203/2137
f 1106/2203/2137 810/2202/2136 833/2204/2138
f 1106/2203/2137 833/2204/2138 1105/2205/2139
f 1105/2205/2139 833/2204/2138 832/2206/2140
f 1105/2205/2139 832/2206/2140 1104/2207/2141
f 1104/2207/2141 832/2206/2140 831/2208/2142
f 1104/2207/2141 831/2208/2142 1103/2209/2143
f 1103/2209/2143 831/2208/2142 830/2210/2144
f 1103/2209/2143 830/2210/2144 1102/2211/2145
f 1102/2211/2145 830/2210/2144 829/2212/2146
f 1102/2211/2145 829/2212/2146 1101/2213/2147
f 1101/2213/2147 829/2212/2146 828/2214/2148
f 1101/2213/2147 828/2214/2148 1100/2215/2149
f 1100/2215/2149 828/2214/2148 827/2216/2150
f 1100/2215/2149 827/2216/2150 1099/2217/2151
f 1099/2217/2151 827/2216/2150 826/2218/2152
f 1099/2217/2151 826/2218/2152 1098/2219/2153
f 1098/2219/2153 826/2218/2152 825/2220/2154
f 1098/2219/2153 825/2220/2154 1097/2221/2155
f 1097/2221/2155 825/2220/2154 824/2222/2156
f 1097/2221/2155 824/2222/2156 1096/2223/2157
f 1096/2223/2157 824/2222/2156 823/2224/2158
f 1096/2223/2157 823/2224/2158 1095/2225/2159
f 1095/2225/2159 823/2224/2158 822/2226/2160
f 1095/2225/2159 822/2226/2160 1094/2227/2161
f 1094/2227/2161 822/2226/2160 821/2228/2162
f 1094/2227/2161 821/2228/2162 1093/2229/2163
f 1093/2229/2163 821/2228/2162 820/2230/2164
f 1093/2229/2163 820/2230/2164 1092/2231/2165
f 1092/2231/2165 820/2230/2164 819/2232/2166
f 1092/2231/2165 819/2232/2166 1091/2233/2167
f 1091/2233/2167 819/2232/2166 818/2234/2168
f 1091/2233/2167 818/2234/2168 1090/2235/2169
f 1090/2235/2169 818/2234/2168 817/2236/2170
f 1090/2235/2169 817/2236/2170 1089/2237/2171
f 1089/2237/2171 817/2236/2170 816/2238/2172
f 1089/2239/2171 816/2240/2172 1088/2241/2173
f 1088/2241/2173 816/2240/2172 815/2242/2174
f 1088/2241/2173 815/2242/2174 1087/2243/2175
f 1087/2243/2175 815/2242/2174 814/2244/2176
f 1087/2243/2175 814/2244/2176 1086/2245/2177
f 1086/2245/2177 814/2244/2176 813/2246/2178
f 1086/2245/2177 813/2246/2178 1085/2247/2179
f 1085/2247/2179 813/2246/2178 812/2248/2180
f 1085/2247/2179 812/2248/2180 1084/2199/2133
f 1084/2199/2133 812/2248/2180 811/2200/2134
f 1083/2249/2181 1106/2250/2182 1084/2251/2183
f 1084/2251/2183 1106/2250/2182 1085/2252/2184
f 1085/2252/2184 1106/2250/2182 1105/2253/2185
f 1085/2252/2184 1105/2253/2185 1086/2254/2186
f 1086/2254/2186 1105/2253/2185 1104/2255/2187
f 1086/2254/2186 1104/2255/2187 1087/2256/2188
f 1087/2256/2188 1104/2255/2187 1103/2257/2189
f 1087/2256/2188 1103/2257/2189 1088/2258/2190
f 1088/2258/2190 1103/2257/2189 1102/2259/2191
f 1088/2258/2190 1102/2259/2191 1089/2260/2192
f 1089/2260/2192 1102/2259/2191 1101/2261/2193
f 1089/2260/2192 1101/2261/2193 1090/2262/2194
f 1090/2262/2194 1101/2261/2193 1100/2263/2195
f 1090/2262/2194 1100/2263/2195 1091/2264/2196
f 1091/2264/2196 1100/2263/2195 1099/2265/2197
f 1091/2264/2196 1099/2265/2197 1092/2266/2198
f 1092/2266/2198 1099/2265/2197 1098/2267/2199
f 1092/2266/2198 1098/2267/2199 1093/2268/2200
f 1093/2268/2200 1098/2267/2199 1097/2269/2201
f 1093/2268/2200 1097/2269/2201 1094/2270/2202
f 1094/2270/2202 1097/2269/2201 1096/2271/2203
f 1094/2270/2202 1096/2271/2203 1095/2272/2204
f 1108/2273/2205 787/2274/2206 1107/2275/2207
f 1107/2275/2207 787/2274/2206 786/2276/2208
f 1107/2275/2207 786/2276/2208 1130/2277/2209
f 1130/2277/2209 786/2276/2208 809/2278/2210
f 1130/2277/2209 809/2278/2210 1129/2279/2211
f 1129/2279/2211 809/2278/2210 808/2280/2212
f 1129/2279/2211 808/2280/2212 1128/2281/2213
f 1128/2281/2213 808/2280/2212 807/2282/2214
f 1128/2281/2213 807/2282/2214 1127/2283/2215
f 1127/2283/2215 807/2282/2214 806/2284/2216
f 1127/2283/2215 806/2284/2216 1126/2285/2217
f 1126/2285/2217 806/2284/2216 805/2286/2218
f 1126/2285/2217 805/2286/2218 1125/2287/2219
f 1125/2287/2219 805/2286/2218 804/2288/2220
f 1125/2287/2219 804/2288/2220 1124/2289/2221
f 1124/2289/2221 804/2288/2220 803/2290/2222
f 1124/2289/2221 803/2290/2222 1123/2291/2223
f 1123/2291/2223 803/2290/2222 802/2292/2224
f 1123/2291/2223 802/2292/2224 1122/2293/2225
f 1122/2293/2225 802/2292/2224 801/2294/2226
f 1122/2293/2225 801/2294/2226 1121/2295/2227
f 1121/2295/2227 801/2294/2226 800/2296/2228
f 1121/2295/2227 800/2296/2228 1120/2297/2229
f 1120/2297/2229 800/2296/2228 799/2298/2230
f 1120/2297/2229 799/2298/2230 1119/2299/2231
f 1119/2299/2231 799/2298/2230 798/2300/2232
f 1119/2299/2231 798/2300/2232 1118/2301/2233
f 1118/2301/2233 798/2300/2232 797/2302/2234
f 1118/2301/2233 797/2302/2234 1117/2303/2235
f 1117/2303/2235 797/2302/2234 796/2304/2236
f 1117/2303/2235 796/2304/2236 1116/2305/2237
f 1116/2305/2237 796/2304/2236 795/2306/2238
f 1116/2305/2237 795/2306/2238 1115/2307/2239
f 1115/2307/2239 795/2306/2238 794/2308/2240
f 1115/2307/2239 794/2308/2240 1114/2309/2241
f 1114/2309/2241 794/2308/2240 793/2310/2242
f 1114/2309/2241 793/2310/2242 1113/2311/2243
f 1113/2311/2243 793/2310/2242 792/2312/2244
f 1113/2313/2243 792/2314/2244 1112/2315/2245
f 1112/2315/2245 792/2314/2244 791/2316/2246
f 1112/2315/2245 791/2316/2246 1111/2317/2247
f 1111/2317/2247 791/2316/2246 790/2318/2248
f 1111/2317/2247 790/2318/2248 1110/2319/2249
f 1110/2319/2249 790/2318/2248 789/2320/2250
f 1110/2319/2249 789/2320/2250 1109/2321/2251
f 1109/2321/2251 789/2320/2250 788/2322/2252
f 1109/2321/2251 788/2322/2252 1108/2273/2205
f 1108/2273/2205 788/2322/2252 787/2274/2206
f 1107/2323/2253 1130/2324/2254 1108/2325/2255
f 1108/2325/2255 1130/2324/2254 1109/2326/2256
f 1109/2326/2256 1130/2324/2254 1129/2327/2257
f 1109/2326/2256 1129/2327/2257 1110/2328/2258
f 1110/2328/2258 1129/2327/2257 1128/2329/2259
f 1110/2328/2258 1128/2329/2259 1111/2330/2260
f 1111/2330/2260 1128/2329/2259 1127/2331/2261
f 1111/2330/2260 1127/2331/2261 1112/2332/2262
f 1112/2332/2262 1127/2331/2261 1126/2333/2263
f 1112/2332/2262 1126/2333/2263 1113/2334/2264
f 1113/2334/2264 1126/2333/2263 1125/2335/2265
f 1113/2334/2264 1125/2335/2265 1114/2336/2266
f 1114/2336/2266 1125/2335/2265 1124/2337/2267
f 1114/2336/2266 1124/2337/2267 1115/2338/2268
f 1115/2338/2268 1124/2337/2267 1123/2339/2269
f 1115/2338/2268 1123/2339/2269 1116/2340/2270
f 1116/2340/2270 1123/2339/2269 1122/2341/2271
f 1116/2340/2270 1122/2341/2271 1117/2342/2272
f 1117/2342/2272 1122/2341/2271 1121/2343/2273
f 1117/2342/2272 1121/2343/2273 1118/2344/2274
f 1118/2344/2274 1121/2343/2273 1120/2345/2275
f 1118/2344/2274 1120/2345/2275 1119/2346/2276
f 1132/2347/2277 859/2348/2278 1131/2349/2279
f 1131/2349/2279 859/2348/2278 858/2350/2280
f 1131/2349/2279 858/2350/2280 1154/2351/2281
f 1154/2351/2281 858/2350/2280 881/2352/2282
f 1154/2351/2281 881/2352/2282 1153/2353/2283
f 1153/2353/2283 881/2352/2282 880/2354/2284
f 1153/2353/2283 880/2354/2284 1152/2355/2285
f 1152/2355/2285 880/2354/2284 879/2356/2286
f 1152/2355/2285 879/2356/2286 1151/2357/2287
f 1151/2357/2287 879/2356/2286 878/2358/2288
f 1151/2357/2287 878/2358/2288 1150/2359/2289
f 1150/2359/2289 878/2358/2288 877/2360/2290
f 1150/2359/2289 877/2360/2290 1149/2361/2291
f 1149/2361/2291 877/2360/2290 876/2362/2292
f 1149/2361/2291 876/2362/2292 1148/2363/2293
f 1148/2363/2293 876/2362/2292 875/2364/2294
f 1148/2363/2293 875/2364/2294 1147/2365/2295
f 1147/2365/2295 875/2364/2294 874/2366/2296
f 1147/2365/2295 874/2366/2296 1146/2367/2297
f 1146/2367/2297 874/2366/2296 873/2368/2298
f 1146/2367/2297 873/2368/2298 1145/2369/2299
f 1145/2369/2299 873/2368/2298 872/2370/2300
f 1145/2369/2299 872/2370/2300 1144/2371/2301
f 1144/2371/2301 872/2370/2300 871/2372/2302
f 1144/2371/2301 871/2372/2302 1143/2373/2303
f 1143/2373/2303 871/2372/2302 870/2374/2304
f 1143/2373/2303 870/2374/2304 1142/2375/2305
f 1142/2375/2305 870/2374/2304 869/2376/2306
f 1142/2375/2305 869/2376/2306 1141/2377/2307
f 1141/2377/2307 869/2376/2306 868/2378/2308
f 1141/2377/2307 868/2378/2308 1140/2379/2309
f 1140/2379/2309 868/2378/2308 867/2380/2310
f 1140/2379/2309 867/2380/2310 1139/2381/2311
f 1139/2381/2311 867/2380/2310 866/2382/2312
f 1139/2381/2311 866/2382/2312 1138/2383/2313
f 1138/2383/2313 866/2382/2312 865/2384/2314
f 1138/2383/2313 865/2384/2314 1137/2385/2315
f 1137/2385/2315 865/2384/2314 864/2386/2316
f 1137/2387/2315 864/2388/2316 1136/2389/2317
f 1136/2389/2317 864/2388/2316 863/2390/2318
f 1136/2389/2317 863/2390/2318 1135/2391/2319
f 1135/2391/2319 863/2390/2318 862/2392/2320
f 1135/2391/2319 862/2392/2320 1134/2393/2321
f 1134/2393/2321 862/2392/2320 861/2394/2322
f 1134/2393/2321 861/2394/2322 1133/2395/2323
f 1133/2395/2323 861/2394/2322 860/2396/2324
f 1133/2395/2323 860/2396/2324 1132/2347/2277
f 1132/2347/2277 860/2396/2324 859/2348/2278
f 1131/2397/2325 1154/2398/2326 1132/2399/2327
f 1132/2399/2327 1154/2398/2326 1133/2400/2328
f 1133/2400/2328 1154/2398/2326 1153/2401/2329
f 1133/2400/2328 1153/2401/2329 1134/2402/2330
f 1134/2402/2330 1153/2401/2329 1152/2403/2331
f 1134/2402/2330 1152/2403/2331 1135/2404/2332
f 1135/2404/2332 1152/2403/2331 1151/2405/2333
f 1135/2404/2332 1151/2405/2333 1136/2406/2334
f 1136/2406/2334 1151/2405/2333 1150/2407/2335
f 1136/2406/2334 1150/2407/2335 1137/2408/2336
f 1137/2408/2336 1150/2407/2335 1149/2409/2337
f 1137/2408/2336 1149/2409/2337 1138/2410/2338
f 1138/2410/2338 1149/2409/2337 1148/2411/2339
f 1138/2410/2338 1148/2411/2339 1139/2412/2340
f 1139/2412/2340 1148/2411/2339 1147/2413/2341
f 1139/2412/2340 1147/2413/2341 1140/2414/2342
f 1140/2414/2342 1147/2413/2341 1146/2415/2343
f 1140/2414/2342 1146/2415/2343 1141/2416/2344
f 1141/2416/2344 1146/2415/2343 1145/2417/2345
f 1141/2416/2344 1145/2417/2345 1142/2418/2346
f 1142/2418/2346 1145/2417/2345 1144/2419/2347
f 1142/2418/2346 1144/2419/2347 1143/2420/2348
# 1154 vertices
# 2420 texture params
# 2348 normals
# 2332 facets

# 1 groups
