# WaveFront *.obj file (generated by Autodesk ATF)

mtllib wheel_left_link.mtl

g wheel_left

v 0.229216 0.232962 -0.072749
v 0.229214 0.230258 -0.072916
v 0.229213 0.227596 -0.073414
v 0.229211 0.225015 -0.074235
v 0.229210 0.222554 -0.075367
v 0.229208 0.220251 -0.076793
v 0.229207 0.218141 -0.078491
v 0.229206 0.216255 -0.080436
v 0.229205 0.214623 -0.082597
v 0.229204 0.213268 -0.084943
v 0.229203 0.212213 -0.087438
v 0.229203 0.211471 -0.090043
v 0.229202 0.211056 -0.092720
v 0.229202 0.210972 -0.095427
v 0.229202 0.211222 -0.098124
v 0.229203 0.211802 -0.100770
v 0.229203 0.212702 -0.103325
v 0.229204 0.213909 -0.105749
v 0.229205 0.215406 -0.108007
v 0.229206 0.217168 -0.110064
v 0.229207 0.219170 -0.111889
v 0.229209 0.221380 -0.113454
v 0.229210 0.223767 -0.114736
v 0.229212 0.226293 -0.115714
v 0.229214 0.228919 -0.116375
v 0.229215 0.231608 -0.116708
v 0.229217 0.234316 -0.116708
v 0.229219 0.237004 -0.116375
v 0.229220 0.239631 -0.115714
v 0.229222 0.242157 -0.114736
v 0.229223 0.244543 -0.113454
v 0.229225 0.246754 -0.111889
v 0.229226 0.248756 -0.110064
v 0.229227 0.250518 -0.108007
v 0.229228 0.252015 -0.105749
v 0.229229 0.253222 -0.103325
v 0.229230 0.254122 -0.100770
v 0.229230 0.254702 -0.098124
v 0.229230 0.254952 -0.095427
v 0.229230 0.254868 -0.092720
v 0.229230 0.254453 -0.090043
v 0.229229 0.253711 -0.087438
v 0.229229 0.252656 -0.084943
v 0.229228 0.251301 -0.082597
v 0.229227 0.249669 -0.080436
v 0.229225 0.247783 -0.078491
v 0.229224 0.245673 -0.076793
v 0.229223 0.243370 -0.075367
v 0.229221 0.240909 -0.074235
v 0.229220 0.238328 -0.073414
v 0.229218 0.235666 -0.072916
v 0.226116 0.232964 -0.072749
v 0.226114 0.230260 -0.072916
v 0.226113 0.227598 -0.073414
v 0.226111 0.225017 -0.074235
v 0.226110 0.222556 -0.075367
v 0.226108 0.220253 -0.076793
v 0.226107 0.218143 -0.078491
v 0.226106 0.216257 -0.080436
v 0.226105 0.214625 -0.082597
v 0.226104 0.213270 -0.084943
v 0.226103 0.212215 -0.087438
v 0.226103 0.211473 -0.090043
v 0.226102 0.211058 -0.092720
v 0.226102 0.210974 -0.095427
v 0.226102 0.211224 -0.098124
v 0.226103 0.211804 -0.100770
v 0.226103 0.212704 -0.103325
v 0.226104 0.213911 -0.105749
v 0.226105 0.215408 -0.108007
v 0.226106 0.217170 -0.110064
v 0.226107 0.219172 -0.111889
v 0.226109 0.221382 -0.113454
v 0.226110 0.223769 -0.114736
v 0.226112 0.226295 -0.115714
v 0.226114 0.228921 -0.116375
v 0.226115 0.231610 -0.116708
v 0.226117 0.234318 -0.116708
v 0.226119 0.237006 -0.116375
v 0.226120 0.239633 -0.115714
v 0.226122 0.242159 -0.114736
v 0.226123 0.244545 -0.113454
v 0.226125 0.246756 -0.111889
v 0.226126 0.248758 -0.110064
v 0.226127 0.250520 -0.108007
v 0.226128 0.252016 -0.105749
v 0.226129 0.253224 -0.103325
v 0.226130 0.254124 -0.100770
v 0.226130 0.254704 -0.098124
v 0.226130 0.254953 -0.095427
v 0.226130 0.254870 -0.092720
v 0.226130 0.254455 -0.090043
v 0.226129 0.253713 -0.087438
v 0.226129 0.252658 -0.084943
v 0.226128 0.251303 -0.082597
v 0.226127 0.249671 -0.080436
v 0.226125 0.247785 -0.078491
v 0.226124 0.245675 -0.076793
v 0.226123 0.243372 -0.075367
v 0.226121 0.240911 -0.074235
v 0.226120 0.238330 -0.073414
v 0.226118 0.235667 -0.072916
v 0.226116 0.232964 -0.043749
v 0.226113 0.228807 -0.043919
v 0.226111 0.224678 -0.044427
v 0.226108 0.220603 -0.045270
v 0.226106 0.216612 -0.046442
v 0.226103 0.212728 -0.047936
v 0.226101 0.208980 -0.049741
v 0.226099 0.205391 -0.051845
v 0.226097 0.201986 -0.054236
v 0.226094 0.198787 -0.056895
v 0.226093 0.195815 -0.059807
v 0.226091 0.193091 -0.062951
v 0.226089 0.190631 -0.066307
v 0.226088 0.188454 -0.069852
v 0.226087 0.186573 -0.073563
v 0.226086 0.185000 -0.077415
v 0.226085 0.183747 -0.081382
v 0.226084 0.182821 -0.085438
v 0.226084 0.182229 -0.089556
v 0.226084 0.181975 -0.093709
v 0.226084 0.182059 -0.097869
v 0.226084 0.182483 -0.102007
v 0.226085 0.183243 -0.106098
v 0.226085 0.184333 -0.110113
v 0.226086 0.185747 -0.114026
v 0.226087 0.187475 -0.117810
v 0.226089 0.189507 -0.121441
v 0.226090 0.191827 -0.124895
v 0.226092 0.194421 -0.128147
v 0.226094 0.197271 -0.131178
v 0.226095 0.200359 -0.133966
v 0.226098 0.203664 -0.136493
v 0.226100 0.207164 -0.138742
v 0.226102 0.210836 -0.140699
v 0.226105 0.214655 -0.142350
v 0.226107 0.218596 -0.143684
v 0.226110 0.222632 -0.144692
v 0.226112 0.226737 -0.145368
v 0.226115 0.230884 -0.145707
v 0.226117 0.235044 -0.145707
v 0.226120 0.239191 -0.145368
v 0.226123 0.243296 -0.144692
v 0.226125 0.247332 -0.143684
v 0.226128 0.251273 -0.142350
v 0.226130 0.255092 -0.140699
v 0.226132 0.258764 -0.138742
v 0.226135 0.262264 -0.136493
v 0.226137 0.265569 -0.133966
v 0.226139 0.268657 -0.131178
v 0.226141 0.271507 -0.128147
v 0.226142 0.274101 -0.124895
v 0.226144 0.276421 -0.121441
v 0.226145 0.278452 -0.117810
v 0.226146 0.280181 -0.114026
v 0.226147 0.281595 -0.110113
v 0.226148 0.282685 -0.106098
v 0.226148 0.283445 -0.102007
v 0.226148 0.283868 -0.097869
v 0.226148 0.283953 -0.093709
v 0.226148 0.283699 -0.089556
v 0.226148 0.283107 -0.085438
v 0.226147 0.282181 -0.081382
v 0.226146 0.280928 -0.077415
v 0.226145 0.279355 -0.073563
v 0.226144 0.277474 -0.069852
v 0.226143 0.275296 -0.066307
v 0.226141 0.272837 -0.062951
v 0.226140 0.270113 -0.059807
v 0.226138 0.267141 -0.056895
v 0.226136 0.263942 -0.054236
v 0.226134 0.260537 -0.051845
v 0.226131 0.256948 -0.049741
v 0.226129 0.253199 -0.047936
v 0.226126 0.249316 -0.046442
v 0.226124 0.245324 -0.045270
v 0.226121 0.241250 -0.044427
v 0.226119 0.237121 -0.043919
v 0.221316 0.232967 -0.039749
v 0.221313 0.228652 -0.039919
v 0.221311 0.224363 -0.040427
v 0.221308 0.220127 -0.041269
v 0.221305 0.215971 -0.042441
v 0.221303 0.211919 -0.043936
v 0.221300 0.207998 -0.045744
v 0.221298 0.204230 -0.047854
v 0.221296 0.200639 -0.050253
v 0.221294 0.197247 -0.052927
v 0.221292 0.194076 -0.055859
v 0.221290 0.191145 -0.059030
v 0.221288 0.188471 -0.062421
v 0.221286 0.186072 -0.066012
v 0.221285 0.183962 -0.069780
v 0.221284 0.182154 -0.073702
v 0.221283 0.180659 -0.077753
v 0.221282 0.179487 -0.081910
v 0.221282 0.178644 -0.086146
v 0.221281 0.178137 -0.090434
v 0.221281 0.177967 -0.094749
v 0.221281 0.178137 -0.099065
v 0.221282 0.178644 -0.103353
v 0.221282 0.179487 -0.107589
v 0.221283 0.180659 -0.111745
v 0.221284 0.182154 -0.115797
v 0.221285 0.183962 -0.119719
v 0.221286 0.186072 -0.123487
v 0.221288 0.188471 -0.127078
v 0.221290 0.191145 -0.130469
v 0.221292 0.194076 -0.133640
v 0.221294 0.197247 -0.136572
v 0.221296 0.200639 -0.139245
v 0.221298 0.204230 -0.141645
v 0.221300 0.207998 -0.143755
v 0.221303 0.211919 -0.145563
v 0.221305 0.215971 -0.147058
v 0.221308 0.220127 -0.148230
v 0.221311 0.224363 -0.149072
v 0.221313 0.228652 -0.149580
v 0.221316 0.232967 -0.149749
v 0.221319 0.237282 -0.149580
v 0.221322 0.241571 -0.149072
v 0.221324 0.245806 -0.148230
v 0.221327 0.249963 -0.147058
v 0.221329 0.254015 -0.145563
v 0.221332 0.257936 -0.143755
v 0.221334 0.261704 -0.141645
v 0.221337 0.265295 -0.139245
v 0.221339 0.268687 -0.136572
v 0.221341 0.271858 -0.133640
v 0.221343 0.274789 -0.130469
v 0.221344 0.277463 -0.127078
v 0.221346 0.279862 -0.123487
v 0.221347 0.281972 -0.119719
v 0.221348 0.283780 -0.115797
v 0.221349 0.285275 -0.111745
v 0.221350 0.286447 -0.107589
v 0.221350 0.287290 -0.103353
v 0.221351 0.287797 -0.099065
v 0.221351 0.287967 -0.094749
v 0.221351 0.287797 -0.090434
v 0.221350 0.287290 -0.086146
v 0.221350 0.286447 -0.081910
v 0.221349 0.285275 -0.077753
v 0.221348 0.283780 -0.073702
v 0.221347 0.281972 -0.069780
v 0.221346 0.279862 -0.066012
v 0.221344 0.277463 -0.062421
v 0.221343 0.274789 -0.059030
v 0.221341 0.271858 -0.055859
v 0.221339 0.268687 -0.052927
v 0.221337 0.265295 -0.050253
v 0.221334 0.261704 -0.047854
v 0.221332 0.257936 -0.045744
v 0.221329 0.254015 -0.043936
v 0.221327 0.249963 -0.042441
v 0.221324 0.245806 -0.041269
v 0.221322 0.241571 -0.040427
v 0.221319 0.237282 -0.039919
v 0.212816 0.232972 -0.039749
v 0.212813 0.228657 -0.039919
v 0.212811 0.224368 -0.040427
v 0.212808 0.220133 -0.041269
v 0.212805 0.215976 -0.042441
v 0.212803 0.211925 -0.043936
v 0.212800 0.208003 -0.045744
v 0.212798 0.204235 -0.047854
v 0.212796 0.200644 -0.050253
v 0.212794 0.197253 -0.052927
v 0.212792 0.194081 -0.055859
v 0.212790 0.191150 -0.059030
v 0.212788 0.188476 -0.062421
v 0.212786 0.186077 -0.066012
v 0.212785 0.183967 -0.069780
v 0.212784 0.182159 -0.073702
v 0.212783 0.180664 -0.077753
v 0.212782 0.179492 -0.081910
v 0.212782 0.178650 -0.086146
v 0.212781 0.178142 -0.090434
v 0.212781 0.177972 -0.094749
v 0.212781 0.178142 -0.099065
v 0.212782 0.178650 -0.103353
v 0.212782 0.179492 -0.107589
v 0.212783 0.180664 -0.111745
v 0.212784 0.182159 -0.115797
v 0.212785 0.183967 -0.119719
v 0.212786 0.186077 -0.123487
v 0.212788 0.188476 -0.127078
v 0.212790 0.191150 -0.130469
v 0.212792 0.194081 -0.133640
v 0.212794 0.197253 -0.136572
v 0.212796 0.200644 -0.139245
v 0.212798 0.204235 -0.141645
v 0.212800 0.208003 -0.143755
v 0.212803 0.211925 -0.145563
v 0.212805 0.215976 -0.147058
v 0.212808 0.220133 -0.148230
v 0.212811 0.224368 -0.149072
v 0.212813 0.228657 -0.149580
v 0.212816 0.232972 -0.149749
v 0.212819 0.237288 -0.149580
v 0.212822 0.241576 -0.149072
v 0.212824 0.245812 -0.148230
v 0.212827 0.249968 -0.147058
v 0.212829 0.254020 -0.145563
v 0.212832 0.257942 -0.143755
v 0.212834 0.261710 -0.141645
v 0.212837 0.265301 -0.139245
v 0.212839 0.268692 -0.136572
v 0.212841 0.271863 -0.133640
v 0.212843 0.274795 -0.130469
v 0.212844 0.277468 -0.127078
v 0.212846 0.279868 -0.123487
v 0.212847 0.281978 -0.119719
v 0.212848 0.283786 -0.115797
v 0.212849 0.285280 -0.111745
v 0.212850 0.286453 -0.107589
v 0.212850 0.287295 -0.103353
v 0.212851 0.287803 -0.099065
v 0.212851 0.287972 -0.094749
v 0.212851 0.287803 -0.090434
v 0.212850 0.287295 -0.086146
v 0.212850 0.286453 -0.081910
v 0.212849 0.285280 -0.077753
v 0.212848 0.283786 -0.073702
v 0.212847 0.281978 -0.069780
v 0.212846 0.279868 -0.066012
v 0.212844 0.277468 -0.062421
v 0.212843 0.274795 -0.059030
v 0.212841 0.271863 -0.055859
v 0.212839 0.268692 -0.052927
v 0.212837 0.265301 -0.050253
v 0.212834 0.261710 -0.047854
v 0.212832 0.257942 -0.045744
v 0.212829 0.254020 -0.043936
v 0.212827 0.249968 -0.042441
v 0.212824 0.245812 -0.041269
v 0.212822 0.241576 -0.040427
v 0.212819 0.237288 -0.039919
v 0.212816 0.232972 -0.017749
v 0.212813 0.227829 -0.017921
v 0.212810 0.222709 -0.018436
v 0.212806 0.217635 -0.019292
v 0.212803 0.212629 -0.020485
v 0.212800 0.207714 -0.022010
v 0.212797 0.202912 -0.023859
v 0.212794 0.198245 -0.026025
v 0.212791 0.193732 -0.028498
v 0.212789 0.189394 -0.031267
v 0.212786 0.185252 -0.034320
v 0.212783 0.181322 -0.037642
v 0.212781 0.177623 -0.041220
v 0.212779 0.174171 -0.045036
v 0.212777 0.170982 -0.049075
v 0.212775 0.168070 -0.053317
v 0.212773 0.165447 -0.057745
v 0.212772 0.163126 -0.062337
v 0.212771 0.161117 -0.067075
v 0.212770 0.159429 -0.071936
v 0.212769 0.158070 -0.076899
v 0.212768 0.157045 -0.081942
v 0.212768 0.156359 -0.087042
v 0.212767 0.156015 -0.092176
v 0.212767 0.156015 -0.097322
v 0.212768 0.156359 -0.102457
v 0.212768 0.157045 -0.107557
v 0.212769 0.158070 -0.112600
v 0.212770 0.159429 -0.117563
v 0.212771 0.161117 -0.122424
v 0.212772 0.163126 -0.127161
v 0.212773 0.165447 -0.131754
v 0.212775 0.168070 -0.136182
v 0.212777 0.170982 -0.140424
v 0.212779 0.174171 -0.144463
v 0.212781 0.177623 -0.148279
v 0.212783 0.181322 -0.151857
v 0.212786 0.185252 -0.155179
v 0.212789 0.189394 -0.158231
v 0.212791 0.193732 -0.161000
v 0.212794 0.198245 -0.163473
v 0.212797 0.202912 -0.165639
v 0.212800 0.207714 -0.167489
v 0.212803 0.212629 -0.169014
v 0.212806 0.217635 -0.170206
v 0.212810 0.222709 -0.171062
v 0.212813 0.227829 -0.171577
v 0.212816 0.232972 -0.171749
v 0.212819 0.238115 -0.171577
v 0.212823 0.243235 -0.171062
v 0.212826 0.248310 -0.170206
v 0.212829 0.253315 -0.169014
v 0.212832 0.258230 -0.167489
v 0.212835 0.263032 -0.165639
v 0.212838 0.267700 -0.163473
v 0.212841 0.272213 -0.161000
v 0.212844 0.276550 -0.158231
v 0.212846 0.280693 -0.155179
v 0.212849 0.284623 -0.151857
v 0.212851 0.288322 -0.148279
v 0.212853 0.291774 -0.144463
v 0.212855 0.294963 -0.140424
v 0.212857 0.297875 -0.136182
v 0.212859 0.300497 -0.131754
v 0.212860 0.302818 -0.127161
v 0.212862 0.304827 -0.122424
v 0.212863 0.306515 -0.117563
v 0.212864 0.307875 -0.112600
v 0.212864 0.308900 -0.107557
v 0.212865 0.309586 -0.102457
v 0.212865 0.309929 -0.097322
v 0.212865 0.309929 -0.092176
v 0.212865 0.309586 -0.087042
v 0.212864 0.308900 -0.081942
v 0.212864 0.307875 -0.076899
v 0.212863 0.306515 -0.071936
v 0.212862 0.304827 -0.067075
v 0.212860 0.302818 -0.062337
v 0.212859 0.300497 -0.057745
v 0.212857 0.297875 -0.053317
v 0.212855 0.294963 -0.049075
v 0.212853 0.291774 -0.045036
v 0.212851 0.288322 -0.041220
v 0.212849 0.284623 -0.037642
v 0.212846 0.280693 -0.034320
v 0.212844 0.276550 -0.031267
v 0.212841 0.272213 -0.028498
v 0.212838 0.267700 -0.026025
v 0.212835 0.263032 -0.023859
v 0.212832 0.258230 -0.022010
v 0.212829 0.253315 -0.020485
v 0.212826 0.248310 -0.019292
v 0.212823 0.243235 -0.018436
v 0.212819 0.238115 -0.017921
v 0.163316 0.233004 -0.042249
v 0.163319 0.237228 -0.042420
v 0.163321 0.241425 -0.042929
v 0.163324 0.245568 -0.043775
v 0.163327 0.249629 -0.044951
v 0.163329 0.253582 -0.046450
v 0.163332 0.257402 -0.048263
v 0.163334 0.261063 -0.050377
v 0.163336 0.264543 -0.052779
v 0.163338 0.267818 -0.055453
v 0.163340 0.270867 -0.058381
v 0.163342 0.273670 -0.061546
v 0.163343 0.276210 -0.064926
v 0.163345 0.278470 -0.068499
v 0.163346 0.280435 -0.072243
v 0.163347 0.282092 -0.076133
v 0.163348 0.283431 -0.080143
v 0.163349 0.284443 -0.084248
v 0.163349 0.285121 -0.088421
v 0.163349 0.285461 -0.092635
v 0.163349 0.285461 -0.096863
v 0.163349 0.285121 -0.101078
v 0.163349 0.284443 -0.105251
v 0.163348 0.283431 -0.109356
v 0.163347 0.282092 -0.113366
v 0.163346 0.280435 -0.117256
v 0.163345 0.278470 -0.120999
v 0.163343 0.276210 -0.124573
v 0.163342 0.273670 -0.127953
v 0.163340 0.270867 -0.131117
v 0.163338 0.267818 -0.134046
v 0.163336 0.264543 -0.136720
v 0.163334 0.261063 -0.139122
v 0.163332 0.257402 -0.141236
v 0.163329 0.253582 -0.143048
v 0.163327 0.249629 -0.144548
v 0.163324 0.245568 -0.145724
v 0.163321 0.241425 -0.146570
v 0.163319 0.237228 -0.147079
v 0.163316 0.233004 -0.147249
v 0.163313 0.228779 -0.147079
v 0.163311 0.224582 -0.146570
v 0.163308 0.220440 -0.145724
v 0.163306 0.216379 -0.144548
v 0.163303 0.212425 -0.143048
v 0.163301 0.208606 -0.141236
v 0.163298 0.204944 -0.139122
v 0.163296 0.201465 -0.136720
v 0.163294 0.198190 -0.134046
v 0.163292 0.195141 -0.131117
v 0.163290 0.192337 -0.127953
v 0.163289 0.189797 -0.124573
v 0.163287 0.187537 -0.120999
v 0.163286 0.185573 -0.117256
v 0.163285 0.183915 -0.113366
v 0.163284 0.182576 -0.109356
v 0.163284 0.181565 -0.105251
v 0.163283 0.180886 -0.101078
v 0.163283 0.180546 -0.096863
v 0.163283 0.180546 -0.092635
v 0.163283 0.180886 -0.088421
v 0.163284 0.181565 -0.084248
v 0.163284 0.182576 -0.080143
v 0.163285 0.183915 -0.076133
v 0.163286 0.185573 -0.072243
v 0.163287 0.187537 -0.068499
v 0.163289 0.189797 -0.064926
v 0.163290 0.192337 -0.061546
v 0.163292 0.195141 -0.058381
v 0.163294 0.198190 -0.055453
v 0.163296 0.201465 -0.052779
v 0.163298 0.204944 -0.050377
v 0.163301 0.208606 -0.048263
v 0.163303 0.212425 -0.046450
v 0.163306 0.216379 -0.044951
v 0.163308 0.220440 -0.043775
v 0.163311 0.224582 -0.042929
v 0.163313 0.228779 -0.042420
v 0.163321 0.241004 -0.094749
v 0.163321 0.240840 -0.093139
v 0.163321 0.240355 -0.091595
v 0.163320 0.239570 -0.090179
v 0.163320 0.238515 -0.088951
v 0.163319 0.237235 -0.087960
v 0.163318 0.235782 -0.087247
v 0.163317 0.234215 -0.086842
v 0.163316 0.232598 -0.086760
v 0.163315 0.230998 -0.087005
v 0.163314 0.229481 -0.087567
v 0.163313 0.228107 -0.088423
v 0.163312 0.226934 -0.089538
v 0.163312 0.226009 -0.090867
v 0.163311 0.225371 -0.092355
v 0.163311 0.225045 -0.093940
v 0.163311 0.225045 -0.095559
v 0.163311 0.225371 -0.097144
v 0.163312 0.226009 -0.098632
v 0.163312 0.226934 -0.099960
v 0.163313 0.228107 -0.101076
v 0.163314 0.229481 -0.101932
v 0.163315 0.230998 -0.102494
v 0.163316 0.232598 -0.102739
v 0.163317 0.234215 -0.102657
v 0.163318 0.235782 -0.102251
v 0.163319 0.237235 -0.101539
v 0.163320 0.238515 -0.100548
v 0.163320 0.239570 -0.099320
v 0.163321 0.240355 -0.097904
v 0.163321 0.240840 -0.096360
v 0.167816 0.233001 -0.038749
v 0.167819 0.237395 -0.038922
v 0.167822 0.241761 -0.039439
v 0.167824 0.246074 -0.040297
v 0.167827 0.250306 -0.041490
v 0.167830 0.254431 -0.043012
v 0.167832 0.258424 -0.044853
v 0.167835 0.262261 -0.047002
v 0.167837 0.265917 -0.049444
v 0.167839 0.269370 -0.052167
v 0.167841 0.272599 -0.055151
v 0.167843 0.275584 -0.058380
v 0.167845 0.278306 -0.061833
v 0.167846 0.280749 -0.065489
v 0.167848 0.282897 -0.069326
v 0.167849 0.284738 -0.073319
v 0.167850 0.286260 -0.077444
v 0.167851 0.287454 -0.081676
v 0.167851 0.288311 -0.085989
v 0.167851 0.288828 -0.090356
v 0.167852 0.289001 -0.094749
v 0.167851 0.288828 -0.099143
v 0.167851 0.288311 -0.103510
v 0.167851 0.287454 -0.107822
v 0.167850 0.286260 -0.112054
v 0.167849 0.284738 -0.116180
v 0.167848 0.282897 -0.120173
v 0.167846 0.280749 -0.124009
v 0.167845 0.278306 -0.127665
v 0.167843 0.275584 -0.131119
v 0.167841 0.272599 -0.134347
v 0.167839 0.269370 -0.137332
v 0.167837 0.265917 -0.140054
v 0.167835 0.262261 -0.142497
v 0.167832 0.258424 -0.144646
v 0.167830 0.254431 -0.146487
v 0.167827 0.250306 -0.148009
v 0.167824 0.246074 -0.149202
v 0.167822 0.241761 -0.150060
v 0.167819 0.237395 -0.150577
v 0.167816 0.233001 -0.150749
v 0.167813 0.228607 -0.150577
v 0.167811 0.224241 -0.150060
v 0.167808 0.219928 -0.149202
v 0.167805 0.215696 -0.148009
v 0.167803 0.211571 -0.146487
v 0.167800 0.207577 -0.144646
v 0.167798 0.203741 -0.142497
v 0.167795 0.200085 -0.140054
v 0.167793 0.196632 -0.137332
v 0.167791 0.193403 -0.134347
v 0.167789 0.190418 -0.131119
v 0.167787 0.187696 -0.127665
v 0.167786 0.185253 -0.124009
v 0.167785 0.183104 -0.120173
v 0.167783 0.181264 -0.116180
v 0.167782 0.179742 -0.112054
v 0.167782 0.178548 -0.107822
v 0.167781 0.177690 -0.103510
v 0.167781 0.177173 -0.099143
v 0.167781 0.177001 -0.094749
v 0.167781 0.177173 -0.090356
v 0.167781 0.177690 -0.085989
v 0.167782 0.178548 -0.081676
v 0.167782 0.179742 -0.077444
v 0.167783 0.181264 -0.073319
v 0.167785 0.183104 -0.069326
v 0.167786 0.185253 -0.065489
v 0.167787 0.187696 -0.061833
v 0.167789 0.190418 -0.058380
v 0.167791 0.193403 -0.055151
v 0.167793 0.196632 -0.052167
v 0.167795 0.200085 -0.049444
v 0.167798 0.203741 -0.047002
v 0.167800 0.207577 -0.044853
v 0.167803 0.211571 -0.043012
v 0.167805 0.215696 -0.041490
v 0.167808 0.219928 -0.040297
v 0.167811 0.224241 -0.039439
v 0.167813 0.228607 -0.038922
v 0.167816 0.233001 -0.017749
v 0.167819 0.238144 -0.017921
v 0.167823 0.243264 -0.018436
v 0.167826 0.248338 -0.019292
v 0.167829 0.253344 -0.020485
v 0.167832 0.258259 -0.022010
v 0.167835 0.263061 -0.023859
v 0.167838 0.267729 -0.026025
v 0.167841 0.272241 -0.028498
v 0.167844 0.276579 -0.031267
v 0.167846 0.280722 -0.034320
v 0.167849 0.284651 -0.037642
v 0.167851 0.288350 -0.041220
v 0.167853 0.291802 -0.045036
v 0.167855 0.294991 -0.049075
v 0.167857 0.297904 -0.053317
v 0.167859 0.300526 -0.057745
v 0.167860 0.302847 -0.062337
v 0.167862 0.304856 -0.067075
v 0.167863 0.306544 -0.071936
v 0.167864 0.307903 -0.076899
v 0.167864 0.308928 -0.081942
v 0.167865 0.309614 -0.087042
v 0.167865 0.309958 -0.092176
v 0.167865 0.309958 -0.097322
v 0.167865 0.309614 -0.102457
v 0.167864 0.308928 -0.107557
v 0.167864 0.307903 -0.112600
v 0.167863 0.306544 -0.117563
v 0.167862 0.304856 -0.122424
v 0.167860 0.302847 -0.127161
v 0.167859 0.300526 -0.131754
v 0.167857 0.297904 -0.136182
v 0.167855 0.294991 -0.140424
v 0.167853 0.291802 -0.144463
v 0.167851 0.288350 -0.148279
v 0.167849 0.284651 -0.151857
v 0.167846 0.280722 -0.155179
v 0.167844 0.276579 -0.158231
v 0.167841 0.272241 -0.161000
v 0.167838 0.267729 -0.163473
v 0.167835 0.263061 -0.165639
v 0.167832 0.258259 -0.167489
v 0.167829 0.253344 -0.169014
v 0.167826 0.248338 -0.170206
v 0.167823 0.243264 -0.171062
v 0.167819 0.238144 -0.171577
v 0.167816 0.233001 -0.171749
v 0.167813 0.227858 -0.171577
v 0.167810 0.222738 -0.171062
v 0.167806 0.217664 -0.170206
v 0.167803 0.212658 -0.169014
v 0.167800 0.207743 -0.167489
v 0.167797 0.202941 -0.165639
v 0.167794 0.198273 -0.163473
v 0.167791 0.193760 -0.161000
v 0.167789 0.189423 -0.158231
v 0.167786 0.185280 -0.155179
v 0.167783 0.181350 -0.151857
v 0.167781 0.177651 -0.148279
v 0.167779 0.174200 -0.144463
v 0.167777 0.171010 -0.140424
v 0.167775 0.168098 -0.136182
v 0.167773 0.165476 -0.131754
v 0.167772 0.163155 -0.127161
v 0.167771 0.161146 -0.122424
v 0.167770 0.159458 -0.117563
v 0.167769 0.158098 -0.112600
v 0.167768 0.157073 -0.107557
v 0.167768 0.156388 -0.102457
v 0.167767 0.156044 -0.097322
v 0.167767 0.156044 -0.092176
v 0.167768 0.156388 -0.087042
v 0.167768 0.157073 -0.081942
v 0.167769 0.158098 -0.076899
v 0.167770 0.159458 -0.071936
v 0.167771 0.161146 -0.067075
v 0.167772 0.163155 -0.062337
v 0.167773 0.165476 -0.057745
v 0.167775 0.168098 -0.053317
v 0.167777 0.171010 -0.049075
v 0.167779 0.174200 -0.045036
v 0.167781 0.177651 -0.041220
v 0.167783 0.181350 -0.037642
v 0.167786 0.185280 -0.034320
v 0.167789 0.189423 -0.031267
v 0.167791 0.193760 -0.028498
v 0.167794 0.198273 -0.026025
v 0.167797 0.202941 -0.023859
v 0.167800 0.207743 -0.022010
v 0.167803 0.212658 -0.020485
v 0.167806 0.217664 -0.019292
v 0.167810 0.222738 -0.018436
v 0.167813 0.227858 -0.017921
v 0.210065 0.312035 -0.094749
v 0.207078 0.313815 -0.094749
v 0.203932 0.315296 -0.094749
v 0.200657 0.316463 -0.094749
v 0.197283 0.317305 -0.094749
v 0.193843 0.317815 -0.094749
v 0.190370 0.317987 -0.094749
v 0.186897 0.317819 -0.094749
v 0.183456 0.317314 -0.094749
v 0.180081 0.316476 -0.094749
v 0.176804 0.315313 -0.094749
v 0.173656 0.313837 -0.094749
v 0.170667 0.312060 -0.094749
v 0.210002 0.211906 -0.018547
v 0.170603 0.211931 -0.018547
v 0.209965 0.153953 -0.097258
v 0.170567 0.153978 -0.092241
v 0.210002 0.211906 -0.170952
v 0.170603 0.211931 -0.170952
v 0.210018 0.236736 -0.015778
v 0.207030 0.236823 -0.014002
v 0.203883 0.236895 -0.012525
v 0.200606 0.236952 -0.011361
v 0.197232 0.236994 -0.010522
v 0.193792 0.237021 -0.010015
v 0.190319 0.237031 -0.009846
v 0.186846 0.237025 -0.010015
v 0.183405 0.237003 -0.010522
v 0.180031 0.236965 -0.011361
v 0.176755 0.236912 -0.012525
v 0.173607 0.236844 -0.014002
v 0.170619 0.236761 -0.015778
v 0.170616 0.231745 -0.015698
v 0.173604 0.231715 -0.013920
v 0.176751 0.231689 -0.012442
v 0.180028 0.231669 -0.011277
v 0.183402 0.231653 -0.010437
v 0.186842 0.231643 -0.009930
v 0.190315 0.231638 -0.009760
v 0.193788 0.231638 -0.009930
v 0.197229 0.231644 -0.010437
v 0.200603 0.231656 -0.011277
v 0.203879 0.231672 -0.012442
v 0.207026 0.231693 -0.013920
v 0.210015 0.231720 -0.015698
v 0.210021 0.241737 -0.016175
v 0.207033 0.241936 -0.014408
v 0.203886 0.242102 -0.012939
v 0.200610 0.242233 -0.011781
v 0.197235 0.242328 -0.010946
v 0.193795 0.242387 -0.010442
v 0.190322 0.242408 -0.010273
v 0.186849 0.242391 -0.010442
v 0.183409 0.242337 -0.010946
v 0.180034 0.242246 -0.011781
v 0.176758 0.242119 -0.012939
v 0.173611 0.241957 -0.014408
v 0.170622 0.241762 -0.016175
v 0.210024 0.246703 -0.016889
v 0.207036 0.247014 -0.015138
v 0.203889 0.247272 -0.013682
v 0.200613 0.247477 -0.012535
v 0.197239 0.247625 -0.011707
v 0.193799 0.247715 -0.011208
v 0.190325 0.247747 -0.011041
v 0.186852 0.247719 -0.011208
v 0.183412 0.247634 -0.011707
v 0.180038 0.247490 -0.012535
v 0.176761 0.247290 -0.013682
v 0.173614 0.247035 -0.015138
v 0.170625 0.246728 -0.016889
v 0.210027 0.251613 -0.017917
v 0.207039 0.252035 -0.016189
v 0.203892 0.252385 -0.014752
v 0.200616 0.252662 -0.013620
v 0.197242 0.252862 -0.012803
v 0.193802 0.252984 -0.012310
v 0.190329 0.253026 -0.012145
v 0.186856 0.252988 -0.012310
v 0.183415 0.252871 -0.012803
v 0.180041 0.252675 -0.013620
v 0.176764 0.252402 -0.014752
v 0.173617 0.252056 -0.016189
v 0.170629 0.251638 -0.017917
v 0.210030 0.256449 -0.019254
v 0.207042 0.256979 -0.017556
v 0.203896 0.257420 -0.016144
v 0.200619 0.257768 -0.015031
v 0.197245 0.258019 -0.014229
v 0.193805 0.258172 -0.013745
v 0.190332 0.258225 -0.013583
v 0.186859 0.258177 -0.013745
v 0.183419 0.258028 -0.014229
v 0.180044 0.257781 -0.015031
v 0.176768 0.257437 -0.016144
v 0.173620 0.257000 -0.017556
v 0.170632 0.256474 -0.019254
v 0.210033 0.261190 -0.020895
v 0.207046 0.261826 -0.019233
v 0.203899 0.262356 -0.017852
v 0.200623 0.262774 -0.016764
v 0.197248 0.263076 -0.015979
v 0.193808 0.263259 -0.015505
v 0.190335 0.263322 -0.015347
v 0.186862 0.263264 -0.015505
v 0.183422 0.263085 -0.015979
v 0.180047 0.262787 -0.016764
v 0.176771 0.262373 -0.017852
v 0.173623 0.261848 -0.019233
v 0.170635 0.261215 -0.020895
v 0.210036 0.265817 -0.022833
v 0.207049 0.266558 -0.021215
v 0.203902 0.267174 -0.019870
v 0.200626 0.267660 -0.018811
v 0.197252 0.268011 -0.018046
v 0.193812 0.268224 -0.017585
v 0.190338 0.268297 -0.017431
v 0.186865 0.268229 -0.017585
v 0.183425 0.268020 -0.018046
v 0.180051 0.267673 -0.018811
v 0.176774 0.267191 -0.019870
v 0.173626 0.266579 -0.021215
v 0.170638 0.265842 -0.022833
v 0.210039 0.270312 -0.025061
v 0.207051 0.271154 -0.023493
v 0.203905 0.271854 -0.022190
v 0.200629 0.272407 -0.021163
v 0.197255 0.272806 -0.020423
v 0.193815 0.273047 -0.019975
v 0.190342 0.273130 -0.019826
v 0.186868 0.273052 -0.019975
v 0.183428 0.272814 -0.020423
v 0.180054 0.272420 -0.021163
v 0.176777 0.271872 -0.022190
v 0.173629 0.271175 -0.023493
v 0.170640 0.270337 -0.025061
v 0.210042 0.274657 -0.027569
v 0.207054 0.275597 -0.026058
v 0.203908 0.276378 -0.024802
v 0.200632 0.276994 -0.023812
v 0.197258 0.277439 -0.023098
v 0.193818 0.277709 -0.022667
v 0.190344 0.277801 -0.022523
v 0.186871 0.277714 -0.022667
v 0.183431 0.277448 -0.023098
v 0.180056 0.277007 -0.023812
v 0.176780 0.276395 -0.024802
v 0.173632 0.275618 -0.026058
v 0.170643 0.274682 -0.027569
v 0.210044 0.278834 -0.030348
v 0.207057 0.279867 -0.028900
v 0.203910 0.280727 -0.027695
v 0.200634 0.281405 -0.026746
v 0.197260 0.281894 -0.026062
v 0.193820 0.282191 -0.025649
v 0.190347 0.282291 -0.025510
v 0.186874 0.282195 -0.025649
v 0.183434 0.281903 -0.026062
v 0.180059 0.281418 -0.026746
v 0.176782 0.280744 -0.027695
v 0.173635 0.279889 -0.028900
v 0.170646 0.278859 -0.030348
v 0.210047 0.282826 -0.033386
v 0.207060 0.283949 -0.032006
v 0.203913 0.284884 -0.030859
v 0.200637 0.285620 -0.029954
v 0.197263 0.286152 -0.029302
v 0.193823 0.286474 -0.028909
v 0.190350 0.286584 -0.028777
v 0.186877 0.286479 -0.028909
v 0.183437 0.286161 -0.029302
v 0.180062 0.285634 -0.029954
v 0.176785 0.284901 -0.030859
v 0.173637 0.283971 -0.032006
v 0.170648 0.282851 -0.033386
v 0.210049 0.286618 -0.036672
v 0.207062 0.287826 -0.035365
v 0.203915 0.288832 -0.034279
v 0.200640 0.289624 -0.033424
v 0.197266 0.290196 -0.032806
v 0.193826 0.290543 -0.032434
v 0.190353 0.290660 -0.032309
v 0.186879 0.290547 -0.032434
v 0.183439 0.290205 -0.032806
v 0.180064 0.289637 -0.033424
v 0.176788 0.288849 -0.034279
v 0.173640 0.287847 -0.035365
v 0.170651 0.286643 -0.036672
v 0.210052 0.290193 -0.040191
v 0.207064 0.291482 -0.038964
v 0.203918 0.292554 -0.037943
v 0.200642 0.293400 -0.037140
v 0.197268 0.294010 -0.036560
v 0.193828 0.294379 -0.036210
v 0.190355 0.294504 -0.036093
v 0.186882 0.294383 -0.036210
v 0.183441 0.294018 -0.036560
v 0.180067 0.293413 -0.037140
v 0.176790 0.292572 -0.037943
v 0.173642 0.291503 -0.038964
v 0.170653 0.290218 -0.040191
v 0.210054 0.293538 -0.043930
v 0.207066 0.294903 -0.042787
v 0.203920 0.296037 -0.041836
v 0.200644 0.296932 -0.041088
v 0.197270 0.297577 -0.040548
v 0.193830 0.297968 -0.040222
v 0.190357 0.298100 -0.040112
v 0.186884 0.297973 -0.040222
v 0.183444 0.297586 -0.040548
v 0.180069 0.296945 -0.041088
v 0.176792 0.296054 -0.041836
v 0.173644 0.294924 -0.042787
v 0.170655 0.293563 -0.043930
v 0.210058 0.299485 -0.052006
v 0.207070 0.300982 -0.051044
v 0.203924 0.302228 -0.050245
v 0.200648 0.303210 -0.049615
v 0.197274 0.303919 -0.049161
v 0.193834 0.304348 -0.048887
v 0.190361 0.304493 -0.048795
v 0.186888 0.304353 -0.048887
v 0.183448 0.303928 -0.049161
v 0.180073 0.303223 -0.049615
v 0.176796 0.302246 -0.050245
v 0.173648 0.301004 -0.051044
v 0.170659 0.299509 -0.052006
v 0.170657 0.296649 -0.047852
v 0.173646 0.298079 -0.046797
v 0.176794 0.299267 -0.045920
v 0.180071 0.300203 -0.045229
v 0.183446 0.300877 -0.044731
v 0.186886 0.301283 -0.044430
v 0.190359 0.301418 -0.044329
v 0.193832 0.301279 -0.044430
v 0.197272 0.300868 -0.044731
v 0.200646 0.300190 -0.045229
v 0.203922 0.299250 -0.045920
v 0.207068 0.298057 -0.046797
v 0.210056 0.296624 -0.047852
v 0.210059 0.302062 -0.056310
v 0.207072 0.303617 -0.055446
v 0.203926 0.304912 -0.054727
v 0.200650 0.305932 -0.054160
v 0.197276 0.306668 -0.053752
v 0.193836 0.307113 -0.053505
v 0.190363 0.307264 -0.053423
v 0.186890 0.307118 -0.053505
v 0.183449 0.306677 -0.053752
v 0.180075 0.305945 -0.054160
v 0.176798 0.304929 -0.054727
v 0.173650 0.303639 -0.055446
v 0.170660 0.302087 -0.056310
v 0.210061 0.304360 -0.060769
v 0.207073 0.305968 -0.060005
v 0.203927 0.307305 -0.059370
v 0.200651 0.308359 -0.058869
v 0.197278 0.309120 -0.058508
v 0.193838 0.309580 -0.058290
v 0.190365 0.309735 -0.058217
v 0.186891 0.309584 -0.058290
v 0.183451 0.309129 -0.058508
v 0.180076 0.308372 -0.058869
v 0.176799 0.307322 -0.059370
v 0.173651 0.305989 -0.060005
v 0.170662 0.304385 -0.060769
v 0.210062 0.306372 -0.065365
v 0.207075 0.308025 -0.064704
v 0.203928 0.309399 -0.064155
v 0.200653 0.310483 -0.063722
v 0.197279 0.311265 -0.063410
v 0.193839 0.311738 -0.063221
v 0.190366 0.311898 -0.063158
v 0.186893 0.311743 -0.063221
v 0.183452 0.311274 -0.063410
v 0.180078 0.310496 -0.063722
v 0.176801 0.309417 -0.064155
v 0.173652 0.308046 -0.064704
v 0.170663 0.306397 -0.065365
v 0.210063 0.308088 -0.070080
v 0.207076 0.309779 -0.069525
v 0.203930 0.311186 -0.069063
v 0.200654 0.312295 -0.068700
v 0.197280 0.313095 -0.068438
v 0.193840 0.313579 -0.068280
v 0.190367 0.313743 -0.068227
v 0.186894 0.313584 -0.068280
v 0.183454 0.313104 -0.068438
v 0.180079 0.312308 -0.068700
v 0.176802 0.311203 -0.069063
v 0.173654 0.309800 -0.069525
v 0.170664 0.308113 -0.070080
v 0.210064 0.309501 -0.074893
v 0.207077 0.311224 -0.074447
v 0.203930 0.312658 -0.074075
v 0.200655 0.313787 -0.073783
v 0.197281 0.314603 -0.073572
v 0.193841 0.315096 -0.073444
v 0.190368 0.315262 -0.073402
v 0.186895 0.315100 -0.073444
v 0.183455 0.314611 -0.073572
v 0.180080 0.313800 -0.073783
v 0.176803 0.312675 -0.074075
v 0.173654 0.311246 -0.074447
v 0.170665 0.309526 -0.074893
v 0.210065 0.310606 -0.079787
v 0.207078 0.312355 -0.079450
v 0.203931 0.313808 -0.079171
v 0.200656 0.314954 -0.078950
v 0.197282 0.315781 -0.078791
v 0.193842 0.316282 -0.078695
v 0.190369 0.316451 -0.078663
v 0.186896 0.316286 -0.078695
v 0.183455 0.315790 -0.078791
v 0.180080 0.314967 -0.078950
v 0.176803 0.313826 -0.079171
v 0.173655 0.312376 -0.079450
v 0.170666 0.310631 -0.079787
v 0.210065 0.311399 -0.084741
v 0.207078 0.313165 -0.084516
v 0.203932 0.314634 -0.084329
v 0.200656 0.315791 -0.084181
v 0.197282 0.316627 -0.084075
v 0.193843 0.317132 -0.084011
v 0.190369 0.317303 -0.083989
v 0.186896 0.317137 -0.084011
v 0.183456 0.316636 -0.084075
v 0.180081 0.315804 -0.084181
v 0.176804 0.314651 -0.084329
v 0.173656 0.313186 -0.084516
v 0.170666 0.311424 -0.084741
v 0.210065 0.311876 -0.089735
v 0.207078 0.313653 -0.089622
v 0.203932 0.315130 -0.089528
v 0.200656 0.316295 -0.089455
v 0.197283 0.317136 -0.089401
v 0.193843 0.317644 -0.089369
v 0.190370 0.317815 -0.089358
v 0.186897 0.317648 -0.089369
v 0.183456 0.317144 -0.089401
v 0.180081 0.316308 -0.089455
v 0.176804 0.315147 -0.089528
v 0.173656 0.313674 -0.089622
v 0.170667 0.311901 -0.089735
v 0.210065 0.311876 -0.099764
v 0.207078 0.313653 -0.099877
v 0.203932 0.315130 -0.099970
v 0.200656 0.316295 -0.100044
v 0.197283 0.317136 -0.100098
v 0.193843 0.317644 -0.100130
v 0.190370 0.317815 -0.100140
v 0.186897 0.317648 -0.100130
v 0.183456 0.317144 -0.100098
v 0.180081 0.316308 -0.100044
v 0.176804 0.315147 -0.099970
v 0.173656 0.313674 -0.099877
v 0.170667 0.311901 -0.099764
v 0.210065 0.311399 -0.104758
v 0.207078 0.313165 -0.104983
v 0.203932 0.314634 -0.105170
v 0.200656 0.315791 -0.105318
v 0.197282 0.316627 -0.105424
v 0.193843 0.317132 -0.105488
v 0.190369 0.317303 -0.105510
v 0.186896 0.317137 -0.105488
v 0.183456 0.316636 -0.105424
v 0.180081 0.315804 -0.105318
v 0.176804 0.314651 -0.105170
v 0.173656 0.313186 -0.104983
v 0.170666 0.311424 -0.104758
v 0.210065 0.310606 -0.109712
v 0.207078 0.312355 -0.110048
v 0.203931 0.313808 -0.110328
v 0.200656 0.314954 -0.110549
v 0.197282 0.315781 -0.110708
v 0.193842 0.316282 -0.110804
v 0.190369 0.316451 -0.110836
v 0.186896 0.316286 -0.110804
v 0.183455 0.315790 -0.110708
v 0.180080 0.314967 -0.110549
v 0.176803 0.313826 -0.110328
v 0.173655 0.312376 -0.110048
v 0.170666 0.310631 -0.109712
v 0.210064 0.309501 -0.114605
v 0.207077 0.311224 -0.115052
v 0.203930 0.312658 -0.115423
v 0.200655 0.313787 -0.115716
v 0.197281 0.314603 -0.115927
v 0.193841 0.315096 -0.116054
v 0.190368 0.315262 -0.116097
v 0.186895 0.315100 -0.116054
v 0.183455 0.314611 -0.115927
v 0.180080 0.313800 -0.115716
v 0.176803 0.312675 -0.115423
v 0.173654 0.311246 -0.115052
v 0.170665 0.309526 -0.114605
v 0.210063 0.308088 -0.119419
v 0.207076 0.309779 -0.119974
v 0.203930 0.311186 -0.120435
v 0.200654 0.312295 -0.120799
v 0.197280 0.313095 -0.121061
v 0.193840 0.313579 -0.121219
v 0.190367 0.313743 -0.121272
v 0.186894 0.313584 -0.121219
v 0.183454 0.313104 -0.121061
v 0.180079 0.312308 -0.120799
v 0.176802 0.311203 -0.120435
v 0.173654 0.309800 -0.119974
v 0.170664 0.308113 -0.119419
v 0.210062 0.306372 -0.124133
v 0.207075 0.308025 -0.124794
v 0.203928 0.309399 -0.125344
v 0.200653 0.310483 -0.125777
v 0.197279 0.311265 -0.126089
v 0.193839 0.311738 -0.126278
v 0.190366 0.311898 -0.126341
v 0.186893 0.311743 -0.126278
v 0.183452 0.311274 -0.126089
v 0.180078 0.310496 -0.125777
v 0.176801 0.309417 -0.125344
v 0.173652 0.308046 -0.124794
v 0.170663 0.306397 -0.124133
v 0.210061 0.304360 -0.128729
v 0.207073 0.305968 -0.129494
v 0.203927 0.307305 -0.130129
v 0.200651 0.308359 -0.130630
v 0.197278 0.309120 -0.130991
v 0.193838 0.309580 -0.131209
v 0.190365 0.309735 -0.131282
v 0.186891 0.309584 -0.131209
v 0.183451 0.309129 -0.130991
v 0.180076 0.308372 -0.130630
v 0.176799 0.307322 -0.130129
v 0.173651 0.305989 -0.129494
v 0.170662 0.304385 -0.128729
v 0.210059 0.302062 -0.133189
v 0.207072 0.303617 -0.134053
v 0.203926 0.304912 -0.134772
v 0.200650 0.305932 -0.135339
v 0.197276 0.306668 -0.135747
v 0.193836 0.307113 -0.135994
v 0.190363 0.307264 -0.136076
v 0.186890 0.307118 -0.135994
v 0.183449 0.306677 -0.135747
v 0.180075 0.305945 -0.135339
v 0.176798 0.304929 -0.134772
v 0.173650 0.303639 -0.134053
v 0.170660 0.302087 -0.133189
v 0.210058 0.299485 -0.137493
v 0.207070 0.300982 -0.138454
v 0.203924 0.302228 -0.139254
v 0.200648 0.303210 -0.139884
v 0.197274 0.303919 -0.140338
v 0.193834 0.304348 -0.140612
v 0.190361 0.304493 -0.140704
v 0.186888 0.304353 -0.140612
v 0.183448 0.303928 -0.140338
v 0.180073 0.303223 -0.139884
v 0.176796 0.302246 -0.139254
v 0.173648 0.301004 -0.138454
v 0.170659 0.299509 -0.137493
v 0.210054 0.293538 -0.145569
v 0.207066 0.294903 -0.146712
v 0.203920 0.296037 -0.147662
v 0.200644 0.296932 -0.148411
v 0.197270 0.297577 -0.148951
v 0.193830 0.297968 -0.149277
v 0.190357 0.298100 -0.149386
v 0.186884 0.297973 -0.149277
v 0.183444 0.297586 -0.148951
v 0.180069 0.296945 -0.148411
v 0.176792 0.296054 -0.147662
v 0.173644 0.294924 -0.146712
v 0.170655 0.293563 -0.145569
v 0.170657 0.296649 -0.141647
v 0.173646 0.298079 -0.142702
v 0.176794 0.299267 -0.143579
v 0.180071 0.300203 -0.144270
v 0.183446 0.300877 -0.144768
v 0.186886 0.301283 -0.145069
v 0.190359 0.301418 -0.145170
v 0.193832 0.301279 -0.145069
v 0.197272 0.300868 -0.144768
v 0.200646 0.300190 -0.144270
v 0.203922 0.299250 -0.143579
v 0.207068 0.298057 -0.142702
v 0.210056 0.296624 -0.141647
v 0.210052 0.290193 -0.149308
v 0.207064 0.291482 -0.150535
v 0.203918 0.292554 -0.151555
v 0.200642 0.293400 -0.152359
v 0.197268 0.294010 -0.152939
v 0.193828 0.294379 -0.153289
v 0.190355 0.294504 -0.153406
v 0.186882 0.294383 -0.153289
v 0.183441 0.294018 -0.152939
v 0.180067 0.293413 -0.152359
v 0.176790 0.292572 -0.151555
v 0.173642 0.291503 -0.150535
v 0.170653 0.290218 -0.149308
v 0.210049 0.286618 -0.152827
v 0.207062 0.287826 -0.154133
v 0.203915 0.288832 -0.155220
v 0.200640 0.289624 -0.156075
v 0.197266 0.290196 -0.156692
v 0.193826 0.290543 -0.157065
v 0.190353 0.290660 -0.157190
v 0.186879 0.290547 -0.157065
v 0.183439 0.290205 -0.156692
v 0.180064 0.289637 -0.156075
v 0.176788 0.288849 -0.155220
v 0.173640 0.287847 -0.154133
v 0.170651 0.286643 -0.152827
v 0.210047 0.282826 -0.156112
v 0.207060 0.283949 -0.157493
v 0.203913 0.284884 -0.158640
v 0.200637 0.285620 -0.159544
v 0.197263 0.286152 -0.160196
v 0.193823 0.286474 -0.160590
v 0.190350 0.286584 -0.160722
v 0.186877 0.286479 -0.160590
v 0.183437 0.286161 -0.160196
v 0.180062 0.285634 -0.159544
v 0.176785 0.284901 -0.158640
v 0.173637 0.283971 -0.157493
v 0.170648 0.282851 -0.156112
v 0.210044 0.278834 -0.159151
v 0.207057 0.279867 -0.160599
v 0.203910 0.280727 -0.161804
v 0.200634 0.281405 -0.162753
v 0.197260 0.281894 -0.163437
v 0.193820 0.282191 -0.163850
v 0.190347 0.282291 -0.163988
v 0.186874 0.282195 -0.163850
v 0.183434 0.281903 -0.163437
v 0.180059 0.281418 -0.162753
v 0.176782 0.280744 -0.161804
v 0.173635 0.279889 -0.160599
v 0.170646 0.278859 -0.159151
v 0.210042 0.274657 -0.161930
v 0.207054 0.275597 -0.163441
v 0.203908 0.276378 -0.164697
v 0.200632 0.276994 -0.165687
v 0.197258 0.277439 -0.166401
v 0.193818 0.277709 -0.166832
v 0.190344 0.277801 -0.166976
v 0.186871 0.277714 -0.166832
v 0.183431 0.277448 -0.166401
v 0.180056 0.277007 -0.165687
v 0.176780 0.276395 -0.164697
v 0.173632 0.275618 -0.163441
v 0.170643 0.274682 -0.161930
v 0.210039 0.270312 -0.164438
v 0.207051 0.271154 -0.166006
v 0.203905 0.271854 -0.167309
v 0.200629 0.272407 -0.168336
v 0.197255 0.272806 -0.169076
v 0.193815 0.273047 -0.169523
v 0.190342 0.273130 -0.169673
v 0.186868 0.273052 -0.169523
v 0.183428 0.272814 -0.169076
v 0.180054 0.272420 -0.168336
v 0.176777 0.271872 -0.167309
v 0.173629 0.271175 -0.166006
v 0.170640 0.270337 -0.164438
v 0.210036 0.265817 -0.166666
v 0.207049 0.266558 -0.168284
v 0.203902 0.267174 -0.169629
v 0.200626 0.267660 -0.170688
v 0.197252 0.268011 -0.171452
v 0.193812 0.268224 -0.171914
v 0.190338 0.268297 -0.172068
v 0.186865 0.268229 -0.171914
v 0.183425 0.268020 -0.171452
v 0.180051 0.267673 -0.170688
v 0.176774 0.267191 -0.169629
v 0.173626 0.266579 -0.168284
v 0.170638 0.265842 -0.166666
v 0.210033 0.261190 -0.168604
v 0.207046 0.261826 -0.170265
v 0.203899 0.262356 -0.171647
v 0.200623 0.262774 -0.172735
v 0.197248 0.263076 -0.173520
v 0.193808 0.263259 -0.173994
v 0.190335 0.263322 -0.174152
v 0.186862 0.263264 -0.173994
v 0.183422 0.263085 -0.173520
v 0.180047 0.262787 -0.172735
v 0.176771 0.262373 -0.171647
v 0.173623 0.261848 -0.170265
v 0.170635 0.261215 -0.168604
v 0.210030 0.256449 -0.170245
v 0.207042 0.256979 -0.171943
v 0.203896 0.257420 -0.173355
v 0.200619 0.257768 -0.174467
v 0.197245 0.258019 -0.175270
v 0.193805 0.258172 -0.175754
v 0.190332 0.258225 -0.175916
v 0.186859 0.258177 -0.175754
v 0.183419 0.258028 -0.175270
v 0.180044 0.257781 -0.174467
v 0.176768 0.257437 -0.173355
v 0.173620 0.257000 -0.171943
v 0.170632 0.256474 -0.170245
v 0.210027 0.251613 -0.171582
v 0.207039 0.252035 -0.173310
v 0.203892 0.252385 -0.174747
v 0.200616 0.252662 -0.175879
v 0.197242 0.252862 -0.176696
v 0.193802 0.252984 -0.177189
v 0.190329 0.253026 -0.177353
v 0.186856 0.252988 -0.177189
v 0.183415 0.252871 -0.176696
v 0.180041 0.252675 -0.175879
v 0.176764 0.252402 -0.174747
v 0.173617 0.252056 -0.173310
v 0.170629 0.251638 -0.171582
v 0.210024 0.246703 -0.172609
v 0.207036 0.247014 -0.174361
v 0.203889 0.247272 -0.175817
v 0.200613 0.247477 -0.176964
v 0.197239 0.247625 -0.177791
v 0.193799 0.247715 -0.178291
v 0.190325 0.247747 -0.178458
v 0.186852 0.247719 -0.178291
v 0.183412 0.247634 -0.177791
v 0.180038 0.247490 -0.176964
v 0.176761 0.247290 -0.175817
v 0.173614 0.247035 -0.174361
v 0.170625 0.246728 -0.172609
v 0.210021 0.241737 -0.173323
v 0.207033 0.241936 -0.175091
v 0.203886 0.242102 -0.176560
v 0.200610 0.242233 -0.177718
v 0.197235 0.242328 -0.178553
v 0.193795 0.242387 -0.179057
v 0.190322 0.242408 -0.179226
v 0.186849 0.242391 -0.179057
v 0.183409 0.242337 -0.178553
v 0.180034 0.242246 -0.177718
v 0.176758 0.242119 -0.176560
v 0.173611 0.241957 -0.175091
v 0.170622 0.241762 -0.173323
v 0.210018 0.236736 -0.173721
v 0.207030 0.236823 -0.175497
v 0.203883 0.236895 -0.176974
v 0.200606 0.236952 -0.178138
v 0.197232 0.236994 -0.178977
v 0.193792 0.237021 -0.179484
v 0.190319 0.237031 -0.179653
v 0.186846 0.237025 -0.179484
v 0.183405 0.237003 -0.178977
v 0.180031 0.236965 -0.178138
v 0.176755 0.236912 -0.176974
v 0.173607 0.236844 -0.175497
v 0.170619 0.236761 -0.173721
v 0.210015 0.231720 -0.173801
v 0.207026 0.231693 -0.175579
v 0.203879 0.231672 -0.177057
v 0.200603 0.231656 -0.178222
v 0.197229 0.231644 -0.179062
v 0.193788 0.231638 -0.179569
v 0.190315 0.231638 -0.179739
v 0.186842 0.231643 -0.179569
v 0.183402 0.231653 -0.179062
v 0.180028 0.231669 -0.178222
v 0.176751 0.231689 -0.177057
v 0.173604 0.231715 -0.175579
v 0.170616 0.231745 -0.173801
v 0.210011 0.226709 -0.173562
v 0.207023 0.226570 -0.175335
v 0.203876 0.226454 -0.176809
v 0.200599 0.226364 -0.177970
v 0.197225 0.226300 -0.178807
v 0.193785 0.226262 -0.179313
v 0.190312 0.226250 -0.179482
v 0.186839 0.226266 -0.179313
v 0.183399 0.226308 -0.178807
v 0.180024 0.226377 -0.177970
v 0.176748 0.226471 -0.176809
v 0.173601 0.226591 -0.175335
v 0.170613 0.226733 -0.173562
v 0.210008 0.221723 -0.173006
v 0.207020 0.221471 -0.174766
v 0.203873 0.221263 -0.176230
v 0.200596 0.221099 -0.177383
v 0.197222 0.220982 -0.178214
v 0.193782 0.220912 -0.178716
v 0.190308 0.220890 -0.178884
v 0.186835 0.220916 -0.178716
v 0.183395 0.220991 -0.178214
v 0.180021 0.221112 -0.177383
v 0.176745 0.221280 -0.176230
v 0.173598 0.221493 -0.174766
v 0.170610 0.221747 -0.173006
v 0.210005 0.216782 -0.172135
v 0.207017 0.216420 -0.173875
v 0.203869 0.216119 -0.175323
v 0.200593 0.215882 -0.176463
v 0.197218 0.215712 -0.177285
v 0.193778 0.215611 -0.177782
v 0.190305 0.215578 -0.177948
v 0.186832 0.215615 -0.177782
v 0.183392 0.215721 -0.177285
v 0.180018 0.215895 -0.176463
v 0.176742 0.216136 -0.175323
v 0.173594 0.216441 -0.173875
v 0.170607 0.216807 -0.172135
v 0.207014 0.211434 -0.172666
v 0.203866 0.211042 -0.174091
v 0.200590 0.210734 -0.175214
v 0.197215 0.210512 -0.176024
v 0.193775 0.210379 -0.176512
v 0.190302 0.210336 -0.176676
v 0.186829 0.210384 -0.176512
v 0.183389 0.210521 -0.176024
v 0.180014 0.210747 -0.175214
v 0.176738 0.211060 -0.174091
v 0.173591 0.211456 -0.172666
v 0.209996 0.202429 -0.167672
v 0.207008 0.201744 -0.169312
v 0.203860 0.201175 -0.170676
v 0.200583 0.200727 -0.171750
v 0.197209 0.200404 -0.172525
v 0.193769 0.200211 -0.172993
v 0.190295 0.200147 -0.173150
v 0.186822 0.200215 -0.172993
v 0.183382 0.200413 -0.172525
v 0.180008 0.200740 -0.171750
v 0.176732 0.201192 -0.170676
v 0.173585 0.201765 -0.169312
v 0.170597 0.202454 -0.167672
v 0.170600 0.207141 -0.169462
v 0.173588 0.206557 -0.171143
v 0.176735 0.206072 -0.172540
v 0.180011 0.205689 -0.173641
v 0.183385 0.205412 -0.174435
v 0.186825 0.205244 -0.174914
v 0.190299 0.205186 -0.175074
v 0.193772 0.205239 -0.174914
v 0.197212 0.205403 -0.174435
v 0.200586 0.205675 -0.173641
v 0.203863 0.206054 -0.172540
v 0.207011 0.206536 -0.171143
v 0.209999 0.207116 -0.169462
v 0.209993 0.197866 -0.165588
v 0.207005 0.197078 -0.167181
v 0.203857 0.196423 -0.168506
v 0.200580 0.195908 -0.169550
v 0.197206 0.195537 -0.170302
v 0.193765 0.195314 -0.170757
v 0.190292 0.195241 -0.170909
v 0.186819 0.195318 -0.170757
v 0.183379 0.195546 -0.170302
v 0.180005 0.195921 -0.169550
v 0.176729 0.196440 -0.168506
v 0.173582 0.197099 -0.167181
v 0.170595 0.197891 -0.165588
v 0.209990 0.193444 -0.163218
v 0.207002 0.192556 -0.164758
v 0.203854 0.191819 -0.166039
v 0.200577 0.191239 -0.167048
v 0.197203 0.190821 -0.167775
v 0.193762 0.190569 -0.168215
v 0.190289 0.190487 -0.168362
v 0.186816 0.190574 -0.168215
v 0.183376 0.190829 -0.167775
v 0.180002 0.191252 -0.167048
v 0.176726 0.191836 -0.166039
v 0.173579 0.192577 -0.164758
v 0.170592 0.193469 -0.163218
v 0.209988 0.189181 -0.160573
v 0.206999 0.188197 -0.162054
v 0.203851 0.187380 -0.163285
v 0.200574 0.186737 -0.164255
v 0.197200 0.186274 -0.164954
v 0.193760 0.185995 -0.165377
v 0.190286 0.185903 -0.165518
v 0.186813 0.186000 -0.165377
v 0.183373 0.186283 -0.164954
v 0.179999 0.186750 -0.164255
v 0.176723 0.187398 -0.163285
v 0.173577 0.188219 -0.162054
v 0.170589 0.189206 -0.160573
v 0.209985 0.185094 -0.157663
v 0.206996 0.184019 -0.159078
v 0.203848 0.183125 -0.160255
v 0.200572 0.182422 -0.161182
v 0.197197 0.181915 -0.161851
v 0.193757 0.181610 -0.162254
v 0.190284 0.181510 -0.162389
v 0.186810 0.181615 -0.162254
v 0.183371 0.181924 -0.161851
v 0.179997 0.182435 -0.161182
v 0.176721 0.183143 -0.160255
v 0.173574 0.184040 -0.159078
v 0.170586 0.185119 -0.157663
v 0.209983 0.181200 -0.154500
v 0.206994 0.180037 -0.155844
v 0.203846 0.179071 -0.156961
v 0.200569 0.178310 -0.157842
v 0.197194 0.177762 -0.158477
v 0.193754 0.177432 -0.158860
v 0.190281 0.177323 -0.158988
v 0.186808 0.177437 -0.158860
v 0.183368 0.177771 -0.158477
v 0.179994 0.178323 -0.157842
v 0.176718 0.179088 -0.156961
v 0.173571 0.180059 -0.155844
v 0.170584 0.181225 -0.154500
v 0.209980 0.177515 -0.151096
v 0.206991 0.176269 -0.152363
v 0.203843 0.175234 -0.153417
v 0.200567 0.174419 -0.154247
v 0.197192 0.173832 -0.154846
v 0.193752 0.173478 -0.155208
v 0.190278 0.173361 -0.155328
v 0.186805 0.173482 -0.155208
v 0.183365 0.173840 -0.154846
v 0.179992 0.174432 -0.154247
v 0.176716 0.175251 -0.153417
v 0.173569 0.176290 -0.152363
v 0.170582 0.177540 -0.151096
v 0.209978 0.174053 -0.147465
v 0.206989 0.172729 -0.148651
v 0.203841 0.171629 -0.149637
v 0.200564 0.170763 -0.150413
v 0.197190 0.170139 -0.150973
v 0.193749 0.169763 -0.151312
v 0.190276 0.169639 -0.151425
v 0.186803 0.169768 -0.151312
v 0.183363 0.170148 -0.150973
v 0.179989 0.170776 -0.150413
v 0.176713 0.171646 -0.149637
v 0.173567 0.172750 -0.148651
v 0.170579 0.174078 -0.147465
v 0.209976 0.170828 -0.143622
v 0.206987 0.169432 -0.144721
v 0.203839 0.168272 -0.145635
v 0.200562 0.167358 -0.146355
v 0.197187 0.166700 -0.146874
v 0.193747 0.166303 -0.147188
v 0.190274 0.166172 -0.147293
v 0.186801 0.166308 -0.147188
v 0.183361 0.166709 -0.146874
v 0.179987 0.167371 -0.146355
v 0.176711 0.168289 -0.145635
v 0.173565 0.169453 -0.144721
v 0.170577 0.170853 -0.143622
v 0.209974 0.167853 -0.139582
v 0.206985 0.166391 -0.140590
v 0.203837 0.165175 -0.141429
v 0.200560 0.164217 -0.142089
v 0.197185 0.163527 -0.142566
v 0.193745 0.163112 -0.142853
v 0.190272 0.162974 -0.142950
v 0.186799 0.163116 -0.142853
v 0.183359 0.163536 -0.142566
v 0.179985 0.164230 -0.142089
v 0.176709 0.165192 -0.141429
v 0.173563 0.166412 -0.140590
v 0.170576 0.167878 -0.139582
v 0.209973 0.165141 -0.135361
v 0.206983 0.163617 -0.136275
v 0.203835 0.162351 -0.137034
v 0.200558 0.161353 -0.137633
v 0.197184 0.160634 -0.138064
v 0.193743 0.160201 -0.138325
v 0.190270 0.160058 -0.138412
v 0.186797 0.160206 -0.138325
v 0.183357 0.160643 -0.138064
v 0.179983 0.161366 -0.137633
v 0.176708 0.162368 -0.137034
v 0.173561 0.163638 -0.136275
v 0.170574 0.165166 -0.135361
v 0.209971 0.162702 -0.130977
v 0.206982 0.161123 -0.131792
v 0.203834 0.159811 -0.132470
v 0.200557 0.158777 -0.133004
v 0.197182 0.158033 -0.133388
v 0.193742 0.157584 -0.133621
v 0.190268 0.157436 -0.133699
v 0.186795 0.157589 -0.133621
v 0.183355 0.158042 -0.133388
v 0.179982 0.158790 -0.133004
v 0.176706 0.159828 -0.132470
v 0.173559 0.161144 -0.131792
v 0.170572 0.162727 -0.130977
v 0.209970 0.160546 -0.126447
v 0.206980 0.158918 -0.127160
v 0.203832 0.157566 -0.127753
v 0.200555 0.156501 -0.128220
v 0.197180 0.155733 -0.128557
v 0.193740 0.155271 -0.128760
v 0.190267 0.155117 -0.128829
v 0.186794 0.155275 -0.128760
v 0.183354 0.155742 -0.128557
v 0.179980 0.156514 -0.128220
v 0.176704 0.157583 -0.127753
v 0.173558 0.158940 -0.127160
v 0.170571 0.160571 -0.126447
v 0.209968 0.158681 -0.121790
v 0.206979 0.157012 -0.122398
v 0.203831 0.155624 -0.122904
v 0.200554 0.154532 -0.123302
v 0.197179 0.153744 -0.123590
v 0.193739 0.153270 -0.123763
v 0.190266 0.153113 -0.123821
v 0.186793 0.153274 -0.123763
v 0.183353 0.153753 -0.123590
v 0.179979 0.154545 -0.123302
v 0.176703 0.155642 -0.122904
v 0.173557 0.157033 -0.122398
v 0.170570 0.158706 -0.121790
v 0.209967 0.157116 -0.117023
v 0.206978 0.155411 -0.117525
v 0.203830 0.153994 -0.117941
v 0.200553 0.152879 -0.118269
v 0.197178 0.152075 -0.118506
v 0.193738 0.151590 -0.118649
v 0.190265 0.151430 -0.118697
v 0.186791 0.151595 -0.118649
v 0.183352 0.152084 -0.118506
v 0.179978 0.152892 -0.118269
v 0.176702 0.154012 -0.117941
v 0.173556 0.155432 -0.117525
v 0.170569 0.157141 -0.117023
v 0.209967 0.155856 -0.112167
v 0.206977 0.154123 -0.112559
v 0.203829 0.152683 -0.112885
v 0.200552 0.151548 -0.113142
v 0.197177 0.150731 -0.113327
v 0.193737 0.150238 -0.113438
v 0.190264 0.150075 -0.113476
v 0.186791 0.150243 -0.113438
v 0.183351 0.150740 -0.113327
v 0.179977 0.151561 -0.113142
v 0.176701 0.152700 -0.112885
v 0.173555 0.154144 -0.112559
v 0.170568 0.155881 -0.112167
v 0.209966 0.154906 -0.107241
v 0.206977 0.153152 -0.107522
v 0.203829 0.151694 -0.107756
v 0.200552 0.150546 -0.107940
v 0.197177 0.149718 -0.108073
v 0.193736 0.149220 -0.108153
v 0.190263 0.149054 -0.108180
v 0.186790 0.149224 -0.108153
v 0.183350 0.149727 -0.108073
v 0.179976 0.150559 -0.107940
v 0.176701 0.151711 -0.107756
v 0.173554 0.153173 -0.107522
v 0.170567 0.154931 -0.107241
v 0.209966 0.154271 -0.102265
v 0.206976 0.152503 -0.102434
v 0.203828 0.151033 -0.102574
v 0.200551 0.149875 -0.102685
v 0.197176 0.149041 -0.102765
v 0.193736 0.148538 -0.102813
v 0.190263 0.148371 -0.102829
v 0.186790 0.148543 -0.102813
v 0.183350 0.149050 -0.102765
v 0.179976 0.149888 -0.102685
v 0.176700 0.151050 -0.102574
v 0.173554 0.152524 -0.102434
v 0.170567 0.154296 -0.102265
v 0.206976 0.152177 -0.097314
v 0.203828 0.150701 -0.097361
v 0.200551 0.149539 -0.097398
v 0.197176 0.148702 -0.097425
v 0.193736 0.148197 -0.097441
v 0.190262 0.148029 -0.097446
v 0.186789 0.148201 -0.097441
v 0.183350 0.148710 -0.097425
v 0.179976 0.149552 -0.097398
v 0.176700 0.150719 -0.097361
v 0.173554 0.152198 -0.097314
v 0.170567 0.153978 -0.097258
v 0.209966 0.154271 -0.087234
v 0.206976 0.152503 -0.087065
v 0.203828 0.151033 -0.086925
v 0.200551 0.149875 -0.086814
v 0.197176 0.149041 -0.086734
v 0.193736 0.148538 -0.086686
v 0.190263 0.148371 -0.086670
v 0.186790 0.148543 -0.086686
v 0.183350 0.149050 -0.086734
v 0.179976 0.149888 -0.086814
v 0.176700 0.151050 -0.086925
v 0.173554 0.152524 -0.087065
v 0.170567 0.154296 -0.087234
v 0.173554 0.152198 -0.092185
v 0.176700 0.150719 -0.092138
v 0.179976 0.149552 -0.092101
v 0.183350 0.148710 -0.092074
v 0.186789 0.148201 -0.092058
v 0.190262 0.148029 -0.092053
v 0.193736 0.148197 -0.092058
v 0.197176 0.148702 -0.092074
v 0.200551 0.149539 -0.092101
v 0.203828 0.150701 -0.092138
v 0.206976 0.152177 -0.092185
v 0.209965 0.153953 -0.092241
v 0.209966 0.154906 -0.082258
v 0.206977 0.153152 -0.081977
v 0.203829 0.151694 -0.081743
v 0.200552 0.150546 -0.081559
v 0.197177 0.149718 -0.081426
v 0.193736 0.149220 -0.081346
v 0.190263 0.149054 -0.081319
v 0.186790 0.149224 -0.081346
v 0.183350 0.149727 -0.081426
v 0.179976 0.150559 -0.081559
v 0.176701 0.151711 -0.081743
v 0.173554 0.153173 -0.081977
v 0.170567 0.154931 -0.082258
v 0.209967 0.155856 -0.077331
v 0.206977 0.154123 -0.076940
v 0.203829 0.152683 -0.076614
v 0.200552 0.151548 -0.076357
v 0.197177 0.150731 -0.076172
v 0.193737 0.150238 -0.076060
v 0.190264 0.150075 -0.076023
v 0.186791 0.150243 -0.076060
v 0.183351 0.150740 -0.076172
v 0.179977 0.151561 -0.076357
v 0.176701 0.152700 -0.076614
v 0.173555 0.154144 -0.076940
v 0.170568 0.155881 -0.077331
v 0.209967 0.157116 -0.072475
v 0.206978 0.155411 -0.071974
v 0.203830 0.153994 -0.071558
v 0.200553 0.152879 -0.071230
v 0.197178 0.152075 -0.070993
v 0.193738 0.151590 -0.070850
v 0.190265 0.151430 -0.070802
v 0.186791 0.151595 -0.070850
v 0.183352 0.152084 -0.070993
v 0.179978 0.152892 -0.071230
v 0.176702 0.154012 -0.071558
v 0.173556 0.155432 -0.071974
v 0.170569 0.157141 -0.072475
v 0.209968 0.158681 -0.067709
v 0.206979 0.157012 -0.067101
v 0.203831 0.155624 -0.066595
v 0.200554 0.154532 -0.066197
v 0.197179 0.153744 -0.065909
v 0.193739 0.153270 -0.065736
v 0.190266 0.153113 -0.065678
v 0.186793 0.153274 -0.065736
v 0.183353 0.153753 -0.065909
v 0.179979 0.154545 -0.066197
v 0.176703 0.155642 -0.066595
v 0.173557 0.157033 -0.067101
v 0.170570 0.158706 -0.067709
v 0.209970 0.160546 -0.063051
v 0.206980 0.158918 -0.062338
v 0.203832 0.157566 -0.061746
v 0.200555 0.156501 -0.061279
v 0.197180 0.155733 -0.060942
v 0.193740 0.155271 -0.060738
v 0.190267 0.155117 -0.060670
v 0.186794 0.155275 -0.060738
v 0.183354 0.155742 -0.060942
v 0.179980 0.156514 -0.061279
v 0.176704 0.157583 -0.061746
v 0.173558 0.158940 -0.062338
v 0.170571 0.160571 -0.063051
v 0.209971 0.162702 -0.058522
v 0.206982 0.161123 -0.057707
v 0.203834 0.159811 -0.057029
v 0.200557 0.158777 -0.056495
v 0.197182 0.158033 -0.056110
v 0.193742 0.157584 -0.055878
v 0.190268 0.157436 -0.055800
v 0.186795 0.157589 -0.055878
v 0.183355 0.158042 -0.056110
v 0.179982 0.158790 -0.056495
v 0.176706 0.159828 -0.057029
v 0.173559 0.161144 -0.057707
v 0.170572 0.162727 -0.058522
v 0.209973 0.165141 -0.054138
v 0.206983 0.163617 -0.053224
v 0.203835 0.162351 -0.052464
v 0.200558 0.161353 -0.051866
v 0.197184 0.160634 -0.051435
v 0.193743 0.160201 -0.051174
v 0.190270 0.160058 -0.051087
v 0.186797 0.160206 -0.051174
v 0.183357 0.160643 -0.051435
v 0.179983 0.161366 -0.051866
v 0.176708 0.162368 -0.052464
v 0.173561 0.163638 -0.053224
v 0.170574 0.165166 -0.054138
v 0.209974 0.167853 -0.049917
v 0.206985 0.166391 -0.048909
v 0.203837 0.165175 -0.048070
v 0.200560 0.164217 -0.047410
v 0.197185 0.163527 -0.046933
v 0.193745 0.163112 -0.046646
v 0.190272 0.162974 -0.046549
v 0.186799 0.163116 -0.046646
v 0.183359 0.163536 -0.046933
v 0.179985 0.164230 -0.047410
v 0.176709 0.165192 -0.048070
v 0.173563 0.166412 -0.048909
v 0.170576 0.167878 -0.049917
v 0.209976 0.170828 -0.045877
v 0.206987 0.169432 -0.044778
v 0.203839 0.168272 -0.043864
v 0.200562 0.167358 -0.043144
v 0.197187 0.166700 -0.042624
v 0.193747 0.166303 -0.042311
v 0.190274 0.166172 -0.042206
v 0.186801 0.166308 -0.042311
v 0.183361 0.166709 -0.042624
v 0.179987 0.167371 -0.043144
v 0.176711 0.168289 -0.043864
v 0.173565 0.169453 -0.044778
v 0.170577 0.170853 -0.045877
v 0.209978 0.174053 -0.042034
v 0.206989 0.172729 -0.040848
v 0.203841 0.171629 -0.039862
v 0.200564 0.170763 -0.039086
v 0.197190 0.170139 -0.038525
v 0.193749 0.169763 -0.038187
v 0.190276 0.169639 -0.038074
v 0.186803 0.169768 -0.038187
v 0.183363 0.170148 -0.038525
v 0.179989 0.170776 -0.039086
v 0.176713 0.171646 -0.039862
v 0.173567 0.172750 -0.040848
v 0.170579 0.174078 -0.042034
v 0.209980 0.177515 -0.038403
v 0.206991 0.176269 -0.037136
v 0.203843 0.175234 -0.036082
v 0.200567 0.174419 -0.035252
v 0.197192 0.173832 -0.034653
v 0.193752 0.173478 -0.034291
v 0.190278 0.173361 -0.034170
v 0.186805 0.173482 -0.034291
v 0.183365 0.173840 -0.034653
v 0.179992 0.174432 -0.035252
v 0.176716 0.175251 -0.036082
v 0.173569 0.176290 -0.037136
v 0.170582 0.177540 -0.038403
v 0.209983 0.181200 -0.034999
v 0.206994 0.180037 -0.033655
v 0.203846 0.179071 -0.032538
v 0.200569 0.178310 -0.031657
v 0.197194 0.177762 -0.031022
v 0.193754 0.177432 -0.030639
v 0.190281 0.177323 -0.030511
v 0.186808 0.177437 -0.030639
v 0.183368 0.177771 -0.031022
v 0.179994 0.178323 -0.031657
v 0.176718 0.179088 -0.032538
v 0.173571 0.180059 -0.033655
v 0.170584 0.181225 -0.034999
v 0.209985 0.185094 -0.031836
v 0.206996 0.184019 -0.030421
v 0.203848 0.183125 -0.029244
v 0.200572 0.182422 -0.028317
v 0.197197 0.181915 -0.027648
v 0.193757 0.181610 -0.027245
v 0.190284 0.181510 -0.027110
v 0.186810 0.181615 -0.027245
v 0.183371 0.181924 -0.027648
v 0.179997 0.182435 -0.028317
v 0.176721 0.183143 -0.029244
v 0.173574 0.184040 -0.030421
v 0.170586 0.185119 -0.031836
v 0.209988 0.189181 -0.028926
v 0.206999 0.188197 -0.027445
v 0.203851 0.187380 -0.026214
v 0.200574 0.186737 -0.025244
v 0.197200 0.186274 -0.024545
v 0.193760 0.185995 -0.024122
v 0.190286 0.185903 -0.023981
v 0.186813 0.186000 -0.024122
v 0.183373 0.186283 -0.024545
v 0.179999 0.186750 -0.025244
v 0.176723 0.187398 -0.026214
v 0.173577 0.188219 -0.027445
v 0.170589 0.189206 -0.028926
v 0.209990 0.193444 -0.026281
v 0.207002 0.192556 -0.024740
v 0.203854 0.191819 -0.023460
v 0.200577 0.191239 -0.022451
v 0.197203 0.190821 -0.021723
v 0.193762 0.190569 -0.021284
v 0.190289 0.190487 -0.021137
v 0.186816 0.190574 -0.021284
v 0.183376 0.190829 -0.021723
v 0.180002 0.191252 -0.022451
v 0.176726 0.191836 -0.023460
v 0.173579 0.192577 -0.024740
v 0.170592 0.193469 -0.026281
v 0.209993 0.197866 -0.023911
v 0.207005 0.197078 -0.022318
v 0.203857 0.196423 -0.020993
v 0.200580 0.195908 -0.019949
v 0.197206 0.195537 -0.019196
v 0.193765 0.195314 -0.018742
v 0.190292 0.195241 -0.018590
v 0.186819 0.195318 -0.018742
v 0.183379 0.195546 -0.019196
v 0.180005 0.195921 -0.019949
v 0.176729 0.196440 -0.020993
v 0.173582 0.197099 -0.022318
v 0.170595 0.197891 -0.023911
v 0.209996 0.202429 -0.021827
v 0.207008 0.201744 -0.020187
v 0.203860 0.201175 -0.018823
v 0.200583 0.200727 -0.017749
v 0.197209 0.200404 -0.016974
v 0.193769 0.200211 -0.016506
v 0.190295 0.200147 -0.016349
v 0.186822 0.200215 -0.016506
v 0.183382 0.200413 -0.016974
v 0.180008 0.200740 -0.017749
v 0.176732 0.201192 -0.018823
v 0.173585 0.201765 -0.020187
v 0.170597 0.202454 -0.021827
v 0.209999 0.207116 -0.020037
v 0.207011 0.206536 -0.018356
v 0.203863 0.206054 -0.016959
v 0.200586 0.205675 -0.015858
v 0.197212 0.205403 -0.015064
v 0.193772 0.205239 -0.014585
v 0.190299 0.205186 -0.014424
v 0.186825 0.205244 -0.014585
v 0.183385 0.205412 -0.015064
v 0.180011 0.205689 -0.015858
v 0.176735 0.206072 -0.016959
v 0.173588 0.206557 -0.018356
v 0.170600 0.207141 -0.020037
v 0.210005 0.216782 -0.017364
v 0.207017 0.216420 -0.015624
v 0.203869 0.216119 -0.014176
v 0.200593 0.215882 -0.013036
v 0.197218 0.215712 -0.012214
v 0.193778 0.215611 -0.011717
v 0.190305 0.215578 -0.011551
v 0.186832 0.215615 -0.011717
v 0.183392 0.215721 -0.012214
v 0.180018 0.215895 -0.013036
v 0.176742 0.216136 -0.014176
v 0.173594 0.216441 -0.015624
v 0.170607 0.216807 -0.017364
v 0.173591 0.211456 -0.016833
v 0.176738 0.211060 -0.015408
v 0.180014 0.210747 -0.014285
v 0.183389 0.210521 -0.013475
v 0.186829 0.210384 -0.012986
v 0.190302 0.210336 -0.012823
v 0.193775 0.210379 -0.012986
v 0.197215 0.210512 -0.013475
v 0.200590 0.210734 -0.014285
v 0.203866 0.211042 -0.015408
v 0.207014 0.211434 -0.016833
v 0.210008 0.221723 -0.016493
v 0.207020 0.221471 -0.014733
v 0.203873 0.221263 -0.013269
v 0.200596 0.221099 -0.012116
v 0.197222 0.220982 -0.011285
v 0.193782 0.220912 -0.010782
v 0.190308 0.220890 -0.010615
v 0.186835 0.220916 -0.010782
v 0.183395 0.220991 -0.011285
v 0.180021 0.221112 -0.012116
v 0.176745 0.221280 -0.013269
v 0.173598 0.221493 -0.014733
v 0.170610 0.221747 -0.016493
v 0.210011 0.226709 -0.015937
v 0.207023 0.226570 -0.014164
v 0.203876 0.226454 -0.012690
v 0.200599 0.226364 -0.011529
v 0.197225 0.226300 -0.010692
v 0.193785 0.226262 -0.010186
v 0.190312 0.226250 -0.010017
v 0.186839 0.226266 -0.010186
v 0.183399 0.226308 -0.010692
v 0.180024 0.226377 -0.011529
v 0.176748 0.226471 -0.012690
v 0.173601 0.226591 -0.014164
v 0.170613 0.226733 -0.015937
v 0.110321 0.241037 -0.094749
v 0.110321 0.240873 -0.093139
v 0.110321 0.240389 -0.091595
v 0.110320 0.239603 -0.090179
v 0.110320 0.238549 -0.088951
v 0.110319 0.237269 -0.087960
v 0.110318 0.235816 -0.087247
v 0.110317 0.234249 -0.086842
v 0.110316 0.232632 -0.086760
v 0.110315 0.231032 -0.087005
v 0.110314 0.229514 -0.087567
v 0.110313 0.228140 -0.088423
v 0.110312 0.226967 -0.089538
v 0.110312 0.226042 -0.090867
v 0.110311 0.225404 -0.092355
v 0.110311 0.225078 -0.093940
v 0.110311 0.225078 -0.095559
v 0.110311 0.225404 -0.097144
v 0.110312 0.226042 -0.098632
v 0.110312 0.226967 -0.099960
v 0.110313 0.228140 -0.101076
v 0.110314 0.229514 -0.101932
v 0.110315 0.231032 -0.102494
v 0.110316 0.232632 -0.102739
v 0.110317 0.234249 -0.102657
v 0.110318 0.235816 -0.102251
v 0.110319 0.237269 -0.101539
v 0.110320 0.238549 -0.100548
v 0.110320 0.239603 -0.099320
v 0.110321 0.240389 -0.097904
v 0.110321 0.240873 -0.096360
v 0.112812 0.227133 -0.100149
v 0.156812 0.227105 -0.100149
v 0.156813 0.228344 -0.101249
v 0.156814 0.229783 -0.102071
v 0.156815 0.231360 -0.102578
v 0.156816 0.233008 -0.102749
v 0.156817 0.234656 -0.102578
v 0.156818 0.236233 -0.102071
v 0.156819 0.237672 -0.101249
v 0.156820 0.238910 -0.100149
v 0.112820 0.238938 -0.100149
v 0.112819 0.237699 -0.101249
v 0.112818 0.236261 -0.102071
v 0.112817 0.234683 -0.102578
v 0.112816 0.233036 -0.102749
v 0.112815 0.231388 -0.102578
v 0.112814 0.229811 -0.102071
v 0.112813 0.228372 -0.101249
v 0.136821 0.240928 -0.095961
v 0.136821 0.241010 -0.094344
v 0.136821 0.240522 -0.097528
v 0.136820 0.239810 -0.098981
v 0.136811 0.225518 -0.097528
v 0.136812 0.226231 -0.098981
v 0.136811 0.225113 -0.095961
v 0.136811 0.225031 -0.094344
v 0.136811 0.225276 -0.092744
v 0.136812 0.225838 -0.091226
v 0.136812 0.226694 -0.089853
v 0.136813 0.227809 -0.088679
v 0.136814 0.229138 -0.087755
v 0.136815 0.230626 -0.087116
v 0.136816 0.232211 -0.086790
v 0.136817 0.233830 -0.086790
v 0.136818 0.235415 -0.087116
v 0.136819 0.236903 -0.087755
v 0.136819 0.238231 -0.088679
v 0.136820 0.239347 -0.089853
v 0.136821 0.240203 -0.091226
v 0.136821 0.240765 -0.092744
v 0.110319 0.237537 -0.094749
v 0.110319 0.237384 -0.093585
v 0.110319 0.236934 -0.092499
v 0.110318 0.236219 -0.091567
v 0.110318 0.235287 -0.090852
v 0.110317 0.234202 -0.090403
v 0.110316 0.233037 -0.090249
v 0.110315 0.231873 -0.090403
v 0.110315 0.230787 -0.090852
v 0.110314 0.229855 -0.091567
v 0.110314 0.229140 -0.092499
v 0.110313 0.228691 -0.093585
v 0.110313 0.228537 -0.094749
v 0.110313 0.228691 -0.095914
v 0.110314 0.229140 -0.096999
v 0.110314 0.229855 -0.097931
v 0.110315 0.230787 -0.098647
v 0.110315 0.231873 -0.099096
v 0.110316 0.233037 -0.099249
v 0.110317 0.234202 -0.099096
v 0.110318 0.235287 -0.098647
v 0.110318 0.236219 -0.097931
v 0.110319 0.236934 -0.096999
v 0.110319 0.237384 -0.095914
v 0.163319 0.237504 -0.094749
v 0.163319 0.237350 -0.093585
v 0.163319 0.236901 -0.092499
v 0.163318 0.236186 -0.091567
v 0.163318 0.235254 -0.090852
v 0.163317 0.234168 -0.090403
v 0.163316 0.233004 -0.090249
v 0.163315 0.231839 -0.090403
v 0.163315 0.230754 -0.090852
v 0.163314 0.229822 -0.091567
v 0.163314 0.229107 -0.092499
v 0.163313 0.228657 -0.093585
v 0.163313 0.228504 -0.094749
v 0.163313 0.228657 -0.095914
v 0.163314 0.229107 -0.096999
v 0.163314 0.229822 -0.097931
v 0.163315 0.230754 -0.098647
v 0.163315 0.231839 -0.099096
v 0.163316 0.233004 -0.099249
v 0.163317 0.234168 -0.099096
v 0.163318 0.235254 -0.098647
v 0.163318 0.236186 -0.097931
v 0.163319 0.236901 -0.096999
v 0.163319 0.237350 -0.095914
v 0.136816 0.233020 -0.099249
v 0.136819 0.237367 -0.093585
v 0.136819 0.237520 -0.094749
v 0.136819 0.236918 -0.092499
v 0.136818 0.236202 -0.091567
v 0.136818 0.235270 -0.090852
v 0.136817 0.234185 -0.090403
v 0.136816 0.233020 -0.090249
v 0.136815 0.231856 -0.090403
v 0.136815 0.230770 -0.090852
v 0.136814 0.229838 -0.091567
v 0.136814 0.229123 -0.092499
v 0.136813 0.228674 -0.093585
v 0.136813 0.228520 -0.094749
v 0.136813 0.228674 -0.095914
v 0.136814 0.229123 -0.096999
v 0.136814 0.229838 -0.097931
v 0.136815 0.230770 -0.098647
v 0.136815 0.231856 -0.099096
v 0.136817 0.234185 -0.099096
v 0.136818 0.235270 -0.098647
v 0.136818 0.236202 -0.097931
v 0.136819 0.236918 -0.096999
v 0.136819 0.237367 -0.095914
v 0.163319 0.237004 -0.094749
v 0.163319 0.236867 -0.093714
v 0.163318 0.236468 -0.092749
v 0.163318 0.235832 -0.091921
v 0.163317 0.235004 -0.091285
v 0.163317 0.234039 -0.090886
v 0.163316 0.233004 -0.090749
v 0.163315 0.231968 -0.090886
v 0.163315 0.231004 -0.091285
v 0.163314 0.230175 -0.091921
v 0.163314 0.229540 -0.092749
v 0.163314 0.229140 -0.093714
v 0.163314 0.229004 -0.094749
v 0.163314 0.229140 -0.095785
v 0.163314 0.229540 -0.096749
v 0.163314 0.230175 -0.097578
v 0.163315 0.231004 -0.098214
v 0.163315 0.231968 -0.098613
v 0.163316 0.233004 -0.098749
v 0.163317 0.234039 -0.098613
v 0.163317 0.235004 -0.098214
v 0.163318 0.235832 -0.097578
v 0.163318 0.236468 -0.096749
v 0.163319 0.236867 -0.095785
v 0.099219 0.237044 -0.094749
v 0.099219 0.236908 -0.093714
v 0.099218 0.236508 -0.092749
v 0.099218 0.235873 -0.091921
v 0.099217 0.235044 -0.091285
v 0.099217 0.234080 -0.090886
v 0.099216 0.233044 -0.090749
v 0.099215 0.232009 -0.090886
v 0.099215 0.231044 -0.091285
v 0.099214 0.230216 -0.091921
v 0.099214 0.229580 -0.092749
v 0.099214 0.229181 -0.093714
v 0.099214 0.229044 -0.094749
v 0.099214 0.229181 -0.095785
v 0.099214 0.229580 -0.096749
v 0.099214 0.230216 -0.097578
v 0.099215 0.231044 -0.098214
v 0.099215 0.232009 -0.098613
v 0.099216 0.233044 -0.098749
v 0.099217 0.234080 -0.098613
v 0.099217 0.235044 -0.098214
v 0.099218 0.235873 -0.097578
v 0.099218 0.236508 -0.096749
v 0.099219 0.236908 -0.095785
v 0.141949 0.233017 -0.098749
v 0.120583 0.233031 -0.098749
v 0.141952 0.236881 -0.095785
v 0.120585 0.236894 -0.095785
v 0.120585 0.237031 -0.094749
v 0.141952 0.237017 -0.094749
v 0.141952 0.236481 -0.096749
v 0.120585 0.236495 -0.096749
v 0.141951 0.235846 -0.097578
v 0.120585 0.235859 -0.097578
v 0.141951 0.235017 -0.098214
v 0.120584 0.235031 -0.098214
v 0.141950 0.234052 -0.098613
v 0.120583 0.234066 -0.098613
v 0.141949 0.231982 -0.098613
v 0.120582 0.231995 -0.098613
v 0.141948 0.231017 -0.098214
v 0.120582 0.231031 -0.098214
v 0.141948 0.230189 -0.097578
v 0.120581 0.230202 -0.097578
v 0.141947 0.229553 -0.096749
v 0.120581 0.229567 -0.096749
v 0.141947 0.229153 -0.095785
v 0.120580 0.229167 -0.095785
v 0.141947 0.229017 -0.094749
v 0.120580 0.229031 -0.094749
v 0.141947 0.229153 -0.093714
v 0.120580 0.229167 -0.093714
v 0.141947 0.229553 -0.092749
v 0.120581 0.229567 -0.092749
v 0.141948 0.230189 -0.091921
v 0.120581 0.230202 -0.091921
v 0.141948 0.231017 -0.091285
v 0.120582 0.231031 -0.091285
v 0.141949 0.231982 -0.090886
v 0.120582 0.231995 -0.090886
v 0.141949 0.233017 -0.090749
v 0.120583 0.233031 -0.090749
v 0.141950 0.234052 -0.090886
v 0.120583 0.234066 -0.090886
v 0.141951 0.235017 -0.091285
v 0.120584 0.235031 -0.091285
v 0.141951 0.235846 -0.091921
v 0.120585 0.235859 -0.091921
v 0.141952 0.236481 -0.092749
v 0.120585 0.236495 -0.092749
v 0.141952 0.236881 -0.093714
v 0.120585 0.236894 -0.093714
vt -4.872796 2.672796 0.000000
vt -4.856121 2.402442 0.000000
vt -4.856121 2.943150 0.000000
vt -4.806350 3.209406 0.000000
vt -4.806350 2.136186 0.000000
vt -4.724235 3.467528 0.000000
vt -4.611023 3.713602 0.000000
vt -4.468429 3.943899 0.000000
vt -4.298616 4.154927 0.000000
vt -4.104157 4.343487 0.000000
vt -3.887999 4.506721 0.000000
vt -3.653421 4.642155 0.000000
vt -3.403977 4.747736 0.000000
vt -3.143449 4.821863 0.000000
vt -2.875787 4.863411 0.000000
vt -2.605047 4.871753 0.000000
vt -2.335335 4.846760 0.000000
vt -2.070738 4.788813 0.000000
vt -1.815267 4.698788 0.000000
vt -1.572796 4.578052 0.000000
vt -1.347000 4.428434 0.000000
vt -1.141302 4.252202 0.000000
vt -0.958819 4.052029 0.000000
vt -0.802319 3.830947 0.000000
vt -0.674173 3.592309 0.000000
vt -0.576324 3.339732 0.000000
vt -0.510255 3.077045 0.000000
vt -0.476969 2.808230 0.000000
vt -0.476969 2.537362 0.000000
vt -0.510255 2.268547 0.000000
vt -0.576324 2.005860 0.000000
vt -4.724235 1.878065 0.000000
vt -0.674173 1.753283 0.000000
vt -4.611023 1.631990 0.000000
vt -0.802319 1.514645 0.000000
vt -4.468429 1.401694 0.000000
vt -0.958819 1.293564 0.000000
vt -4.298616 1.190666 0.000000
vt -1.141302 1.093390 0.000000
vt -4.104157 1.002105 0.000000
vt -1.347000 0.917158 0.000000
vt -3.887999 0.838871 0.000000
vt -1.572796 0.767540 0.000000
vt -3.653421 0.703437 0.000000
vt -1.815267 0.646804 0.000000
vt -3.403977 0.597856 0.000000
vt -2.070738 0.556780 0.000000
vt -3.143449 0.523730 0.000000
vt -2.335335 0.498832 0.000000
vt -2.875787 0.482181 0.000000
vt -2.605047 0.473840 0.000000
vt -0.155000 -0.271039 0.000000
vt 0.155000 -0.271039 0.000000
vt -0.155000 -0.000000 0.000000
vt 0.155000 -0.000000 0.000000
vt -0.155000 0.271039 0.000000
vt 0.155000 0.271039 0.000000
vt 0.155000 0.542079 0.000000
vt -0.155000 -0.542079 0.000000
vt 0.155000 -0.542079 0.000000
vt -0.155000 -0.813118 0.000000
vt 0.155000 -0.813118 0.000000
vt -0.155000 -1.084157 0.000000
vt 0.155000 -1.084157 0.000000
vt -0.155000 -1.355197 0.000000
vt 0.155000 -1.355197 0.000000
vt -0.155000 -1.626236 0.000000
vt 0.155000 -1.626236 0.000000
vt -0.155000 -1.897276 0.000000
vt 0.155000 -1.897276 0.000000
vt -0.155000 -2.168315 0.000000
vt 0.155000 -2.168315 0.000000
vt -0.155000 -2.439354 0.000000
vt 0.155000 -2.439354 0.000000
vt -0.155000 -2.710394 0.000000
vt 0.155000 -2.710394 0.000000
vt -0.155000 -2.981433 0.000000
vt 0.155000 -2.981433 0.000000
vt -0.155000 -3.252472 0.000000
vt 0.155000 -3.252472 0.000000
vt -0.155000 -3.523512 0.000000
vt 0.155000 -3.523512 0.000000
vt -0.155000 -3.794551 0.000000
vt 0.155000 -3.794551 0.000000
vt -0.155000 -4.065590 0.000000
vt 0.155000 -4.065590 0.000000
vt -0.155000 -4.336630 0.000000
vt 0.155000 -4.336630 0.000000
vt -0.155000 -4.607669 0.000000
vt 0.155000 -4.607669 0.000000
vt -0.155000 -4.878709 0.000000
vt 0.155000 -4.878709 0.000000
vt -0.155000 -5.149748 0.000000
vt 0.155000 -5.149748 0.000000
vt -0.155000 -5.420787 0.000000
vt 0.155000 -5.420787 0.000000
vt -0.155000 -5.691827 0.000000
vt 0.155000 -5.691827 0.000000
vt -0.155000 -5.962866 0.000000
vt 0.155000 -5.962866 0.000000
vt -0.155000 -6.233905 0.000000
vt 0.155000 -6.233905 0.000000
vt -0.155000 -6.504945 0.000000
vt 0.155000 -6.504945 0.000000
vt -0.155000 -6.775984 0.000000
vt 0.155000 -6.775984 0.000000
vt -0.155000 -7.047024 0.000000
vt 0.155000 -7.047024 0.000000
vt 0.155000 6.775984 0.000000
vt -0.155000 6.775984 0.000000
vt -0.155000 6.504945 0.000000
vt 0.155000 6.504945 0.000000
vt -0.155000 6.233905 0.000000
vt 0.155000 6.233905 0.000000
vt -0.155000 5.962866 0.000000
vt 0.155000 5.962866 0.000000
vt -0.155000 5.691827 0.000000
vt 0.155000 5.691827 0.000000
vt -0.155000 5.420787 0.000000
vt 0.155000 5.420787 0.000000
vt -0.155000 5.149748 0.000000
vt 0.155000 5.149748 0.000000
vt -0.155000 4.878709 0.000000
vt 0.155000 4.878709 0.000000
vt -0.155000 4.607669 0.000000
vt 0.155000 4.607669 0.000000
vt -0.155000 4.336630 0.000000
vt 0.155000 4.336630 0.000000
vt -0.155000 4.065590 0.000000
vt 0.155000 4.065590 0.000000
vt -0.155000 3.794551 0.000000
vt 0.155000 3.794551 0.000000
vt -0.155000 3.523512 0.000000
vt 0.155000 3.523512 0.000000
vt -0.155000 3.252472 0.000000
vt 0.155000 3.252472 0.000000
vt -0.155000 2.981433 0.000000
vt 0.155000 2.981433 0.000000
vt -0.155000 2.710394 0.000000
vt 0.155000 2.710394 0.000000
vt -0.155000 2.439354 0.000000
vt 0.155000 2.439354 0.000000
vt -0.155000 2.168315 0.000000
vt 0.155000 2.168315 0.000000
vt -0.155000 1.897276 0.000000
vt 0.155000 1.897276 0.000000
vt -0.155000 1.626236 0.000000
vt 0.155000 1.626236 0.000000
vt -0.155000 1.355197 0.000000
vt 0.155000 1.355197 0.000000
vt -0.155000 1.084157 0.000000
vt 0.155000 1.084157 0.000000
vt -0.155000 0.813118 0.000000
vt 0.155000 0.813118 0.000000
vt -0.155000 0.542079 0.000000
vt -11.235826 6.568494 0.000000
vt -11.252796 6.152796 0.000000
vt -8.352796 6.152796 0.000000
vt -11.235826 5.737099 0.000000
vt -8.336121 5.882442 0.000000
vt -11.185030 5.324168 0.000000
vt -8.286350 5.616186 0.000000
vt -11.100745 4.916751 0.000000
vt -10.983532 4.517561 0.000000
vt -8.204235 5.358065 0.000000
vt -10.834171 4.129252 0.000000
vt -8.091023 5.111990 0.000000
vt -10.653656 3.754410 0.000000
vt -10.443189 3.395528 0.000000
vt -7.948429 4.881694 0.000000
vt -10.204170 3.054996 0.000000
vt -7.778616 4.670666 0.000000
vt -9.938190 2.735079 0.000000
vt -9.647019 2.437906 0.000000
vt -7.584157 4.482105 0.000000
vt -9.332594 2.165456 0.000000
vt -7.367999 4.318871 0.000000
vt -8.997008 1.919540 0.000000
vt -8.642495 1.701796 0.000000
vt -7.133421 4.183437 0.000000
vt -8.271413 1.513673 0.000000
vt -6.883977 4.077856 0.000000
vt -7.886232 1.356422 0.000000
vt -7.489515 1.231091 0.000000
vt -6.623449 4.003730 0.000000
vt -7.083902 1.138513 0.000000
vt -6.355787 3.962181 0.000000
vt -6.672093 1.079303 0.000000
vt -6.256829 1.053857 0.000000
vt -6.085047 3.953840 0.000000
vt -5.840872 1.062344 0.000000
vt -5.426991 1.104707 0.000000
vt -5.017939 1.180664 0.000000
vt -4.616441 1.289710 0.000000
vt -4.225166 1.431118 0.000000
vt -3.846720 1.603949 0.000000
vt -3.483620 1.807052 0.000000
vt -3.138282 2.039074 0.000000
vt -2.813007 2.298473 0.000000
vt -2.509956 2.583522 0.000000
vt -2.231149 2.892324 0.000000
vt -1.978439 3.222824 0.000000
vt -1.753509 3.572822 0.000000
vt -1.557855 3.939989 0.000000
vt -1.392780 4.321882 0.000000
vt -4.154173 5.233283 0.000000
vt -4.282319 4.994645 0.000000
vt -4.438819 4.773564 0.000000
vt -4.056324 5.485860 0.000000
vt -1.259382 4.715960 0.000000
vt -3.990255 5.748547 0.000000
vt -1.158549 5.119600 0.000000
vt -1.090952 5.530115 0.000000
vt -3.956969 6.017362 0.000000
vt -1.057040 5.944774 0.000000
vt -3.956969 6.288230 0.000000
vt -1.057040 6.360818 0.000000
vt -1.090952 6.775477 0.000000
vt -3.990255 6.557045 0.000000
vt -1.158549 7.185993 0.000000
vt -1.259382 7.589632 0.000000
vt -4.056324 6.819732 0.000000
vt -1.392780 7.983710 0.000000
vt -4.154173 7.072309 0.000000
vt -1.557855 8.365603 0.000000
vt -1.753509 8.732771 0.000000
vt -4.282319 7.310947 0.000000
vt -1.978439 9.082769 0.000000
vt -4.438819 7.532029 0.000000
vt -4.621302 7.732202 0.000000
vt -4.827000 7.908434 0.000000
vt -5.052796 8.058052 0.000000
vt -5.295267 8.178788 0.000000
vt -2.231149 9.413269 0.000000
vt -5.550738 8.268813 0.000000
vt -2.509956 9.722070 0.000000
vt -2.813007 10.007119 0.000000
vt -3.138282 10.266518 0.000000
vt -3.483620 10.498541 0.000000
vt -3.846720 10.701643 0.000000
vt -4.225166 10.874474 0.000000
vt -4.616441 11.015883 0.000000
vt -5.017939 11.124929 0.000000
vt -5.815335 8.326760 0.000000
vt -5.426991 11.200886 0.000000
vt -5.840872 11.243248 0.000000
vt -6.085047 8.351753 0.000000
vt -6.256829 11.251735 0.000000
vt -6.355787 8.343411 0.000000
vt -6.672093 11.226289 0.000000
vt -7.083902 11.167080 0.000000
vt -6.623449 8.301863 0.000000
vt -7.489515 11.074502 0.000000
vt -6.883977 8.227736 0.000000
vt -7.886232 10.949170 0.000000
vt -8.271413 10.791919 0.000000
vt -7.133421 8.122155 0.000000
vt -8.642495 10.603796 0.000000
vt -7.367999 7.986721 0.000000
vt -8.997008 10.386052 0.000000
vt -9.332594 10.140137 0.000000
vt -7.584157 7.823487 0.000000
vt -9.647019 9.867686 0.000000
vt -7.778616 7.634927 0.000000
vt -9.938190 9.570514 0.000000
vt -10.204170 9.250597 0.000000
vt -7.948429 7.423899 0.000000
vt -10.443189 8.910064 0.000000
vt -8.091023 7.193602 0.000000
vt -10.653656 8.551183 0.000000
vt -10.834171 8.176341 0.000000
vt -8.204235 6.947528 0.000000
vt -10.983532 7.788032 0.000000
vt -8.286350 6.689406 0.000000
vt -11.100745 7.388841 0.000000
vt -11.185030 6.981425 0.000000
vt -8.336121 6.423150 0.000000
vt -4.621302 4.573390 0.000000
vt -4.827000 4.397158 0.000000
vt -5.052796 4.247540 0.000000
vt -5.295267 4.126804 0.000000
vt -5.550738 4.036780 0.000000
vt -5.815335 3.978832 0.000000
vt -7.017145 5.471221 0.000000
vt -7.641965 5.455003 0.000000
vt -7.017145 5.038742 0.000000
vt -7.641965 5.038742 0.000000
vt -7.641965 4.622481 0.000000
vt -7.641965 5.871264 0.000000
vt -7.017145 5.903700 0.000000
vt -7.641965 6.287525 0.000000
vt -7.017145 6.336179 0.000000
vt -7.641965 6.703787 0.000000
vt -7.017145 6.768658 0.000000
vt -7.641965 7.120048 0.000000
vt -7.017145 7.201137 0.000000
vt -7.641965 7.536309 0.000000
vt -7.017145 7.633616 0.000000
vt -7.641965 7.952570 0.000000
vt -7.017145 8.066095 0.000000
vt -7.641965 8.368831 0.000000
vt -7.017145 8.498574 0.000000
vt -7.641965 8.785092 0.000000
vt -7.017145 8.931053 0.000000
vt -7.641965 9.201353 0.000000
vt -7.017145 9.363532 0.000000
vt -7.641965 9.617614 0.000000
vt -7.017145 9.796011 0.000000
vt -7.641965 10.033875 0.000000
vt -7.017145 10.228490 0.000000
vt -7.641965 10.450136 0.000000
vt -7.017145 10.660969 0.000000
vt -7.641965 10.866397 0.000000
vt -7.017145 11.093448 0.000000
vt -7.641965 11.282658 0.000000
vt -7.017145 11.525927 0.000000
vt -7.641965 11.698919 0.000000
vt -7.017145 11.958406 0.000000
vt -7.641965 12.115180 0.000000
vt -7.017145 12.390885 0.000000
vt -7.641965 12.531441 0.000000
vt -7.017145 12.823364 0.000000
vt -7.641965 12.947702 0.000000
vt -7.017145 13.255843 0.000000
vt -7.641965 13.363963 0.000000
vt -7.017145 13.688322 0.000000
vt -7.641965 13.780224 0.000000
vt -7.017145 14.120801 0.000000
vt -7.641965 14.196485 0.000000
vt -7.017145 14.553280 0.000000
vt -7.641965 14.612746 0.000000
vt -7.017145 14.985759 0.000000
vt -7.641965 15.029007 0.000000
vt -7.017145 15.418238 0.000000
vt -7.641965 15.445268 0.000000
vt -7.017145 15.850717 0.000000
vt -7.641965 15.861529 0.000000
vt -7.017145 16.283196 0.000000
vt -7.641965 16.277790 0.000000
vt -7.641965 16.694051 0.000000
vt -7.017145 16.715675 0.000000
vt -7.641965 -16.606831 0.000000
vt -7.017145 -16.585207 0.000000
vt -7.641965 -16.190570 0.000000
vt -7.017145 -16.152728 0.000000
vt -7.641965 -15.774309 0.000000
vt -7.017145 -15.720249 0.000000
vt -7.641965 -15.358048 0.000000
vt -7.017145 -15.287770 0.000000
vt -7.641965 -14.941787 0.000000
vt -7.017145 -14.855291 0.000000
vt -7.641965 -14.525526 0.000000
vt -7.017145 -14.422812 0.000000
vt -7.641965 -14.109265 0.000000
vt -7.017145 -13.990333 0.000000
vt -7.641965 -13.693004 0.000000
vt -7.017145 -13.557854 0.000000
vt -7.641965 -13.276743 0.000000
vt -7.017145 -13.125375 0.000000
vt -7.641965 -12.860482 0.000000
vt -7.017145 -12.692896 0.000000
vt -7.641965 -12.444221 0.000000
vt -7.017145 -12.260417 0.000000
vt -7.641965 -12.027960 0.000000
vt -7.017145 -11.827938 0.000000
vt -7.641965 -11.611699 0.000000
vt -7.017145 -11.395459 0.000000
vt -7.641965 -11.195438 0.000000
vt -7.017145 -10.962980 0.000000
vt -7.641965 -10.779177 0.000000
vt -7.017145 -10.530501 0.000000
vt -7.641965 -10.362916 0.000000
vt -7.017145 -10.098022 0.000000
vt -7.641965 -9.946655 0.000000
vt -7.017145 -9.665543 0.000000
vt -7.641965 -9.530394 0.000000
vt -7.017145 -9.233064 0.000000
vt -7.641965 -9.114133 0.000000
vt -7.017145 -8.800585 0.000000
vt -7.641965 -8.697871 0.000000
vt -7.017145 -8.368106 0.000000
vt -7.641965 -8.281610 0.000000
vt -7.017145 -7.935627 0.000000
vt -7.641965 -7.865349 0.000000
vt -7.017145 -7.503148 0.000000
vt -7.641965 -7.449088 0.000000
vt -7.017145 -7.070669 0.000000
vt -7.641965 -7.032827 0.000000
vt -7.017145 -6.638190 0.000000
vt -7.641965 -6.616566 0.000000
vt -7.017145 -6.205711 0.000000
vt -7.641965 -6.200305 0.000000
vt -7.641965 -5.784044 0.000000
vt -7.017145 -5.773232 0.000000
vt -7.641965 -5.367783 0.000000
vt -7.017145 -5.340753 0.000000
vt -7.641965 -4.951522 0.000000
vt -7.017145 -4.908274 0.000000
vt -7.641965 -4.535261 0.000000
vt -7.017145 -4.475795 0.000000
vt -7.641965 -4.119000 0.000000
vt -7.017145 -4.043316 0.000000
vt -7.641965 -3.702739 0.000000
vt -7.017145 -3.610837 0.000000
vt -7.641965 -3.286478 0.000000
vt -7.017145 -3.178358 0.000000
vt -7.641965 -2.870217 0.000000
vt -7.017145 -2.745879 0.000000
vt -7.641965 -2.453956 0.000000
vt -7.017145 -2.313400 0.000000
vt -7.641965 -2.037695 0.000000
vt -7.017145 -1.880921 0.000000
vt -7.641965 -1.621434 0.000000
vt -7.017145 -1.448442 0.000000
vt -7.641965 -1.205173 0.000000
vt -7.017145 -1.015963 0.000000
vt -7.641965 -0.788912 0.000000
vt -7.017145 -0.583484 0.000000
vt -7.641965 -0.372651 0.000000
vt -7.017145 -0.151005 0.000000
vt -7.641965 0.043610 0.000000
vt -7.017145 0.281474 0.000000
vt -7.641965 0.459871 0.000000
vt -7.017145 0.713953 0.000000
vt -7.641965 0.876132 0.000000
vt -7.017145 1.146432 0.000000
vt -7.641965 1.292393 0.000000
vt -7.017145 1.578910 0.000000
vt -7.641965 1.708654 0.000000
vt -7.017145 2.011389 0.000000
vt -7.641965 2.124915 0.000000
vt -7.017145 2.443868 0.000000
vt -7.641965 2.541176 0.000000
vt -7.017145 2.876347 0.000000
vt -7.641965 2.957437 0.000000
vt -7.017145 3.308826 0.000000
vt -7.641965 3.373698 0.000000
vt -7.017145 3.741305 0.000000
vt -7.641965 3.789959 0.000000
vt -7.017145 4.173784 0.000000
vt -7.641965 4.206220 0.000000
vt -7.017145 4.606263 0.000000
vt -0.425000 -0.431969 0.000000
vt 0.425000 -0.431969 0.000000
vt -0.425000 -0.000000 0.000000
vt 0.425000 -0.000000 0.000000
vt -0.425000 0.431969 0.000000
vt 0.425000 0.431969 0.000000
vt -0.425000 0.863938 0.000000
vt 0.425000 0.863938 0.000000
vt -0.425000 1.295907 0.000000
vt 0.425000 1.295907 0.000000
vt -0.425000 1.727876 0.000000
vt 0.425000 1.727876 0.000000
vt -0.425000 2.159845 0.000000
vt 0.425000 2.159845 0.000000
vt -0.425000 2.591814 0.000000
vt 0.425000 2.591814 0.000000
vt -0.425000 3.023783 0.000000
vt 0.425000 3.023783 0.000000
vt -0.425000 3.455752 0.000000
vt 0.425000 3.455752 0.000000
vt -0.425000 3.887721 0.000000
vt 0.425000 3.887721 0.000000
vt -0.425000 4.319690 0.000000
vt 0.425000 4.319690 0.000000
vt -0.425000 4.751659 0.000000
vt 0.425000 4.751659 0.000000
vt -0.425000 5.183628 0.000000
vt 0.425000 5.183628 0.000000
vt -0.425000 5.615597 0.000000
vt 0.425000 5.615597 0.000000
vt -0.425000 6.047566 0.000000
vt 0.425000 6.047566 0.000000
vt -0.425000 6.479535 0.000000
vt 0.425000 6.479535 0.000000
vt -0.425000 6.911504 0.000000
vt 0.425000 6.911504 0.000000
vt -0.425000 7.343473 0.000000
vt 0.425000 7.343473 0.000000
vt -0.425000 7.775442 0.000000
vt 0.425000 7.775442 0.000000
vt -0.425000 8.207411 0.000000
vt 0.425000 8.207411 0.000000
vt -0.425000 8.639380 0.000000
vt 0.425000 8.639380 0.000000
vt -0.425000 9.071349 0.000000
vt 0.425000 9.071349 0.000000
vt -0.425000 9.503318 0.000000
vt 0.425000 9.503318 0.000000
vt -0.425000 9.935287 0.000000
vt 0.425000 9.935287 0.000000
vt -0.425000 10.367256 0.000000
vt 0.425000 10.367256 0.000000
vt -0.425000 10.799225 0.000000
vt 0.425000 10.799225 0.000000
vt -0.425000 11.231194 0.000000
vt 0.425000 11.231194 0.000000
vt -0.425000 11.663163 0.000000
vt 0.425000 11.663163 0.000000
vt -0.425000 12.095132 0.000000
vt 0.425000 12.095132 0.000000
vt -0.425000 12.527101 0.000000
vt 0.425000 12.527101 0.000000
vt -0.425000 12.959070 0.000000
vt 0.425000 12.959070 0.000000
vt -0.425000 13.391039 0.000000
vt 0.425000 13.391039 0.000000
vt -0.425000 13.823008 0.000000
vt 0.425000 13.823008 0.000000
vt -0.425000 14.254977 0.000000
vt 0.425000 14.254977 0.000000
vt -0.425000 14.686946 0.000000
vt 0.425000 14.686946 0.000000
vt -0.425000 15.118915 0.000000
vt 0.425000 15.118915 0.000000
vt -0.425000 15.550884 0.000000
vt 0.425000 15.550884 0.000000
vt -0.425000 15.982853 0.000000
vt 0.425000 15.982853 0.000000
vt -0.425000 16.414822 0.000000
vt 0.425000 16.414822 0.000000
vt -0.425000 16.846791 0.000000
vt 0.425000 16.846791 0.000000
vt -0.425000 17.278760 0.000000
vt 0.425000 17.278760 0.000000
vt -0.425000 -17.278760 0.000000
vt 0.425000 -17.278760 0.000000
vt -0.425000 -16.846791 0.000000
vt 0.425000 -16.846791 0.000000
vt -0.425000 -16.414822 0.000000
vt 0.425000 -16.414822 0.000000
vt -0.425000 -15.982853 0.000000
vt 0.425000 -15.982853 0.000000
vt -0.425000 -15.550884 0.000000
vt 0.425000 -15.550884 0.000000
vt -0.425000 -15.118915 0.000000
vt 0.425000 -15.118915 0.000000
vt -0.425000 -14.686946 0.000000
vt 0.425000 -14.686946 0.000000
vt -0.425000 -14.254977 0.000000
vt 0.425000 -14.254977 0.000000
vt -0.425000 -13.823008 0.000000
vt 0.425000 -13.823008 0.000000
vt -0.425000 -13.391039 0.000000
vt 0.425000 -13.391039 0.000000
vt -0.425000 -12.959070 0.000000
vt 0.425000 -12.959070 0.000000
vt -0.425000 -12.527101 0.000000
vt 0.425000 -12.527101 0.000000
vt -0.425000 -12.095132 0.000000
vt 0.425000 -12.095132 0.000000
vt -0.425000 -11.663163 0.000000
vt 0.425000 -11.663163 0.000000
vt -0.425000 -11.231194 0.000000
vt 0.425000 -11.231194 0.000000
vt -0.425000 -10.799225 0.000000
vt 0.425000 -10.799225 0.000000
vt -0.425000 -10.367256 0.000000
vt 0.425000 -10.367256 0.000000
vt -0.425000 -9.935287 0.000000
vt 0.425000 -9.935287 0.000000
vt -0.425000 -9.503318 0.000000
vt 0.425000 -9.503318 0.000000
vt -0.425000 -9.071349 0.000000
vt 0.425000 -9.071349 0.000000
vt -0.425000 -8.639380 0.000000
vt 0.425000 -8.639380 0.000000
vt -0.425000 -8.207411 0.000000
vt 0.425000 -8.207411 0.000000
vt -0.425000 -7.775442 0.000000
vt 0.425000 -7.775442 0.000000
vt -0.425000 -7.343473 0.000000
vt 0.425000 -7.343473 0.000000
vt -0.425000 -6.911504 0.000000
vt 0.425000 -6.911504 0.000000
vt -0.425000 -6.479535 0.000000
vt 0.425000 -6.479535 0.000000
vt -0.425000 -6.047566 0.000000
vt 0.425000 -6.047566 0.000000
vt -0.425000 -5.615597 0.000000
vt 0.425000 -5.615597 0.000000
vt -0.425000 -5.183628 0.000000
vt 0.425000 -5.183628 0.000000
vt -0.425000 -4.751659 0.000000
vt 0.425000 -4.751659 0.000000
vt -0.425000 -4.319690 0.000000
vt 0.425000 -4.319690 0.000000
vt -0.425000 -3.887721 0.000000
vt 0.425000 -3.887721 0.000000
vt -0.425000 -3.455752 0.000000
vt 0.425000 -3.455752 0.000000
vt -0.425000 -3.023783 0.000000
vt 0.425000 -3.023783 0.000000
vt -0.425000 -2.591814 0.000000
vt 0.425000 -2.591814 0.000000
vt -0.425000 -2.159845 0.000000
vt 0.425000 -2.159845 0.000000
vt -0.425000 -1.727876 0.000000
vt 0.425000 -1.727876 0.000000
vt -0.425000 -1.295907 0.000000
vt 0.425000 -1.295907 0.000000
vt -0.425000 -0.863938 0.000000
vt 0.425000 -0.863938 0.000000
vt -16.955601 9.787100 0.000000
vt -16.972796 9.272796 0.000000
vt -14.772796 9.272796 0.000000
vt -16.955601 8.758493 0.000000
vt -14.755842 8.841271 0.000000
vt -16.904093 8.246487 0.000000
vt -14.705082 8.412407 0.000000
vt -16.818501 7.739064 0.000000
vt -14.620831 7.988847 0.000000
vt -16.699209 7.238492 0.000000
vt -14.503607 7.573203 0.000000
vt -16.546748 6.747005 0.000000
vt -14.354134 7.168037 0.000000
vt -16.361800 6.266799 0.000000
vt -14.173332 6.775849 0.000000
vt -16.145191 5.800018 0.000000
vt -15.897888 5.348748 0.000000
vt -13.962317 6.399054 0.000000
vt -15.620996 4.915004 0.000000
vt -13.722390 6.039977 0.000000
vt -15.315752 4.500722 0.000000
vt -13.455029 5.700832 0.000000
vt -14.983517 4.107754 0.000000
vt -13.161884 5.383709 0.000000
vt -14.625778 3.737854 0.000000
vt -12.844761 5.090563 0.000000
vt -14.244131 3.392674 0.000000
vt -13.840280 3.073757 0.000000
vt -12.505615 4.823203 0.000000
vt -13.416030 2.782526 0.000000
vt -12.146538 4.583275 0.000000
vt -12.973276 2.520282 0.000000
vt -11.769744 4.372260 0.000000
vt -12.513994 2.288196 0.000000
vt -11.377555 4.191459 0.000000
vt -12.040236 2.087306 0.000000
vt -10.972390 4.041985 0.000000
vt -11.554118 1.918507 0.000000
vt -10.556746 3.924762 0.000000
vt -11.057811 1.782555 0.000000
vt -10.553532 1.680055 0.000000
vt -10.133186 3.840510 0.000000
vt -10.043533 1.611467 0.000000
vt -9.704321 3.789751 0.000000
vt -9.530092 1.577096 0.000000
vt -9.272796 3.772796 0.000000
vt -9.015501 1.577096 0.000000
vt -8.841271 3.789751 0.000000
vt -8.502059 1.611467 0.000000
vt -8.412407 3.840510 0.000000
vt -7.992060 1.680055 0.000000
vt -7.988847 3.924762 0.000000
vt -7.487781 1.782555 0.000000
vt -6.991474 1.918507 0.000000
vt -7.573203 4.041985 0.000000
vt -6.505356 2.087306 0.000000
vt -7.168037 4.191459 0.000000
vt -6.031599 2.288196 0.000000
vt -6.775849 4.372260 0.000000
vt -5.572317 2.520282 0.000000
vt -6.399054 4.583275 0.000000
vt -5.129562 2.782526 0.000000
vt -6.039977 4.823203 0.000000
vt -4.705312 3.073757 0.000000
vt -5.700832 5.090563 0.000000
vt -4.301462 3.392674 0.000000
vt -3.919815 3.737854 0.000000
vt -5.383709 5.383709 0.000000
vt -3.562075 4.107754 0.000000
vt -5.090563 5.700832 0.000000
vt -3.229841 4.500722 0.000000
vt -4.823203 6.039977 0.000000
vt -2.924596 4.915004 0.000000
vt -4.583275 6.399054 0.000000
vt -2.647704 5.348748 0.000000
vt -4.372260 6.775849 0.000000
vt -2.400401 5.800018 0.000000
vt -2.183792 6.266799 0.000000
vt -4.191459 7.168037 0.000000
vt -1.998844 6.747005 0.000000
vt -4.041985 7.573203 0.000000
vt -1.846384 7.238492 0.000000
vt -3.924762 7.988847 0.000000
vt -1.727091 7.739064 0.000000
vt -3.840510 8.412407 0.000000
vt -1.641500 8.246487 0.000000
vt -3.789751 8.841271 0.000000
vt -1.589991 8.758493 0.000000
vt -3.772796 9.272796 0.000000
vt -1.572796 9.272796 0.000000
vt -1.589991 9.787100 0.000000
vt -3.789751 9.704321 0.000000
vt -1.641500 10.299106 0.000000
vt -3.840510 10.133186 0.000000
vt -1.727091 10.806528 0.000000
vt -3.924762 10.556746 0.000000
vt -1.846384 11.307101 0.000000
vt -4.041985 10.972390 0.000000
vt -1.998844 11.798588 0.000000
vt -4.191459 11.377555 0.000000
vt -2.183792 12.278794 0.000000
vt -4.372260 11.769744 0.000000
vt -2.400401 12.745574 0.000000
vt -2.647704 13.196844 0.000000
vt -4.583275 12.146538 0.000000
vt -2.924596 13.630589 0.000000
vt -4.823203 12.505615 0.000000
vt -3.229841 14.044870 0.000000
vt -5.090563 12.844761 0.000000
vt -3.562075 14.437839 0.000000
vt -5.383709 13.161884 0.000000
vt -3.919815 14.807739 0.000000
vt -5.700832 13.455029 0.000000
vt -4.301462 15.152918 0.000000
vt -4.705312 15.471836 0.000000
vt -6.039977 13.722390 0.000000
vt -5.129562 15.763067 0.000000
vt -6.399054 13.962317 0.000000
vt -5.572317 16.025311 0.000000
vt -6.775849 14.173332 0.000000
vt -6.031599 16.257396 0.000000
vt -7.168037 14.354134 0.000000
vt -6.505356 16.458287 0.000000
vt -7.573203 14.503607 0.000000
vt -6.991474 16.627085 0.000000
vt -7.988847 14.620831 0.000000
vt -7.487781 16.763038 0.000000
vt -7.992060 16.865537 0.000000
vt -8.412407 14.705082 0.000000
vt -8.502059 16.934125 0.000000
vt -8.841271 14.755842 0.000000
vt -9.015501 16.968496 0.000000
vt -9.272796 14.772796 0.000000
vt -9.530092 16.968496 0.000000
vt -9.704321 14.755842 0.000000
vt -10.043533 16.934125 0.000000
vt -10.133186 14.705082 0.000000
vt -10.553532 16.865537 0.000000
vt -10.556746 14.620831 0.000000
vt -11.057811 16.763038 0.000000
vt -11.554118 16.627085 0.000000
vt -10.972390 14.503607 0.000000
vt -12.040236 16.458287 0.000000
vt -11.377555 14.354134 0.000000
vt -12.513994 16.257396 0.000000
vt -11.769744 14.173332 0.000000
vt -12.973276 16.025311 0.000000
vt -12.146538 13.962317 0.000000
vt -13.416030 15.763067 0.000000
vt -12.505615 13.722390 0.000000
vt -13.840280 15.471836 0.000000
vt -12.844761 13.455029 0.000000
vt -14.244131 15.152918 0.000000
vt -14.625778 14.807739 0.000000
vt -13.161884 13.161884 0.000000
vt -14.983517 14.437839 0.000000
vt -13.455029 12.844761 0.000000
vt -15.315752 14.044870 0.000000
vt -13.722390 12.505615 0.000000
vt -15.620996 13.630589 0.000000
vt -13.962317 12.146538 0.000000
vt -15.897888 13.196844 0.000000
vt -14.173332 11.769744 0.000000
vt -16.145191 12.745574 0.000000
vt -16.361800 12.278794 0.000000
vt -14.354134 11.377555 0.000000
vt -16.546748 11.798588 0.000000
vt -14.503607 10.972390 0.000000
vt -16.699209 11.307101 0.000000
vt -14.620831 10.556746 0.000000
vt -16.818501 10.806528 0.000000
vt -14.705082 10.133186 0.000000
vt -16.904093 10.299106 0.000000
vt -14.755842 9.704321 0.000000
vt 11.565772 5.910347 0.000000
vt 11.582796 6.332796 0.000000
vt 7.131769 6.292277 0.000000
vt 11.565772 6.755246 0.000000
vt 7.123571 6.453938 0.000000
vt 11.514810 7.174955 0.000000
vt 11.430241 7.589203 0.000000
vt 7.082998 6.610640 0.000000
vt 11.312613 7.995303 0.000000
vt 11.162688 8.390621 0.000000
vt 10.981440 8.772593 0.000000
vt 7.011712 6.755967 0.000000
vt 10.770044 9.138742 0.000000
vt 10.529871 9.486693 0.000000
vt 6.912630 6.883970 0.000000
vt 10.262478 9.814190 0.000000
vt 9.969599 10.119109 0.000000
vt 9.653134 10.399472 0.000000
vt 6.789811 6.989407 0.000000
vt 9.315136 10.653462 0.000000
vt 8.957796 10.879430 0.000000
vt 6.648281 7.067962 0.000000
vt 8.583432 11.075911 0.000000
vt 8.194472 11.241632 0.000000
vt 7.793438 11.375516 0.000000
vt 6.493835 7.116420 0.000000
vt 7.382931 11.476697 0.000000
vt 6.965614 11.544518 0.000000
vt 6.332796 7.132796 0.000000
vt 6.544192 11.578538 0.000000
vt 6.121400 11.578538 0.000000
vt 5.699979 11.544518 0.000000
vt 6.171757 7.116420 0.000000
vt 5.282661 11.476697 0.000000
vt 4.872155 11.375516 0.000000
vt 6.017312 7.067962 0.000000
vt 4.471121 11.241632 0.000000
vt 4.082160 11.075911 0.000000
vt 3.707796 10.879430 0.000000
vt 5.875782 6.989407 0.000000
vt 3.350456 10.653462 0.000000
vt 3.012458 10.399472 0.000000
vt 5.752962 6.883970 0.000000
vt 2.695993 10.119109 0.000000
vt 2.403115 9.814190 0.000000
vt 2.135722 9.486693 0.000000
vt 5.653881 6.755967 0.000000
vt 1.895548 9.138742 0.000000
vt 1.684152 8.772593 0.000000
vt 5.582595 6.610640 0.000000
vt 1.502904 8.390621 0.000000
vt 1.352980 7.995303 0.000000
vt 1.235352 7.589203 0.000000
vt 5.542022 6.453938 0.000000
vt 1.150782 7.174955 0.000000
vt 1.099820 6.755246 0.000000
vt 5.533823 6.292277 0.000000
vt 1.082796 6.332796 0.000000
vt 1.099820 5.910347 0.000000
vt 1.150782 5.490637 0.000000
vt 5.558335 6.132274 0.000000
vt 1.235352 5.076389 0.000000
vt 1.352980 4.670289 0.000000
vt 5.614553 5.980481 0.000000
vt 1.502904 4.274972 0.000000
vt 1.684152 3.893000 0.000000
vt 1.895548 3.526851 0.000000
vt 5.700176 5.843111 0.000000
vt 2.135722 3.178899 0.000000
vt 2.403115 2.851402 0.000000
vt 5.811698 5.725790 0.000000
vt 2.695993 2.546483 0.000000
vt 3.012458 2.266120 0.000000
vt 3.350456 2.012131 0.000000
vt 5.944555 5.633319 0.000000
vt 3.707796 1.786163 0.000000
vt 4.082160 1.589681 0.000000
vt 6.093306 5.569485 0.000000
vt 4.471121 1.423961 0.000000
vt 4.872155 1.290076 0.000000
vt 5.282661 1.188895 0.000000
vt 6.251862 5.536901 0.000000
vt 5.699979 1.121075 0.000000
vt 6.121400 1.087054 0.000000
vt 6.544192 1.087054 0.000000
vt 6.413731 5.536901 0.000000
vt 6.965614 1.121075 0.000000
vt 7.382931 1.188895 0.000000
vt 6.572287 5.569485 0.000000
vt 7.793438 1.290076 0.000000
vt 8.194472 1.423961 0.000000
vt 8.583432 1.589681 0.000000
vt 6.721038 5.633319 0.000000
vt 8.957796 1.786163 0.000000
vt 9.315136 2.012131 0.000000
vt 6.853894 5.725790 0.000000
vt 9.653134 2.266120 0.000000
vt 9.969599 2.546483 0.000000
vt 10.262478 2.851402 0.000000
vt 6.965417 5.843111 0.000000
vt 10.529871 3.178899 0.000000
vt 10.770044 3.526851 0.000000
vt 7.051040 5.980481 0.000000
vt 10.981440 3.893000 0.000000
vt 11.162688 4.274972 0.000000
vt 11.312613 4.670289 0.000000
vt 7.107258 6.132274 0.000000
vt 11.430241 5.076389 0.000000
vt 11.514810 5.490637 0.000000
vt 7.543806 -5.594584 0.000000
vt 8.113894 -5.583659 0.000000
vt 7.543806 -5.157581 0.000000
vt 8.113894 -5.157581 0.000000
vt 8.113894 -4.731502 0.000000
vt 8.113894 -6.009738 0.000000
vt 7.543806 -6.031588 0.000000
vt 8.113894 -6.435816 0.000000
vt 7.543806 -6.468591 0.000000
vt 8.113894 -6.861895 0.000000
vt 7.543806 -6.905595 0.000000
vt 8.113894 -7.287973 0.000000
vt 7.543806 -7.342599 0.000000
vt 8.113894 -7.714052 0.000000
vt 7.543806 -7.779602 0.000000
vt 8.113894 -8.140130 0.000000
vt 7.543806 -8.216606 0.000000
vt 8.113894 -8.566209 0.000000
vt 7.543806 -8.653609 0.000000
vt 8.113894 -8.992287 0.000000
vt 7.543806 -9.090613 0.000000
vt 8.113894 -9.418366 0.000000
vt 7.543806 -9.527617 0.000000
vt 8.113894 -9.844444 0.000000
vt 7.543806 -9.964620 0.000000
vt 8.113894 -10.270523 0.000000
vt 7.543806 -10.401624 0.000000
vt 8.113894 -10.696601 0.000000
vt 7.543806 -10.838627 0.000000
vt 8.113894 -11.122680 0.000000
vt 7.543806 -11.275631 0.000000
vt 8.113894 -11.548758 0.000000
vt 7.543806 -11.712635 0.000000
vt 8.113894 -11.974837 0.000000
vt 7.543806 -12.149638 0.000000
vt 8.113894 -12.400915 0.000000
vt 7.543806 -12.586642 0.000000
vt 8.113894 -12.826994 0.000000
vt 7.543806 -13.023645 0.000000
vt 8.113894 -13.253072 0.000000
vt 7.543806 -13.460649 0.000000
vt 8.113894 -13.679151 0.000000
vt 7.543806 -13.897653 0.000000
vt 8.113894 -14.105229 0.000000
vt 7.543806 -14.334656 0.000000
vt 8.113894 -14.531308 0.000000
vt 7.543806 -14.771660 0.000000
vt 8.113894 -14.957386 0.000000
vt 7.543806 -15.208663 0.000000
vt 8.113894 -15.383465 0.000000
vt 7.543806 -15.645667 0.000000
vt 8.113894 -15.809543 0.000000
vt 7.543806 -16.082670 0.000000
vt 8.113894 -16.235622 0.000000
vt 7.543806 -16.519674 0.000000
vt 8.113894 -16.661700 0.000000
vt 7.543806 -16.956678 0.000000
vt 8.113894 -17.087779 0.000000
vt 7.543806 -17.393681 0.000000
vt 8.113894 16.998502 0.000000
vt 7.543806 16.692599 0.000000
vt 8.113894 16.572423 0.000000
vt 7.543806 16.255595 0.000000
vt 8.113894 16.146345 0.000000
vt 7.543806 15.818592 0.000000
vt 8.113894 15.720266 0.000000
vt 7.543806 15.381588 0.000000
vt 8.113894 15.294188 0.000000
vt 7.543806 14.944585 0.000000
vt 8.113894 14.868109 0.000000
vt 7.543806 14.507581 0.000000
vt 8.113894 14.442030 0.000000
vt 7.543806 14.070577 0.000000
vt 8.113894 14.015952 0.000000
vt 7.543806 13.633574 0.000000
vt 8.113894 13.589873 0.000000
vt 7.543806 13.196570 0.000000
vt 8.113894 13.163795 0.000000
vt 7.543806 12.759567 0.000000
vt 8.113894 12.737716 0.000000
vt 7.543806 12.322563 0.000000
vt 8.113894 12.311638 0.000000
vt 7.543806 11.885559 0.000000
vt 8.113894 11.885559 0.000000
vt 8.113894 11.459481 0.000000
vt 7.543806 11.448556 0.000000
vt 8.113894 11.033402 0.000000
vt 7.543806 11.011552 0.000000
vt 8.113894 10.607324 0.000000
vt 7.543806 10.574549 0.000000
vt 8.113894 10.181245 0.000000
vt 7.543806 10.137545 0.000000
vt 8.113894 9.755167 0.000000
vt 7.543806 9.700542 0.000000
vt 8.113894 9.329088 0.000000
vt 7.543806 9.263538 0.000000
vt 8.113894 8.903010 0.000000
vt 7.543806 8.826534 0.000000
vt 8.113894 8.476931 0.000000
vt 7.543806 8.389531 0.000000
vt 8.113894 8.050853 0.000000
vt 7.543806 7.952527 0.000000
vt 8.113894 7.624774 0.000000
vt 7.543806 7.515524 0.000000
vt 8.113894 7.198696 0.000000
vt 7.543806 7.078520 0.000000
vt 8.113894 6.772617 0.000000
vt 7.543806 6.641516 0.000000
vt 8.113894 6.346539 0.000000
vt 7.543806 6.204513 0.000000
vt 8.113894 5.920460 0.000000
vt 7.543806 5.767509 0.000000
vt 8.113894 5.494382 0.000000
vt 7.543806 5.330506 0.000000
vt 8.113894 5.068303 0.000000
vt 7.543806 4.893502 0.000000
vt 8.113894 4.642225 0.000000
vt 7.543806 4.456498 0.000000
vt 8.113894 4.216146 0.000000
vt 7.543806 4.019495 0.000000
vt 8.113894 3.790068 0.000000
vt 7.543806 3.582491 0.000000
vt 8.113894 3.363989 0.000000
vt 7.543806 3.145488 0.000000
vt 8.113894 2.937911 0.000000
vt 7.543806 2.708484 0.000000
vt 8.113894 2.511832 0.000000
vt 7.543806 2.271480 0.000000
vt 8.113894 2.085754 0.000000
vt 7.543806 1.834477 0.000000
vt 8.113894 1.659675 0.000000
vt 7.543806 1.397473 0.000000
vt 8.113894 1.233597 0.000000
vt 7.543806 0.960470 0.000000
vt 8.113894 0.807518 0.000000
vt 7.543806 0.523466 0.000000
vt 8.113894 0.381440 0.000000
vt 7.543806 0.086462 0.000000
vt 8.113894 -0.044639 0.000000
vt 7.543806 -0.350541 0.000000
vt 8.113894 -0.470717 0.000000
vt 7.543806 -0.787545 0.000000
vt 8.113894 -0.896796 0.000000
vt 7.543806 -1.224548 0.000000
vt 8.113894 -1.322874 0.000000
vt 7.543806 -1.661552 0.000000
vt 8.113894 -1.748953 0.000000
vt 7.543806 -2.098556 0.000000
vt 8.113894 -2.175031 0.000000
vt 7.543806 -2.535559 0.000000
vt 8.113894 -2.601110 0.000000
vt 7.543806 -2.972563 0.000000
vt 8.113894 -3.027188 0.000000
vt 7.543806 -3.409566 0.000000
vt 8.113894 -3.453267 0.000000
vt 7.543806 -3.846570 0.000000
vt 8.113894 -3.879345 0.000000
vt 7.543806 -4.283573 0.000000
vt 8.113894 -4.305424 0.000000
vt 7.543806 -4.720577 0.000000
vt 16.955601 8.758493 0.000000
vt 16.972796 9.272796 0.000000
vt 14.872796 9.272796 0.000000
vt 16.955601 9.787100 0.000000
vt 14.855533 9.712167 0.000000
vt 16.904093 10.299106 0.000000
vt 14.803851 10.148829 0.000000
vt 16.818501 10.806528 0.000000
vt 14.718068 10.580090 0.000000
vt 16.699209 11.307101 0.000000
vt 14.598713 11.003291 0.000000
vt 16.546748 11.798588 0.000000
vt 14.446522 11.415823 0.000000
vt 16.361800 12.278794 0.000000
vt 14.262433 11.815143 0.000000
vt 16.145191 12.745574 0.000000
vt 15.897888 13.196844 0.000000
vt 14.047581 12.198788 0.000000
vt 15.620996 13.630589 0.000000
vt 13.803291 12.564394 0.000000
vt 15.315752 14.044870 0.000000
vt 13.531070 12.909705 0.000000
vt 14.983517 14.437839 0.000000
vt 13.232594 13.232594 0.000000
vt 14.625778 14.807739 0.000000
vt 12.909705 13.531070 0.000000
vt 14.244131 15.152918 0.000000
vt 13.840280 15.471836 0.000000
vt 12.564394 13.803291 0.000000
vt 13.416030 15.763067 0.000000
vt 12.198788 14.047581 0.000000
vt 12.973276 16.025311 0.000000
vt 11.815143 14.262433 0.000000
vt 12.513994 16.257396 0.000000
vt 11.415823 14.446522 0.000000
vt 12.040236 16.458287 0.000000
vt 11.003291 14.598713 0.000000
vt 11.554118 16.627085 0.000000
vt 10.580090 14.718068 0.000000
vt 11.057811 16.763038 0.000000
vt 10.553532 16.865537 0.000000
vt 10.148829 14.803851 0.000000
vt 10.043533 16.934125 0.000000
vt 9.712167 14.855533 0.000000
vt 9.530092 16.968496 0.000000
vt 9.272796 14.872796 0.000000
vt 9.015501 16.968496 0.000000
vt 8.833425 14.855533 0.000000
vt 8.502059 16.934125 0.000000
vt 8.396763 14.803851 0.000000
vt 7.992060 16.865537 0.000000
vt 7.965502 14.718068 0.000000
vt 7.487781 16.763038 0.000000
vt 6.991474 16.627085 0.000000
vt 7.542301 14.598713 0.000000
vt 6.505356 16.458287 0.000000
vt 7.129769 14.446522 0.000000
vt 6.031599 16.257396 0.000000
vt 6.730449 14.262433 0.000000
vt 5.572317 16.025311 0.000000
vt 6.346804 14.047581 0.000000
vt 5.129562 15.763067 0.000000
vt 5.981199 13.803291 0.000000
vt 4.705312 15.471836 0.000000
vt 5.635887 13.531070 0.000000
vt 4.301462 15.152918 0.000000
vt 3.919815 14.807739 0.000000
vt 5.312998 13.232594 0.000000
vt 3.562075 14.437839 0.000000
vt 5.014523 12.909705 0.000000
vt 3.229841 14.044870 0.000000
vt 4.742301 12.564394 0.000000
vt 2.924596 13.630589 0.000000
vt 4.498011 12.198788 0.000000
vt 2.647704 13.196844 0.000000
vt 4.283160 11.815143 0.000000
vt 2.400401 12.745574 0.000000
vt 2.183792 12.278794 0.000000
vt 4.099071 11.415823 0.000000
vt 1.998844 11.798588 0.000000
vt 3.946880 11.003291 0.000000
vt 1.846384 11.307101 0.000000
vt 3.827525 10.580090 0.000000
vt 1.727091 10.806528 0.000000
vt 3.741742 10.148829 0.000000
vt 1.641500 10.299106 0.000000
vt 3.690059 9.712167 0.000000
vt 1.589991 9.787100 0.000000
vt 3.672796 9.272796 0.000000
vt 1.572796 9.272796 0.000000
vt 1.589991 8.758493 0.000000
vt 3.690059 8.833425 0.000000
vt 1.641500 8.246487 0.000000
vt 3.741742 8.396763 0.000000
vt 1.727091 7.739064 0.000000
vt 3.827525 7.965502 0.000000
vt 1.846384 7.238492 0.000000
vt 3.946880 7.542301 0.000000
vt 1.998844 6.747005 0.000000
vt 4.099071 7.129769 0.000000
vt 2.183792 6.266799 0.000000
vt 4.283160 6.730449 0.000000
vt 2.400401 5.800018 0.000000
vt 2.647704 5.348748 0.000000
vt 4.498011 6.346804 0.000000
vt 2.924596 4.915004 0.000000
vt 4.742301 5.981199 0.000000
vt 3.229841 4.500722 0.000000
vt 5.014523 5.635887 0.000000
vt 3.562075 4.107754 0.000000
vt 5.312998 5.312998 0.000000
vt 3.919815 3.737854 0.000000
vt 5.635887 5.014523 0.000000
vt 4.301462 3.392674 0.000000
vt 4.705312 3.073757 0.000000
vt 5.981199 4.742301 0.000000
vt 5.129562 2.782526 0.000000
vt 6.346804 4.498011 0.000000
vt 5.572317 2.520282 0.000000
vt 6.730449 4.283160 0.000000
vt 6.031599 2.288196 0.000000
vt 7.129769 4.099071 0.000000
vt 6.505356 2.087306 0.000000
vt 7.542301 3.946880 0.000000
vt 6.991474 1.918507 0.000000
vt 7.965502 3.827525 0.000000
vt 7.487781 1.782555 0.000000
vt 7.992060 1.680055 0.000000
vt 8.396763 3.741742 0.000000
vt 8.502059 1.611467 0.000000
vt 8.833425 3.690059 0.000000
vt 9.015501 1.577096 0.000000
vt 9.272796 3.672796 0.000000
vt 9.530092 1.577096 0.000000
vt 9.712167 3.690059 0.000000
vt 10.043533 1.611467 0.000000
vt 10.148829 3.741742 0.000000
vt 10.553532 1.680055 0.000000
vt 10.580090 3.827525 0.000000
vt 11.057811 1.782555 0.000000
vt 11.554118 1.918507 0.000000
vt 11.003291 3.946880 0.000000
vt 12.040236 2.087306 0.000000
vt 11.415823 4.099071 0.000000
vt 12.513994 2.288196 0.000000
vt 11.815143 4.283160 0.000000
vt 12.973276 2.520282 0.000000
vt 12.198788 4.498011 0.000000
vt 13.416030 2.782526 0.000000
vt 12.564394 4.742301 0.000000
vt 13.840280 3.073757 0.000000
vt 12.909705 5.014523 0.000000
vt 14.244131 3.392674 0.000000
vt 14.625778 3.737854 0.000000
vt 13.232594 5.312998 0.000000
vt 14.983517 4.107754 0.000000
vt 13.531070 5.635887 0.000000
vt 15.315752 4.500722 0.000000
vt 13.803291 5.981199 0.000000
vt 15.620996 4.915004 0.000000
vt 14.047581 6.346804 0.000000
vt 15.897888 5.348748 0.000000
vt 14.262433 6.730449 0.000000
vt 16.145191 5.800018 0.000000
vt 16.361800 6.266799 0.000000
vt 14.446522 7.129769 0.000000
vt 16.546748 6.747005 0.000000
vt 14.598713 7.542301 0.000000
vt 16.699209 7.238492 0.000000
vt 14.718068 7.965502 0.000000
vt 16.818501 7.739064 0.000000
vt 14.803851 8.396763 0.000000
vt 16.904093 8.246487 0.000000
vt 14.855533 8.833425 0.000000
vt -2.435078 -13.919929 0.000000
vt -2.087210 -13.756368 0.000000
vt -2.435078 -13.351769 0.000000
vt -2.087210 -13.216902 0.000000
vt -2.435078 -12.783608 0.000000
vt -2.087210 -12.677437 0.000000
vt -2.435078 -12.215448 0.000000
vt -2.087210 -12.137972 0.000000
vt -2.435078 -11.647288 0.000000
vt -2.087210 -11.598506 0.000000
vt -2.435078 -11.079127 0.000000
vt -2.087210 -11.059041 0.000000
vt -2.435078 -10.510967 0.000000
vt -2.087210 -10.519575 0.000000
vt -2.087210 -9.980110 0.000000
vt -1.739341 -10.519575 0.000000
vt -1.739341 -9.980110 0.000000
vt -1.391473 -10.519575 0.000000
vt -1.391473 -9.980110 0.000000
vt -1.043605 -10.519575 0.000000
vt -1.043605 -9.980110 0.000000
vt -0.695737 -10.519575 0.000000
vt -0.695737 -9.980110 0.000000
vt -0.347868 -10.519575 0.000000
vt -0.347868 -9.980110 0.000000
vt -0.000000 -10.519575 0.000000
vt -0.000000 -9.980110 0.000000
vt 0.347868 -10.519575 0.000000
vt 0.347868 -9.980110 0.000000
vt 0.695737 -10.519575 0.000000
vt 0.695737 -9.980110 0.000000
vt 1.043605 -10.519575 0.000000
vt 1.043605 -9.980110 0.000000
vt 1.391473 -10.519575 0.000000
vt 1.391473 -9.980110 0.000000
vt 1.739341 -10.519575 0.000000
vt 1.739341 -9.980110 0.000000
vt 2.087210 -10.519575 0.000000
vt 2.087210 -9.980110 0.000000
vt 2.435078 -10.510967 0.000000
vt 2.435078 -9.942807 0.000000
vt -2.087210 -14.295833 0.000000
vt -2.435078 -14.488090 0.000000
vt -2.087210 -14.835299 0.000000
vt -2.435078 -15.056250 0.000000
vt -2.087210 -15.374764 0.000000
vt -2.435078 -15.624410 0.000000
vt -2.087210 -15.914229 0.000000
vt -2.435078 -16.192571 0.000000
vt -2.087210 -16.453695 0.000000
vt -2.435078 -16.760731 0.000000
vt -2.087210 -16.993160 0.000000
vt -2.435078 -17.328891 0.000000
vt -2.087210 -17.532626 0.000000
vt -2.435078 -17.897052 0.000000
vt -2.087210 -18.072091 0.000000
vt -2.435078 -18.465212 0.000000
vt -2.087210 -18.611556 0.000000
vt -2.435078 -19.033373 0.000000
vt -2.087210 -19.151022 0.000000
vt -2.435078 -19.601533 0.000000
vt -2.087210 -19.690487 0.000000
vt -2.435078 -20.169693 0.000000
vt -2.087210 -20.229953 0.000000
vt -2.435078 -20.737854 0.000000
vt -2.087210 -20.769418 0.000000
vt -2.435078 -21.306014 0.000000
vt -2.087210 -21.306014 0.000000
vt -2.087210 -21.848349 0.000000
vt -1.739341 -21.848349 0.000000
vt -1.739341 -22.387814 0.000000
vt -1.391473 -22.387814 0.000000
vt -1.391473 -22.927280 0.000000
vt -1.043605 -22.927280 0.000000
vt -1.043605 -23.466745 0.000000
vt -0.695737 -23.466745 0.000000
vt -0.695737 -24.006211 0.000000
vt -0.347868 -24.006211 0.000000
vt -0.347868 -24.545676 0.000000
vt -0.000000 -24.545676 0.000000
vt -0.000000 -25.085141 0.000000
vt 0.347868 -25.085141 0.000000
vt 0.347868 -25.624607 0.000000
vt 0.695737 -25.624607 0.000000
vt 0.695737 -26.164072 0.000000
vt 1.043605 -26.164072 0.000000
vt 1.043605 -26.703538 0.000000
vt 1.391473 -26.703538 0.000000
vt 1.391473 26.703538 0.000000
vt 1.043605 26.703538 0.000000
vt 1.391473 26.164072 0.000000
vt 1.739341 26.164072 0.000000
vt 1.739341 25.624607 0.000000
vt 2.087210 25.624607 0.000000
vt 2.087210 25.085141 0.000000
vt 2.435078 25.283137 0.000000
vt 2.435078 24.714976 0.000000
vt 2.087210 24.545676 0.000000
vt 2.435078 24.146816 0.000000
vt 2.087210 24.006211 0.000000
vt 2.435078 23.578655 0.000000
vt 2.087210 23.466745 0.000000
vt 2.435078 23.010495 0.000000
vt 2.087210 22.927280 0.000000
vt 2.435078 22.442335 0.000000
vt 2.087210 22.387814 0.000000
vt 2.435078 21.874174 0.000000
vt 2.087210 21.848349 0.000000
vt 2.435078 21.306014 0.000000
vt 2.087210 21.306014 0.000000
vt 2.087210 20.769418 0.000000
vt 1.739341 21.306014 0.000000
vt 1.739341 20.769418 0.000000
vt 1.391473 21.306014 0.000000
vt 1.391473 20.769418 0.000000
vt 1.043605 21.306014 0.000000
vt 1.043605 20.769418 0.000000
vt 0.695737 21.306014 0.000000
vt 0.695737 20.769418 0.000000
vt 0.347868 21.306014 0.000000
vt 0.347868 20.769418 0.000000
vt -0.000000 21.306014 0.000000
vt -0.000000 20.769418 0.000000
vt -0.347868 21.306014 0.000000
vt -0.347868 20.769418 0.000000
vt -0.695737 21.306014 0.000000
vt -0.695737 20.769418 0.000000
vt -1.043605 21.306014 0.000000
vt -1.043605 20.769418 0.000000
vt -1.391473 21.306014 0.000000
vt -1.391473 20.769418 0.000000
vt -1.739341 21.306014 0.000000
vt -1.739341 20.769418 0.000000
vt -2.087210 21.306014 0.000000
vt -2.087210 20.769418 0.000000
vt -2.435078 21.306014 0.000000
vt -2.435078 20.737854 0.000000
vt -2.435078 -21.874174 0.000000
vt -2.087210 -22.387814 0.000000
vt -1.739341 -22.927280 0.000000
vt -1.391473 -23.466745 0.000000
vt -1.043605 -24.006211 0.000000
vt -0.695737 -24.545676 0.000000
vt -0.347868 -25.085141 0.000000
vt -0.000000 -25.624607 0.000000
vt 0.347868 -26.164072 0.000000
vt 0.695737 -26.703538 0.000000
vt 0.695737 26.703538 0.000000
vt 1.043605 26.164072 0.000000
vt 1.391473 25.624607 0.000000
vt 1.739341 25.085141 0.000000
vt -2.435078 -22.442335 0.000000
vt -2.087210 -22.927280 0.000000
vt -1.739341 -23.466745 0.000000
vt -1.391473 -24.006211 0.000000
vt -1.043605 -24.545676 0.000000
vt -0.695737 -25.085141 0.000000
vt -0.347868 -25.624607 0.000000
vt -0.000000 -26.164072 0.000000
vt 0.347868 -26.703538 0.000000
vt 0.347868 26.703538 0.000000
vt 0.695737 26.164072 0.000000
vt 1.043605 25.624607 0.000000
vt 1.391473 25.085141 0.000000
vt 1.739341 24.545676 0.000000
vt -2.435078 -23.010495 0.000000
vt -2.087210 -23.466745 0.000000
vt -1.739341 -24.006211 0.000000
vt -1.391473 -24.545676 0.000000
vt -1.043605 -25.085141 0.000000
vt -0.695737 -25.624607 0.000000
vt -0.347868 -26.164072 0.000000
vt -0.000000 -26.703538 0.000000
vt -0.000000 26.703538 0.000000
vt 0.347868 26.164072 0.000000
vt 0.695737 25.624607 0.000000
vt 1.043605 25.085141 0.000000
vt 1.391473 24.545676 0.000000
vt 1.739341 24.006211 0.000000
vt -2.435078 -23.578655 0.000000
vt -2.087210 -24.006211 0.000000
vt -1.739341 -24.545676 0.000000
vt -1.391473 -25.085141 0.000000
vt -1.043605 -25.624607 0.000000
vt -0.695737 -26.164072 0.000000
vt -0.347868 -26.703538 0.000000
vt -0.347868 26.703538 0.000000
vt -0.000000 26.164072 0.000000
vt 0.347868 25.624607 0.000000
vt 0.695737 25.085141 0.000000
vt 1.043605 24.545676 0.000000
vt 1.391473 24.006211 0.000000
vt 1.739341 23.466745 0.000000
vt -2.435078 -24.146816 0.000000
vt -2.087210 -24.545676 0.000000
vt -1.739341 -25.085141 0.000000
vt -1.391473 -25.624607 0.000000
vt -1.043605 -26.164072 0.000000
vt -0.695737 -26.703538 0.000000
vt -0.695737 26.703538 0.000000
vt -0.347868 26.164072 0.000000
vt -0.000000 25.624607 0.000000
vt 0.347868 25.085141 0.000000
vt 0.695737 24.545676 0.000000
vt 1.043605 24.006211 0.000000
vt 1.391473 23.466745 0.000000
vt 1.739341 22.927280 0.000000
vt -2.435078 -24.714976 0.000000
vt -2.087210 -25.085141 0.000000
vt -1.739341 -25.624607 0.000000
vt -1.391473 -26.164072 0.000000
vt -1.043605 -26.703538 0.000000
vt -1.043605 26.703538 0.000000
vt -0.695737 26.164072 0.000000
vt -0.347868 25.624607 0.000000
vt -0.000000 25.085141 0.000000
vt 0.347868 24.545676 0.000000
vt 0.695737 24.006211 0.000000
vt 1.043605 23.466745 0.000000
vt 1.391473 22.927280 0.000000
vt 1.739341 22.387814 0.000000
vt -2.435078 -25.283137 0.000000
vt -2.087210 -25.624607 0.000000
vt -1.739341 -26.164072 0.000000
vt -1.391473 -26.703538 0.000000
vt -1.391473 26.703538 0.000000
vt -1.043605 26.164072 0.000000
vt -0.695737 25.624607 0.000000
vt -0.347868 25.085141 0.000000
vt -0.000000 24.545676 0.000000
vt 0.347868 24.006211 0.000000
vt 0.695737 23.466745 0.000000
vt 1.043605 22.927280 0.000000
vt 1.391473 22.387814 0.000000
vt 1.739341 21.848349 0.000000
vt -2.435078 -25.851297 0.000000
vt -2.087210 -26.164072 0.000000
vt -1.739341 -26.703538 0.000000
vt -1.739341 26.703538 0.000000
vt -1.391473 26.164072 0.000000
vt -1.043605 25.624607 0.000000
vt -0.695737 25.085141 0.000000
vt -0.347868 24.545676 0.000000
vt -0.000000 24.006211 0.000000
vt 0.347868 23.466745 0.000000
vt 0.695737 22.927280 0.000000
vt 1.043605 22.387814 0.000000
vt 1.391473 21.848349 0.000000
vt -2.435078 -26.419457 0.000000
vt -2.087210 -26.703538 0.000000
vt -2.087210 26.703538 0.000000
vt -1.739341 26.164072 0.000000
vt -1.391473 25.624607 0.000000
vt -1.043605 25.085141 0.000000
vt -0.695737 24.545676 0.000000
vt -0.347868 24.006211 0.000000
vt -0.000000 23.466745 0.000000
vt 0.347868 22.927280 0.000000
vt 0.695737 22.387814 0.000000
vt 1.043605 21.848349 0.000000
vt -2.435078 26.987618 0.000000
vt -2.435078 26.419457 0.000000
vt -2.087210 26.164072 0.000000
vt -1.739341 25.624607 0.000000
vt -1.391473 25.085141 0.000000
vt -1.043605 24.545676 0.000000
vt -0.695737 24.006211 0.000000
vt -0.347868 23.466745 0.000000
vt -0.000000 22.927280 0.000000
vt 0.347868 22.387814 0.000000
vt 0.695737 21.848349 0.000000
vt -2.435078 25.851297 0.000000
vt -2.087210 25.624607 0.000000
vt -1.739341 25.085141 0.000000
vt -1.391473 24.545676 0.000000
vt -1.043605 24.006211 0.000000
vt -0.695737 23.466745 0.000000
vt -0.347868 22.927280 0.000000
vt -0.000000 22.387814 0.000000
vt 0.347868 21.848349 0.000000
vt -2.435078 25.283137 0.000000
vt -2.087210 25.085141 0.000000
vt -1.739341 24.545676 0.000000
vt -1.391473 24.006211 0.000000
vt -1.043605 23.466745 0.000000
vt -0.695737 22.927280 0.000000
vt -0.347868 22.387814 0.000000
vt -0.000000 21.848349 0.000000
vt -2.435078 24.714976 0.000000
vt -2.087210 24.545676 0.000000
vt -1.739341 24.006211 0.000000
vt -1.391473 23.466745 0.000000
vt -1.043605 22.927280 0.000000
vt -0.695737 22.387814 0.000000
vt -0.347868 21.848349 0.000000
vt -2.435078 24.146816 0.000000
vt -2.087210 24.006211 0.000000
vt -1.739341 23.466745 0.000000
vt -1.391473 22.927280 0.000000
vt -1.043605 22.387814 0.000000
vt -0.695737 21.848349 0.000000
vt -2.435078 23.578655 0.000000
vt -2.087210 23.466745 0.000000
vt -1.739341 22.927280 0.000000
vt -1.391473 22.387814 0.000000
vt -1.043605 21.848349 0.000000
vt -2.435078 23.010495 0.000000
vt -2.087210 22.927280 0.000000
vt -1.739341 22.387814 0.000000
vt -1.391473 21.848349 0.000000
vt -2.435078 22.442335 0.000000
vt -2.087210 22.387814 0.000000
vt -1.739341 21.848349 0.000000
vt -2.435078 21.874174 0.000000
vt -2.087210 21.848349 0.000000
vt -2.087210 20.229953 0.000000
vt -2.435078 20.169693 0.000000
vt -2.087210 19.690487 0.000000
vt -2.435078 19.601533 0.000000
vt -2.087210 19.151022 0.000000
vt -2.435078 19.033373 0.000000
vt -2.087210 18.611556 0.000000
vt -2.435078 18.465212 0.000000
vt -2.087210 18.072091 0.000000
vt -2.435078 17.897052 0.000000
vt -2.087210 17.532626 0.000000
vt -2.435078 17.328891 0.000000
vt -2.087210 16.993160 0.000000
vt -2.435078 16.760731 0.000000
vt -2.087210 16.453695 0.000000
vt -2.435078 16.192571 0.000000
vt -2.087210 15.914229 0.000000
vt -2.435078 15.624410 0.000000
vt -2.087210 15.374764 0.000000
vt -2.435078 15.056250 0.000000
vt -2.087210 14.835299 0.000000
vt -2.435078 14.488090 0.000000
vt -2.087210 14.295833 0.000000
vt -2.435078 13.919929 0.000000
vt -2.087210 13.756368 0.000000
vt -2.435078 13.351769 0.000000
vt -2.087210 13.216902 0.000000
vt -2.435078 12.783608 0.000000
vt -2.087210 12.677437 0.000000
vt -2.435078 12.215448 0.000000
vt -2.087210 12.137972 0.000000
vt -2.435078 11.647288 0.000000
vt -2.087210 11.598506 0.000000
vt -2.435078 11.079127 0.000000
vt -2.087210 11.059041 0.000000
vt -2.435078 10.510967 0.000000
vt -2.087210 10.519575 0.000000
vt -2.087210 9.980110 0.000000
vt -1.739341 9.980110 0.000000
vt -1.739341 9.440645 0.000000
vt -1.391473 9.440645 0.000000
vt -1.391473 8.901179 0.000000
vt -1.043605 8.901179 0.000000
vt -1.043605 8.361714 0.000000
vt -0.695737 8.361714 0.000000
vt -0.695737 7.822248 0.000000
vt -0.347868 7.822248 0.000000
vt -0.347868 7.282783 0.000000
vt -0.000000 7.282783 0.000000
vt -0.000000 6.743318 0.000000
vt 0.347868 6.743318 0.000000
vt 0.347868 6.203852 0.000000
vt 0.695737 6.203852 0.000000
vt 0.695737 5.664387 0.000000
vt 1.043605 5.664387 0.000000
vt 1.043605 5.124921 0.000000
vt 1.391473 5.124921 0.000000
vt 1.391473 4.585456 0.000000
vt 1.739341 4.585456 0.000000
vt 1.739341 4.045991 0.000000
vt 2.087210 4.045991 0.000000
vt 2.087210 3.506525 0.000000
vt 2.435078 3.693042 0.000000
vt 2.435078 3.124882 0.000000
vt 2.087210 2.967060 0.000000
vt 2.435078 2.556722 0.000000
vt 2.087210 2.427594 0.000000
vt 2.435078 1.988561 0.000000
vt 2.087210 1.888129 0.000000
vt 2.435078 1.420401 0.000000
vt 2.087210 1.348664 0.000000
vt 2.435078 0.852241 0.000000
vt 2.087210 0.809198 0.000000
vt 2.435078 0.284080 0.000000
vt 2.087210 0.269733 0.000000
vt 2.087210 -0.269733 0.000000
vt 1.739341 0.269733 0.000000
vt 1.739341 -0.269733 0.000000
vt 1.391473 0.269733 0.000000
vt 1.391473 -0.269733 0.000000
vt 1.043605 0.269733 0.000000
vt 1.043605 -0.269733 0.000000
vt 0.695737 0.269733 0.000000
vt 0.695737 -0.269733 0.000000
vt 0.347868 0.269733 0.000000
vt 0.347868 -0.269733 0.000000
vt -0.000000 0.269733 0.000000
vt -0.000000 -0.269733 0.000000
vt -0.347868 0.269733 0.000000
vt -0.347868 -0.269733 0.000000
vt -0.695737 0.269733 0.000000
vt -0.695737 -0.269733 0.000000
vt -1.043605 0.269733 0.000000
vt -1.043605 -0.269733 0.000000
vt -1.391473 0.269733 0.000000
vt -1.391473 -0.269733 0.000000
vt -1.739341 0.269733 0.000000
vt -1.739341 -0.269733 0.000000
vt -2.087210 0.269733 0.000000
vt -2.087210 -0.269733 0.000000
vt -2.435078 -0.284080 0.000000
vt -2.087210 -0.809198 0.000000
vt -2.435078 -0.852241 0.000000
vt -2.087210 -1.348664 0.000000
vt -2.435078 -1.420401 0.000000
vt -2.087210 -1.888129 0.000000
vt -2.435078 -1.988561 0.000000
vt -2.087210 -2.427594 0.000000
vt -2.435078 -2.556722 0.000000
vt -2.087210 -2.967060 0.000000
vt -2.435078 -3.124882 0.000000
vt -2.087210 -3.506525 0.000000
vt -2.435078 -3.693042 0.000000
vt -2.087210 -4.045991 0.000000
vt -2.435078 -4.261203 0.000000
vt -2.087210 -4.585456 0.000000
vt -2.435078 -4.829363 0.000000
vt -2.087210 -5.124921 0.000000
vt -2.435078 -5.397524 0.000000
vt -2.087210 -5.664387 0.000000
vt -2.435078 -5.965684 0.000000
vt -2.087210 -6.203852 0.000000
vt -2.435078 -6.533844 0.000000
vt -2.087210 -6.743318 0.000000
vt -2.435078 -7.102005 0.000000
vt -2.087210 -7.282783 0.000000
vt -2.435078 -7.670165 0.000000
vt -2.087210 -7.822248 0.000000
vt -2.435078 -8.238325 0.000000
vt -2.087210 -8.361714 0.000000
vt -2.435078 -8.806486 0.000000
vt -2.087210 -8.901179 0.000000
vt -2.435078 -9.374646 0.000000
vt -2.087210 -9.440645 0.000000
vt -2.435078 -9.942807 0.000000
vt -2.435078 9.942807 0.000000
vt -2.087210 9.440645 0.000000
vt -1.739341 8.901179 0.000000
vt -1.391473 8.361714 0.000000
vt -1.043605 7.822248 0.000000
vt -0.695737 7.282783 0.000000
vt -0.347868 6.743318 0.000000
vt -0.000000 6.203852 0.000000
vt 0.347868 5.664387 0.000000
vt 0.695737 5.124921 0.000000
vt 1.043605 4.585456 0.000000
vt 1.391473 4.045991 0.000000
vt 1.739341 3.506525 0.000000
vt -2.435078 9.374646 0.000000
vt -2.087210 8.901179 0.000000
vt -1.739341 8.361714 0.000000
vt -1.391473 7.822248 0.000000
vt -1.043605 7.282783 0.000000
vt -0.695737 6.743318 0.000000
vt -0.347868 6.203852 0.000000
vt -0.000000 5.664387 0.000000
vt 0.347868 5.124921 0.000000
vt 0.695737 4.585456 0.000000
vt 1.043605 4.045991 0.000000
vt 1.391473 3.506525 0.000000
vt 1.739341 2.967060 0.000000
vt -2.435078 8.806486 0.000000
vt -2.087210 8.361714 0.000000
vt -1.739341 7.822248 0.000000
vt -1.391473 7.282783 0.000000
vt -1.043605 6.743318 0.000000
vt -0.695737 6.203852 0.000000
vt -0.347868 5.664387 0.000000
vt -0.000000 5.124921 0.000000
vt 0.347868 4.585456 0.000000
vt 0.695737 4.045991 0.000000
vt 1.043605 3.506525 0.000000
vt 1.391473 2.967060 0.000000
vt 1.739341 2.427594 0.000000
vt -2.435078 8.238325 0.000000
vt -2.087210 7.822248 0.000000
vt -1.739341 7.282783 0.000000
vt -1.391473 6.743318 0.000000
vt -1.043605 6.203852 0.000000
vt -0.695737 5.664387 0.000000
vt -0.347868 5.124921 0.000000
vt -0.000000 4.585456 0.000000
vt 0.347868 4.045991 0.000000
vt 0.695737 3.506525 0.000000
vt 1.043605 2.967060 0.000000
vt 1.391473 2.427594 0.000000
vt 1.739341 1.888129 0.000000
vt -2.435078 7.670165 0.000000
vt -2.087210 7.282783 0.000000
vt -1.739341 6.743318 0.000000
vt -1.391473 6.203852 0.000000
vt -1.043605 5.664387 0.000000
vt -0.695737 5.124921 0.000000
vt -0.347868 4.585456 0.000000
vt -0.000000 4.045991 0.000000
vt 0.347868 3.506525 0.000000
vt 0.695737 2.967060 0.000000
vt 1.043605 2.427594 0.000000
vt 1.391473 1.888129 0.000000
vt 1.739341 1.348664 0.000000
vt -2.435078 7.102005 0.000000
vt -2.087210 6.743318 0.000000
vt -1.739341 6.203852 0.000000
vt -1.391473 5.664387 0.000000
vt -1.043605 5.124921 0.000000
vt -0.695737 4.585456 0.000000
vt -0.347868 4.045991 0.000000
vt -0.000000 3.506525 0.000000
vt 0.347868 2.967060 0.000000
vt 0.695737 2.427594 0.000000
vt 1.043605 1.888129 0.000000
vt 1.391473 1.348664 0.000000
vt 1.739341 0.809198 0.000000
vt -2.435078 6.533844 0.000000
vt -2.087210 6.203852 0.000000
vt -1.739341 5.664387 0.000000
vt -1.391473 5.124921 0.000000
vt -1.043605 4.585456 0.000000
vt -0.695737 4.045991 0.000000
vt -0.347868 3.506525 0.000000
vt -0.000000 2.967060 0.000000
vt 0.347868 2.427594 0.000000
vt 0.695737 1.888129 0.000000
vt 1.043605 1.348664 0.000000
vt 1.391473 0.809198 0.000000
vt -2.435078 5.965684 0.000000
vt -2.087210 5.664387 0.000000
vt -1.739341 5.124921 0.000000
vt -1.391473 4.585456 0.000000
vt -1.043605 4.045991 0.000000
vt -0.695737 3.506525 0.000000
vt -0.347868 2.967060 0.000000
vt -0.000000 2.427594 0.000000
vt 0.347868 1.888129 0.000000
vt 0.695737 1.348664 0.000000
vt 1.043605 0.809198 0.000000
vt -2.435078 5.397524 0.000000
vt -2.087210 5.124921 0.000000
vt -1.739341 4.585456 0.000000
vt -1.391473 4.045991 0.000000
vt -1.043605 3.506525 0.000000
vt -0.695737 2.967060 0.000000
vt -0.347868 2.427594 0.000000
vt -0.000000 1.888129 0.000000
vt 0.347868 1.348664 0.000000
vt 0.695737 0.809198 0.000000
vt -2.435078 4.829363 0.000000
vt -2.087210 4.585456 0.000000
vt -1.739341 4.045991 0.000000
vt -1.391473 3.506525 0.000000
vt -1.043605 2.967060 0.000000
vt -0.695737 2.427594 0.000000
vt -0.347868 1.888129 0.000000
vt -0.000000 1.348664 0.000000
vt 0.347868 0.809198 0.000000
vt -2.435078 4.261203 0.000000
vt -2.087210 4.045991 0.000000
vt -1.739341 3.506525 0.000000
vt -1.391473 2.967060 0.000000
vt -1.043605 2.427594 0.000000
vt -0.695737 1.888129 0.000000
vt -0.347868 1.348664 0.000000
vt -0.000000 0.809198 0.000000
vt -2.435078 3.693042 0.000000
vt -2.087210 3.506525 0.000000
vt -1.739341 2.967060 0.000000
vt -1.391473 2.427594 0.000000
vt -1.043605 1.888129 0.000000
vt -0.695737 1.348664 0.000000
vt -0.347868 0.809198 0.000000
vt -2.435078 3.124882 0.000000
vt -2.087210 2.967060 0.000000
vt -1.739341 2.427594 0.000000
vt -1.391473 1.888129 0.000000
vt -1.043605 1.348664 0.000000
vt -0.695737 0.809198 0.000000
vt -2.435078 2.556722 0.000000
vt -2.087210 2.427594 0.000000
vt -1.739341 1.888129 0.000000
vt -1.391473 1.348664 0.000000
vt -1.043605 0.809198 0.000000
vt -2.435078 1.988561 0.000000
vt -2.087210 1.888129 0.000000
vt -1.739341 1.348664 0.000000
vt -1.391473 0.809198 0.000000
vt -2.435078 1.420401 0.000000
vt -2.087210 1.348664 0.000000
vt -1.739341 0.809198 0.000000
vt -2.435078 0.852241 0.000000
vt -2.087210 0.809198 0.000000
vt -2.435078 0.284080 0.000000
vt 2.435078 -12.783608 0.000000
vt 2.087210 -13.216902 0.000000
vt 2.435078 -13.351769 0.000000
vt 2.087210 -13.756368 0.000000
vt 2.435078 -13.919929 0.000000
vt 2.087210 -14.295833 0.000000
vt 2.435078 -14.488090 0.000000
vt 2.087210 -14.835299 0.000000
vt 2.435078 -15.056250 0.000000
vt 2.087210 -15.374764 0.000000
vt 2.435078 -15.624410 0.000000
vt 2.087210 -15.914229 0.000000
vt 2.435078 -16.192571 0.000000
vt 2.087210 -16.453695 0.000000
vt 2.435078 -16.760731 0.000000
vt 2.087210 -16.993160 0.000000
vt 2.435078 -17.328891 0.000000
vt 2.087210 -17.532626 0.000000
vt 2.435078 -17.897052 0.000000
vt 2.087210 -18.072091 0.000000
vt 2.435078 -18.465212 0.000000
vt 2.087210 -18.611556 0.000000
vt 2.435078 -19.033373 0.000000
vt 2.087210 -19.151022 0.000000
vt 2.435078 -19.601533 0.000000
vt 2.087210 -19.690487 0.000000
vt 2.435078 -20.169693 0.000000
vt 2.087210 -20.229953 0.000000
vt 2.435078 -20.737854 0.000000
vt 2.087210 -20.769418 0.000000
vt 2.435078 -21.306014 0.000000
vt 2.087210 -21.306014 0.000000
vt 2.087210 -21.848349 0.000000
vt 1.739341 -21.306014 0.000000
vt 1.739341 -21.848349 0.000000
vt 1.391473 -21.306014 0.000000
vt 1.391473 -21.848349 0.000000
vt 1.043605 -21.306014 0.000000
vt 1.043605 -21.848349 0.000000
vt 0.695737 -21.306014 0.000000
vt 0.695737 -21.848349 0.000000
vt 0.347868 -21.306014 0.000000
vt 0.347868 -21.848349 0.000000
vt -0.000000 -21.306014 0.000000
vt -0.000000 -21.848349 0.000000
vt -0.347868 -21.306014 0.000000
vt -0.347868 -21.848349 0.000000
vt -0.695737 -21.306014 0.000000
vt -0.695737 -21.848349 0.000000
vt -1.043605 -21.306014 0.000000
vt -1.043605 -21.848349 0.000000
vt -1.391473 -21.306014 0.000000
vt -1.391473 -21.848349 0.000000
vt -1.739341 -21.306014 0.000000
vt 2.087210 -12.677437 0.000000
vt 2.435078 -12.215448 0.000000
vt 2.087210 -12.137972 0.000000
vt 2.435078 -11.647288 0.000000
vt 2.087210 -11.598506 0.000000
vt 2.435078 -11.079127 0.000000
vt 2.087210 -11.059041 0.000000
vt 2.087210 -9.440645 0.000000
vt 2.435078 -9.374646 0.000000
vt 2.087210 -8.901179 0.000000
vt 2.435078 -8.806486 0.000000
vt 2.087210 -8.361714 0.000000
vt 2.435078 -8.238325 0.000000
vt 2.087210 -7.822248 0.000000
vt 2.435078 -7.670165 0.000000
vt 2.087210 -7.282783 0.000000
vt 2.435078 -7.102005 0.000000
vt 2.087210 -6.743318 0.000000
vt 2.435078 -6.533844 0.000000
vt 2.087210 -6.203852 0.000000
vt 2.435078 -5.965684 0.000000
vt 2.087210 -5.664387 0.000000
vt 2.435078 -5.397524 0.000000
vt 2.087210 -5.124921 0.000000
vt 2.435078 -4.829363 0.000000
vt 2.087210 -4.585456 0.000000
vt 2.435078 -4.261203 0.000000
vt 2.087210 -4.045991 0.000000
vt 2.435078 -3.693042 0.000000
vt 2.087210 -3.506525 0.000000
vt 2.435078 -3.124882 0.000000
vt 2.087210 -2.967060 0.000000
vt 2.435078 -2.556722 0.000000
vt 2.087210 -2.427594 0.000000
vt 2.435078 -1.988561 0.000000
vt 2.087210 -1.888129 0.000000
vt 2.435078 -1.420401 0.000000
vt 2.087210 -1.348664 0.000000
vt 2.435078 -0.852241 0.000000
vt 2.087210 -0.809198 0.000000
vt 2.435078 -0.284080 0.000000
vt 2.435078 4.261203 0.000000
vt 2.087210 4.585456 0.000000
vt 1.739341 5.124921 0.000000
vt 1.391473 5.664387 0.000000
vt 1.043605 6.203852 0.000000
vt 0.695737 6.743318 0.000000
vt 0.347868 7.282783 0.000000
vt -0.000000 7.822248 0.000000
vt -0.347868 8.361714 0.000000
vt -0.695737 8.901179 0.000000
vt -1.043605 9.440645 0.000000
vt -1.391473 9.980110 0.000000
vt -1.739341 10.519575 0.000000
vt 2.435078 4.829363 0.000000
vt 2.087210 5.124921 0.000000
vt 1.739341 5.664387 0.000000
vt 1.391473 6.203852 0.000000
vt 1.043605 6.743318 0.000000
vt 0.695737 7.282783 0.000000
vt 0.347868 7.822248 0.000000
vt -0.000000 8.361714 0.000000
vt -0.347868 8.901179 0.000000
vt -0.695737 9.440645 0.000000
vt -1.043605 9.980110 0.000000
vt -1.391473 10.519575 0.000000
vt -1.739341 11.059041 0.000000
vt 2.435078 5.397524 0.000000
vt 2.087210 5.664387 0.000000
vt 1.739341 6.203852 0.000000
vt 1.391473 6.743318 0.000000
vt 1.043605 7.282783 0.000000
vt 0.695737 7.822248 0.000000
vt 0.347868 8.361714 0.000000
vt -0.000000 8.901179 0.000000
vt -0.347868 9.440645 0.000000
vt -0.695737 9.980110 0.000000
vt -1.043605 10.519575 0.000000
vt -1.391473 11.059041 0.000000
vt -1.739341 11.598506 0.000000
vt 2.435078 5.965684 0.000000
vt 2.087210 6.203852 0.000000
vt 1.739341 6.743318 0.000000
vt 1.391473 7.282783 0.000000
vt 1.043605 7.822248 0.000000
vt 0.695737 8.361714 0.000000
vt 0.347868 8.901179 0.000000
vt -0.000000 9.440645 0.000000
vt -0.347868 9.980110 0.000000
vt -0.695737 10.519575 0.000000
vt -1.043605 11.059041 0.000000
vt -1.391473 11.598506 0.000000
vt -1.739341 12.137972 0.000000
vt 2.435078 6.533844 0.000000
vt 2.087210 6.743318 0.000000
vt 1.739341 7.282783 0.000000
vt 1.391473 7.822248 0.000000
vt 1.043605 8.361714 0.000000
vt 0.695737 8.901179 0.000000
vt 0.347868 9.440645 0.000000
vt -0.000000 9.980110 0.000000
vt -0.347868 10.519575 0.000000
vt -0.695737 11.059041 0.000000
vt -1.043605 11.598506 0.000000
vt -1.391473 12.137972 0.000000
vt -1.739341 12.677437 0.000000
vt 2.435078 7.102005 0.000000
vt 2.087210 7.282783 0.000000
vt 1.739341 7.822248 0.000000
vt 1.391473 8.361714 0.000000
vt 1.043605 8.901179 0.000000
vt 0.695737 9.440645 0.000000
vt 0.347868 9.980110 0.000000
vt -0.000000 10.519575 0.000000
vt -0.347868 11.059041 0.000000
vt -0.695737 11.598506 0.000000
vt -1.043605 12.137972 0.000000
vt -1.391473 12.677437 0.000000
vt -1.739341 13.216902 0.000000
vt 2.435078 7.670165 0.000000
vt 2.087210 7.822248 0.000000
vt 1.739341 8.361714 0.000000
vt 1.391473 8.901179 0.000000
vt 1.043605 9.440645 0.000000
vt 0.695737 9.980110 0.000000
vt 0.347868 10.519575 0.000000
vt -0.000000 11.059041 0.000000
vt -0.347868 11.598506 0.000000
vt -0.695737 12.137972 0.000000
vt -1.043605 12.677437 0.000000
vt -1.391473 13.216902 0.000000
vt -1.739341 13.756368 0.000000
vt 2.435078 8.238325 0.000000
vt 2.087210 8.361714 0.000000
vt 1.739341 8.901179 0.000000
vt 1.391473 9.440645 0.000000
vt 1.043605 9.980110 0.000000
vt 0.695737 10.519575 0.000000
vt 0.347868 11.059041 0.000000
vt -0.000000 11.598506 0.000000
vt -0.347868 12.137972 0.000000
vt -0.695737 12.677437 0.000000
vt -1.043605 13.216902 0.000000
vt -1.391473 13.756368 0.000000
vt -1.739341 14.295833 0.000000
vt 2.435078 8.806486 0.000000
vt 2.087210 8.901179 0.000000
vt 1.739341 9.440645 0.000000
vt 1.391473 9.980110 0.000000
vt 1.043605 10.519575 0.000000
vt 0.695737 11.059041 0.000000
vt 0.347868 11.598506 0.000000
vt -0.000000 12.137972 0.000000
vt -0.347868 12.677437 0.000000
vt -0.695737 13.216902 0.000000
vt -1.043605 13.756368 0.000000
vt -1.391473 14.295833 0.000000
vt -1.739341 14.835299 0.000000
vt 2.435078 9.374646 0.000000
vt 2.087210 9.440645 0.000000
vt 1.739341 9.980110 0.000000
vt 1.391473 10.519575 0.000000
vt 1.043605 11.059041 0.000000
vt 0.695737 11.598506 0.000000
vt 0.347868 12.137972 0.000000
vt -0.000000 12.677437 0.000000
vt -0.347868 13.216902 0.000000
vt -0.695737 13.756368 0.000000
vt -1.043605 14.295833 0.000000
vt -1.391473 14.835299 0.000000
vt -1.739341 15.374764 0.000000
vt 2.435078 9.942807 0.000000
vt 2.087210 9.980110 0.000000
vt 1.739341 10.519575 0.000000
vt 1.391473 11.059041 0.000000
vt 1.043605 11.598506 0.000000
vt 0.695737 12.137972 0.000000
vt 0.347868 12.677437 0.000000
vt -0.000000 13.216902 0.000000
vt -0.347868 13.756368 0.000000
vt -0.695737 14.295833 0.000000
vt -1.043605 14.835299 0.000000
vt -1.391473 15.374764 0.000000
vt -1.739341 15.914229 0.000000
vt 2.435078 10.510967 0.000000
vt 2.087210 10.519575 0.000000
vt 1.739341 11.059041 0.000000
vt 1.391473 11.598506 0.000000
vt 1.043605 12.137972 0.000000
vt 0.695737 12.677437 0.000000
vt 0.347868 13.216902 0.000000
vt -0.000000 13.756368 0.000000
vt -0.347868 14.295833 0.000000
vt -0.695737 14.835299 0.000000
vt -1.043605 15.374764 0.000000
vt -1.391473 15.914229 0.000000
vt -1.739341 16.453695 0.000000
vt 2.087210 11.059041 0.000000
vt 2.435078 11.079127 0.000000
vt 2.087210 11.598506 0.000000
vt 2.435078 11.647288 0.000000
vt 2.087210 12.137972 0.000000
vt 2.435078 12.215448 0.000000
vt 2.087210 12.677437 0.000000
vt 2.435078 12.783608 0.000000
vt 2.087210 13.216902 0.000000
vt 2.435078 13.351769 0.000000
vt 2.087210 13.756368 0.000000
vt 2.435078 13.919929 0.000000
vt 2.087210 14.295833 0.000000
vt 2.435078 14.488090 0.000000
vt 2.087210 14.835299 0.000000
vt 2.435078 15.056250 0.000000
vt 2.087210 15.374764 0.000000
vt 2.435078 15.624410 0.000000
vt 2.087210 15.914229 0.000000
vt 2.435078 16.192571 0.000000
vt 2.087210 16.453695 0.000000
vt 2.435078 16.760731 0.000000
vt 2.087210 16.993160 0.000000
vt 2.435078 17.328891 0.000000
vt 2.087210 17.532626 0.000000
vt 2.435078 17.897052 0.000000
vt 2.087210 18.072091 0.000000
vt 2.435078 18.465212 0.000000
vt 2.087210 18.611556 0.000000
vt 2.435078 19.033373 0.000000
vt 2.087210 19.151022 0.000000
vt 2.435078 19.601533 0.000000
vt 2.087210 19.690487 0.000000
vt 2.435078 20.169693 0.000000
vt 2.087210 20.229953 0.000000
vt 2.435078 20.737854 0.000000
vt 2.435078 25.851297 0.000000
vt 2.087210 26.164072 0.000000
vt 1.739341 26.703538 0.000000
vt 1.739341 -26.703538 0.000000
vt 1.391473 -26.164072 0.000000
vt 1.043605 -25.624607 0.000000
vt 0.695737 -25.085141 0.000000
vt 0.347868 -24.545676 0.000000
vt -0.000000 -24.006211 0.000000
vt -0.347868 -23.466745 0.000000
vt -0.695737 -22.927280 0.000000
vt -1.043605 -22.387814 0.000000
vt 2.435078 26.419457 0.000000
vt 2.087210 26.703538 0.000000
vt 2.087210 -26.703538 0.000000
vt 1.739341 -26.164072 0.000000
vt 1.391473 -25.624607 0.000000
vt 1.043605 -25.085141 0.000000
vt 0.695737 -24.545676 0.000000
vt 0.347868 -24.006211 0.000000
vt -0.000000 -23.466745 0.000000
vt -0.347868 -22.927280 0.000000
vt -0.695737 -22.387814 0.000000
vt 2.435078 -26.987618 0.000000
vt 2.435078 -26.419457 0.000000
vt 2.087210 -26.164072 0.000000
vt 1.739341 -25.624607 0.000000
vt 1.391473 -25.085141 0.000000
vt 1.043605 -24.545676 0.000000
vt 0.695737 -24.006211 0.000000
vt 0.347868 -23.466745 0.000000
vt -0.000000 -22.927280 0.000000
vt -0.347868 -22.387814 0.000000
vt 2.435078 -25.851297 0.000000
vt 2.087210 -25.624607 0.000000
vt 1.739341 -25.085141 0.000000
vt 1.391473 -24.545676 0.000000
vt 1.043605 -24.006211 0.000000
vt 0.695737 -23.466745 0.000000
vt 0.347868 -22.927280 0.000000
vt -0.000000 -22.387814 0.000000
vt 2.435078 -25.283137 0.000000
vt 2.087210 -25.085141 0.000000
vt 1.739341 -24.545676 0.000000
vt 1.391473 -24.006211 0.000000
vt 1.043605 -23.466745 0.000000
vt 0.695737 -22.927280 0.000000
vt 0.347868 -22.387814 0.000000
vt 2.435078 -24.714976 0.000000
vt 2.087210 -24.545676 0.000000
vt 1.739341 -24.006211 0.000000
vt 1.391473 -23.466745 0.000000
vt 1.043605 -22.927280 0.000000
vt 0.695737 -22.387814 0.000000
vt 2.435078 -24.146816 0.000000
vt 2.087210 -24.006211 0.000000
vt 1.739341 -23.466745 0.000000
vt 1.391473 -22.927280 0.000000
vt 1.043605 -22.387814 0.000000
vt 2.435078 -23.578655 0.000000
vt 2.087210 -23.466745 0.000000
vt 1.739341 -22.927280 0.000000
vt 1.391473 -22.387814 0.000000
vt 2.435078 -23.010495 0.000000
vt 2.087210 -22.927280 0.000000
vt 1.739341 -22.387814 0.000000
vt 2.435078 -22.442335 0.000000
vt 2.087210 -22.387814 0.000000
vt 2.435078 -21.874174 0.000000
vt -1.739341 -13.756368 0.000000
vt -1.739341 -13.216902 0.000000
vt -1.739341 -12.677437 0.000000
vt -1.739341 -12.137972 0.000000
vt -1.739341 -11.598506 0.000000
vt -1.739341 -11.059041 0.000000
vt -1.391473 -13.756368 0.000000
vt -1.391473 -13.216902 0.000000
vt -1.391473 -12.677437 0.000000
vt -1.391473 -12.137972 0.000000
vt -1.391473 -11.598506 0.000000
vt -1.391473 -11.059041 0.000000
vt -1.739341 -14.295833 0.000000
vt -1.739341 -14.835299 0.000000
vt -1.739341 -15.374764 0.000000
vt -1.739341 -15.914229 0.000000
vt -1.739341 -16.453695 0.000000
vt -1.739341 -16.993160 0.000000
vt -1.739341 -17.532626 0.000000
vt -1.739341 -18.072091 0.000000
vt -1.739341 -18.611556 0.000000
vt -1.739341 -19.151022 0.000000
vt -1.739341 -19.690487 0.000000
vt -1.739341 -20.229953 0.000000
vt -1.739341 -20.769418 0.000000
vt -1.043605 -13.756368 0.000000
vt -1.043605 -13.216902 0.000000
vt -1.043605 -12.677437 0.000000
vt -1.043605 -12.137972 0.000000
vt -1.043605 -11.598506 0.000000
vt -1.043605 -11.059041 0.000000
vt -1.391473 -14.295833 0.000000
vt -1.391473 -14.835299 0.000000
vt -1.391473 -15.374764 0.000000
vt -1.391473 -15.914229 0.000000
vt -1.391473 -16.453695 0.000000
vt -1.391473 -16.993160 0.000000
vt -1.391473 -17.532626 0.000000
vt -1.391473 -18.072091 0.000000
vt -1.391473 -18.611556 0.000000
vt -1.391473 -19.151022 0.000000
vt -1.391473 -19.690487 0.000000
vt -1.391473 -20.229953 0.000000
vt -1.391473 -20.769418 0.000000
vt -0.695737 -13.756368 0.000000
vt -0.695737 -13.216902 0.000000
vt -0.695737 -12.677437 0.000000
vt -0.695737 -12.137972 0.000000
vt -0.695737 -11.598506 0.000000
vt -0.695737 -11.059041 0.000000
vt -1.043605 -14.295833 0.000000
vt -1.043605 -14.835299 0.000000
vt -1.043605 -15.374764 0.000000
vt -1.043605 -15.914229 0.000000
vt -1.043605 -16.453695 0.000000
vt -1.043605 -16.993160 0.000000
vt -1.043605 -17.532626 0.000000
vt -1.043605 -18.072091 0.000000
vt -1.043605 -18.611556 0.000000
vt -1.043605 -19.151022 0.000000
vt -1.043605 -19.690487 0.000000
vt -1.043605 -20.229953 0.000000
vt -1.043605 -20.769418 0.000000
vt -0.347868 -13.756368 0.000000
vt -0.347868 -13.216902 0.000000
vt -0.347868 -12.677437 0.000000
vt -0.347868 -12.137972 0.000000
vt -0.347868 -11.598506 0.000000
vt -0.347868 -11.059041 0.000000
vt -0.695737 -14.295833 0.000000
vt -0.695737 -14.835299 0.000000
vt -0.695737 -15.374764 0.000000
vt -0.695737 -15.914229 0.000000
vt -0.695737 -16.453695 0.000000
vt -0.695737 -16.993160 0.000000
vt -0.695737 -17.532626 0.000000
vt -0.695737 -18.072091 0.000000
vt -0.695737 -18.611556 0.000000
vt -0.695737 -19.151022 0.000000
vt -0.695737 -19.690487 0.000000
vt -0.695737 -20.229953 0.000000
vt -0.695737 -20.769418 0.000000
vt -0.000000 -13.756368 0.000000
vt -0.000000 -13.216902 0.000000
vt -0.000000 -12.677437 0.000000
vt -0.000000 -12.137972 0.000000
vt -0.000000 -11.598506 0.000000
vt -0.000000 -11.059041 0.000000
vt -0.347868 -14.295833 0.000000
vt -0.347868 -14.835299 0.000000
vt -0.347868 -15.374764 0.000000
vt -0.347868 -15.914229 0.000000
vt -0.347868 -16.453695 0.000000
vt -0.347868 -16.993160 0.000000
vt -0.347868 -17.532626 0.000000
vt -0.347868 -18.072091 0.000000
vt -0.347868 -18.611556 0.000000
vt -0.347868 -19.151022 0.000000
vt -0.347868 -19.690487 0.000000
vt -0.347868 -20.229953 0.000000
vt -0.347868 -20.769418 0.000000
vt 0.347868 -13.756368 0.000000
vt 0.347868 -13.216902 0.000000
vt 0.347868 -12.677437 0.000000
vt 0.347868 -12.137972 0.000000
vt 0.347868 -11.598506 0.000000
vt 0.347868 -11.059041 0.000000
vt -0.000000 -14.295833 0.000000
vt -0.000000 -14.835299 0.000000
vt -0.000000 -15.374764 0.000000
vt -0.000000 -15.914229 0.000000
vt -0.000000 -16.453695 0.000000
vt -0.000000 -16.993160 0.000000
vt -0.000000 -17.532626 0.000000
vt -0.000000 -18.072091 0.000000
vt -0.000000 -18.611556 0.000000
vt -0.000000 -19.151022 0.000000
vt -0.000000 -19.690487 0.000000
vt -0.000000 -20.229953 0.000000
vt -0.000000 -20.769418 0.000000
vt 0.695737 -13.756368 0.000000
vt 0.695737 -13.216902 0.000000
vt 0.695737 -12.677437 0.000000
vt 0.695737 -12.137972 0.000000
vt 0.695737 -11.598506 0.000000
vt 0.695737 -11.059041 0.000000
vt 0.347868 -14.295833 0.000000
vt 0.347868 -14.835299 0.000000
vt 0.347868 -15.374764 0.000000
vt 0.347868 -15.914229 0.000000
vt 0.347868 -16.453695 0.000000
vt 0.347868 -16.993160 0.000000
vt 0.347868 -17.532626 0.000000
vt 0.347868 -18.072091 0.000000
vt 0.347868 -18.611556 0.000000
vt 0.347868 -19.151022 0.000000
vt 0.347868 -19.690487 0.000000
vt 0.347868 -20.229953 0.000000
vt 0.347868 -20.769418 0.000000
vt 1.043605 -13.756368 0.000000
vt 1.043605 -13.216902 0.000000
vt 1.043605 -12.677437 0.000000
vt 1.043605 -12.137972 0.000000
vt 1.043605 -11.598506 0.000000
vt 1.043605 -11.059041 0.000000
vt 0.695737 -14.295833 0.000000
vt 0.695737 -14.835299 0.000000
vt 0.695737 -15.374764 0.000000
vt 0.695737 -15.914229 0.000000
vt 0.695737 -16.453695 0.000000
vt 0.695737 -16.993160 0.000000
vt 0.695737 -17.532626 0.000000
vt 0.695737 -18.072091 0.000000
vt 0.695737 -18.611556 0.000000
vt 0.695737 -19.151022 0.000000
vt 0.695737 -19.690487 0.000000
vt 0.695737 -20.229953 0.000000
vt 0.695737 -20.769418 0.000000
vt 1.391473 -13.756368 0.000000
vt 1.391473 -13.216902 0.000000
vt 1.391473 -12.677437 0.000000
vt 1.391473 -12.137972 0.000000
vt 1.391473 -11.598506 0.000000
vt 1.391473 -11.059041 0.000000
vt 1.043605 -14.295833 0.000000
vt 1.043605 -14.835299 0.000000
vt 1.043605 -15.374764 0.000000
vt 1.043605 -15.914229 0.000000
vt 1.043605 -16.453695 0.000000
vt 1.043605 -16.993160 0.000000
vt 1.043605 -17.532626 0.000000
vt 1.043605 -18.072091 0.000000
vt 1.043605 -18.611556 0.000000
vt 1.043605 -19.151022 0.000000
vt 1.043605 -19.690487 0.000000
vt 1.043605 -20.229953 0.000000
vt 1.043605 -20.769418 0.000000
vt 1.739341 -13.756368 0.000000
vt 1.739341 -13.216902 0.000000
vt 1.739341 -12.677437 0.000000
vt 1.739341 -12.137972 0.000000
vt 1.739341 -11.598506 0.000000
vt 1.739341 -11.059041 0.000000
vt 1.391473 -14.295833 0.000000
vt 1.391473 -14.835299 0.000000
vt 1.391473 -15.374764 0.000000
vt 1.391473 -15.914229 0.000000
vt 1.391473 -16.453695 0.000000
vt 1.391473 -16.993160 0.000000
vt 1.391473 -17.532626 0.000000
vt 1.391473 -18.072091 0.000000
vt 1.391473 -18.611556 0.000000
vt 1.391473 -19.151022 0.000000
vt 1.391473 -19.690487 0.000000
vt 1.391473 -20.229953 0.000000
vt 1.391473 -20.769418 0.000000
vt 1.739341 -14.295833 0.000000
vt 1.739341 -14.835299 0.000000
vt 1.739341 -15.374764 0.000000
vt 1.739341 -15.914229 0.000000
vt 1.739341 -16.453695 0.000000
vt 1.739341 -16.993160 0.000000
vt 1.739341 -17.532626 0.000000
vt 1.739341 -18.072091 0.000000
vt 1.739341 -18.611556 0.000000
vt 1.739341 -19.151022 0.000000
vt 1.739341 -19.690487 0.000000
vt 1.739341 -20.229953 0.000000
vt 1.739341 -20.769418 0.000000
vt -1.739341 20.229953 0.000000
vt -1.739341 19.690487 0.000000
vt -1.739341 19.151022 0.000000
vt -1.739341 18.611556 0.000000
vt -1.739341 18.072091 0.000000
vt -1.739341 17.532626 0.000000
vt -1.739341 16.993160 0.000000
vt -1.391473 20.229953 0.000000
vt -1.391473 19.690487 0.000000
vt -1.391473 19.151022 0.000000
vt -1.391473 18.611556 0.000000
vt -1.391473 18.072091 0.000000
vt -1.391473 17.532626 0.000000
vt -1.391473 16.993160 0.000000
vt -1.391473 16.453695 0.000000
vt -1.043605 20.229953 0.000000
vt -1.043605 19.690487 0.000000
vt -1.043605 19.151022 0.000000
vt -1.043605 18.611556 0.000000
vt -1.043605 18.072091 0.000000
vt -1.043605 17.532626 0.000000
vt -1.043605 16.993160 0.000000
vt -1.043605 16.453695 0.000000
vt -1.043605 15.914229 0.000000
vt -0.695737 20.229953 0.000000
vt -0.695737 19.690487 0.000000
vt -0.695737 19.151022 0.000000
vt -0.695737 18.611556 0.000000
vt -0.695737 18.072091 0.000000
vt -0.695737 17.532626 0.000000
vt -0.695737 16.993160 0.000000
vt -0.695737 16.453695 0.000000
vt -0.695737 15.914229 0.000000
vt -0.695737 15.374764 0.000000
vt -0.347868 20.229953 0.000000
vt -0.347868 19.690487 0.000000
vt -0.347868 19.151022 0.000000
vt -0.347868 18.611556 0.000000
vt -0.347868 18.072091 0.000000
vt -0.347868 17.532626 0.000000
vt -0.347868 16.993160 0.000000
vt -0.347868 16.453695 0.000000
vt -0.347868 15.914229 0.000000
vt -0.347868 15.374764 0.000000
vt -0.347868 14.835299 0.000000
vt -0.000000 20.229953 0.000000
vt -0.000000 19.690487 0.000000
vt -0.000000 19.151022 0.000000
vt -0.000000 18.611556 0.000000
vt -0.000000 18.072091 0.000000
vt -0.000000 17.532626 0.000000
vt -0.000000 16.993160 0.000000
vt -0.000000 16.453695 0.000000
vt -0.000000 15.914229 0.000000
vt -0.000000 15.374764 0.000000
vt -0.000000 14.835299 0.000000
vt -0.000000 14.295833 0.000000
vt 0.347868 20.229953 0.000000
vt 0.347868 19.690487 0.000000
vt 0.347868 19.151022 0.000000
vt 0.347868 18.611556 0.000000
vt 0.347868 18.072091 0.000000
vt 0.347868 17.532626 0.000000
vt 0.347868 16.993160 0.000000
vt 0.347868 16.453695 0.000000
vt 0.347868 15.914229 0.000000
vt 0.347868 15.374764 0.000000
vt 0.347868 14.835299 0.000000
vt 0.347868 14.295833 0.000000
vt 0.347868 13.756368 0.000000
vt 0.695737 20.229953 0.000000
vt 0.695737 19.690487 0.000000
vt 0.695737 19.151022 0.000000
vt 0.695737 18.611556 0.000000
vt 0.695737 18.072091 0.000000
vt 0.695737 17.532626 0.000000
vt 0.695737 16.993160 0.000000
vt 0.695737 16.453695 0.000000
vt 0.695737 15.914229 0.000000
vt 0.695737 15.374764 0.000000
vt 0.695737 14.835299 0.000000
vt 0.695737 14.295833 0.000000
vt 0.695737 13.756368 0.000000
vt 0.695737 13.216902 0.000000
vt 1.043605 20.229953 0.000000
vt 1.043605 19.690487 0.000000
vt 1.043605 19.151022 0.000000
vt 1.043605 18.611556 0.000000
vt 1.043605 18.072091 0.000000
vt 1.043605 17.532626 0.000000
vt 1.043605 16.993160 0.000000
vt 1.043605 16.453695 0.000000
vt 1.043605 15.914229 0.000000
vt 1.043605 15.374764 0.000000
vt 1.043605 14.835299 0.000000
vt 1.043605 14.295833 0.000000
vt 1.043605 13.756368 0.000000
vt 1.043605 13.216902 0.000000
vt 1.043605 12.677437 0.000000
vt 1.391473 20.229953 0.000000
vt 1.391473 19.690487 0.000000
vt 1.391473 19.151022 0.000000
vt 1.391473 18.611556 0.000000
vt 1.391473 18.072091 0.000000
vt 1.391473 17.532626 0.000000
vt 1.391473 16.993160 0.000000
vt 1.391473 16.453695 0.000000
vt 1.391473 15.914229 0.000000
vt 1.391473 15.374764 0.000000
vt 1.391473 14.835299 0.000000
vt 1.391473 14.295833 0.000000
vt 1.391473 13.756368 0.000000
vt 1.391473 13.216902 0.000000
vt 1.391473 12.677437 0.000000
vt 1.391473 12.137972 0.000000
vt 1.739341 20.229953 0.000000
vt 1.739341 19.690487 0.000000
vt 1.739341 19.151022 0.000000
vt 1.739341 18.611556 0.000000
vt 1.739341 18.072091 0.000000
vt 1.739341 17.532626 0.000000
vt 1.739341 16.993160 0.000000
vt 1.739341 16.453695 0.000000
vt 1.739341 15.914229 0.000000
vt 1.739341 15.374764 0.000000
vt 1.739341 14.835299 0.000000
vt 1.739341 14.295833 0.000000
vt 1.739341 13.756368 0.000000
vt 1.739341 13.216902 0.000000
vt 1.739341 12.677437 0.000000
vt 1.739341 12.137972 0.000000
vt 1.739341 11.598506 0.000000
vt -1.739341 -0.809198 0.000000
vt -1.739341 -1.348664 0.000000
vt -1.739341 -1.888129 0.000000
vt -1.739341 -2.427594 0.000000
vt -1.739341 -2.967060 0.000000
vt -1.739341 -3.506525 0.000000
vt -1.739341 -4.045991 0.000000
vt -1.739341 -4.585456 0.000000
vt -1.739341 -5.124921 0.000000
vt -1.739341 -5.664387 0.000000
vt -1.739341 -6.203852 0.000000
vt -1.739341 -6.743318 0.000000
vt -1.739341 -7.282783 0.000000
vt -1.739341 -7.822248 0.000000
vt -1.739341 -8.361714 0.000000
vt -1.739341 -8.901179 0.000000
vt -1.739341 -9.440645 0.000000
vt -1.391473 -0.809198 0.000000
vt -1.391473 -1.348664 0.000000
vt -1.391473 -1.888129 0.000000
vt -1.391473 -2.427594 0.000000
vt -1.391473 -2.967060 0.000000
vt -1.391473 -3.506525 0.000000
vt -1.391473 -4.045991 0.000000
vt -1.391473 -4.585456 0.000000
vt -1.391473 -5.124921 0.000000
vt -1.391473 -5.664387 0.000000
vt -1.391473 -6.203852 0.000000
vt -1.391473 -6.743318 0.000000
vt -1.391473 -7.282783 0.000000
vt -1.391473 -7.822248 0.000000
vt -1.391473 -8.361714 0.000000
vt -1.391473 -8.901179 0.000000
vt -1.391473 -9.440645 0.000000
vt -1.043605 -0.809198 0.000000
vt -1.043605 -1.348664 0.000000
vt -1.043605 -1.888129 0.000000
vt -1.043605 -2.427594 0.000000
vt -1.043605 -2.967060 0.000000
vt -1.043605 -3.506525 0.000000
vt -1.043605 -4.045991 0.000000
vt -1.043605 -4.585456 0.000000
vt -1.043605 -5.124921 0.000000
vt -1.043605 -5.664387 0.000000
vt -1.043605 -6.203852 0.000000
vt -1.043605 -6.743318 0.000000
vt -1.043605 -7.282783 0.000000
vt -1.043605 -7.822248 0.000000
vt -1.043605 -8.361714 0.000000
vt -1.043605 -8.901179 0.000000
vt -1.043605 -9.440645 0.000000
vt -0.695737 -0.809198 0.000000
vt -0.695737 -1.348664 0.000000
vt -0.695737 -1.888129 0.000000
vt -0.695737 -2.427594 0.000000
vt -0.695737 -2.967060 0.000000
vt -0.695737 -3.506525 0.000000
vt -0.695737 -4.045991 0.000000
vt -0.695737 -4.585456 0.000000
vt -0.695737 -5.124921 0.000000
vt -0.695737 -5.664387 0.000000
vt -0.695737 -6.203852 0.000000
vt -0.695737 -6.743318 0.000000
vt -0.695737 -7.282783 0.000000
vt -0.695737 -7.822248 0.000000
vt -0.695737 -8.361714 0.000000
vt -0.695737 -8.901179 0.000000
vt -0.695737 -9.440645 0.000000
vt -0.347868 -0.809198 0.000000
vt -0.347868 -1.348664 0.000000
vt -0.347868 -1.888129 0.000000
vt -0.347868 -2.427594 0.000000
vt -0.347868 -2.967060 0.000000
vt -0.347868 -3.506525 0.000000
vt -0.347868 -4.045991 0.000000
vt -0.347868 -4.585456 0.000000
vt -0.347868 -5.124921 0.000000
vt -0.347868 -5.664387 0.000000
vt -0.347868 -6.203852 0.000000
vt -0.347868 -6.743318 0.000000
vt -0.347868 -7.282783 0.000000
vt -0.347868 -7.822248 0.000000
vt -0.347868 -8.361714 0.000000
vt -0.347868 -8.901179 0.000000
vt -0.347868 -9.440645 0.000000
vt -0.000000 -0.809198 0.000000
vt -0.000000 -1.348664 0.000000
vt -0.000000 -1.888129 0.000000
vt -0.000000 -2.427594 0.000000
vt -0.000000 -2.967060 0.000000
vt -0.000000 -3.506525 0.000000
vt -0.000000 -4.045991 0.000000
vt -0.000000 -4.585456 0.000000
vt -0.000000 -5.124921 0.000000
vt -0.000000 -5.664387 0.000000
vt -0.000000 -6.203852 0.000000
vt -0.000000 -6.743318 0.000000
vt -0.000000 -7.282783 0.000000
vt -0.000000 -7.822248 0.000000
vt -0.000000 -8.361714 0.000000
vt -0.000000 -8.901179 0.000000
vt -0.000000 -9.440645 0.000000
vt 0.347868 -0.809198 0.000000
vt 0.347868 -1.348664 0.000000
vt 0.347868 -1.888129 0.000000
vt 0.347868 -2.427594 0.000000
vt 0.347868 -2.967060 0.000000
vt 0.347868 -3.506525 0.000000
vt 0.347868 -4.045991 0.000000
vt 0.347868 -4.585456 0.000000
vt 0.347868 -5.124921 0.000000
vt 0.347868 -5.664387 0.000000
vt 0.347868 -6.203852 0.000000
vt 0.347868 -6.743318 0.000000
vt 0.347868 -7.282783 0.000000
vt 0.347868 -7.822248 0.000000
vt 0.347868 -8.361714 0.000000
vt 0.347868 -8.901179 0.000000
vt 0.347868 -9.440645 0.000000
vt 0.695737 -0.809198 0.000000
vt 0.695737 -1.348664 0.000000
vt 0.695737 -1.888129 0.000000
vt 0.695737 -2.427594 0.000000
vt 0.695737 -2.967060 0.000000
vt 0.695737 -3.506525 0.000000
vt 0.695737 -4.045991 0.000000
vt 0.695737 -4.585456 0.000000
vt 0.695737 -5.124921 0.000000
vt 0.695737 -5.664387 0.000000
vt 0.695737 -6.203852 0.000000
vt 0.695737 -6.743318 0.000000
vt 0.695737 -7.282783 0.000000
vt 0.695737 -7.822248 0.000000
vt 0.695737 -8.361714 0.000000
vt 0.695737 -8.901179 0.000000
vt 0.695737 -9.440645 0.000000
vt 1.043605 -0.809198 0.000000
vt 1.043605 -1.348664 0.000000
vt 1.043605 -1.888129 0.000000
vt 1.043605 -2.427594 0.000000
vt 1.043605 -2.967060 0.000000
vt 1.043605 -3.506525 0.000000
vt 1.043605 -4.045991 0.000000
vt 1.043605 -4.585456 0.000000
vt 1.043605 -5.124921 0.000000
vt 1.043605 -5.664387 0.000000
vt 1.043605 -6.203852 0.000000
vt 1.043605 -6.743318 0.000000
vt 1.043605 -7.282783 0.000000
vt 1.043605 -7.822248 0.000000
vt 1.043605 -8.361714 0.000000
vt 1.043605 -8.901179 0.000000
vt 1.043605 -9.440645 0.000000
vt 1.391473 -0.809198 0.000000
vt 1.391473 -1.348664 0.000000
vt 1.391473 -1.888129 0.000000
vt 1.391473 -2.427594 0.000000
vt 1.391473 -2.967060 0.000000
vt 1.391473 -3.506525 0.000000
vt 1.391473 -4.045991 0.000000
vt 1.391473 -4.585456 0.000000
vt 1.391473 -5.124921 0.000000
vt 1.391473 -5.664387 0.000000
vt 1.391473 -6.203852 0.000000
vt 1.391473 -6.743318 0.000000
vt 1.391473 -7.282783 0.000000
vt 1.391473 -7.822248 0.000000
vt 1.391473 -8.361714 0.000000
vt 1.391473 -8.901179 0.000000
vt 1.391473 -9.440645 0.000000
vt 1.739341 -0.809198 0.000000
vt 1.739341 -1.348664 0.000000
vt 1.739341 -1.888129 0.000000
vt 1.739341 -2.427594 0.000000
vt 1.739341 -2.967060 0.000000
vt 1.739341 -3.506525 0.000000
vt 1.739341 -4.045991 0.000000
vt 1.739341 -4.585456 0.000000
vt 1.739341 -5.124921 0.000000
vt 1.739341 -5.664387 0.000000
vt 1.739341 -6.203852 0.000000
vt 1.739341 -6.743318 0.000000
vt 1.739341 -7.282783 0.000000
vt 1.739341 -7.822248 0.000000
vt 1.739341 -8.361714 0.000000
vt 1.739341 -8.901179 0.000000
vt 1.739341 -9.440645 0.000000
vt 2.650000 1.418784 0.000000
vt 0.000000 1.378247 0.000000
vt 2.650000 1.256637 0.000000
vt 0.000000 1.216100 0.000000
vt 2.650000 1.094490 0.000000
vt 0.000000 1.053954 0.000000
vt 2.650000 0.932344 0.000000
vt 0.000000 0.891807 0.000000
vt 2.650000 0.770197 0.000000
vt 0.000000 0.729660 0.000000
vt 2.650000 0.608050 0.000000
vt 0.000000 0.567514 0.000000
vt 2.650000 0.445903 0.000000
vt 0.000000 0.405367 0.000000
vt 2.650000 0.283757 0.000000
vt 0.000000 0.243220 0.000000
vt 2.650000 0.121610 0.000000
vt 0.000000 0.081073 0.000000
vt 2.650000 -0.040537 0.000000
vt 0.000000 -0.081073 0.000000
vt 2.650000 -0.202683 0.000000
vt 0.000000 -0.243220 0.000000
vt 2.650000 -0.364830 0.000000
vt 0.000000 -0.405367 0.000000
vt 2.650000 -0.526977 0.000000
vt 0.000000 -0.567514 0.000000
vt 2.650000 -0.689124 0.000000
vt 0.000000 -0.729660 0.000000
vt 2.650000 -0.851270 0.000000
vt 0.000000 -0.891807 0.000000
vt 2.650000 -1.013417 0.000000
vt 0.000000 -1.053954 0.000000
vt 2.650000 -1.175564 0.000000
vt 0.000000 -1.216100 0.000000
vt 2.650000 -1.337710 0.000000
vt 0.000000 -1.378247 0.000000
vt 2.650000 -1.499857 0.000000
vt 0.000000 -1.540394 0.000000
vt 2.650000 -1.662004 0.000000
vt 0.000000 -1.702541 0.000000
vt 2.650000 -1.824151 0.000000
vt 2.000000 -1.849409 0.000000
vt 2.650000 -1.986297 0.000000
vt 2.000000 -2.015375 0.000000
vt 2.650000 -2.148444 0.000000
vt 2.000000 -2.181341 0.000000
vt 2.650000 -2.310591 0.000000
vt 2.000000 -2.347308 0.000000
vt 2.650000 -2.472737 0.000000
vt 2.000000 -2.513274 0.000000
vt 2.650000 -2.634884 0.000000
vt 2.650000 2.391664 0.000000
vt 2.000000 2.513274 0.000000
vt 2.000000 2.347308 0.000000
vt 2.650000 2.229517 0.000000
vt 2.000000 2.181341 0.000000
vt 2.650000 2.067371 0.000000
vt 2.000000 2.015375 0.000000
vt 2.650000 1.905224 0.000000
vt 2.000000 1.849409 0.000000
vt 2.650000 1.743077 0.000000
vt -2.400000 1.849409 0.000000
vt 0.000000 1.702541 0.000000
vt -2.650000 1.743077 0.000000
vt -2.650000 1.580930 0.000000
vt 0.000000 1.540394 0.000000
vt 2.650000 1.580930 0.000000
vt -2.650000 1.094490 0.000000
vt -2.650000 1.256637 0.000000
vt -2.650000 1.418784 0.000000
vt -2.650000 0.932344 0.000000
vt -2.650000 0.770197 0.000000
vt -2.650000 0.608050 0.000000
vt -2.650000 0.445903 0.000000
vt -2.650000 0.283757 0.000000
vt -2.650000 0.121610 0.000000
vt -2.650000 -0.040537 0.000000
vt -2.650000 -0.202683 0.000000
vt -2.650000 -0.364830 0.000000
vt -2.650000 -0.526977 0.000000
vt -2.650000 -0.689124 0.000000
vt -2.650000 -0.851270 0.000000
vt -2.650000 -1.013417 0.000000
vt -2.650000 -1.175564 0.000000
vt -2.650000 -1.337710 0.000000
vt -2.650000 -1.499857 0.000000
vt -2.650000 -1.662004 0.000000
vt -2.650000 -1.824151 0.000000
vt -2.400000 -1.849409 0.000000
vt -2.650000 -1.986297 0.000000
vt -2.400000 -2.015375 0.000000
vt -2.650000 -2.148444 0.000000
vt -2.400000 -2.181341 0.000000
vt -2.650000 -2.310591 0.000000
vt -2.400000 -2.347308 0.000000
vt -2.650000 -2.472737 0.000000
vt -2.400000 -2.513274 0.000000
vt -2.400000 2.513274 0.000000
vt -2.650000 2.553811 0.000000
vt -2.650000 2.391664 0.000000
vt -2.400000 2.347308 0.000000
vt -2.650000 2.229517 0.000000
vt -2.400000 2.181341 0.000000
vt -2.650000 2.067371 0.000000
vt -2.400000 2.015375 0.000000
vt -2.650000 1.905224 0.000000
vt -0.831757 1.776420 0.000000
vt -0.992796 1.792796 0.000000
vt -0.992796 1.442796 0.000000
vt -1.153835 1.776420 0.000000
vt -1.109265 1.427463 0.000000
vt -1.308281 1.727962 0.000000
vt -1.217796 1.382508 0.000000
vt -1.449811 1.649407 0.000000
vt -1.310994 1.310994 0.000000
vt -1.572630 1.543970 0.000000
vt -1.671712 1.415967 0.000000
vt -1.382508 1.217796 0.000000
vt -1.742998 1.270640 0.000000
vt -1.427463 1.109265 0.000000
vt -1.783571 1.113938 0.000000
vt -1.442796 0.992796 0.000000
vt -1.791769 0.952277 0.000000
vt -1.427463 0.876328 0.000000
vt -1.767258 0.792274 0.000000
vt -1.711040 0.640481 0.000000
vt -1.382508 0.767796 0.000000
vt -1.625417 0.503111 0.000000
vt -1.310994 0.674598 0.000000
vt -1.513894 0.385790 0.000000
vt -1.217796 0.603085 0.000000
vt -1.381038 0.293319 0.000000
vt -1.232287 0.229485 0.000000
vt -1.109265 0.558130 0.000000
vt -1.073731 0.196901 0.000000
vt -0.992796 0.542796 0.000000
vt -0.911862 0.196901 0.000000
vt -0.876328 0.558130 0.000000
vt -0.753306 0.229485 0.000000
vt -0.767796 0.603085 0.000000
vt -0.604555 0.293319 0.000000
vt -0.471698 0.385790 0.000000
vt -0.674598 0.674598 0.000000
vt -0.360176 0.503111 0.000000
vt -0.603085 0.767796 0.000000
vt -0.274553 0.640481 0.000000
vt -0.558130 0.876328 0.000000
vt -0.218335 0.792274 0.000000
vt -0.193823 0.952277 0.000000
vt -0.542796 0.992796 0.000000
vt -0.202022 1.113938 0.000000
vt -0.558130 1.109265 0.000000
vt -0.242595 1.270640 0.000000
vt -0.603085 1.217796 0.000000
vt -0.313881 1.415967 0.000000
vt -0.674598 1.310994 0.000000
vt -0.412962 1.543970 0.000000
vt -0.535782 1.649407 0.000000
vt -0.767796 1.382508 0.000000
vt -0.677312 1.727962 0.000000
vt -0.876328 1.427463 0.000000
vt -2.650000 0.589049 0.000000
vt -0.000000 0.589049 0.000000
vt -2.650000 0.706858 0.000000
vt -0.000000 0.706858 0.000000
vt -2.650000 0.824668 0.000000
vt -0.000000 0.824668 0.000000
vt -2.650000 0.942478 0.000000
vt -0.000000 0.942478 0.000000
vt -2.650000 1.060288 0.000000
vt -0.000000 1.060288 0.000000
vt -2.650000 1.178097 0.000000
vt -0.000000 1.178097 0.000000
vt -2.650000 1.295907 0.000000
vt -0.000000 1.295907 0.000000
vt -2.650000 1.413717 0.000000
vt -0.000000 1.413717 0.000000
vt -2.650000 -1.413717 0.000000
vt -0.000000 -1.413717 0.000000
vt -2.650000 -1.295907 0.000000
vt -0.000000 -1.295907 0.000000
vt -2.650000 -1.178097 0.000000
vt -0.000000 -1.178097 0.000000
vt -2.650000 -1.060288 0.000000
vt -0.000000 -1.060288 0.000000
vt -2.650000 -0.942478 0.000000
vt -0.000000 -0.942478 0.000000
vt -2.650000 -0.824668 0.000000
vt -0.000000 -0.824668 0.000000
vt -2.650000 -0.706858 0.000000
vt -0.000000 -0.706858 0.000000
vt -2.650000 -0.589049 0.000000
vt -0.000000 -0.589049 0.000000
vt -2.650000 -0.471239 0.000000
vt -0.000000 -0.471239 0.000000
vt -2.650000 -0.353429 0.000000
vt -0.000000 -0.353429 0.000000
vt -2.650000 -0.235619 0.000000
vt -0.000000 -0.235619 0.000000
vt -2.650000 -0.117810 0.000000
vt -0.000000 -0.117810 0.000000
vt -2.650000 -0.000000 0.000000
vt -0.000000 -0.000000 0.000000
vt -2.650000 0.117810 0.000000
vt -0.000000 0.117810 0.000000
vt -2.650000 0.235619 0.000000
vt -0.000000 0.235619 0.000000
vt -2.650000 0.353429 0.000000
vt -0.000000 0.353429 0.000000
vt -2.650000 0.471239 0.000000
vt -0.000000 0.471239 0.000000
vt 2.650000 0.824668 0.000000
vt 2.650000 0.706858 0.000000
vt 2.650000 0.589049 0.000000
vt 2.650000 0.471239 0.000000
vt 2.650000 0.353429 0.000000
vt 2.650000 0.235619 0.000000
vt 2.650000 0.117810 0.000000
vt 2.650000 -0.000000 0.000000
vt 2.650000 -0.117810 0.000000
vt 2.650000 -0.235619 0.000000
vt 2.650000 -0.353429 0.000000
vt 2.650000 -0.471239 0.000000
vt 2.650000 -0.589049 0.000000
vt 2.650000 -0.706858 0.000000
vt 2.650000 -0.824668 0.000000
vt 2.650000 -0.942478 0.000000
vt 2.650000 -1.060288 0.000000
vt 2.650000 -1.178097 0.000000
vt 2.650000 -1.295907 0.000000
vt 2.650000 -1.413717 0.000000
vt 2.650000 1.413717 0.000000
vt 2.650000 1.295907 0.000000
vt 2.650000 1.178097 0.000000
vt 2.650000 1.060288 0.000000
vt 2.650000 0.942478 0.000000
vt 0.689265 1.007463 0.000000
vt 0.572796 1.022796 0.000000
vt 0.572796 0.972796 0.000000
vt 0.456328 1.007463 0.000000
vt 0.469269 0.959167 0.000000
vt 0.347796 0.962508 0.000000
vt 0.372796 0.919206 0.000000
vt 0.254598 0.890994 0.000000
vt 0.289954 0.855639 0.000000
vt 0.183085 0.797796 0.000000
vt 0.226386 0.772796 0.000000
vt 0.138130 0.689265 0.000000
vt 0.186426 0.676324 0.000000
vt 0.122796 0.572796 0.000000
vt 0.172796 0.572796 0.000000
vt 0.186426 0.469269 0.000000
vt 0.138130 0.456328 0.000000
vt 0.226386 0.372796 0.000000
vt 0.183085 0.347796 0.000000
vt 0.289954 0.289954 0.000000
vt 0.254598 0.254598 0.000000
vt 0.372796 0.226386 0.000000
vt 0.347796 0.183085 0.000000
vt 0.469269 0.186426 0.000000
vt 0.456328 0.138130 0.000000
vt 0.572796 0.172796 0.000000
vt 0.572796 0.122796 0.000000
vt 0.689265 0.138130 0.000000
vt 0.676324 0.186426 0.000000
vt 0.797796 0.183085 0.000000
vt 0.772796 0.226386 0.000000
vt 0.890994 0.254598 0.000000
vt 0.855639 0.289954 0.000000
vt 0.962508 0.347796 0.000000
vt 0.919206 0.372796 0.000000
vt 1.007463 0.456328 0.000000
vt 0.959167 0.469269 0.000000
vt 0.972796 0.572796 0.000000
vt 1.022796 0.572796 0.000000
vt 0.959167 0.676324 0.000000
vt 1.007463 0.689265 0.000000
vt 0.919206 0.772796 0.000000
vt 0.962508 0.797796 0.000000
vt 0.855639 0.855639 0.000000
vt 0.890994 0.890994 0.000000
vt 0.772796 0.919206 0.000000
vt 0.797796 0.962508 0.000000
vt 0.676324 0.959167 0.000000
vt 3.205000 0.733038 0.000000
vt 1.068333 0.733038 0.000000
vt 3.205000 0.628319 0.000000
vt 1.068333 0.628319 0.000000
vt 3.205000 0.523599 0.000000
vt 1.068333 0.523599 0.000000
vt 3.205000 0.418879 0.000000
vt 1.068333 0.418879 0.000000
vt 3.205000 0.314159 0.000000
vt 1.068333 0.314159 0.000000
vt 3.205000 0.209440 0.000000
vt 1.068333 0.209440 0.000000
vt 3.205000 0.104720 0.000000
vt 1.068333 0.104720 0.000000
vt 3.205000 -0.000000 0.000000
vt 1.068333 -0.000000 0.000000
vt 3.205000 -0.104720 0.000000
vt 1.068333 -0.104720 0.000000
vt 3.205000 -0.209440 0.000000
vt 1.068333 -0.209440 0.000000
vt 3.205000 -0.314159 0.000000
vt 1.068333 -0.314159 0.000000
vt 3.205000 -0.418879 0.000000
vt 1.068333 -0.418879 0.000000
vt 3.205000 -0.523599 0.000000
vt 1.068333 -0.523599 0.000000
vt 3.205000 -0.628319 0.000000
vt 1.068333 -0.628319 0.000000
vt 3.205000 -0.733038 0.000000
vt 1.068333 -0.733038 0.000000
vt 3.205000 -0.837758 0.000000
vt 1.068333 -0.837758 0.000000
vt 3.205000 -0.942478 0.000000
vt 1.068333 -0.942478 0.000000
vt 3.205000 -1.047198 0.000000
vt 1.068333 -1.047198 0.000000
vt 3.205000 -1.151917 0.000000
vt 1.068333 -1.151917 0.000000
vt 3.205000 -1.256637 0.000000
vt 1.068333 -1.256637 0.000000
vt 3.205000 1.256637 0.000000
vt 1.068333 1.256637 0.000000
vt 3.205000 1.151917 0.000000
vt 1.068333 1.151917 0.000000
vt 3.205000 1.047198 0.000000
vt 1.068333 1.047198 0.000000
vt 3.205000 0.942478 0.000000
vt 1.068333 0.942478 0.000000
vt 3.205000 0.837758 0.000000
vt 1.068333 0.837758 0.000000
vt -3.205000 0.523599 0.000000
vt -1.068333 0.523599 0.000000
vt -3.205000 0.628319 0.000000
vt -1.068333 0.628319 0.000000
vt -3.205000 0.733038 0.000000
vt -1.068333 0.733038 0.000000
vt -3.205000 0.837758 0.000000
vt -1.068333 0.837758 0.000000
vt -3.205000 0.942478 0.000000
vt -1.068333 0.942478 0.000000
vt -3.205000 1.047198 0.000000
vt -1.068333 1.047198 0.000000
vt -3.205000 1.151917 0.000000
vt -1.068333 1.151917 0.000000
vt -3.205000 1.256637 0.000000
vt -1.068333 1.256637 0.000000
vt -3.205000 -1.256637 0.000000
vt -1.068333 -1.256637 0.000000
vt -3.205000 -1.151917 0.000000
vt -1.068333 -1.151917 0.000000
vt -3.205000 -1.047198 0.000000
vt -1.068333 -1.047198 0.000000
vt -3.205000 -0.942478 0.000000
vt -1.068333 -0.942478 0.000000
vt -3.205000 -0.837758 0.000000
vt -1.068333 -0.837758 0.000000
vt -3.205000 -0.733038 0.000000
vt -1.068333 -0.733038 0.000000
vt -3.205000 -0.628319 0.000000
vt -1.068333 -0.628319 0.000000
vt -3.205000 -0.523599 0.000000
vt -1.068333 -0.523599 0.000000
vt -3.205000 -0.418879 0.000000
vt -1.068333 -0.418879 0.000000
vt -3.205000 -0.314159 0.000000
vt -1.068333 -0.314159 0.000000
vt -3.205000 -0.209440 0.000000
vt -1.068333 -0.209440 0.000000
vt -3.205000 -0.104720 0.000000
vt -1.068333 -0.104720 0.000000
vt -3.205000 0.000000 0.000000
vt -1.068333 0.000000 0.000000
vt -3.205000 0.104720 0.000000
vt -1.068333 0.104720 0.000000
vt -3.205000 0.209440 0.000000
vt -1.068333 0.209440 0.000000
vt -3.205000 0.314159 0.000000
vt -1.068333 0.314159 0.000000
vt -3.205000 0.418879 0.000000
vt -1.068333 0.418879 0.000000
vt -0.512796 0.912796 0.000000
vt -0.616324 0.899167 0.000000
vt -0.409269 0.899167 0.000000
vt -0.312796 0.859206 0.000000
vt -0.712796 0.859206 0.000000
vt -0.229954 0.795639 0.000000
vt -0.795639 0.795639 0.000000
vt -0.166386 0.712796 0.000000
vt -0.859206 0.712796 0.000000
vt -0.126426 0.616324 0.000000
vt -0.899167 0.616324 0.000000
vt -0.112796 0.512796 0.000000
vt -0.912796 0.512796 0.000000
vt -0.126426 0.409269 0.000000
vt -0.899167 0.409269 0.000000
vt -0.166386 0.312796 0.000000
vt -0.859206 0.312796 0.000000
vt -0.229954 0.229954 0.000000
vt -0.795639 0.229954 0.000000
vt -0.312796 0.166386 0.000000
vt -0.712796 0.166386 0.000000
vt -0.409269 0.126426 0.000000
vt -0.616324 0.126426 0.000000
vt -0.512796 0.112796 0.000000
vt 0.058796 1.331355 0.000000
vt 0.058796 0.150847 0.000000
vt 0.168794 1.207474 0.000000
vt 0.168794 0.274729 0.000000
vt 0.250916 0.418611 0.000000
vt 0.250916 1.063592 0.000000
vt 0.301642 0.576323 0.000000
vt 0.301642 0.905880 0.000000
vt 0.318796 0.741101 0.000000
vt 1.331355 -0.472796 0.000000
vt 0.150847 -0.472796 0.000000
vt 1.331355 -4.872796 0.000000
vt 0.150847 -4.872796 0.000000
vt -0.058796 1.331355 0.000000
vt -0.168794 1.207474 0.000000
vt -0.058796 0.150847 0.000000
vt -0.168794 0.274729 0.000000
vt -0.250916 0.418611 0.000000
vt -0.250916 1.063592 0.000000
vt -0.301642 0.576323 0.000000
vt -0.301642 0.905880 0.000000
vt -0.318796 0.741101 0.000000
vn 99.999980 -0.063281 0.000000
vn 99.999980 -0.063281 0.000000
vn 99.999980 -0.063281 0.000000
vn 99.999980 -0.063281 0.000000
vn 99.999980 -0.063281 0.000000
vn 99.999980 -0.063281 0.000000
vn 99.999980 -0.063281 0.000000
vn 99.999980 -0.063281 0.000000
vn 99.999980 -0.063281 0.000000
vn 99.999980 -0.063281 0.000000
vn 99.999980 -0.063281 0.000000
vn 99.999980 -0.063281 0.000000
vn 99.999980 -0.063281 0.000000
vn 99.999980 -0.063281 0.000000
vn 99.999980 -0.063281 0.000000
vn 99.999980 -0.063281 0.000000
vn 99.999980 -0.063281 0.000000
vn 99.999980 -0.063281 0.000000
vn 99.999980 -0.063281 0.000000
vn 99.999980 -0.063281 0.000000
vn 99.999980 -0.063281 0.000000
vn 99.999980 -0.063281 0.000000
vn 99.999980 -0.063281 0.000000
vn 99.999980 -0.063281 0.000000
vn 99.999980 -0.063281 0.000000
vn 99.999980 -0.063281 0.000000
vn 99.999980 -0.063281 0.000000
vn 99.999980 -0.063281 0.000000
vn 99.999980 -0.063281 0.000000
vn 99.999980 -0.063281 0.000000
vn 99.999980 -0.063281 0.000000
vn 99.999980 -0.063281 0.000000
vn 99.999980 -0.063281 0.000000
vn 99.999980 -0.063281 0.000000
vn 99.999980 -0.063281 0.000000
vn 99.999980 -0.063281 0.000000
vn 99.999980 -0.063281 0.000000
vn 99.999980 -0.063281 0.000000
vn 99.999980 -0.063281 0.000000
vn 99.999980 -0.063281 0.000000
vn 99.999980 -0.063281 0.000000
vn 99.999980 -0.063281 0.000000
vn 99.999980 -0.063281 0.000000
vn 99.999980 -0.063281 0.000000
vn 99.999980 -0.063281 0.000000
vn 99.999980 -0.063281 0.000000
vn 99.999980 -0.063281 0.000000
vn 99.999980 -0.063281 0.000000
vn 99.999980 -0.063281 0.000000
vn 99.999980 -0.063281 0.000000
vn 99.999980 -0.063281 0.000000
vn -0.007776 -12.288827 99.242051
vn -0.007776 -12.288827 99.242051
vn -0.000000 -0.000000 100.000000
vn -0.000000 -0.000000 100.000000
vn 0.007776 12.288827 99.242051
vn 0.007776 12.288827 99.242051
vn 0.015435 24.391367 96.979694
vn -0.015435 -24.391367 96.979694
vn -0.015435 -24.391367 96.979694
vn -0.022860 -36.124159 93.247223
vn -0.022860 -36.124159 93.247223
vn -0.029938 -47.309346 88.101219
vn -0.029938 -47.309346 88.101219
vn -0.036562 -57.777372 81.619691
vn -0.036562 -57.777372 81.619691
vn -0.042632 -67.369551 73.900892
vn -0.042632 -67.369551 73.900892
vn -0.048056 -75.940476 65.061830
vn -0.048056 -75.940476 65.061830
vn -0.052751 -83.360222 55.236497
vn -0.052751 -83.360222 55.236497
vn -0.056647 -89.516311 44.573836
vn -0.056647 -89.516311 44.573836
vn -0.059684 -94.315425 33.235480
vn -0.059684 -94.315425 33.235480
vn -0.061816 -97.684812 21.393308
vn -0.061816 -97.684812 21.393308
vn -0.063011 -99.573398 9.226836
vn -0.063011 -99.573398 9.226836
vn -0.063251 -99.952552 -3.079506
vn -0.063251 -99.952552 -3.079506
vn -0.062532 -98.816527 -15.339165
vn -0.062532 -98.816527 -15.339165
vn -0.060865 -96.182545 -27.366299
vn -0.060865 -96.182545 -27.366299
vn -0.058276 -92.090533 -38.978587
vn -0.058276 -92.090533 -38.978587
vn -0.054803 -86.602523 -50.000000
vn -0.054803 -86.602523 -50.000000
vn -0.050499 -79.801707 -60.263464
vn -0.050499 -79.801707 -60.263464
vn -0.045430 -71.791178 -69.613395
vn -0.045430 -71.791178 -69.613395
vn -0.039672 -62.692368 -77.908057
vn -0.039672 -62.692368 -77.908057
vn -0.033313 -52.643206 -85.021714
vn -0.033313 -52.643206 -85.021714
vn -0.026449 -41.796026 -90.846527
vn -0.026449 -41.796026 -90.846527
vn -0.019184 -30.315261 -95.294200
vn -0.019184 -30.315261 -95.294200
vn -0.011628 -18.374948 -98.297310
vn -0.011628 -18.374948 -98.297310
vn -0.003896 -6.156089 -99.810333
vn -0.003896 -6.156089 -99.810333
vn 0.003896 6.156089 -99.810333
vn 0.003896 6.156089 -99.810333
vn 0.011628 18.374948 -98.297310
vn 0.011628 18.374948 -98.297310
vn 0.019184 30.315261 -95.294200
vn 0.019184 30.315261 -95.294200
vn 0.026449 41.796026 -90.846527
vn 0.026449 41.796026 -90.846527
vn 0.033313 52.643206 -85.021714
vn 0.033313 52.643206 -85.021714
vn 0.039672 62.692368 -77.908057
vn 0.039672 62.692368 -77.908057
vn 0.045430 71.791178 -69.613395
vn 0.045430 71.791178 -69.613395
vn 0.050499 79.801707 -60.263464
vn 0.050499 79.801707 -60.263464
vn 0.054803 86.602523 -50.000000
vn 0.054803 86.602523 -50.000000
vn 0.058276 92.090533 -38.978587
vn 0.058276 92.090533 -38.978587
vn 0.060865 96.182545 -27.366299
vn 0.060865 96.182545 -27.366299
vn 0.062532 98.816527 -15.339165
vn 0.062532 98.816527 -15.339165
vn 0.063251 99.952552 -3.079506
vn 0.063251 99.952552 -3.079506
vn 0.063011 99.573398 9.226836
vn 0.063011 99.573398 9.226836
vn 0.061816 97.684812 21.393308
vn 0.061816 97.684812 21.393308
vn 0.059684 94.315425 33.235480
vn 0.059684 94.315425 33.235480
vn 0.056647 89.516311 44.573836
vn 0.056647 89.516311 44.573836
vn 0.052751 83.360222 55.236497
vn 0.052751 83.360222 55.236497
vn 0.048056 75.940476 65.061830
vn 0.048056 75.940476 65.061830
vn 0.042632 67.369551 73.900892
vn 0.042632 67.369551 73.900892
vn 0.036562 57.777372 81.619691
vn 0.036562 57.777372 81.619691
vn 0.029938 47.309346 88.101219
vn 0.029938 47.309346 88.101219
vn 0.022860 36.124159 93.247223
vn 0.022860 36.124159 93.247223
vn 0.015435 24.391367 96.979694
vn 99.999980 -0.063281 0.000000
vn 99.999980 -0.063281 0.000000
vn 99.999980 -0.063281 0.000000
vn 99.999980 -0.063281 0.000000
vn 99.999980 -0.063281 0.000000
vn 99.999980 -0.063281 0.000000
vn 99.999980 -0.063281 0.000000
vn 99.999980 -0.063281 0.000000
vn 99.999980 -0.063281 0.000000
vn 99.999980 -0.063281 0.000000
vn 99.999980 -0.063281 0.000000
vn 99.999980 -0.063281 0.000000
vn 99.999980 -0.063281 0.000000
vn 99.999980 -0.063281 0.000000
vn 99.999980 -0.063281 0.000000
vn 99.999980 -0.063281 0.000000
vn 99.999980 -0.063281 0.000000
vn 99.999980 -0.063281 0.000000
vn 99.999980 -0.063281 0.000000
vn 99.999980 -0.063281 0.000000
vn 99.999980 -0.063281 0.000000
vn 99.999980 -0.063281 0.000000
vn 99.999980 -0.063281 0.000000
vn 99.999980 -0.063281 0.000000
vn 99.999980 -0.063281 0.000000
vn 99.999980 -0.063281 0.000000
vn 99.999980 -0.063281 0.000000
vn 99.999980 -0.063281 0.000000
vn 99.999980 -0.063281 0.000000
vn 99.999980 -0.063281 0.000000
vn 99.999980 -0.063281 0.000000
vn 99.999980 -0.063281 0.000000
vn 99.999980 -0.063281 0.000000
vn 99.999980 -0.063281 0.000000
vn 99.999980 -0.063281 0.000000
vn 99.999980 -0.063281 0.000000
vn 99.999980 -0.063281 0.000000
vn 99.999980 -0.063281 0.000000
vn 99.999980 -0.063281 0.000000
vn 99.999980 -0.063281 0.000000
vn 99.999980 -0.063281 0.000000
vn 99.999980 -0.063281 0.000000
vn 99.999980 -0.063281 0.000000
vn 99.999980 -0.063281 0.000000
vn 99.999980 -0.063281 0.000000
vn 99.999980 -0.063281 0.000000
vn 99.999980 -0.063281 0.000000
vn 99.999980 -0.063281 0.000000
vn 99.999980 -0.063281 0.000000
vn 99.999980 -0.063281 0.000000
vn 99.999980 -0.063281 0.000000
vn 99.999980 -0.063281 0.000000
vn 99.999980 -0.063281 0.000000
vn 99.999980 -0.063281 0.000000
vn 99.999980 -0.063281 0.000000
vn 99.999980 -0.063281 0.000000
vn 99.999980 -0.063281 0.000000
vn 99.999980 -0.063281 0.000000
vn 99.999980 -0.063281 0.000000
vn 99.999980 -0.063281 0.000000
vn 99.999980 -0.063281 0.000000
vn 99.999980 -0.063281 0.000000
vn 99.999980 -0.063281 0.000000
vn 99.999980 -0.063281 0.000000
vn 99.999980 -0.063281 0.000000
vn 99.999980 -0.063281 0.000000
vn 99.999980 -0.063281 0.000000
vn 99.999980 -0.063281 0.000000
vn 99.999980 -0.063281 0.000000
vn 99.999980 -0.063281 0.000000
vn 99.999980 -0.063281 0.000000
vn 99.999980 -0.063281 0.000000
vn 99.999980 -0.063281 0.000000
vn 99.999980 -0.063281 0.000000
vn 99.999980 -0.063281 0.000000
vn 99.999980 -0.063281 0.000000
vn 99.999980 -0.063281 0.000000
vn 99.999980 -0.063281 0.000000
vn 99.999980 -0.063281 0.000000
vn 99.999980 -0.063281 0.000000
vn 99.999980 -0.063281 0.000000
vn 99.999980 -0.063281 0.000000
vn 99.999980 -0.063281 0.000000
vn 99.999980 -0.063281 0.000000
vn 99.999980 -0.063281 0.000000
vn 99.999980 -0.063281 0.000000
vn 99.999980 -0.063281 0.000000
vn 99.999980 -0.063281 0.000000
vn 99.999980 -0.063281 0.000000
vn 99.999980 -0.063281 0.000000
vn 99.999980 -0.063281 0.000000
vn 99.999980 -0.063281 0.000000
vn 99.999980 -0.063281 0.000000
vn 99.999980 -0.063281 0.000000
vn 99.999980 -0.063281 0.000000
vn 99.999980 -0.063281 0.000000
vn 99.999980 -0.063281 0.000000
vn 99.999980 -0.063281 0.000000
vn 99.999980 -0.063281 0.000000
vn 99.999980 -0.063281 0.000000
vn 99.999980 -0.063281 0.000000
vn 99.999980 -0.063281 0.000000
vn 99.999980 -0.063281 0.000000
vn 99.999980 -0.063281 0.000000
vn 99.999980 -0.063281 0.000000
vn 99.999980 -0.063281 0.000000
vn 99.999980 -0.063281 0.000000
vn 99.999980 -0.063281 0.000000
vn 99.999980 -0.063281 0.000000
vn 99.999980 -0.063281 0.000000
vn 99.999980 -0.063281 0.000000
vn 99.999980 -0.063281 0.000000
vn 99.999980 -0.063281 0.000000
vn 99.999980 -0.063281 0.000000
vn 99.999980 -0.063281 0.000000
vn 99.999980 -0.063281 0.000000
vn 99.999980 -0.063281 0.000000
vn 99.999980 -0.063281 0.000000
vn 99.999980 -0.063281 0.000000
vn 99.999980 -0.063281 0.000000
vn 99.999980 -0.063281 0.000000
vn 99.999980 -0.063281 0.000000
vn 99.999980 -0.063281 0.000000
vn 99.999980 -0.063281 0.000000
vn 99.999980 -0.063281 0.000000
vn 99.999980 -0.063281 0.000000
vn 99.999980 -0.063281 0.000000
vn 99.999980 -0.063281 0.000000
vn 64.022390 6.221204 76.566509
vn 64.022241 5.986882 76.585311
vn 64.018427 -0.040511 76.822128
vn 64.018427 -0.040511 76.822128
vn 64.014613 -6.067905 76.585311
vn 64.026032 11.977115 75.876320
vn 64.026326 12.441249 75.801352
vn 64.029776 17.893255 74.699526
vn 64.030209 18.578229 74.531750
vn 64.033450 23.698827 73.062185
vn 64.034014 24.591305 72.766151
vn 64.037031 29.358038 70.974392
vn 64.037716 30.440461 70.516305
vn 64.040497 34.835998 68.449017
vn 64.041289 36.086770 67.797185
vn 64.043828 40.098932 65.501632
vn 64.044710 41.492658 64.626887
vn 64.047002 45.114393 62.150407
vn 64.047956 46.622150 61.026506
vn 64.049999 49.851460 58.416004
vn 64.051005 51.441110 57.020005
vn 64.052802 54.280925 54.321448
vn 64.053838 55.917468 52.634044
vn 64.055393 58.375481 49.891981
vn 64.056435 60.021435 47.897813
vn 64.057756 62.109883 45.154914
vn 64.058779 63.725699 42.842830
vn 64.059877 65.461107 40.139452
vn 64.060855 67.005610 37.502735
vn 64.061742 68.408492 34.876516
vn 64.062648 69.839340 31.913065
vn 64.063340 70.933866 29.398556
vn 64.064147 72.208031 26.111019
vn 64.064662 73.021659 23.739343
vn 64.065341 74.095920 20.135209
vn 64.065698 74.659000 17.933770
vn 64.066224 75.490444 14.025402
vn 64.066442 75.835793 12.017628
vn 64.066788 76.382321 7.822259
vn 64.066891 76.544784 6.027395
vn 64.067031 76.765617 1.567059
vn 64.067041 76.781601 -0.000000
vn 64.066950 76.637780 -4.698569
vn 64.066891 76.544784 -6.027395
vn 64.066546 75.999663 -10.932929
vn 64.066442 75.835793 -12.017628
vn 64.065822 74.855510 -17.094532
vn 64.065698 74.659000 -17.933770
vn 64.064783 73.212937 -23.142373
vn 64.064662 73.021659 -23.739343
vn 64.063435 71.082875 -29.036206
vn 64.063340 70.933866 -29.398556
vn 64.061787 68.479498 -34.736808
vn 64.061742 68.408492 -34.876516
vn 64.059851 65.420131 -40.206242
vn 64.059877 65.461107 -40.139452
vn 64.057756 62.109883 -45.154914
vn 64.057640 61.925135 -45.408110
vn 64.055393 58.375481 -49.891981
vn 64.055167 58.017767 -50.307795
vn 64.052802 54.280925 -54.321448
vn 64.052450 53.724032 -54.872690
vn 64.049999 49.851460 -58.416004
vn 64.049506 49.072502 -59.072416
vn 64.047002 45.114393 -62.150407
vn 64.046356 44.094133 -62.879024
vn 64.043828 40.098932 -65.501632
vn 64.043020 38.822056 -66.267184
vn 64.040497 34.835998 -68.449017
vn 64.039520 33.291354 -69.214346
vn 64.037031 29.358038 -70.974392
vn 64.035880 27.538834 -71.700898
vn 64.033450 23.698827 -73.062185
vn 64.032123 21.602779 -73.710292
vn 64.029776 17.893255 -74.699526
vn 64.028276 15.522691 -75.229157
vn 64.026032 11.977115 -75.876320
vn 64.024363 9.339032 -76.247383
vn 64.022241 5.986882 -76.585311
vn 64.020410 3.092954 -76.758197
vn 64.018427 -0.040511 -76.822128
vn 64.016444 -3.173977 -76.758197
vn 64.014613 -6.067905 -76.585311
vn 64.012492 -9.420055 -76.247383
vn 64.010822 -12.058138 -75.876320
vn 64.008579 -15.603713 -75.229157
vn 64.007079 -17.974277 -74.699526
vn 64.004731 -21.683802 -73.710292
vn 64.003405 -23.779850 -73.062185
vn 64.000975 -27.619857 -71.700898
vn 63.999823 -29.439061 -70.974392
vn 63.997334 -33.372377 -69.214346
vn 63.996357 -34.917021 -68.449017
vn 63.993835 -38.903078 -66.267184
vn 63.993027 -40.179955 -65.501632
vn 63.990498 -44.175156 -62.879024
vn 63.989853 -45.195416 -62.150407
vn 63.987348 -49.153525 -59.072416
vn 63.986855 -49.932483 -58.416004
vn 63.984404 -53.805055 -54.872690
vn 63.984052 -54.361948 -54.321448
vn 63.981687 -58.098790 -50.307795
vn 63.981461 -58.456504 -49.891981
vn 63.979215 -62.006158 -45.408110
vn 63.979098 -62.190906 -45.154914
vn 63.977003 -65.501154 -40.206242
vn 63.976977 -65.542130 -40.139452
vn 63.975112 -68.489515 -34.876516
vn 63.975067 -68.560520 -34.736808
vn 63.973514 -71.014889 -29.398556
vn 63.973420 -71.163897 -29.036206
vn 63.972193 -73.102682 -23.739343
vn 63.972072 -73.293960 -23.142373
vn 63.971157 -74.740023 -17.933770
vn 63.971032 -74.936533 -17.094532
vn 63.970412 -75.916816 -12.017628
vn 63.970308 -76.080686 -10.932929
vn 63.969963 -76.625807 -6.027395
vn 63.969904 -76.718803 -4.698569
vn 63.969813 -76.862624 -0.000000
vn 63.969824 -76.846639 1.567059
vn 63.969963 -76.625807 6.027395
vn 63.970066 -76.463344 7.822259
vn 63.970412 -75.916816 12.017628
vn 63.970630 -75.571466 14.025402
vn 63.971157 -74.740023 17.933770
vn 63.971513 -74.176943 20.135209
vn 63.972193 -73.102682 23.739343
vn 63.972708 -72.289054 26.111019
vn 63.973514 -71.014889 29.398556
vn 63.974207 -69.920363 31.913065
vn 63.975112 -68.489515 34.876516
vn 63.976000 -67.086633 37.502735
vn 63.976977 -65.542130 40.139452
vn 63.978075 -63.806722 42.842830
vn 63.979098 -62.190906 45.154914
vn 63.980419 -60.102458 47.897813
vn 63.981461 -58.456504 49.891981
vn 63.983016 -55.998491 52.634044
vn 63.984052 -54.361948 54.321448
vn 63.985849 -51.522133 57.020005
vn 63.986855 -49.932483 58.416004
vn 63.988899 -46.703173 61.026506
vn 63.989853 -45.195416 62.150407
vn 63.992145 -41.573681 64.626887
vn 63.993027 -40.179955 65.501632
vn 63.995565 -36.167793 67.797185
vn 63.996357 -34.917021 68.449017
vn 63.999139 -30.521483 70.516305
vn 63.999823 -29.439061 70.974392
vn 64.002840 -24.672328 72.766151
vn 64.003405 -23.779850 73.062185
vn 64.006645 -18.659252 74.531750
vn 64.007079 -17.974277 74.699526
vn 64.010529 -12.522271 75.801352
vn 64.010822 -12.058138 75.876320
vn 64.014465 -6.302227 76.566509
vn -0.004965 -7.845908 99.691733
vn -0.004965 -7.845908 99.691733
vn -0.000000 -0.000000 100.000000
vn -0.000000 -0.000000 100.000000
vn 0.004965 7.845908 99.691733
vn 0.004965 7.845908 99.691733
vn 0.009899 15.643443 98.768834
vn 0.009899 15.643443 98.768834
vn 0.014773 23.344532 97.236992
vn 0.014773 23.344532 97.236992
vn 0.019555 30.901693 95.105652
vn 0.019555 30.901693 95.105652
vn 0.024217 38.268336 92.387953
vn 0.024217 38.268336 92.387953
vn 0.028729 45.399041 89.100652
vn 0.028729 45.399041 89.100652
vn 0.033064 52.249846 85.264016
vn 0.033064 52.249846 85.264016
vn 0.037196 58.778513 80.901699
vn 0.037196 58.778513 80.901699
vn 0.041098 64.944792 76.040597
vn 0.041098 64.944792 76.040597
vn 0.044746 70.710664 70.710678
vn 0.044746 70.710664 70.710678
vn 0.048119 76.040581 64.944805
vn 0.048119 76.040581 64.944805
vn 0.051195 80.901683 58.778525
vn 0.051195 80.901683 58.778525
vn 0.053956 85.263999 52.249856
vn 0.053956 85.263999 52.249856
vn 0.056384 89.100635 45.399050
vn 0.056384 89.100635 45.399050
vn 0.058464 92.387935 38.268343
vn 0.058464 92.387935 38.268343
vn 0.060184 95.105633 30.901699
vn 0.060184 95.105633 30.901699
vn 0.061532 97.236973 23.344536
vn 0.061532 97.236973 23.344536
vn 0.062502 98.768814 15.643447
vn 0.062502 98.768814 15.643447
vn 0.063086 99.691713 7.845910
vn 0.063086 99.691713 7.845910
vn 0.063281 99.999980 0.000000
vn 0.063281 99.999980 -0.000000
vn 0.063086 99.691713 -7.845910
vn 0.063086 99.691713 -7.845910
vn 0.062502 98.768814 -15.643447
vn 0.062502 98.768814 -15.643447
vn 0.061532 97.236973 -23.344536
vn 0.061532 97.236973 -23.344536
vn 0.060184 95.105633 -30.901699
vn 0.060184 95.105633 -30.901699
vn 0.058464 92.387935 -38.268343
vn 0.058464 92.387935 -38.268343
vn 0.056384 89.100635 -45.399050
vn 0.056384 89.100635 -45.399050
vn 0.053956 85.263999 -52.249856
vn 0.053956 85.263999 -52.249856
vn 0.051195 80.901683 -58.778525
vn 0.051195 80.901683 -58.778525
vn 0.048119 76.040581 -64.944805
vn 0.048119 76.040581 -64.944805
vn 0.044746 70.710664 -70.710678
vn 0.044746 70.710664 -70.710678
vn 0.041098 64.944792 -76.040597
vn 0.041098 64.944792 -76.040597
vn 0.037196 58.778513 -80.901699
vn 0.037196 58.778513 -80.901699
vn 0.033064 52.249846 -85.264016
vn 0.033064 52.249846 -85.264016
vn 0.028729 45.399041 -89.100652
vn 0.028729 45.399041 -89.100652
vn 0.024217 38.268336 -92.387953
vn 0.024217 38.268336 -92.387953
vn 0.019555 30.901693 -95.105652
vn 0.019555 30.901693 -95.105652
vn 0.014773 23.344532 -97.236992
vn 0.014773 23.344532 -97.236992
vn 0.009899 15.643443 -98.768834
vn 0.009899 15.643443 -98.768834
vn 0.004965 7.845908 -99.691733
vn 0.004965 7.845908 -99.691733
vn 0.000000 0.000000 -100.000000
vn 0.000000 0.000000 -100.000000
vn -0.004965 -7.845908 -99.691733
vn -0.004965 -7.845908 -99.691733
vn -0.009899 -15.643443 -98.768834
vn -0.009899 -15.643443 -98.768834
vn -0.014773 -23.344532 -97.236992
vn -0.014773 -23.344532 -97.236992
vn -0.019555 -30.901693 -95.105652
vn -0.019555 -30.901693 -95.105652
vn -0.024217 -38.268336 -92.387953
vn -0.024217 -38.268336 -92.387953
vn -0.028729 -45.399041 -89.100652
vn -0.028729 -45.399041 -89.100652
vn -0.033064 -52.249846 -85.264016
vn -0.033064 -52.249846 -85.264016
vn -0.037196 -58.778513 -80.901699
vn -0.037196 -58.778513 -80.901699
vn -0.041098 -64.944792 -76.040597
vn -0.041098 -64.944792 -76.040597
vn -0.044746 -70.710664 -70.710678
vn -0.044746 -70.710664 -70.710678
vn -0.048119 -76.040581 -64.944805
vn -0.048119 -76.040581 -64.944805
vn -0.051195 -80.901683 -58.778525
vn -0.051195 -80.901683 -58.778525
vn -0.053956 -85.263999 -52.249856
vn -0.053956 -85.263999 -52.249856
vn -0.056384 -89.100635 -45.399050
vn -0.056384 -89.100635 -45.399050
vn -0.058464 -92.387935 -38.268343
vn -0.058464 -92.387935 -38.268343
vn -0.060184 -95.105633 -30.901699
vn -0.060184 -95.105633 -30.901699
vn -0.061532 -97.236973 -23.344536
vn -0.061532 -97.236973 -23.344536
vn -0.062502 -98.768814 -15.643447
vn -0.062502 -98.768814 -15.643447
vn -0.063086 -99.691713 -7.845910
vn -0.063086 -99.691713 -7.845910
vn -0.063281 -99.999980 0.000000
vn -0.063281 -99.999980 0.000000
vn -0.063086 -99.691713 7.845910
vn -0.063086 -99.691713 7.845910
vn -0.062502 -98.768814 15.643447
vn -0.062502 -98.768814 15.643447
vn -0.061532 -97.236973 23.344536
vn -0.061532 -97.236973 23.344536
vn -0.060184 -95.105633 30.901699
vn -0.060184 -95.105633 30.901699
vn -0.058464 -92.387935 38.268343
vn -0.058464 -92.387935 38.268343
vn -0.056384 -89.100635 45.399050
vn -0.056384 -89.100635 45.399050
vn -0.053956 -85.263999 52.249856
vn -0.053956 -85.263999 52.249856
vn -0.051195 -80.901683 58.778525
vn -0.051195 -80.901683 58.778525
vn -0.048119 -76.040581 64.944805
vn -0.048119 -76.040581 64.944805
vn -0.044746 -70.710664 70.710678
vn -0.044746 -70.710664 70.710678
vn -0.041098 -64.944792 76.040597
vn -0.041098 -64.944792 76.040597
vn -0.037196 -58.778513 80.901699
vn -0.037196 -58.778513 80.901699
vn -0.033064 -52.249846 85.264016
vn -0.033064 -52.249846 85.264016
vn -0.028729 -45.399041 89.100652
vn -0.028729 -45.399041 89.100652
vn -0.024217 -38.268336 92.387953
vn -0.024217 -38.268336 92.387953
vn -0.019555 -30.901693 95.105652
vn -0.019555 -30.901693 95.105652
vn -0.014773 -23.344532 97.236992
vn -0.014773 -23.344532 97.236992
vn -0.009899 -15.643443 98.768834
vn -0.009899 -15.643443 98.768834
vn 99.999980 -0.063281 0.000000
vn 99.999980 -0.063281 0.000000
vn 99.999980 -0.063281 0.000000
vn 99.999980 -0.063281 0.000000
vn 99.999980 -0.063281 0.000000
vn 99.999980 -0.063281 0.000000
vn 99.999980 -0.063281 0.000000
vn 99.999980 -0.063281 0.000000
vn 99.999980 -0.063281 0.000000
vn 99.999980 -0.063281 0.000000
vn 99.999980 -0.063281 0.000000
vn 99.999980 -0.063281 0.000000
vn 99.999980 -0.063281 0.000000
vn 99.999980 -0.063281 0.000000
vn 99.999980 -0.063281 0.000000
vn 99.999980 -0.063281 0.000000
vn 99.999980 -0.063281 0.000000
vn 99.999980 -0.063281 0.000000
vn 99.999980 -0.063281 0.000000
vn 99.999980 -0.063281 0.000000
vn 99.999980 -0.063281 0.000000
vn 99.999980 -0.063281 0.000000
vn 99.999980 -0.063281 0.000000
vn 99.999980 -0.063281 0.000000
vn 99.999980 -0.063281 0.000000
vn 99.999980 -0.063281 0.000000
vn 99.999980 -0.063281 0.000000
vn 99.999980 -0.063281 0.000000
vn 99.999980 -0.063281 0.000000
vn 99.999980 -0.063281 0.000000
vn 99.999980 -0.063281 0.000000
vn 99.999980 -0.063281 0.000000
vn 99.999980 -0.063281 0.000000
vn 99.999980 -0.063281 0.000000
vn 99.999980 -0.063281 0.000000
vn 99.999980 -0.063281 0.000000
vn 99.999980 -0.063281 0.000000
vn 99.999980 -0.063281 0.000000
vn 99.999980 -0.063281 0.000000
vn 99.999980 -0.063281 0.000000
vn 99.999980 -0.063281 0.000000
vn 99.999980 -0.063281 0.000000
vn 99.999980 -0.063281 0.000000
vn 99.999980 -0.063281 0.000000
vn 99.999980 -0.063281 0.000000
vn 99.999980 -0.063281 0.000000
vn 99.999980 -0.063281 0.000000
vn 99.999980 -0.063281 0.000000
vn 99.999980 -0.063281 0.000000
vn 99.999980 -0.063281 0.000000
vn 99.999980 -0.063281 0.000000
vn 99.999980 -0.063281 0.000000
vn 99.999980 -0.063281 0.000000
vn 99.999980 -0.063281 0.000000
vn 99.999980 -0.063281 0.000000
vn 99.999980 -0.063281 0.000000
vn 99.999980 -0.063281 0.000000
vn 99.999980 -0.063281 0.000000
vn 99.999980 -0.063281 0.000000
vn 99.999980 -0.063281 0.000000
vn 99.999980 -0.063281 0.000000
vn 99.999980 -0.063281 0.000000
vn 99.999980 -0.063281 0.000000
vn 99.999980 -0.063281 0.000000
vn 99.999980 -0.063281 0.000000
vn 99.999980 -0.063281 0.000000
vn 99.999980 -0.063281 0.000000
vn 99.999980 -0.063281 0.000000
vn 99.999980 -0.063281 0.000000
vn 99.999980 -0.063281 0.000000
vn 99.999980 -0.063281 0.000000
vn 99.999980 -0.063281 0.000000
vn 99.999980 -0.063281 0.000000
vn 99.999980 -0.063281 0.000000
vn 99.999980 -0.063281 0.000000
vn 99.999980 -0.063281 0.000000
vn 99.999980 -0.063281 0.000000
vn 99.999980 -0.063281 0.000000
vn 99.999980 -0.063281 0.000000
vn 99.999980 -0.063281 0.000000
vn 99.999980 -0.063281 0.000000
vn 99.999980 -0.063281 0.000000
vn 99.999980 -0.063281 0.000000
vn 99.999980 -0.063281 0.000000
vn 99.999980 -0.063281 0.000000
vn 99.999980 -0.063281 0.000000
vn 99.999980 -0.063281 0.000000
vn 99.999980 -0.063281 0.000000
vn 99.999980 -0.063281 0.000000
vn 99.999980 -0.063281 0.000000
vn 99.999980 -0.063281 0.000000
vn 99.999980 -0.063281 0.000000
vn 99.999980 -0.063281 0.000000
vn 99.999980 -0.063281 0.000000
vn 99.999980 -0.063281 0.000000
vn 99.999980 -0.063281 0.000000
vn 99.999980 -0.063281 0.000000
vn 99.999980 -0.063281 0.000000
vn 99.999980 -0.063281 0.000000
vn 99.999980 -0.063281 0.000000
vn 99.999980 -0.063281 0.000000
vn 99.999980 -0.063281 0.000000
vn 99.999980 -0.063281 0.000000
vn 99.999980 -0.063281 0.000000
vn 99.999980 -0.063281 0.000000
vn 99.999980 -0.063281 0.000000
vn 99.999980 -0.063281 0.000000
vn 99.999980 -0.063281 0.000000
vn 99.999980 -0.063281 0.000000
vn 99.999980 -0.063281 0.000000
vn 99.999980 -0.063281 0.000000
vn 99.999980 -0.063281 0.000000
vn 99.999980 -0.063281 0.000000
vn 99.999980 -0.063281 0.000000
vn 99.999980 -0.063281 0.000000
vn 99.999980 -0.063281 0.000000
vn 99.999980 -0.063281 0.000000
vn 99.999980 -0.063281 0.000000
vn 99.999980 -0.063281 0.000000
vn 99.999980 -0.063281 0.000000
vn 99.999980 -0.063281 0.000000
vn 99.999980 -0.063281 0.000000
vn 99.999980 -0.063281 0.000000
vn 99.999980 -0.063281 0.000000
vn 99.999980 -0.063281 0.000000
vn 99.999980 -0.063281 0.000000
vn 99.999980 -0.063281 0.000000
vn 99.999980 -0.063281 0.000000
vn 99.999980 -0.063281 0.000000
vn 99.999980 -0.063281 0.000000
vn 99.999980 -0.063281 0.000000
vn 99.999980 -0.063281 0.000000
vn 99.999980 -0.063281 0.000000
vn 99.999980 -0.063281 0.000000
vn 99.999980 -0.063281 0.000000
vn 99.999980 -0.063281 0.000000
vn 99.999980 -0.063281 0.000000
vn 99.999980 -0.063281 0.000000
vn 99.999980 -0.063281 0.000000
vn 99.999980 -0.063281 0.000000
vn 99.999980 -0.063281 0.000000
vn 99.999980 -0.063281 0.000000
vn 99.999980 -0.063281 0.000000
vn 99.999980 -0.063281 0.000000
vn 99.999980 -0.063281 0.000000
vn 99.999980 -0.063281 0.000000
vn 99.999980 -0.063281 0.000000
vn 99.999980 -0.063281 0.000000
vn 99.999980 -0.063281 0.000000
vn 99.999980 -0.063281 0.000000
vn 99.999980 -0.063281 0.000000
vn 99.999980 -0.063281 0.000000
vn 99.999980 -0.063281 0.000000
vn 99.999980 -0.063281 0.000000
vn 99.999980 -0.063281 0.000000
vn 99.999980 -0.063281 0.000000
vn 99.999980 -0.063281 0.000000
vn 99.999980 -0.063281 0.000000
vn 99.999980 -0.063281 0.000000
vn 99.999980 -0.063281 0.000000
vn 99.999980 -0.063281 0.000000
vn 99.999980 -0.063281 0.000000
vn 99.999980 -0.063281 0.000000
vn 99.999980 -0.063281 0.000000
vn 99.999980 -0.063281 0.000000
vn 99.999980 -0.063281 0.000000
vn 99.999980 -0.063281 0.000000
vn 99.999980 -0.063281 0.000000
vn 99.999980 -0.063281 0.000000
vn 99.999980 -0.063281 0.000000
vn 99.999980 -0.063281 0.000000
vn 99.999980 -0.063281 0.000000
vn 99.999980 -0.063281 0.000000
vn 99.999980 -0.063281 0.000000
vn -99.999980 0.063281 0.000000
vn -99.999980 0.063281 0.000000
vn -99.999980 0.063281 0.000000
vn -99.999980 0.063281 0.000000
vn -99.999980 0.063281 0.000000
vn -99.999980 0.063281 0.000000
vn -99.999980 0.063281 0.000000
vn -99.999980 0.063281 0.000000
vn -99.999980 0.063281 0.000000
vn -99.999980 0.063281 0.000000
vn -99.999980 0.063281 0.000000
vn -99.999980 0.063281 0.000000
vn -99.999980 0.063281 0.000000
vn -99.999980 0.063281 0.000000
vn -99.999980 0.063281 0.000000
vn -99.999980 0.063281 0.000000
vn -99.999980 0.063281 0.000000
vn -99.999980 0.063281 0.000000
vn -99.999980 0.063281 0.000000
vn -99.999980 0.063281 0.000000
vn -99.999980 0.063281 0.000000
vn -99.999980 0.063281 0.000000
vn -99.999980 0.063281 0.000000
vn -99.999980 0.063281 0.000000
vn -99.999980 0.063281 0.000000
vn -99.999980 0.063281 0.000000
vn -99.999980 0.063281 0.000000
vn -99.999980 0.063281 0.000000
vn -99.999980 0.063281 0.000000
vn -99.999980 0.063281 0.000000
vn -99.999980 0.063281 0.000000
vn -99.999980 0.063281 0.000000
vn -99.999980 0.063281 0.000000
vn -99.999980 0.063281 0.000000
vn -99.999980 0.063281 0.000000
vn -99.999980 0.063281 0.000000
vn -99.999980 0.063281 0.000000
vn -99.999980 0.063281 0.000000
vn -99.999980 0.063281 0.000000
vn -99.999980 0.063281 0.000000
vn -99.999980 0.063281 0.000000
vn -99.999980 0.063281 0.000000
vn -99.999980 0.063281 0.000000
vn -99.999980 0.063281 0.000000
vn -99.999980 0.063281 0.000000
vn -99.999980 0.063281 0.000000
vn -99.999980 0.063281 0.000000
vn -99.999980 0.063281 0.000000
vn -99.999980 0.063281 0.000000
vn -99.999980 0.063281 0.000000
vn -99.999980 0.063281 0.000000
vn -99.999980 0.063281 0.000000
vn -99.999980 0.063281 0.000000
vn -99.999980 0.063281 0.000000
vn -99.999980 0.063281 0.000000
vn -99.999980 0.063281 0.000000
vn -99.999980 0.063281 0.000000
vn -99.999980 0.063281 0.000000
vn -99.999980 0.063281 0.000000
vn -99.999980 0.063281 0.000000
vn -99.999980 0.063281 0.000000
vn -99.999980 0.063281 0.000000
vn -99.999980 0.063281 0.000000
vn -99.999980 0.063281 0.000000
vn -99.999980 0.063281 0.000000
vn -99.999980 0.063281 0.000000
vn -99.999980 0.063281 0.000000
vn -99.999980 0.063281 0.000000
vn -99.999980 0.063281 0.000000
vn -99.999980 0.063281 0.000000
vn -99.999980 0.063281 0.000000
vn -99.999980 0.063281 0.000000
vn -99.999980 0.063281 0.000000
vn -99.999980 0.063281 0.000000
vn -99.999980 0.063281 0.000000
vn -99.999980 0.063281 0.000000
vn -99.999980 0.063281 0.000000
vn -99.999980 0.063281 0.000000
vn -99.999980 0.063281 0.000000
vn -99.999980 0.063281 0.000000
vn -99.999980 0.063281 0.000000
vn -99.999980 0.063281 0.000000
vn -99.999980 0.063281 0.000000
vn -99.999980 0.063281 0.000000
vn -99.999980 0.063281 0.000000
vn -99.999980 0.063281 0.000000
vn -99.999980 0.063281 0.000000
vn -99.999980 0.063281 0.000000
vn -99.999980 0.063281 0.000000
vn -99.999980 0.063281 0.000000
vn -99.999980 0.063281 0.000000
vn -99.999980 0.063281 0.000000
vn -99.999980 0.063281 0.000000
vn -99.999980 0.063281 0.000000
vn -99.999980 0.063281 0.000000
vn -99.999980 0.063281 0.000000
vn -99.999980 0.063281 0.000000
vn -99.999980 0.063281 0.000000
vn -99.999980 0.063281 0.000000
vn -99.999980 0.063281 0.000000
vn -99.999980 0.063281 0.000000
vn -99.999980 0.063281 0.000000
vn -99.999980 0.063281 0.000000
vn -99.999980 0.063281 0.000000
vn -99.999980 0.063281 0.000000
vn -99.999980 0.063281 0.000000
vn -99.999980 0.063281 0.000000
vn -99.999980 0.063281 0.000000
vn -99.999980 0.063281 0.000000
vn -61.398068 -6.312794 78.679259
vn -61.397968 -6.154334 78.691891
vn -61.394049 0.038851 78.935222
vn -61.394049 0.038851 78.935222
vn -61.390130 6.232036 78.691891
vn -61.401863 -12.309336 77.963398
vn -61.402062 -12.623247 77.913031
vn -61.405710 -18.388207 76.754235
vn -61.406003 -18.851581 76.641508
vn -61.409485 -24.353469 75.071857
vn -61.409867 -24.957403 74.872934
vn -61.413164 -30.168345 72.926636
vn -61.413628 -30.901114 72.618781
vn -61.416726 -35.796983 70.331798
vn -61.417262 -36.644169 69.893668
vn -61.420148 -41.204681 67.303340
vn -61.420746 -42.149319 66.715267
vn -61.423409 -46.358099 63.859936
vn -61.424057 -47.380864 63.104192
vn -61.426490 -51.225465 60.022814
vn -61.427173 -52.304873 59.083862
vn -61.429370 -55.776769 55.815631
vn -61.430074 -56.889413 54.680350
vn -61.432032 -59.983951 51.264326
vn -61.432741 -61.104751 49.922216
vn -61.434460 -63.821072 46.396959
vn -61.435158 -64.923550 44.840317
vn -61.436639 -67.264476 41.243540
vn -61.437308 -68.321043 39.467611
vn -61.438556 -70.292933 35.835841
vn -61.439177 -71.275195 33.838942
vn -61.440198 -72.887770 30.207202
vn -61.440754 -73.766849 27.990815
vn -61.441555 -75.032991 24.392325
vn -61.442028 -75.779844 21.961157
vn -61.442620 -76.715369 18.427062
vn -61.442990 -77.301126 15.789072
vn -61.443385 -77.924532 12.348189
vn -61.443636 -78.320829 9.514590
vn -61.443846 -78.653024 6.193186
vn -61.443959 -78.832339 3.178401
vn -61.444000 -78.896355 0.000000
vn -61.443959 -78.832339 -3.178401
vn -61.443846 -78.653024 -6.193186
vn -61.443636 -78.320829 -9.514590
vn -61.443385 -77.924532 -12.348189
vn -61.442990 -77.301126 -15.789072
vn -61.442620 -76.715369 -18.427062
vn -61.442028 -75.779844 -21.961157
vn -61.441555 -75.032991 -24.392325
vn -61.440754 -73.766849 -27.990815
vn -61.440198 -72.887770 -30.207202
vn -61.439177 -71.275195 -33.838942
vn -61.438556 -70.292933 -35.835841
vn -61.437308 -68.321043 -39.467611
vn -61.436639 -67.264476 -41.243540
vn -61.435158 -64.923550 -44.840317
vn -61.434460 -63.821072 -46.396959
vn -61.432741 -61.104751 -49.922216
vn -61.432032 -59.983951 -51.264326
vn -61.430074 -56.889413 -54.680350
vn -61.429370 -55.776769 -55.815631
vn -61.427173 -52.304873 -59.083862
vn -61.426490 -51.225465 -60.022814
vn -61.424057 -47.380864 -63.104192
vn -61.423409 -46.358099 -63.859936
vn -61.420746 -42.149319 -66.715267
vn -61.420148 -41.204681 -67.303340
vn -61.417262 -36.644169 -69.893668
vn -61.416726 -35.796983 -70.331798
vn -61.413628 -30.901114 -72.618781
vn -61.413164 -30.168345 -72.926636
vn -61.409867 -24.957403 -74.872934
vn -61.409485 -24.353469 -75.071857
vn -61.406003 -18.851581 -76.641508
vn -61.405710 -18.388207 -76.754235
vn -61.402062 -12.623247 -77.913031
vn -61.401863 -12.309336 -77.963398
vn -61.398068 -6.312794 -78.679259
vn -61.397968 -6.154334 -78.691891
vn -61.394049 0.038851 -78.935222
vn -61.394049 0.038851 -78.935222
vn -61.390130 6.232036 -78.691891
vn -61.390030 6.390496 -78.679259
vn -61.386235 12.387037 -77.963398
vn -61.386036 12.700948 -77.913031
vn -61.382388 18.465909 -76.754235
vn -61.382095 18.929282 -76.641508
vn -61.378613 24.431171 -75.071857
vn -61.378231 25.035104 -74.872934
vn -61.374934 30.246046 -72.926636
vn -61.374470 30.978816 -72.618781
vn -61.371372 35.874684 -70.331798
vn -61.370836 36.721870 -69.893668
vn -61.367950 41.282382 -67.303340
vn -61.367352 42.227021 -66.715267
vn -61.364689 46.435801 -63.859936
vn -61.364041 47.458565 -63.104192
vn -61.361609 51.303166 -60.022814
vn -61.360925 52.382574 -59.083862
vn -61.358728 55.854470 -55.815631
vn -61.358024 56.967114 -54.680350
vn -61.356066 60.061652 -51.264326
vn -61.355357 61.182453 -49.922216
vn -61.353638 63.898774 -46.396959
vn -61.352940 65.001252 -44.840317
vn -61.351459 67.342178 -41.243540
vn -61.350790 68.398744 -39.467611
vn -61.349542 70.370634 -35.835841
vn -61.348921 71.352897 -33.838942
vn -61.347900 72.965472 -30.207202
vn -61.347344 73.844550 -27.990815
vn -61.346543 75.110693 -24.392325
vn -61.346070 75.857546 -21.961157
vn -61.345478 76.793071 -18.427062
vn -61.345108 77.378828 -15.789072
vn -61.344713 78.002233 -12.348189
vn -61.344462 78.398530 -9.514590
vn -61.344252 78.730726 -6.193186
vn -61.344139 78.910040 -3.178401
vn -61.344098 78.974057 0.000000
vn -61.344139 78.910040 3.178401
vn -61.344252 78.730726 6.193186
vn -61.344462 78.398530 9.514590
vn -61.344713 78.002233 12.348189
vn -61.345108 77.378828 15.789072
vn -61.345478 76.793071 18.427062
vn -61.346070 75.857546 21.961157
vn -61.346543 75.110693 24.392325
vn -61.347344 73.844550 27.990815
vn -61.347900 72.965472 30.207202
vn -61.348921 71.352897 33.838942
vn -61.349542 70.370634 35.835841
vn -61.350790 68.398744 39.467611
vn -61.351459 67.342178 41.243540
vn -61.352940 65.001252 44.840317
vn -61.353638 63.898774 46.396959
vn -61.355357 61.182453 49.922216
vn -61.356066 60.061652 51.264326
vn -61.358024 56.967114 54.680350
vn -61.358728 55.854470 55.815631
vn -61.360925 52.382574 59.083862
vn -61.361609 51.303166 60.022814
vn -61.364041 47.458565 63.104192
vn -61.364689 46.435801 63.859936
vn -61.367352 42.227021 66.715267
vn -61.367950 41.282382 67.303340
vn -61.370836 36.721870 69.893668
vn -61.371372 35.874684 70.331798
vn -61.374470 30.978816 72.618781
vn -61.374934 30.246046 72.926636
vn -61.378231 25.035104 74.872934
vn -61.378613 24.431171 75.071857
vn -61.382095 18.929282 76.641508
vn -61.382388 18.465909 76.754235
vn -61.386036 12.700948 77.913031
vn -61.386235 12.387037 77.963398
vn -61.390030 6.390496 78.679259
vn -99.999980 0.063281 0.000000
vn -99.999980 0.063281 0.000000
vn -99.999980 0.063281 0.000000
vn -99.999980 0.063281 0.000000
vn -99.999980 0.063281 0.000000
vn -99.999980 0.063281 0.000000
vn -99.999980 0.063281 0.000000
vn -99.999980 0.063281 0.000000
vn -99.999980 0.063281 0.000000
vn -99.999980 0.063281 0.000000
vn -99.999980 0.063281 0.000000
vn -99.999980 0.063281 0.000000
vn -99.999980 0.063281 0.000000
vn -99.999980 0.063281 0.000000
vn -99.999980 0.063281 0.000000
vn -99.999980 0.063281 0.000000
vn -99.999980 0.063281 0.000000
vn -99.999980 0.063281 0.000000
vn -99.999980 0.063281 0.000000
vn -99.999980 0.063281 0.000000
vn -99.999980 0.063281 0.000000
vn -99.999980 0.063281 0.000000
vn -99.999980 0.063281 0.000000
vn -99.999980 0.063281 0.000000
vn -99.999980 0.063281 0.000000
vn -99.999980 0.063281 0.000000
vn -99.999980 0.063281 0.000000
vn -99.999980 0.063281 0.000000
vn -99.999980 0.063281 0.000000
vn -99.999980 0.063281 0.000000
vn -99.999980 0.063281 0.000000
vn -99.999980 0.063281 0.000000
vn -99.999980 0.063281 0.000000
vn -99.999980 0.063281 0.000000
vn -99.999980 0.063281 0.000000
vn -99.999980 0.063281 0.000000
vn -99.999980 0.063281 0.000000
vn -99.999980 0.063281 0.000000
vn -99.999980 0.063281 0.000000
vn -99.999980 0.063281 0.000000
vn -99.999980 0.063281 0.000000
vn -99.999980 0.063281 0.000000
vn -99.999980 0.063281 0.000000
vn -99.999980 0.063281 0.000000
vn -99.999980 0.063281 0.000000
vn -99.999980 0.063281 0.000000
vn -99.999980 0.063281 0.000000
vn -99.999980 0.063281 0.000000
vn -99.999980 0.063281 0.000000
vn -99.999980 0.063281 0.000000
vn -99.999980 0.063281 0.000000
vn -99.999980 0.063281 0.000000
vn -99.999980 0.063281 0.000000
vn -99.999980 0.063281 0.000000
vn -99.999980 0.063281 0.000000
vn -99.999980 0.063281 0.000000
vn -99.999980 0.063281 0.000000
vn -99.999980 0.063281 0.000000
vn -99.999980 0.063281 0.000000
vn -99.999980 0.063281 0.000000
vn -99.999980 0.063281 0.000000
vn -99.999980 0.063281 0.000000
vn -99.999980 0.063281 0.000000
vn -99.999980 0.063281 0.000000
vn -99.999980 0.063281 0.000000
vn -99.999980 0.063281 0.000000
vn -99.999980 0.063281 0.000000
vn -99.999980 0.063281 0.000000
vn -99.999980 0.063281 0.000000
vn -99.999980 0.063281 0.000000
vn -99.999980 0.063281 0.000000
vn -99.999980 0.063281 0.000000
vn -99.999980 0.063281 0.000000
vn -99.999980 0.063281 0.000000
vn -99.999980 0.063281 0.000000
vn -99.999980 0.063281 0.000000
vn -99.999980 0.063281 0.000000
vn -99.999980 0.063281 0.000000
vn -99.999980 0.063281 0.000000
vn -99.999980 0.063281 0.000000
vn -99.999980 0.063281 0.000000
vn -99.999980 0.063281 0.000000
vn -99.999980 0.063281 0.000000
vn -99.999980 0.063281 0.000000
vn -99.999980 0.063281 0.000000
vn -99.999980 0.063281 0.000000
vn -99.999980 0.063281 0.000000
vn -99.999980 0.063281 0.000000
vn -99.999980 0.063281 0.000000
vn -99.999980 0.063281 0.000000
vn -99.999980 0.063281 0.000000
vn -99.999980 0.063281 0.000000
vn -99.999980 0.063281 0.000000
vn -99.999980 0.063281 0.000000
vn -99.999980 0.063281 0.000000
vn -99.999980 0.063281 0.000000
vn -99.999980 0.063281 0.000000
vn -99.999980 0.063281 0.000000
vn -99.999980 0.063281 0.000000
vn -99.999980 0.063281 0.000000
vn -99.999980 0.063281 0.000000
vn -99.999980 0.063281 0.000000
vn -99.999980 0.063281 0.000000
vn -99.999980 0.063281 0.000000
vn -99.999980 0.063281 0.000000
vn -99.999980 0.063281 0.000000
vn -99.999980 0.063281 0.000000
vn -99.999980 0.063281 0.000000
vn -99.999980 0.063281 0.000000
vn -99.999980 0.063281 0.000000
vn -99.999980 0.063281 0.000000
vn -99.999980 0.063281 0.000000
vn -99.999980 0.063281 0.000000
vn -99.999980 0.063281 0.000000
vn -99.999980 0.063281 0.000000
vn -99.999980 0.063281 0.000000
vn -99.999980 0.063281 0.000000
vn -99.999980 0.063281 0.000000
vn -99.999980 0.063281 0.000000
vn -99.999980 0.063281 0.000000
vn -99.999980 0.063281 0.000000
vn -99.999980 0.063281 0.000000
vn -99.999980 0.063281 0.000000
vn -99.999980 0.063281 0.000000
vn -99.999980 0.063281 0.000000
vn -99.999980 0.063281 0.000000
vn -99.999980 0.063281 0.000000
vn -99.999980 0.063281 0.000000
vn -99.999980 0.063281 0.000000
vn -99.999980 0.063281 0.000000
vn -99.999980 0.063281 0.000000
vn -99.999980 0.063281 0.000000
vn -99.999980 0.063281 0.000000
vn -99.999980 0.063281 0.000000
vn -99.999980 0.063281 0.000000
vn -99.999980 0.063281 0.000000
vn -99.999980 0.063281 0.000000
vn -99.999980 0.063281 0.000000
vn -99.999980 0.063281 0.000000
vn -99.999980 0.063281 0.000000
vn -99.999980 0.063281 0.000000
vn -99.999980 0.063281 0.000000
vn -99.999980 0.063281 0.000000
vn -99.999980 0.063281 0.000000
vn -99.999980 0.063281 0.000000
vn -99.999980 0.063281 0.000000
vn -99.999980 0.063281 0.000000
vn -99.999980 0.063281 0.000000
vn -99.999980 0.063281 0.000000
vn -99.999980 0.063281 0.000000
vn -99.999980 0.063281 0.000000
vn -99.999980 0.063281 0.000000
vn -99.999980 0.063281 0.000000
vn -99.999980 0.063281 0.000000
vn -99.999980 0.063281 0.000000
vn -99.999980 0.063281 0.000000
vn -99.999980 0.063281 0.000000
vn -99.999980 0.063281 0.000000
vn -99.999980 0.063281 0.000000
vn -99.999980 0.063281 0.000000
vn -99.999980 0.063281 0.000000
vn -99.999980 0.063281 0.000000
vn -99.999980 0.063281 0.000000
vn -99.999980 0.063281 0.000000
vn -99.999980 0.063281 0.000000
vn -99.999980 0.063281 0.000000
vn -99.999980 0.063281 0.000000
vn -99.999980 0.063281 0.000000
vn -99.999980 0.063281 0.000000
vn -99.999980 0.063281 0.000000
vn -99.999980 0.063281 0.000000
vn -99.999980 0.063281 0.000000
vn -99.999980 0.063281 0.000000
vn -99.999980 0.063281 0.000000
vn 63.133471 5.140066 77.380518
vn 55.274662 3.930337 83.242202
vn 63.130193 -0.039949 77.553705
vn 55.271316 -1.357192 83.326104
vn 63.126915 -5.219964 77.380518
vn 55.267974 -6.639397 83.074482
vn 63.123652 -10.376844 76.861731
vn 55.264648 -11.895008 82.488348
vn 63.120418 -15.487557 75.999661
vn 55.261352 -17.102863 81.570062
vn 63.117228 -20.529277 74.798157
vn 55.258100 -22.241992 80.323323
vn 63.114095 -25.479487 73.262588
vn 55.254905 -27.291701 78.753149
vn 55.251779 -32.231657 76.865865
vn 46.869692 -28.918335 83.468328
vn 46.866379 -34.154060 81.468047
vn 38.038325 -30.269693 87.388967
vn 38.034856 -35.751348 85.294729
vn 28.844868 -31.332911 90.477745
vn 28.841276 -37.008317 88.309486
vn 19.376835 -32.097870 92.705259
vn 19.373155 -37.913001 90.483618
vn 9.724352 -32.557287 94.050306
vn 9.720619 -38.456789 91.796432
vn -0.020697 -32.706790 94.500082
vn -0.024448 -38.634505 92.235429
vn -9.765549 -32.544954 94.050306
vn -9.769283 -38.444456 91.796432
vn -19.417443 -32.073321 92.705259
vn -19.421122 -37.888452 90.483618
vn -28.884500 -31.296380 90.477745
vn -28.888091 -36.971785 88.309486
vn -38.076604 -30.221526 87.388967
vn -38.080073 -35.703182 85.294729
vn -46.906254 -28.858992 83.468328
vn -46.909568 -34.094718 81.468047
vn -55.289401 -27.221748 78.753149
vn -55.292527 -32.161704 76.865865
vn -63.146292 -25.399588 73.262588
vn -63.149352 -30.236179 71.399809
vn 55.277998 9.201899 82.823112
vn 63.136735 10.296946 76.861731
vn 55.281311 14.436268 82.070524
vn 63.139969 15.407659 75.999661
vn 55.284586 19.612366 80.987466
vn 63.143159 20.449379 74.798157
vn 55.287811 24.709351 79.578300
vn 63.146292 25.399588 73.262588
vn 55.290974 29.706699 77.848701
vn 63.149352 30.236179 71.399809
vn 55.294060 34.584289 75.805632
vn 63.152327 34.937549 69.218142
vn 55.297059 39.322478 73.457321
vn 63.155204 39.482701 66.727330
vn 55.299957 43.902189 70.813223
vn 63.157968 43.851336 63.938497
vn 55.302743 48.304981 67.883985
vn 63.160609 48.023941 60.864100
vn 55.305406 52.513124 64.681403
vn 63.163113 51.981881 57.517868
vn 55.307935 56.509675 61.218371
vn 63.165471 55.707479 53.914748
vn 55.310320 60.278541 57.508834
vn 63.167671 59.184096 50.070832
vn 55.312551 63.804545 53.567730
vn 63.169704 62.396203 46.003287
vn 55.314609 67.056806 49.433579
vn 55.316517 70.072213 45.055164
vn 46.934994 74.275039 47.752747
vn 46.936816 77.154106 42.943909
vn 38.108601 80.785137 44.961052
vn 38.110303 83.474047 39.745292
vn 28.919390 86.431120 41.150096
vn 28.920931 88.866969 35.584287
vn 19.454771 91.061268 36.460354
vn 19.456118 93.190365 30.610705
vn 9.804786 94.548737 31.054831
vn 9.805912 96.327986 24.995264
vn 0.061253 96.794851 25.114799
vn 0.062137 98.192850 18.925124
vn -9.683109 97.731665 18.835050
vn -9.682478 98.729504 12.598993
vn -19.335559 97.323735 12.418811
vn -19.335185 97.915465 6.221932
vn -28.804218 95.569046 6.072432
vn -28.804096 95.761809 0.000000
vn -37.998945 92.499082 0.000000
vn -37.999063 92.312900 -5.865128
vn -46.832192 88.178021 -5.601994
vn -46.832530 87.645250 -11.181430
vn -55.219841 82.701096 -10.549784
vn -55.220370 81.865553 -15.771554
vn -63.081800 76.513335 -12.899458
vn -63.082454 75.480972 -17.978511
vn -55.221107 80.700508 -20.929818
vn -63.083320 74.111671 -22.977269
vn -55.222050 79.210652 -26.003805
vn -63.084396 72.411548 -27.873404
vn -55.223194 77.401983 -30.973083
vn -63.085676 70.388196 -32.645050
vn -55.224536 75.281784 -35.817644
vn -63.087156 68.050651 -37.270895
vn -55.226070 72.858593 -40.517980
vn -63.088827 65.409354 -41.730280
vn -55.227789 70.142167 -45.055164
vn -63.090683 62.476102 -46.003287
vn -55.229697 67.126759 -49.433579
vn -55.231755 63.874499 -53.567730
vn -46.842975 71.138433 -52.393311
vn -46.845157 67.691450 -56.774985
vn -38.010352 74.472935 -54.854307
vn -38.012636 70.864042 -59.441795
vn -28.815907 77.098525 -56.793142
vn -28.818271 73.362075 -61.542775
vn -19.347161 78.990209 -58.191359
vn -19.349583 75.161769 -63.057926
vn -9.694248 80.129980 -59.035649
vn -9.696705 76.245994 -63.972824
vn 0.050946 80.506989 -59.317974
vn 0.048476 76.604429 -64.278761
vn 9.795654 80.117647 -59.035649
vn 9.793196 76.233661 -63.972824
vn 19.447116 78.965660 -58.191359
vn 19.444694 75.137220 -63.057926
vn 28.913461 77.061993 -56.793142
vn 28.911096 73.325543 -61.542775
vn 38.104576 74.424769 -54.854307
vn 38.102293 70.815876 -59.441795
vn 46.932972 71.079091 -52.393311
vn 46.930790 67.632108 -56.774985
vn 55.314609 67.056806 -49.433579
vn 55.312551 63.804545 -53.567730
vn 63.169704 62.396203 -46.003287
vn 63.167671 59.184096 -50.070832
vn 63.171560 65.329456 41.730280
vn 55.318236 72.788639 40.517980
vn 46.938441 79.722380 37.962150
vn 38.111792 85.826740 34.369492
vn 28.922246 90.944909 29.875194
vn 19.457228 94.944169 24.637798
vn 9.806792 97.719331 18.835050
vn 0.062772 99.195461 12.659245
vn -9.682098 99.329820 6.312205
vn -19.335060 98.112973 0.000000
vn -28.804218 95.569046 -6.072432
vn -37.999416 91.755103 -11.706639
vn -46.833090 86.759681 -16.715843
vn 63.173231 67.970753 37.270895
vn 55.319770 75.211830 35.817644
vn 46.939863 81.969521 32.827531
vn 38.113062 87.833742 28.855298
vn 28.923329 92.656572 24.045803
vn 19.458096 96.315616 18.565683
vn 9.807424 98.717171 12.598993
vn 0.063153 99.798648 6.342392
vn -9.681971 99.530194 0.000000
vn -19.335185 97.915465 -6.221932
vn -28.804584 94.991534 -12.120412
vn -38.000003 90.827938 -17.501012
vn -46.833871 85.524882 -22.182947
vn 63.174710 70.308297 32.645050
vn 55.321112 77.332029 30.973083
vn 46.941076 83.886481 27.560728
vn 38.114108 89.486972 23.224914
vn 28.924176 93.995067 18.119588
vn 19.458718 97.299185 12.418811
vn 9.807804 99.317486 6.312205
vn 0.063281 99.999980 0.000000
vn -9.682098 99.329820 -6.312205
vn -19.335559 97.323735 -12.418811
vn -28.805191 94.031598 -18.119588
vn -38.000821 89.535138 -23.224914
vn -46.834871 83.945823 -27.560728
vn 63.175991 72.331650 27.873404
vn 55.322256 79.140698 26.003805
vn 46.942076 85.465539 22.182947
vn 38.114926 90.779772 17.501012
vn 28.924784 94.955002 12.120412
vn 19.459093 97.890915 6.221932
vn 9.807930 99.517860 0.000000
vn 0.063153 99.798648 -6.342392
vn -9.682478 98.729504 -12.598993
vn -19.336181 96.340166 -18.565683
vn -28.806038 92.693104 -24.045803
vn -38.001867 87.881909 -28.855298
vn -46.836084 82.028864 -32.827531
vn 63.177067 74.031773 22.977269
vn 55.323199 80.630555 20.929818
vn 46.942857 86.700339 16.715843
vn 38.115513 91.706937 11.706639
vn 28.925149 95.532514 6.072432
vn 19.459218 98.088424 -0.000000
vn 9.807804 99.317486 -6.312205
vn 0.062772 99.195461 -12.659245
vn -9.683109 97.731665 -18.835050
vn -19.337049 94.968718 -24.637798
vn -28.807122 90.981441 -29.875194
vn -38.003137 85.874907 -34.369492
vn -46.837506 79.781722 -37.962150
vn 63.177933 75.401074 17.978511
vn 55.323936 81.795600 15.771554
vn 46.943417 87.585907 11.181430
vn 38.115866 92.264734 5.865128
vn 28.925271 95.725277 -0.000000
vn 19.459093 97.890915 -6.221932
vn 9.807424 98.717171 -12.598993
vn 0.062137 98.192850 -18.925124
vn -9.683990 96.340319 -24.995264
vn -19.338159 93.214915 -30.610705
vn -28.808436 88.903501 -35.584287
vn -38.004626 83.522214 -39.745292
vn -46.839131 77.213448 -42.943909
vn 63.178586 76.433436 12.899458
vn 55.324465 82.631142 10.549784
vn 46.943755 88.118679 5.601994
vn 38.115983 92.450916 -0.000000
vn 28.925149 95.532514 -6.072432
vn 19.458718 97.299185 -12.418811
vn 9.806792 97.719331 -18.835050
vn 0.061253 96.794851 -25.114799
vn -9.685116 94.561070 -31.054831
vn -19.339506 91.085817 -36.460354
vn -28.809978 86.467652 -41.150096
vn -38.006328 80.833303 -44.961052
vn -46.840953 74.334381 -47.752747
vn 63.179024 77.124251 7.762792
vn 55.324783 83.133817 5.285533
vn 46.943867 88.296508 -0.000000
vn 38.115866 92.264734 -5.865128
vn 28.924784 94.955002 -12.120412
vn 19.458096 96.315616 -18.565683
vn 9.805912 96.327986 -24.995264
vn 0.060121 95.007093 -31.203345
vn -9.686482 92.401082 -36.989352
vn -19.341086 88.589999 -42.163189
vn -28.811740 83.683701 -46.550207
vn -38.008235 77.819003 -49.995769
vn 63.179243 77.470431 2.591455
vn 55.324889 83.301600 -0.000000
vn 46.943755 88.118679 -5.601994
vn 38.115513 91.706937 -11.706639
vn 28.924176 93.995067 -18.119588
vn 19.457228 94.944169 -24.637798
vn 9.804786 94.548737 -31.054831
vn 0.058748 92.836775 -37.166246
vn -9.688085 89.869052 -42.774929
vn -19.342891 85.737509 -47.696249
vn -28.813715 80.562860 -51.762878
vn 63.179243 77.470431 -2.591455
vn 55.324783 83.133817 -5.285533
vn 46.943417 87.585907 -11.181430
vn 38.114926 90.779772 -17.501012
vn 28.923329 92.656572 -24.045803
vn 19.456118 93.190365 -30.610705
vn 9.803419 92.388748 -36.989352
vn 0.057138 90.292636 -42.979491
vn -9.689916 86.975176 -48.388267
vn -19.344914 82.539834 -53.037252
vn 63.179024 77.124251 -7.762792
vn 55.324465 82.631142 -10.549784
vn 46.942857 86.700339 -16.715843
vn 38.114108 89.486972 -23.224914
vn 28.922246 90.944909 -29.875194
vn 19.454771 91.061268 -36.460354
vn 9.801817 89.856718 -42.774929
vn 0.055298 87.384920 -48.619674
vn -9.691969 83.731106 -53.806762
vn 63.178586 76.433436 -12.899458
vn 55.323936 81.795600 -15.771554
vn 46.942076 85.465539 -22.182947
vn 38.113062 87.833742 -28.855298
vn 28.920931 88.866969 -35.584287
vn 19.453191 88.565449 -42.163189
vn 9.799985 86.962842 -48.388267
vn 0.053235 84.125336 -54.064082
vn 63.177933 75.401074 -17.978511
vn 55.323199 80.630555 -20.929818
vn 46.941076 83.886481 -27.560728
vn 38.111792 85.826740 -34.369492
vn 28.919390 86.431120 -41.150096
vn 19.451386 85.712959 -47.696249
vn 9.797933 83.718773 -53.806762
vn 63.177067 74.031773 -22.977269
vn 55.322256 79.140698 -26.003805
vn 46.939863 81.969521 -32.827531
vn 38.110303 83.474047 -39.745292
vn 28.917628 83.647170 -46.550207
vn 19.449363 82.515284 -53.037252
vn 63.175991 72.331650 -27.873404
vn 55.321112 77.332029 -30.973083
vn 46.938441 79.722380 -37.962150
vn 38.108601 80.785137 -44.961052
vn 28.915653 80.526328 -51.762878
vn 63.174710 70.308297 -32.645050
vn 55.319770 75.211830 -35.817644
vn 46.936816 77.154106 -42.943909
vn 38.106694 77.770836 -49.995769
vn 63.173231 67.970753 -37.270895
vn 55.318236 72.788639 -40.517980
vn 46.934994 74.275039 -47.752747
vn 63.171560 65.329456 -41.730280
vn 55.316517 70.072213 -45.055164
vn 55.310320 60.278541 -57.508834
vn 63.165471 55.707479 -53.914748
vn 55.307935 56.509675 -61.218371
vn 63.163113 51.981881 -57.517868
vn 55.305406 52.513124 -64.681403
vn 63.160609 48.023941 -60.864100
vn 55.302743 48.304981 -67.883985
vn 63.157968 43.851336 -63.938497
vn 55.299957 43.902189 -70.813223
vn 63.155204 39.482701 -66.727330
vn 55.297059 39.322478 -73.457321
vn 63.152327 34.937549 -69.218142
vn 55.294060 34.584289 -75.805632
vn 63.149352 30.236179 -71.399809
vn 55.290974 29.706699 -77.848701
vn 63.146292 25.399588 -73.262588
vn 55.287811 24.709351 -79.578300
vn 63.143159 20.449379 -74.798157
vn 55.284586 19.612366 -80.987466
vn 63.139969 15.407659 -75.999661
vn 55.281311 14.436268 -82.070524
vn 63.136735 10.296946 -76.861731
vn 55.277998 9.201899 -82.823112
vn 63.133471 5.140066 -77.380518
vn 55.274662 3.930337 -83.242202
vn 63.130193 -0.039949 -77.553705
vn 55.271316 -1.357192 -83.326104
vn 63.126915 -5.219964 -77.380518
vn 55.267974 -6.639397 -83.074482
vn 63.123652 -10.376844 -76.861731
vn 55.264648 -11.895008 -82.488348
vn 63.120418 -15.487557 -75.999661
vn 55.261352 -17.102863 -81.570062
vn 63.117228 -20.529277 -74.798157
vn 55.258100 -22.241992 -80.323323
vn 63.114095 -25.479487 -73.262588
vn 55.254905 -27.291701 -78.753149
vn 55.251779 -32.231657 -76.865865
vn 46.866379 -34.154060 -81.468047
vn 46.863153 -39.252378 -79.139723
vn 38.031478 -41.089143 -82.857040
vn 38.028205 -46.261582 -80.085714
vn 28.834390 -47.890037 -82.916357
vn 28.831123 -53.052535 -79.713204
vn 19.362752 -54.352220 -81.675700
vn 19.359543 -59.423008 -78.064808
vn 9.706810 -60.278881 -79.197439
vn 9.703708 -65.180544 -75.215256
vn -0.041440 -65.486060 -75.574957
vn -0.044390 -70.147475 -71.269417
vn -9.789129 -69.807439 -70.930208
vn -9.791887 -74.165552 -66.359549
vn -19.443404 -73.098688 -65.410518
vn -19.445936 -77.100083 -60.641840
vn -28.912309 -75.241242 -59.184743
vn -28.914588 -78.843448 -54.292331
vn -38.105665 -76.145408 -52.438871
vn -38.107673 -79.317932 -47.502326
vn -46.935929 -75.752726 -45.371170
vn -46.937654 -78.477768 -40.473406
vn -55.319027 -74.037527 -38.187038
vn -55.320465 -76.310366 -33.412185
vn -63.174710 -70.308297 -32.645050
vn -63.175991 -72.331650 -27.873404
vn -55.321709 -78.275790 -28.502794
vn -63.177067 -74.031773 -22.977269
vn -55.322753 -79.925884 -23.478632
vn -63.177933 -75.401074 -17.978511
vn -55.323593 -81.254003 -18.359929
vn -63.178586 -76.433436 -12.899458
vn -55.324227 -82.254800 -13.167298
vn -63.179024 -77.124251 -7.762792
vn -55.324650 -82.924246 -7.921647
vn -63.179243 -77.470431 -2.591455
vn -55.324863 -83.259644 -2.644098
vn -55.324863 -83.259644 2.644098
vn -46.943839 -88.252040 -2.802408
vn -46.943839 -88.252040 2.802408
vn -38.115954 -92.404358 -2.934041
vn -38.115954 -92.404358 2.934041
vn -28.925241 -95.677074 -3.037745
vn -28.925241 -95.677074 3.037745
vn -19.459186 -98.039034 -3.112533
vn -19.459186 -98.039034 3.112533
vn -9.807899 -99.467754 -3.157692
vn -9.807899 -99.467754 3.157692
vn -0.063249 -99.949634 -3.172793
vn -0.063249 -99.949634 3.172793
vn 9.682003 -99.480087 -3.157692
vn 9.682003 -99.480087 3.157692
vn 19.335091 -98.063583 -3.112533
vn 19.335091 -98.063583 3.112533
vn 28.804127 -95.713606 -3.037745
vn 28.804127 -95.713606 3.037745
vn 37.998975 -92.452525 -2.934041
vn 37.998975 -92.452525 2.934041
vn 46.832108 -88.311382 -2.802408
vn 46.832108 -88.311382 2.802408
vn 55.219443 -83.329597 -2.644098
vn 55.219443 -83.329597 2.644098
vn 63.081144 -77.550330 2.591455
vn 55.219656 -82.994199 7.921647
vn 63.081363 -77.204149 7.762792
vn 55.220079 -82.324754 13.167298
vn 63.081800 -76.513335 12.899458
vn 55.220713 -81.323956 18.359929
vn 63.082454 -75.480972 17.978511
vn 55.221553 -79.995837 23.478632
vn 63.083320 -74.111671 22.977269
vn 55.222597 -78.345743 28.502794
vn 63.084396 -72.411548 27.873404
vn 55.223841 -76.380320 33.412185
vn 63.085676 -70.388196 32.645050
vn 55.225279 -74.107481 38.187038
vn 63.087156 -68.050651 37.270895
vn 55.226906 -71.536378 42.808124
vn 63.088827 -65.409354 41.730280
vn 55.228716 -68.677364 47.256838
vn 63.090683 -62.476102 46.003287
vn 55.230700 -65.541951 51.515264
vn 63.092716 -59.263994 50.070832
vn 55.232851 -62.142765 55.566257
vn 63.094916 -55.787378 53.914748
vn 55.235160 -58.493493 59.393505
vn 63.097274 -52.061780 57.517868
vn 55.237618 -54.608829 62.981595
vn 63.099778 -48.103839 60.864100
vn 55.240216 -50.504415 66.316081
vn 63.102419 -43.931234 63.938497
vn 55.242941 -46.196779 69.383536
vn 63.105183 -39.562600 66.727330
vn 55.245785 -41.703265 72.171607
vn 63.108059 -35.017448 69.218142
vn 55.248735 -37.041968 74.669069
vn 63.111034 -30.316078 71.399809
vn 63.111034 -30.316078 -71.399809
vn 55.248735 -37.041968 -74.669069
vn 46.860027 -44.192761 -76.492730
vn 38.025050 -51.247840 -76.991912
vn 28.827992 -58.001483 -76.189073
vn 19.356485 -64.254570 -74.139576
vn 9.700772 -69.819772 -70.930208
vn -0.047161 -74.526430 -66.676900
vn -9.794456 -78.225003 -61.521684
vn -19.448272 -80.790973 -55.628980
vn -28.916667 -82.128106 -49.181303
vn -38.109478 -82.170974 -42.374506
vn -46.939178 -80.886689 -35.412669
vn 63.108059 -35.017448 -69.218142
vn 55.245785 -41.703265 -72.171607
vn 46.857013 -48.955314 -73.537729
vn 38.022025 -56.027838 -73.588090
vn 28.825008 -62.716953 -72.358156
vn 19.353592 -68.827451 -69.915810
vn 9.698014 -74.177886 -66.359549
vn -0.049742 -78.605294 -61.815899
vn -9.796826 -81.969444 -56.436092
vn -19.450401 -84.156497 -50.392121
vn -28.918536 -85.081989 -43.872239
vn -38.111074 -84.693045 -37.076058
vn -46.940496 -82.969788 -30.209339
vn 63.105183 -39.562600 -66.727330
vn 55.242941 -46.196779 -69.383536
vn 46.854124 -53.520861 -70.286617
vn 38.019143 -60.582329 -69.887955
vn 28.822183 -67.179957 -68.235879
vn 19.350873 -73.123238 -65.410518
vn 9.695445 -78.237336 -61.521684
vn -0.052123 -82.367642 -56.705986
vn -9.798986 -85.383798 -51.123253
vn -19.452317 -87.183104 -44.952351
vn -28.920188 -87.693204 -38.386518
vn -38.112454 -86.873991 -31.628319
vn -46.941603 -84.718677 -24.884365
vn 63.102419 -43.931234 -63.938497
vn 55.240216 -50.504415 -66.316081
vn 46.851371 -57.871018 -66.752486
vn 38.016415 -64.892972 -65.906406
vn 28.819530 -71.372525 -63.838839
vn 19.348341 -77.124632 -60.641840
vn 9.693076 -81.981777 -56.436092
vn -0.054294 -85.798324 -51.367739
vn -9.800929 -88.454316 -45.604558
vn -19.454010 -89.858605 -39.331573
vn -28.921617 -89.951235 -32.746227
vn -38.113613 -88.705028 -26.053223
vn -46.942494 -86.126315 -19.459192
vn 63.099778 -48.103839 -60.864100
vn 55.237618 -54.608829 -62.981595
vn 46.848766 -61.988268 -62.949566
vn 38.013852 -68.942412 -61.659475
vn 28.817059 -75.277774 -59.184743
vn 19.346006 -80.815523 -55.628980
vn 9.690915 -85.396131 -51.123253
vn -0.056246 -88.883527 -45.822652
vn -9.802647 -91.168636 -39.902229
vn -19.455474 -92.172228 -33.552422
vn -28.922817 -91.846991 -26.974079
vn -38.114546 -90.178785 -20.373220
vn -46.943165 -87.187033 -13.955662
vn 63.097274 -52.061780 -57.517868
vn 55.235160 -58.493493 -59.393505
vn 46.846318 -65.856032 -58.893170
vn 38.011465 -72.714342 -57.164263
vn 28.814779 -78.879980 -54.292331
vn 19.343876 -84.181047 -50.392121
vn 9.688972 -88.466650 -45.604558
vn -0.057972 -91.610827 -40.093054
vn -9.804132 -93.515827 -34.039229
vn -19.456703 -94.114656 -27.638166
vn -28.923783 -93.372838 -21.093315
vn -38.115248 -91.289327 -14.611182
vn -46.943614 -87.896560 -8.395939
vn 63.094916 -55.787378 -53.914748
vn 55.232851 -62.142765 -55.566257
vn 46.844038 -69.458738 -54.599632
vn 38.009264 -76.193574 -52.438871
vn 28.812701 -82.164638 -49.181303
vn 19.341961 -87.207653 -44.952351
vn 9.687254 -91.180969 -39.902229
vn -0.059465 -93.969243 -34.202014
vn -9.805379 -95.486438 -28.039164
vn -19.457692 -95.678069 -21.612621
vn -28.924510 -94.522632 -15.127616
vn -38.115718 -92.032182 -8.790309
vn 63.092716 -59.263994 -50.070832
vn 55.230700 -65.541951 -51.515264
vn 46.841935 -72.781876 -50.086241
vn 38.007256 -79.366098 -47.502326
vn 28.810832 -85.118521 -43.872239
vn 19.340267 -89.883154 -39.331573
vn 9.685769 -93.528160 -34.039229
vn -0.060718 -95.949278 -28.173256
vn -9.806383 -97.072534 -21.926196
vn -19.458438 -96.856170 -15.500050
vn -28.924997 -95.291743 -9.101004
vn 63.090683 -62.476102 -46.003287
vn 55.228716 -68.677364 -47.256838
vn 46.840018 -75.812068 -45.371170
vn 38.005451 -82.219140 -42.374506
vn 28.809179 -87.729735 -38.386518
vn 19.338803 -92.196777 -33.552422
vn 9.684522 -95.498771 -28.039164
vn -0.061726 -97.542959 -22.031053
vn -9.807139 -98.267728 -15.724938
vn -19.458936 -97.644216 -9.325066
vn 63.088827 -65.409354 -41.730280
vn 55.226906 -71.536378 -42.808124
vn 46.838293 -78.537110 -40.473406
vn 38.003855 -84.741212 -37.076058
vn 28.807750 -89.987767 -32.746227
vn 19.337574 -94.139205 -27.638166
vn 9.683518 -97.084867 -21.926196
vn -0.062486 -98.743869 -15.800140
vn -9.807645 -99.067208 -9.460362
vn 63.087156 -68.050651 -37.270895
vn 55.225279 -74.107481 -38.187038
vn 46.836769 -80.946031 -35.412669
vn 38.002474 -86.922157 -31.628319
vn 28.806551 -91.883523 -26.974079
vn 19.336585 -95.702618 -21.612621
vn 9.682762 -98.280061 -15.724938
vn -0.062994 -99.547172 -9.505604
vn 63.085676 -70.388196 -32.645050
vn 55.223841 -76.380320 -33.412185
vn 46.835451 -83.029130 -30.209339
vn 38.001316 -88.753195 -26.053223
vn 28.805585 -93.409370 -21.093315
vn 19.335839 -96.880719 -15.500050
vn 9.682256 -99.079541 -9.460362
vn 63.084396 -72.411548 -27.873404
vn 55.222597 -78.345743 -28.502794
vn 46.834344 -84.778019 -24.884365
vn 38.000383 -90.226951 -20.373220
vn 28.804858 -94.559164 -15.127616
vn 19.335341 -97.668765 -9.325066
vn 63.083320 -74.111671 -22.977269
vn 55.221553 -79.995837 -23.478632
vn 46.833453 -86.185657 -19.459192
vn 37.999680 -91.337493 -14.611182
vn 28.804371 -95.328275 -9.101004
vn 63.082454 -75.480972 -17.978511
vn 55.220713 -81.323956 -18.359929
vn 46.832782 -87.246375 -13.955662
vn 37.999210 -92.080348 -8.790309
vn 63.081800 -76.513335 -12.899458
vn 55.220079 -82.324754 -13.167298
vn 46.832333 -87.955903 -8.395939
vn 63.081363 -77.204149 -7.762792
vn 55.219656 -82.994199 -7.921647
vn 63.081144 -77.550330 -2.591455
vn -63.133471 -5.140066 77.380518
vn -55.272990 -1.287238 83.326104
vn -63.130193 0.039949 77.553705
vn -55.269644 4.000291 83.242202
vn -63.126915 5.219964 77.380518
vn -55.266308 9.271853 82.823112
vn -63.123652 10.376844 76.861731
vn -55.262995 14.506221 82.070524
vn -63.120418 15.487557 75.999661
vn -55.259720 19.682319 80.987466
vn -63.117228 20.529277 74.798157
vn -55.256495 24.779304 79.578300
vn -63.114095 25.479487 73.262588
vn -55.253332 29.776653 77.848701
vn -63.111034 30.316078 71.399809
vn -55.250246 34.654242 75.805632
vn -63.108059 35.017448 69.218142
vn -55.247247 39.392432 73.457321
vn -63.105183 39.562600 66.727330
vn -55.244349 43.972143 70.813223
vn -63.102419 43.931234 63.938497
vn -55.241563 48.374934 67.883985
vn -63.099778 48.103839 60.864100
vn -55.238900 52.583078 64.681403
vn -63.097274 52.061780 57.517868
vn -55.236371 56.579629 61.218371
vn -63.094916 55.787378 53.914748
vn -55.233986 60.348494 57.508834
vn -63.092716 59.263994 50.070832
vn -55.231755 63.874499 53.567730
vn -63.090683 62.476102 46.003287
vn -55.229697 67.126759 49.433579
vn -55.227789 70.142167 45.055164
vn -46.842975 71.138433 52.393311
vn -46.840953 74.334381 47.752747
vn -38.010352 74.472935 54.854307
vn -38.008235 77.819003 49.995769
vn -28.815907 77.098525 56.793142
vn -28.813715 80.562860 51.762878
vn -19.347161 78.990209 58.191359
vn -19.344914 82.539834 53.037252
vn -9.694248 80.129980 59.035649
vn -9.691969 83.731106 53.806762
vn 0.050946 80.506989 59.317974
vn 0.053235 84.125336 54.064082
vn 9.795654 80.117647 59.035649
vn 9.797933 83.718773 53.806762
vn 19.447116 78.965660 58.191359
vn 19.449363 82.515284 53.037252
vn 28.913461 77.061993 56.793142
vn 28.915653 80.526328 51.762878
vn 38.104576 74.424769 54.854307
vn 38.106694 77.770836 49.995769
vn 46.932972 71.079091 52.393311
vn -55.276332 -6.569443 83.074482
vn -63.136735 -10.296946 76.861731
vn -55.279658 -11.825055 82.488348
vn -63.139969 -15.407659 75.999661
vn -55.282954 -17.032910 81.570062
vn -63.143159 -20.449379 74.798157
vn -55.286206 -22.172039 80.323323
vn -55.295571 -36.972015 74.669069
vn -63.152327 -34.937549 69.218142
vn -55.298521 -41.633312 72.171607
vn -63.155204 -39.482701 66.727330
vn -55.301365 -46.126825 69.383536
vn -63.157968 -43.851336 63.938497
vn -55.304091 -50.434462 66.316081
vn -63.160609 -48.023941 60.864100
vn -55.306688 -54.538875 62.981595
vn -63.163113 -51.981881 57.517868
vn -55.309146 -58.423539 59.393505
vn -63.165471 -55.707479 53.914748
vn -55.311455 -62.072812 55.566257
vn -63.167671 -59.184096 50.070832
vn -55.313606 -65.471998 51.515264
vn -63.169704 -62.396203 46.003287
vn -55.315591 -68.607410 47.256838
vn -63.171560 -65.329456 41.730280
vn -55.317400 -71.466424 42.808124
vn -63.173231 -67.970753 37.270895
vn -55.319027 -74.037527 38.187038
vn -63.174710 -70.308297 32.645050
vn -55.320465 -76.310366 33.412185
vn -63.175991 -72.331650 27.873404
vn -55.321709 -78.275790 28.502794
vn -63.177067 -74.031773 22.977269
vn -55.322753 -79.925884 23.478632
vn -63.177933 -75.401074 17.978511
vn -55.323593 -81.254003 18.359929
vn -63.178586 -76.433436 12.899458
vn -55.324227 -82.254800 13.167298
vn -63.179024 -77.124251 7.762792
vn -55.324650 -82.924246 7.921647
vn -63.179243 -77.470431 2.591455
vn -63.173231 -67.970753 -37.270895
vn -55.317400 -71.466424 -42.808124
vn -46.934012 -72.722534 -50.086241
vn -38.103463 -72.666176 -57.164263
vn -28.909837 -71.335993 -63.838839
vn -19.440685 -68.802902 -69.915810
vn -9.786194 -65.168211 -75.215256
vn -0.038324 -60.560957 -79.576184
vn 9.710065 -55.134522 -82.860721
vn 19.366099 -49.062624 -84.957714
vn 28.837779 -42.534777 -85.785636
vn 38.034856 -35.751348 -85.294729
vn 46.869692 -28.918335 -83.468328
vn -63.171560 -65.329456 -41.730280
vn -55.315591 -68.607410 -47.256838
vn -46.931909 -69.399395 -54.599632
vn -38.101076 -68.894246 -61.659475
vn -28.907184 -67.143425 -68.235879
vn -19.437792 -64.230021 -74.139576
vn -9.783092 -60.266548 -79.197439
vn -0.035053 -55.391995 -83.256985
vn 9.713461 -49.768180 -86.190353
vn 19.369571 -43.575519 -87.897633
vn 28.841276 -37.008317 -88.309486
vn 38.038325 -30.269693 -87.388967
vn 46.873079 -23.566285 -85.132512
vn -63.169704 -62.396203 -46.003287
vn -55.313606 -65.471998 -51.515264
vn -46.929629 -65.796690 -58.893170
vn -38.098514 -64.844806 -65.906406
vn -28.904360 -62.680421 -72.358156
vn -19.434734 -59.398459 -78.064808
vn -9.779836 -55.122189 -82.860721
vn -0.031640 -49.999990 -86.602540
vn 9.716984 -44.201464 -89.172926
vn 19.373155 -37.913001 -90.483618
vn 28.844868 -31.332911 -90.477745
vn 38.041871 -24.666249 -89.131320
vn 46.876526 -18.119462 -86.453898
vn -63.167671 -59.184096 -50.070832
vn -55.311455 -62.072812 -55.566257
vn -46.927181 -61.928926 -62.949566
vn -38.095786 -60.534162 -69.887955
vn -28.901376 -57.964951 -76.189073
vn -19.431525 -54.327670 -81.675700
vn -9.776441 -49.755847 -86.190353
vn -0.028101 -44.406652 -89.599377
vn 9.720619 -38.456789 -91.796432
vn 19.376835 -32.097870 -92.705259
vn 28.848539 -25.531413 -92.281682
vn 38.045479 -18.963579 -90.514773
vn 46.880019 -12.599797 -87.427164
vn -63.165471 -55.707479 -53.914748
vn -55.309146 -58.423539 -59.393505
vn -46.924576 -57.811675 -66.752486
vn -38.092904 -55.979672 -73.588090
vn -28.898244 -53.016004 -79.713204
vn -19.428178 -49.038074 -84.957714
vn -9.772918 -44.189131 -89.172926
vn -0.024448 -38.634505 -92.235429
vn 9.724352 -32.557287 -94.050306
vn 19.380596 -26.153542 -94.553608
vn 28.852275 -19.627182 -93.714033
vn 38.049136 -13.184648 -91.533755
vn 46.883544 -7.029517 -88.048391
vn -63.163113 -51.981881 -57.517868
vn -55.306688 -54.538875 -62.981595
vn -46.921823 -53.461519 -70.286617
vn -38.089879 -51.199674 -76.991912
vn -28.894978 -47.853506 -82.916357
vn -19.424706 -43.550970 -87.897633
vn -9.769283 -38.444456 -91.796432
vn -0.020697 -32.706790 -94.500082
vn 9.728168 -26.526714 -95.925472
vn 19.384424 -20.103952 -96.021223
vn 28.856061 -13.643993 -94.769031
vn 38.052827 -7.352723 -92.184163
vn 46.887087 -1.431051 -88.315079
vn -63.160609 -48.023941 -60.864100
vn -55.304091 -50.434462 -66.316081
vn -46.918934 -48.895972 -73.537729
vn -38.086724 -46.213416 -80.085714
vn -28.891589 -42.498245 -85.785636
vn -19.421122 -37.888452 -90.483618
vn -9.765549 -32.544954 -94.050306
vn -0.016863 -26.647376 -96.384216
vn 9.732052 -20.389351 -97.414380
vn 19.388304 -13.973460 -97.102194
vn 28.859882 -7.605937 -95.442427
vn 38.056536 -1.491288 -92.463377
vn 46.890633 4.173058 -88.226153
vn -63.157968 -43.851336 -63.938497
vn -55.301365 -46.126825 -69.383536
vn -46.915920 -44.133418 -76.492730
vn -38.083451 -41.040976 -82.857040
vn -28.888091 -36.971785 -88.309486
vn -19.417443 -32.073321 -92.705259
vn -9.761733 -26.514380 -95.925472
vn -0.012960 -20.480663 -97.880245
vn 9.735988 -14.169912 -98.511036
vn 19.392219 -7.786751 -97.792169
vn 28.863723 -1.537329 -95.731511
vn 38.060249 4.376055 -92.370274
vn 46.894169 9.760244 -87.781972
vn -63.155204 -39.482701 -66.727330
vn -55.298521 -41.633312 -72.171607
vn -46.912794 -39.193036 -79.139723
vn -38.080073 -35.703182 -85.294729
vn -28.884500 -31.296380 -90.477745
vn -19.413681 -26.128993 -94.553608
vn -9.757849 -20.377018 -97.414380
vn -0.009006 -14.231481 -98.982144
vn 9.739960 -7.893442 -99.211021
vn 19.396154 -1.568737 -98.088370
vn 28.867567 4.537395 -95.635117
vn 38.063950 10.225679 -91.905229
vn 46.897679 15.308009 -86.984324
vn -63.152327 -34.937549 -69.218142
vn -55.295571 -36.972015 -74.669069
vn -46.909568 -34.094718 -81.468047
vn -38.076604 -30.221526 -87.388967
vn -28.880829 -25.494881 -92.281682
vn -19.409853 -20.079402 -96.021223
vn -9.753914 -14.157579 -98.511036
vn -0.005015 -7.924994 -99.685478
vn 9.743951 -1.585211 -99.511520
vn 19.400092 4.655544 -97.989603
vn 28.871399 10.593776 -95.153635
vn 38.067626 16.034032 -91.070114
vn 46.901151 20.794015 -85.836420
vn -63.149352 -30.236179 -71.399809
vn -55.292527 -32.161704 -76.865865
vn -46.906254 -28.858992 -83.468328
vn -38.073058 -24.618083 -89.131320
vn -28.877093 -19.590650 -93.714033
vn -19.405973 -13.948910 -97.102194
vn -9.749942 -7.881108 -99.211021
vn -0.001004 -1.586596 -99.987413
vn 9.747947 4.729377 -99.411320
vn 19.404019 10.861030 -97.496267
vn 28.875205 16.607426 -94.289002
vn 38.071261 21.777724 -89.868292
vn 46.904569 26.196171 -84.342883
vn -63.146292 -25.399588 -73.262588
vn -55.289401 -27.221748 -78.753149
vn -46.902868 -23.506943 -85.132512
vn -38.069449 -18.915413 -90.514773
vn -28.873306 -13.607461 -94.769031
vn -19.402058 -7.762201 -97.792169
vn -9.745950 -1.572878 -99.511520
vn 0.003011 4.758191 -99.886734
vn 9.751931 11.024897 -98.910826
vn 19.407918 17.022733 -96.610348
vn 28.878968 22.554130 -93.044701
vn 38.074840 27.433628 -88.304601
vn 46.907921 31.492725 -82.509728
vn -55.286206 -22.172039 -80.323323
vn -63.143159 -20.449379 -74.798157
vn -55.282954 -17.032910 -81.570062
vn -63.139969 -15.407659 -75.999661
vn -55.279658 -11.825055 -82.488348
vn -63.136735 -10.296946 -76.861731
vn -55.276332 -6.569443 -83.074482
vn -63.133471 -5.140066 -77.380518
vn -55.272990 -1.287238 -83.326104
vn -63.130193 0.039949 -77.553705
vn -55.269644 4.000291 -83.242202
vn -63.126915 5.219964 -77.380518
vn -55.266308 9.271853 -82.823112
vn -63.123652 10.376844 -76.861731
vn -55.262995 14.506221 -82.070524
vn -63.120418 15.487557 -75.999661
vn -55.259720 19.682319 -80.987466
vn -63.117228 20.529277 -74.798157
vn -55.256495 24.779304 -79.578300
vn -63.114095 25.479487 -73.262588
vn -55.253332 29.776653 -77.848701
vn -63.111034 30.316078 -71.399809
vn -55.250246 34.654242 -75.805632
vn -63.108059 35.017448 -69.218142
vn -55.247247 39.392432 -73.457321
vn -63.105183 39.562600 -66.727330
vn -55.244349 43.972143 -70.813223
vn -63.102419 43.931234 -63.938497
vn -55.241563 48.374934 -67.883985
vn -63.099778 48.103839 -60.864100
vn -55.238900 52.583078 -64.681403
vn -63.097274 52.061780 -57.517868
vn -55.236371 56.579629 -61.218371
vn -63.094916 55.787378 -53.914748
vn -55.233986 60.348494 -57.508834
vn -63.092716 59.263994 -50.070832
vn -63.081363 77.204149 -7.762792
vn -55.219523 83.203770 -5.285533
vn -46.832080 88.355850 0.000000
vn -37.999063 92.312900 5.865128
vn -28.804584 94.991534 12.120412
vn -19.336181 96.340166 18.565683
vn -9.683990 96.340319 24.995264
vn 0.060121 95.007093 31.203345
vn 9.803419 92.388748 36.989352
vn 19.453191 88.565449 42.163189
vn 28.917628 83.647170 46.550207
vn -63.081144 77.550330 -2.591455
vn -55.219417 83.371554 0.000000
vn -46.832192 88.178021 5.601994
vn -37.999416 91.755103 11.706639
vn -28.805191 94.031598 18.119588
vn -19.337049 94.968718 24.637798
vn -9.685116 94.561070 31.054831
vn 0.058748 92.836775 37.166246
vn 9.801817 89.856718 42.774929
vn 19.451386 85.712959 47.696249
vn -63.081144 77.550330 2.591455
vn -55.219523 83.203770 5.285533
vn -46.832530 87.645250 11.181430
vn -38.000003 90.827938 17.501012
vn -28.806038 92.693104 24.045803
vn -19.338159 93.214915 30.610705
vn -9.686482 92.401082 36.989352
vn 0.057138 90.292636 42.979491
vn 9.799985 86.962842 48.388267
vn -63.081363 77.204149 7.762792
vn -55.219841 82.701096 10.549784
vn -46.833090 86.759681 16.715843
vn -38.000821 89.535138 23.224914
vn -28.807122 90.981441 29.875194
vn -19.339506 91.085817 36.460354
vn -9.688085 89.869052 42.774929
vn 0.055298 87.384920 48.619674
vn -63.081800 76.513335 12.899458
vn -55.220370 81.865553 15.771554
vn -46.833871 85.524882 22.182947
vn -38.001867 87.881909 28.855298
vn -28.808436 88.903501 35.584287
vn -19.341086 88.589999 42.163189
vn -9.689916 86.975176 48.388267
vn -63.082454 75.480972 17.978511
vn -55.221107 80.700508 20.929818
vn -46.834871 83.945823 27.560728
vn -38.003137 85.874907 34.369492
vn -28.809978 86.467652 41.150096
vn -19.342891 85.737509 47.696249
vn -63.083320 74.111671 22.977269
vn -55.222050 79.210652 26.003805
vn -46.836084 82.028864 32.827531
vn -38.004626 83.522214 39.745292
vn -28.811740 83.683701 46.550207
vn -63.084396 72.411548 27.873404
vn -55.223194 77.401983 30.973083
vn -46.837506 79.781722 37.962150
vn -38.006328 80.833303 44.961052
vn -63.085676 70.388196 32.645050
vn -55.224536 75.281784 35.817644
vn -46.839131 77.213448 42.943909
vn -63.087156 68.050651 37.270895
vn -55.226070 72.858593 40.517980
vn -63.088827 65.409354 41.730280
vn 46.890633 4.173058 88.226153
vn 46.887087 -1.431051 88.315079
vn 46.883544 -7.029517 88.048391
vn 46.880019 -12.599797 87.427164
vn 46.876526 -18.119462 86.453898
vn 46.873079 -23.566285 85.132512
vn 38.060249 4.376055 92.370274
vn 38.056536 -1.491288 92.463377
vn 38.052827 -7.352723 92.184163
vn 38.049136 -13.184648 91.533755
vn 38.045479 -18.963579 90.514773
vn 38.041871 -24.666249 89.131320
vn 46.894169 9.760244 87.781972
vn 46.897679 15.308009 86.984324
vn 46.901151 20.794015 85.836420
vn 46.904569 26.196171 84.342883
vn 46.907921 31.492725 82.509728
vn 46.911193 36.662350 80.344335
vn 46.914370 41.684228 77.855423
vn 46.917442 46.538140 75.053016
vn 46.920395 51.204539 71.948396
vn 46.923217 55.664637 68.554065
vn 46.925898 59.900473 64.883692
vn 46.928426 63.894991 60.952055
vn 46.930790 67.632108 56.774985
vn 28.867567 4.537395 95.635117
vn 28.863723 -1.537329 95.731511
vn 28.859882 -7.605937 95.442427
vn 28.856061 -13.643993 94.769031
vn 28.852275 -19.627182 93.714033
vn 28.848539 -25.531413 92.281682
vn 38.063950 10.225679 91.905229
vn 38.067626 16.034032 91.070114
vn 38.071261 21.777724 89.868292
vn 38.074840 27.433628 88.304601
vn 38.078349 32.978970 86.385340
vn 38.081774 38.391420 84.118235
vn 38.085101 43.649184 81.512415
vn 38.088317 48.731091 78.578374
vn 38.091409 53.616679 75.327925
vn 38.094364 58.286274 71.774158
vn 38.097170 62.721074 67.931381
vn 38.099817 66.903221 63.815069
vn 38.102293 70.815876 59.441795
vn 19.400092 4.655544 97.989603
vn 19.396154 -1.568737 98.088370
vn 19.392219 -7.786751 97.792169
vn 19.388304 -13.973460 97.102194
vn 19.384424 -20.103952 96.021223
vn 19.380596 -26.153542 94.553608
vn 28.871399 10.593776 95.153635
vn 28.875205 16.607426 94.289002
vn 28.878968 22.554130 93.044701
vn 28.882673 28.409943 91.425742
vn 28.886307 34.151285 89.438644
vn 28.889853 39.755039 87.091407
vn 28.893297 45.198640 84.393485
vn 28.896627 50.460168 81.355740
vn 28.899828 55.518438 77.990403
vn 28.902887 60.353081 74.311027
vn 28.905793 64.944629 70.332427
vn 28.908533 69.274595 66.070623
vn 28.911096 73.325543 61.542775
vn 9.747947 4.729377 99.411320
vn 9.743951 -1.585211 99.511520
vn 9.739960 -7.893442 99.211021
vn 9.735988 -14.169912 98.511036
vn 9.732052 -20.389351 97.414380
vn 9.728168 -26.526714 95.925472
vn 19.404019 10.861030 97.496267
vn 19.407918 17.022733 96.610348
vn 19.411774 23.115842 95.335413
vn 19.415571 29.115821 93.676595
vn 19.419294 34.998513 91.640576
vn 19.422927 40.740228 89.235552
vn 19.426457 46.317848 86.471208
vn 19.429868 51.708912 83.358675
vn 19.433148 56.891713 79.910486
vn 19.436283 61.845382 76.140525
vn 19.439260 66.549972 72.063974
vn 19.442067 70.986540 67.697246
vn 19.444694 75.137220 63.057926
vn 0.003011 4.758191 99.886734
vn -0.001004 -1.586596 99.987413
vn -0.005015 -7.924994 99.685478
vn -0.009006 -14.231481 98.982144
vn -0.012960 -20.480663 97.880245
vn -0.016863 -26.647376 96.384216
vn 9.751931 11.024897 98.910826
vn 9.755887 17.275999 98.012053
vn 9.759799 23.457512 96.718620
vn 9.763651 29.544545 95.035735
vn 9.767427 35.512587 92.970175
vn 9.771113 41.337608 90.530257
vn 9.774694 46.996152 87.725806
vn 9.778155 52.465435 84.568113
vn 9.781482 57.723433 81.069895
vn 9.784663 62.748974 77.245237
vn 9.787683 67.521822 73.109540
vn 9.790531 72.022759 68.679456
vn 9.793196 76.233661 63.972824
vn -9.741954 4.741711 99.411320
vn -9.745950 -1.572878 99.511520
vn -9.749942 -7.881108 99.211021
vn -9.753914 -14.157579 98.511036
vn -9.757849 -20.377018 97.414380
vn -9.761733 -26.514380 95.925472
vn 0.007014 11.083818 99.383846
vn 0.010989 17.364814 98.480775
vn 0.014919 23.575889 97.181157
vn 0.018789 29.692032 95.490224
vn 0.022584 35.688615 93.414786
vn 0.026288 41.541493 90.963200
vn 0.029886 47.227098 88.145336
vn 0.033363 52.722536 84.972543
vn 0.036707 58.005679 81.457595
vn 0.039902 63.055254 77.614646
vn 0.042937 67.850928 73.459171
vn 0.045799 72.373389 69.007901
vn 0.048476 76.604429 64.278761
vn -19.394185 4.680094 97.989603
vn -19.398123 -1.544187 98.088370
vn -19.402058 -7.762201 97.792169
vn -19.405973 -13.948910 97.102194
vn -19.409853 -20.079402 96.021223
vn -19.413681 -26.128993 94.553608
vn -9.737970 11.037231 98.910826
vn -9.734014 17.288333 98.012053
vn -9.730103 23.469845 96.718620
vn -9.726251 29.556878 95.035735
vn -9.722474 35.524921 92.970175
vn -9.718788 41.349942 90.530257
vn -9.715207 47.008486 87.725806
vn -9.711746 52.477768 84.568113
vn -9.708419 57.735766 81.069895
vn -9.705239 62.761307 77.245237
vn -9.702218 67.534156 73.109540
vn -9.699370 72.035093 68.679456
vn -9.696705 76.245994 63.972824
vn -28.861801 4.573927 95.635117
vn -28.865645 -1.500798 95.731511
vn -28.869485 -7.569406 95.442427
vn -28.873306 -13.607461 94.769031
vn -28.877093 -19.590650 93.714033
vn -28.880829 -25.494881 92.281682
vn -19.390258 10.885579 97.496267
vn -19.386359 17.047282 96.610348
vn -19.382503 23.140391 95.335413
vn -19.378706 29.140371 93.676595
vn -19.374983 35.023062 91.640576
vn -19.371350 40.764778 89.235552
vn -19.367820 46.342397 86.471208
vn -19.364409 51.733461 83.358675
vn -19.361129 56.916263 79.910486
vn -19.357994 61.869932 76.140525
vn -19.355017 66.574522 72.063974
vn -19.352210 71.011089 67.697246
vn -19.349583 75.161769 63.057926
vn -38.054680 4.424221 92.370274
vn -38.058393 -1.443122 92.463377
vn -38.062102 -7.304557 92.184163
vn -38.065792 -13.136481 91.533755
vn -38.069449 -18.915413 90.514773
vn -38.073058 -24.618083 89.131320
vn -28.857968 10.630308 95.153635
vn -28.854163 16.643958 94.289002
vn -28.850400 22.590662 93.044701
vn -28.846694 28.446475 91.425742
vn -28.843061 34.187817 89.438644
vn -28.839515 39.791571 87.091407
vn -28.836070 45.235172 84.393485
vn -28.832741 50.496700 81.355740
vn -28.829540 55.554969 77.990403
vn -28.826480 60.389612 74.311027
vn -28.823575 64.981161 70.332427
vn -28.820835 69.311127 66.070623
vn -28.818271 73.362075 61.542775
vn -46.885314 4.232400 88.226153
vn -46.888860 -1.371709 88.315079
vn -46.892403 -6.970175 88.048391
vn -46.895928 -12.540455 87.427164
vn -46.899421 -18.060119 86.453898
vn -46.902868 -23.506943 85.132512
vn -38.050978 10.273845 91.905229
vn -38.047303 16.082198 91.070114
vn -38.043668 21.825890 89.868292
vn -38.040089 27.481794 88.304601
vn -38.036580 33.027136 86.385340
vn -38.033155 38.439586 84.118235
vn -38.029828 43.697350 81.512415
vn -38.026612 48.779258 78.578374
vn -38.023520 53.664845 75.327925
vn -38.020565 58.334440 71.774158
vn -38.017759 62.769240 67.931381
vn -38.015112 66.951387 63.815069
vn -38.012636 70.864042 59.441795
vn -46.881778 9.819586 87.781972
vn -46.878268 15.367351 86.984324
vn -46.874796 20.853357 85.836420
vn -46.871378 26.255513 84.342883
vn -46.868026 31.552067 82.509728
vn -46.864754 36.721692 80.344335
vn -46.861577 41.743571 77.855423
vn -46.858505 46.597482 75.053016
vn -46.855552 51.263882 71.948396
vn -46.852730 55.723979 68.554065
vn -46.850049 59.959815 64.883692
vn -46.847521 63.954333 60.952055
vn -46.845157 67.691450 56.774985
vn 46.928426 63.894991 -60.952055
vn 46.925898 59.900473 -64.883692
vn 46.923217 55.664637 -68.554065
vn 46.920395 51.204539 -71.948396
vn 46.917442 46.538140 -75.053016
vn 46.914370 41.684228 -77.855423
vn 46.911193 36.662350 -80.344335
vn 38.099817 66.903221 -63.815069
vn 38.097170 62.721074 -67.931381
vn 38.094364 58.286274 -71.774158
vn 38.091409 53.616679 -75.327925
vn 38.088317 48.731091 -78.578374
vn 38.085101 43.649184 -81.512415
vn 38.081774 38.391420 -84.118235
vn 38.078349 32.978970 -86.385340
vn 28.908533 69.274595 -66.070623
vn 28.905793 64.944629 -70.332427
vn 28.902887 60.353081 -74.311027
vn 28.899828 55.518438 -77.990403
vn 28.896627 50.460168 -81.355740
vn 28.893297 45.198640 -84.393485
vn 28.889853 39.755039 -87.091407
vn 28.886307 34.151285 -89.438644
vn 28.882673 28.409943 -91.425742
vn 19.442067 70.986540 -67.697246
vn 19.439260 66.549972 -72.063974
vn 19.436283 61.845382 -76.140525
vn 19.433148 56.891713 -79.910486
vn 19.429868 51.708912 -83.358675
vn 19.426457 46.317848 -86.471208
vn 19.422927 40.740228 -89.235552
vn 19.419294 34.998513 -91.640576
vn 19.415571 29.115821 -93.676595
vn 19.411774 23.115842 -95.335413
vn 9.790531 72.022759 -68.679456
vn 9.787683 67.521822 -73.109540
vn 9.784663 62.748974 -77.245237
vn 9.781482 57.723433 -81.069895
vn 9.778155 52.465435 -84.568113
vn 9.774694 46.996152 -87.725806
vn 9.771113 41.337608 -90.530257
vn 9.767427 35.512587 -92.970175
vn 9.763651 29.544545 -95.035735
vn 9.759799 23.457512 -96.718620
vn 9.755887 17.275999 -98.012053
vn 0.045799 72.373389 -69.007901
vn 0.042937 67.850928 -73.459171
vn 0.039902 63.055254 -77.614646
vn 0.036707 58.005679 -81.457595
vn 0.033363 52.722536 -84.972543
vn 0.029886 47.227098 -88.145336
vn 0.026288 41.541493 -90.963200
vn 0.022584 35.688615 -93.414786
vn 0.018789 29.692032 -95.490224
vn 0.014919 23.575889 -97.181157
vn 0.010989 17.364814 -98.480775
vn 0.007014 11.083818 -99.383846
vn -9.699370 72.035093 -68.679456
vn -9.702218 67.534156 -73.109540
vn -9.705239 62.761307 -77.245237
vn -9.708419 57.735766 -81.069895
vn -9.711746 52.477768 -84.568113
vn -9.715207 47.008486 -87.725806
vn -9.718788 41.349942 -90.530257
vn -9.722474 35.524921 -92.970175
vn -9.726251 29.556878 -95.035735
vn -9.730103 23.469845 -96.718620
vn -9.734014 17.288333 -98.012053
vn -9.737970 11.037231 -98.910826
vn -9.741954 4.741711 -99.411320
vn -19.352210 71.011089 -67.697246
vn -19.355017 66.574522 -72.063974
vn -19.357994 61.869932 -76.140525
vn -19.361129 56.916263 -79.910486
vn -19.364409 51.733461 -83.358675
vn -19.367820 46.342397 -86.471208
vn -19.371350 40.764778 -89.235552
vn -19.374983 35.023062 -91.640576
vn -19.378706 29.140371 -93.676595
vn -19.382503 23.140391 -95.335413
vn -19.386359 17.047282 -96.610348
vn -19.390258 10.885579 -97.496267
vn -19.394185 4.680094 -97.989603
vn -19.398123 -1.544187 -98.088370
vn -28.820835 69.311127 -66.070623
vn -28.823575 64.981161 -70.332427
vn -28.826480 60.389612 -74.311027
vn -28.829540 55.554969 -77.990403
vn -28.832741 50.496700 -81.355740
vn -28.836070 45.235172 -84.393485
vn -28.839515 39.791571 -87.091407
vn -28.843061 34.187817 -89.438644
vn -28.846694 28.446475 -91.425742
vn -28.850400 22.590662 -93.044701
vn -28.854163 16.643958 -94.289002
vn -28.857968 10.630308 -95.153635
vn -28.861801 4.573927 -95.635117
vn -28.865645 -1.500798 -95.731511
vn -28.869485 -7.569406 -95.442427
vn -38.015112 66.951387 -63.815069
vn -38.017759 62.769240 -67.931381
vn -38.020565 58.334440 -71.774158
vn -38.023520 53.664845 -75.327925
vn -38.026612 48.779258 -78.578374
vn -38.029828 43.697350 -81.512415
vn -38.033155 38.439586 -84.118235
vn -38.036580 33.027136 -86.385340
vn -38.040089 27.481794 -88.304601
vn -38.043668 21.825890 -89.868292
vn -38.047303 16.082198 -91.070114
vn -38.050978 10.273845 -91.905229
vn -38.054680 4.424221 -92.370274
vn -38.058393 -1.443122 -92.463377
vn -38.062102 -7.304557 -92.184163
vn -38.065792 -13.136481 -91.533755
vn -46.847521 63.954333 -60.952055
vn -46.850049 59.959815 -64.883692
vn -46.852730 55.723979 -68.554065
vn -46.855552 51.263882 -71.948396
vn -46.858505 46.597482 -75.053016
vn -46.861577 41.743571 -77.855423
vn -46.864754 36.721692 -80.344335
vn -46.868026 31.552067 -82.509728
vn -46.871378 26.255513 -84.342883
vn -46.874796 20.853357 -85.836420
vn -46.878268 15.367351 -86.984324
vn -46.881778 9.819586 -87.781972
vn -46.885314 4.232400 -88.226153
vn -46.888860 -1.371709 -88.315079
vn -46.892403 -6.970175 -88.048391
vn -46.895928 -12.540455 -87.427164
vn -46.899421 -18.060119 -86.453898
vn 46.832333 -87.955903 8.395939
vn 46.832782 -87.246375 13.955662
vn 46.833453 -86.185657 19.459192
vn 46.834344 -84.778019 24.884365
vn 46.835451 -83.029130 30.209339
vn 46.836769 -80.946031 35.412669
vn 46.838293 -78.537110 40.473406
vn 46.840018 -75.812068 45.371170
vn 46.841935 -72.781876 50.086241
vn 46.844038 -69.458738 54.599632
vn 46.846318 -65.856032 58.893170
vn 46.848766 -61.988268 62.949566
vn 46.851371 -57.871018 66.752486
vn 46.854124 -53.520861 70.286617
vn 46.857013 -48.955314 73.537729
vn 46.860027 -44.192761 76.492730
vn 46.863153 -39.252378 79.139723
vn 37.999210 -92.080348 8.790309
vn 37.999680 -91.337493 14.611182
vn 38.000383 -90.226951 20.373220
vn 38.001316 -88.753195 26.053223
vn 38.002474 -86.922157 31.628319
vn 38.003855 -84.741212 37.076058
vn 38.005451 -82.219140 42.374506
vn 38.007256 -79.366098 47.502326
vn 38.009264 -76.193574 52.438871
vn 38.011465 -72.714342 57.164263
vn 38.013852 -68.942412 61.659475
vn 38.016415 -64.892972 65.906406
vn 38.019143 -60.582329 69.887955
vn 38.022025 -56.027838 73.588090
vn 38.025050 -51.247840 76.991912
vn 38.028205 -46.261582 80.085714
vn 38.031478 -41.089143 82.857040
vn 28.804371 -95.328275 9.101004
vn 28.804858 -94.559164 15.127616
vn 28.805585 -93.409370 21.093315
vn 28.806551 -91.883523 26.974079
vn 28.807750 -89.987767 32.746227
vn 28.809179 -87.729735 38.386518
vn 28.810832 -85.118521 43.872239
vn 28.812701 -82.164638 49.181303
vn 28.814779 -78.879980 54.292331
vn 28.817059 -75.277774 59.184743
vn 28.819530 -71.372525 63.838839
vn 28.822183 -67.179957 68.235879
vn 28.825008 -62.716953 72.358156
vn 28.827992 -58.001483 76.189073
vn 28.831123 -53.052535 79.713204
vn 28.834390 -47.890037 82.916357
vn 28.837779 -42.534777 85.785636
vn 19.335341 -97.668765 9.325066
vn 19.335839 -96.880719 15.500050
vn 19.336585 -95.702618 21.612621
vn 19.337574 -94.139205 27.638166
vn 19.338803 -92.196777 33.552422
vn 19.340267 -89.883154 39.331573
vn 19.341961 -87.207653 44.952351
vn 19.343876 -84.181047 50.392121
vn 19.346006 -80.815523 55.628980
vn 19.348341 -77.124632 60.641840
vn 19.350873 -73.123238 65.410518
vn 19.353592 -68.827451 69.915810
vn 19.356485 -64.254570 74.139576
vn 19.359543 -59.423008 78.064808
vn 19.362752 -54.352220 81.675700
vn 19.366099 -49.062624 84.957714
vn 19.369571 -43.575519 87.897633
vn 9.682256 -99.079541 9.460362
vn 9.682762 -98.280061 15.724938
vn 9.683518 -97.084867 21.926196
vn 9.684522 -95.498771 28.039164
vn 9.685769 -93.528160 34.039229
vn 9.687254 -91.180969 39.902229
vn 9.688972 -88.466650 45.604558
vn 9.690915 -85.396131 51.123253
vn 9.693076 -81.981777 56.436092
vn 9.695445 -78.237336 61.521684
vn 9.698014 -74.177886 66.359549
vn 9.700772 -69.819772 70.930208
vn 9.703708 -65.180544 75.215256
vn 9.706810 -60.278881 79.197439
vn 9.710065 -55.134522 82.860721
vn 9.713461 -49.768180 86.190353
vn 9.716984 -44.201464 89.172926
vn -0.062994 -99.547172 9.505604
vn -0.062486 -98.743869 15.800140
vn -0.061726 -97.542959 22.031053
vn -0.060718 -95.949278 28.173256
vn -0.059465 -93.969243 34.202014
vn -0.057972 -91.610827 40.093054
vn -0.056246 -88.883527 45.822652
vn -0.054294 -85.798324 51.367739
vn -0.052123 -82.367642 56.705986
vn -0.049742 -78.605294 61.815899
vn -0.047161 -74.526430 66.676900
vn -0.044390 -70.147475 71.269417
vn -0.041440 -65.486060 75.574957
vn -0.038324 -60.560957 79.576184
vn -0.035053 -55.391995 83.256985
vn -0.031640 -49.999990 86.602540
vn -0.028101 -44.406652 89.599377
vn -9.807645 -99.067208 9.460362
vn -9.807139 -98.267728 15.724938
vn -9.806383 -97.072534 21.926196
vn -9.805379 -95.486438 28.039164
vn -9.804132 -93.515827 34.039229
vn -9.802647 -91.168636 39.902229
vn -9.800929 -88.454316 45.604558
vn -9.798986 -85.383798 51.123253
vn -9.796826 -81.969444 56.436092
vn -9.794456 -78.225003 61.521684
vn -9.791887 -74.165552 66.359549
vn -9.789129 -69.807439 70.930208
vn -9.786194 -65.168211 75.215256
vn -9.783092 -60.266548 79.197439
vn -9.779836 -55.122189 82.860721
vn -9.776441 -49.755847 86.190353
vn -9.772918 -44.189131 89.172926
vn -19.458936 -97.644216 9.325066
vn -19.458438 -96.856170 15.500050
vn -19.457692 -95.678069 21.612621
vn -19.456703 -94.114656 27.638166
vn -19.455474 -92.172228 33.552422
vn -19.454010 -89.858605 39.331573
vn -19.452317 -87.183104 44.952351
vn -19.450401 -84.156497 50.392121
vn -19.448272 -80.790973 55.628980
vn -19.445936 -77.100083 60.641840
vn -19.443404 -73.098688 65.410518
vn -19.440685 -68.802902 69.915810
vn -19.437792 -64.230021 74.139576
vn -19.434734 -59.398459 78.064808
vn -19.431525 -54.327670 81.675700
vn -19.428178 -49.038074 84.957714
vn -19.424706 -43.550970 87.897633
vn -28.924997 -95.291743 9.101004
vn -28.924510 -94.522632 15.127616
vn -28.923783 -93.372838 21.093315
vn -28.922817 -91.846991 26.974079
vn -28.921617 -89.951235 32.746227
vn -28.920188 -87.693204 38.386518
vn -28.918536 -85.081989 43.872239
vn -28.916667 -82.128106 49.181303
vn -28.914588 -78.843448 54.292331
vn -28.912309 -75.241242 59.184743
vn -28.909837 -71.335993 63.838839
vn -28.907184 -67.143425 68.235879
vn -28.904360 -62.680421 72.358156
vn -28.901376 -57.964951 76.189073
vn -28.898244 -53.016004 79.713204
vn -28.894978 -47.853506 82.916357
vn -28.891589 -42.498245 85.785636
vn -38.115718 -92.032182 8.790309
vn -38.115248 -91.289327 14.611182
vn -38.114546 -90.178785 20.373220
vn -38.113613 -88.705028 26.053223
vn -38.112454 -86.873991 31.628319
vn -38.111074 -84.693045 37.076058
vn -38.109478 -82.170974 42.374506
vn -38.107673 -79.317932 47.502326
vn -38.105665 -76.145408 52.438871
vn -38.103463 -72.666176 57.164263
vn -38.101076 -68.894246 61.659475
vn -38.098514 -64.844806 65.906406
vn -38.095786 -60.534162 69.887955
vn -38.092904 -55.979672 73.588090
vn -38.089879 -51.199674 76.991912
vn -38.086724 -46.213416 80.085714
vn -38.083451 -41.040976 82.857040
vn -46.943614 -87.896560 8.395939
vn -46.943165 -87.187033 13.955662
vn -46.942494 -86.126315 19.459192
vn -46.941603 -84.718677 24.884365
vn -46.940496 -82.969788 30.209339
vn -46.939178 -80.886689 35.412669
vn -46.937654 -78.477768 40.473406
vn -46.935929 -75.752726 45.371170
vn -46.934012 -72.722534 50.086241
vn -46.931909 -69.399395 54.599632
vn -46.929629 -65.796690 58.893170
vn -46.927181 -61.928926 62.949566
vn -46.924576 -57.811675 66.752486
vn -46.921823 -53.461519 70.286617
vn -46.918934 -48.895972 73.537729
vn -46.915920 -44.133418 76.492730
vn -46.912794 -39.193036 79.139723
vn 0.061985 97.952975 -20.129852
vn 0.062551 98.846813 -15.142778
vn 0.063281 99.999980 0.000000
vn 0.063200 99.871631 5.064917
vn 0.061985 97.952975 20.129852
vn 0.061261 96.807693 25.065253
vn 0.058152 91.895763 39.435586
vn 0.056814 89.780436 44.039415
vn 0.051939 82.076328 57.126822
vn 0.050041 79.077558 61.210598
vn 0.043598 68.896678 72.479279
vn 0.041219 65.137235 75.875812
vn 0.033473 52.896390 84.864426
vn 0.030710 48.530187 87.434662
vn 0.021978 34.730518 93.775213
vn 0.018944 29.936306 95.413926
vn 0.009582 15.142775 98.846832
vn 0.006402 10.116830 99.486932
vn -0.003205 -5.064916 99.871651
vn -0.006402 -10.116830 99.486932
vn -0.015862 -25.065248 96.807712
vn -0.018944 -29.936306 95.413926
vn -0.027869 -44.039406 89.780454
vn -0.030710 -48.530187 87.434662
vn -0.038735 -61.210586 79.077574
vn -0.041219 -65.137235 75.875812
vn -0.048015 -75.875797 65.137248
vn -0.050041 -79.077558 61.210598
vn -0.055329 -87.434644 48.530196
vn -0.056814 -89.780436 44.039415
vn -0.060379 -95.413907 29.936312
vn -0.061261 -96.807693 25.065253
vn -0.062956 -99.486912 10.116832
vn -0.063200 -99.871631 5.064917
vn -0.062956 -99.486912 -10.116832
vn -0.062551 -98.846813 -15.142778
vn -0.060379 -95.413907 -29.936312
vn -0.059342 -93.775194 -34.730525
vn -0.055329 -87.434644 -48.530196
vn -0.053703 -84.864409 -52.896401
vn -0.048015 -75.875797 -65.137248
vn -0.046690 -73.781758 -67.500000
vn -0.038735 -61.210586 -79.077574
vn -0.036891 -58.296532 -81.249695
vn -0.027869 -44.039406 -89.780454
vn -0.025509 -40.311281 -91.515026
vn -0.015862 -25.065248 -96.807712
vn -0.013034 -20.597294 -97.855768
vn -0.003205 -5.064916 -99.871651
vn -0.000000 -0.000000 -100.000000
vn 0.009582 15.142775 -98.846832
vn 0.013034 20.597294 -97.855768
vn 0.021978 34.730518 -93.775213
vn 0.025509 40.311281 -91.515026
vn 0.033473 52.896390 -84.864426
vn 0.036891 58.296532 -81.249695
vn 0.043598 68.896678 -72.479279
vn 0.046690 73.781758 -67.500000
vn 0.051939 82.076328 -57.126822
vn 0.046690 73.781758 -67.500000
vn 0.053703 84.864409 -52.896401
vn 0.051939 82.076328 -57.126822
vn 0.058152 91.895763 -39.435586
vn 0.059342 93.775194 -34.730525
vn 0.058152 91.895763 -39.435586
vn 0.061985 97.952975 20.129852
vn 0.063281 99.999980 0.000000
vn 0.061985 97.952975 -20.129852
vn 0.058152 91.895763 39.435586
vn 0.051939 82.076328 57.126822
vn 0.043598 68.896678 72.479279
vn 0.033473 52.896390 84.864426
vn 0.021978 34.730518 93.775213
vn 0.009582 15.142775 98.846832
vn -0.003205 -5.064916 99.871651
vn -0.015862 -25.065248 96.807712
vn -0.027869 -44.039406 89.780454
vn -0.038735 -61.210586 79.077574
vn -0.048015 -75.875797 65.137248
vn -0.055329 -87.434644 48.530196
vn -0.060379 -95.413907 29.936312
vn -0.062956 -99.486912 10.116832
vn -0.062956 -99.486912 -10.116832
vn -0.060379 -95.413907 -29.936312
vn -0.055329 -87.434644 -48.530196
vn -0.048015 -75.875797 -65.137248
vn -0.046690 -73.781758 -67.500000
vn -0.038735 -61.210586 -79.077574
vn -0.036891 -58.296532 -81.249695
vn -0.027869 -44.039406 -89.780454
vn -0.025509 -40.311281 -91.515026
vn -0.015862 -25.065248 -96.807712
vn -0.013034 -20.597294 -97.855768
vn -0.003205 -5.064916 -99.871651
vn -0.000000 -0.000000 -100.000000
vn 0.009582 15.142775 -98.846832
vn 0.013034 20.597294 -97.855768
vn 0.021978 34.730518 -93.775213
vn 0.025509 40.311281 -91.515026
vn 0.033473 52.896390 -84.864426
vn 0.036891 58.296532 -81.249695
vn 0.043598 68.896678 -72.479279
vn -99.999980 0.063281 0.000000
vn -99.999980 0.063281 0.000000
vn -99.999980 0.063281 0.000000
vn -99.999980 0.063281 0.000000
vn -99.999980 0.063281 0.000000
vn -99.999980 0.063281 0.000000
vn -99.999980 0.063281 0.000000
vn -99.999980 0.063281 0.000000
vn -99.999980 0.063281 0.000000
vn -99.999980 0.063281 0.000000
vn -99.999980 0.063281 0.000000
vn -99.999980 0.063281 0.000000
vn -99.999980 0.063281 0.000000
vn -99.999980 0.063281 0.000000
vn -99.999980 0.063281 0.000000
vn -99.999980 0.063281 0.000000
vn -99.999980 0.063281 0.000000
vn -99.999980 0.063281 0.000000
vn -99.999980 0.063281 0.000000
vn -99.999980 0.063281 0.000000
vn -99.999980 0.063281 0.000000
vn -99.999980 0.063281 0.000000
vn -99.999980 0.063281 0.000000
vn -99.999980 0.063281 0.000000
vn -99.999980 0.063281 0.000000
vn -99.999980 0.063281 0.000000
vn -99.999980 0.063281 0.000000
vn -99.999980 0.063281 0.000000
vn -99.999980 0.063281 0.000000
vn -99.999980 0.063281 0.000000
vn -99.999980 0.063281 0.000000
vn -99.999980 0.063281 0.000000
vn -99.999980 0.063281 0.000000
vn -99.999980 0.063281 0.000000
vn -99.999980 0.063281 0.000000
vn -99.999980 0.063281 0.000000
vn -99.999980 0.063281 0.000000
vn -99.999980 0.063281 0.000000
vn -99.999980 0.063281 0.000000
vn -99.999980 0.063281 0.000000
vn -99.999980 0.063281 0.000000
vn -99.999980 0.063281 0.000000
vn -99.999980 0.063281 0.000000
vn -99.999980 0.063281 0.000000
vn -99.999980 0.063281 0.000000
vn -99.999980 0.063281 0.000000
vn -99.999980 0.063281 0.000000
vn -99.999980 0.063281 0.000000
vn -99.999980 0.063281 0.000000
vn -99.999980 0.063281 0.000000
vn -99.999980 0.063281 0.000000
vn -99.999980 0.063281 0.000000
vn -99.999980 0.063281 0.000000
vn -99.999980 0.063281 0.000000
vn -99.999980 0.063281 0.000000
vn -0.061125 -96.592563 -25.881905
vn -0.061125 -96.592563 -25.881905
vn -0.063281 -99.999980 -0.000000
vn -0.063281 -99.999980 -0.000000
vn -0.061125 -96.592563 25.881905
vn -0.061125 -96.592563 25.881905
vn -0.054803 -86.602523 50.000000
vn -0.054803 -86.602523 50.000000
vn -0.044746 -70.710664 70.710678
vn -0.044746 -70.710664 70.710678
vn -0.031640 -49.999990 86.602540
vn -0.031640 -49.999990 86.602540
vn -0.016378 -25.881899 96.592583
vn -0.016378 -25.881899 96.592583
vn -0.000000 -0.000000 100.000000
vn -0.000000 -0.000000 100.000000
vn 0.016378 25.881899 96.592583
vn 0.016378 25.881899 96.592583
vn 0.031640 49.999990 86.602540
vn 0.031640 49.999990 86.602540
vn 0.044746 70.710664 70.710678
vn 0.044746 70.710664 70.710678
vn 0.054803 86.602523 50.000000
vn 0.054803 86.602523 50.000000
vn 0.061125 96.592563 25.881905
vn 0.061125 96.592563 25.881905
vn 0.063281 99.999980 -0.000000
vn 0.063281 99.999980 -0.000000
vn 0.061125 96.592563 -25.881905
vn 0.061125 96.592563 -25.881905
vn 0.054803 86.602523 -50.000000
vn 0.054803 86.602523 -50.000000
vn 0.044746 70.710664 -70.710678
vn 0.044746 70.710664 -70.710678
vn 0.031640 49.999990 -86.602540
vn 0.031640 49.999990 -86.602540
vn 0.016378 25.881899 -96.592583
vn 0.016378 25.881899 -96.592583
vn 0.000000 0.000000 -100.000000
vn 0.000000 0.000000 -100.000000
vn -0.016378 -25.881899 -96.592583
vn -0.016378 -25.881899 -96.592583
vn -0.031640 -49.999990 -86.602540
vn -0.031640 -49.999990 -86.602540
vn -0.044746 -70.710664 -70.710678
vn -0.044746 -70.710664 -70.710678
vn -0.054803 -86.602523 -50.000000
vn -0.054803 -86.602523 -50.000000
vn -0.061125 -96.592563 25.881905
vn -0.063281 -99.999980 -0.000000
vn -0.061125 -96.592563 -25.881905
vn -0.054803 -86.602523 -50.000000
vn -0.044746 -70.710664 -70.710678
vn -0.031640 -49.999990 -86.602540
vn -0.016378 -25.881899 -96.592583
vn 0.000000 0.000000 -100.000000
vn 0.016378 25.881899 -96.592583
vn 0.031640 49.999990 -86.602540
vn 0.044746 70.710664 -70.710678
vn 0.054803 86.602523 -50.000000
vn 0.061125 96.592563 -25.881905
vn 0.063281 99.999980 -0.000000
vn 0.061125 96.592563 25.881905
vn 0.054803 86.602523 50.000000
vn 0.044746 70.710664 70.710678
vn 0.031640 49.999990 86.602540
vn 0.016378 25.881899 96.592583
vn 0.000000 0.000000 100.000000
vn -0.016378 -25.881899 96.592583
vn -0.031640 -49.999990 86.602540
vn -0.044746 -70.710664 70.710678
vn -0.054803 -86.602523 50.000000
vn -99.999980 0.063281 0.000000
vn -99.999980 0.063281 0.000000
vn -99.999980 0.063281 0.000000
vn -99.999980 0.063281 0.000000
vn -99.999980 0.063281 0.000000
vn -99.999980 0.063281 0.000000
vn -99.999980 0.063281 0.000000
vn -99.999980 0.063281 0.000000
vn -99.999980 0.063281 0.000000
vn -99.999980 0.063281 0.000000
vn -99.999980 0.063281 0.000000
vn -99.999980 0.063281 0.000000
vn -99.999980 0.063281 0.000000
vn -99.999980 0.063281 0.000000
vn -99.999980 0.063281 0.000000
vn -99.999980 0.063281 0.000000
vn -99.999980 0.063281 0.000000
vn -99.999980 0.063281 0.000000
vn -99.999980 0.063281 0.000000
vn -99.999980 0.063281 0.000000
vn -99.999980 0.063281 0.000000
vn -99.999980 0.063281 0.000000
vn -99.999980 0.063281 0.000000
vn -99.999980 0.063281 0.000000
vn -99.999980 0.063281 0.000000
vn -99.999980 0.063281 0.000000
vn -99.999980 0.063281 0.000000
vn -99.999980 0.063281 0.000000
vn -99.999980 0.063281 0.000000
vn -99.999980 0.063281 0.000000
vn -99.999980 0.063281 0.000000
vn -99.999980 0.063281 0.000000
vn -99.999980 0.063281 0.000000
vn -99.999980 0.063281 0.000000
vn -99.999980 0.063281 0.000000
vn -99.999980 0.063281 0.000000
vn -99.999980 0.063281 0.000000
vn -99.999980 0.063281 0.000000
vn -99.999980 0.063281 0.000000
vn -99.999980 0.063281 0.000000
vn -99.999980 0.063281 0.000000
vn -99.999980 0.063281 0.000000
vn -99.999980 0.063281 0.000000
vn -99.999980 0.063281 0.000000
vn -99.999980 0.063281 0.000000
vn -99.999980 0.063281 0.000000
vn -99.999980 0.063281 0.000000
vn -99.999980 0.063281 0.000000
vn 0.061125 96.592563 -25.881905
vn 0.061125 96.592563 -25.881905
vn 0.063281 99.999980 0.000000
vn 0.063281 99.999980 0.000000
vn 0.061125 96.592563 25.881905
vn 0.061125 96.592563 25.881905
vn 0.054803 86.602523 50.000000
vn 0.054803 86.602523 50.000000
vn 0.044746 70.710664 70.710678
vn 0.044746 70.710664 70.710678
vn 0.031640 49.999990 86.602540
vn 0.031640 49.999990 86.602540
vn 0.016378 25.881899 96.592583
vn 0.016378 25.881899 96.592583
vn -0.000000 -0.000000 100.000000
vn -0.000000 -0.000000 100.000000
vn -0.016378 -25.881899 96.592583
vn -0.016378 -25.881899 96.592583
vn -0.031640 -49.999990 86.602540
vn -0.031640 -49.999990 86.602540
vn -0.044746 -70.710664 70.710678
vn -0.044746 -70.710664 70.710678
vn -0.054803 -86.602523 50.000000
vn -0.054803 -86.602523 50.000000
vn -0.061125 -96.592563 25.881905
vn -0.061125 -96.592563 25.881905
vn -0.063281 -99.999980 0.000000
vn -0.063281 -99.999980 0.000000
vn -0.061125 -96.592563 -25.881905
vn -0.061125 -96.592563 -25.881905
vn -0.054803 -86.602523 -50.000000
vn -0.054803 -86.602523 -50.000000
vn -0.044746 -70.710664 -70.710678
vn -0.044746 -70.710664 -70.710678
vn -0.031640 -49.999990 -86.602540
vn -0.031640 -49.999990 -86.602540
vn -0.016378 -25.881899 -96.592583
vn -0.016378 -25.881899 -96.592583
vn -0.000000 -0.000000 -100.000000
vn -0.000000 -0.000000 -100.000000
vn 0.016378 25.881899 -96.592583
vn 0.016378 25.881899 -96.592583
vn 0.031640 49.999990 -86.602540
vn 0.031640 49.999990 -86.602540
vn 0.044746 70.710664 -70.710678
vn 0.044746 70.710664 -70.710678
vn 0.054803 86.602523 -50.000000
vn 0.054803 86.602523 -50.000000
vn 0.061125 96.592563 25.881905
vn 0.061125 96.592563 25.881905
vn 0.063281 99.999980 0.000000
vn 0.063281 99.999980 0.000000
vn 0.061125 96.592563 -25.881905
vn 0.061125 96.592563 -25.881905
vn 0.054803 86.602523 -50.000000
vn 0.054803 86.602523 -50.000000
vn 0.044746 70.710664 -70.710678
vn 0.044746 70.710664 -70.710678
vn 0.031640 49.999990 -86.602540
vn 0.031640 49.999990 -86.602540
vn 0.016378 25.881899 -96.592583
vn 0.016378 25.881899 -96.592583
vn 0.000000 0.000000 -100.000000
vn 0.000000 0.000000 -100.000000
vn -0.016378 -25.881899 -96.592583
vn -0.016378 -25.881899 -96.592583
vn -0.031640 -49.999990 -86.602540
vn -0.031640 -49.999990 -86.602540
vn -0.044746 -70.710664 -70.710678
vn -0.044746 -70.710664 -70.710678
vn -0.054803 -86.602523 -50.000000
vn -0.054803 -86.602523 -50.000000
vn -0.061125 -96.592563 -25.881905
vn -0.061125 -96.592563 -25.881905
vn -0.063281 -99.999980 0.000000
vn -0.063281 -99.999980 0.000000
vn -0.061125 -96.592563 25.881905
vn -0.061125 -96.592563 25.881905
vn -0.054803 -86.602523 50.000000
vn -0.054803 -86.602523 50.000000
vn -0.044746 -70.710664 70.710678
vn -0.044746 -70.710664 70.710678
vn -0.031640 -49.999990 86.602540
vn -0.031640 -49.999990 86.602540
vn -0.016378 -25.881899 96.592583
vn -0.016378 -25.881899 96.592583
vn 0.000000 0.000000 100.000000
vn 0.000000 0.000000 100.000000
vn 0.016378 25.881899 96.592583
vn 0.016378 25.881899 96.592583
vn 0.031640 49.999990 86.602540
vn 0.031640 49.999990 86.602540
vn 0.044746 70.710664 70.710678
vn 0.044746 70.710664 70.710678
vn 0.054803 86.602523 50.000000
vn 0.054803 86.602523 50.000000
vn -99.999980 0.063281 0.000000
vn -99.999980 0.063281 0.000000
vn -99.999980 0.063281 0.000000
vn -99.999980 0.063281 0.000000
vn -99.999980 0.063281 0.000000
vn -99.999980 0.063281 0.000000
vn -99.999980 0.063281 0.000000
vn -99.999980 0.063281 0.000000
vn -99.999980 0.063281 0.000000
vn -99.999980 0.063281 0.000000
vn -99.999980 0.063281 0.000000
vn -99.999980 0.063281 0.000000
vn -99.999980 0.063281 0.000000
vn -99.999980 0.063281 0.000000
vn -99.999980 0.063281 0.000000
vn -99.999980 0.063281 0.000000
vn -99.999980 0.063281 0.000000
vn -99.999980 0.063281 0.000000
vn -99.999980 0.063281 0.000000
vn -99.999980 0.063281 0.000000
vn -99.999980 0.063281 0.000000
vn -99.999980 0.063281 0.000000
vn -99.999980 0.063281 0.000000
vn -99.999980 0.063281 0.000000
vn 99.999980 -0.063281 0.000000
vn 99.999980 -0.063281 0.000000
vn 99.999980 -0.063281 0.000000
vn 99.999980 -0.063281 0.000000
vn 99.999980 -0.063281 0.000000
vn 99.999980 -0.063281 0.000000
vn 99.999980 -0.063281 0.000000
vn 99.999980 -0.063281 0.000000
vn 99.999980 -0.063281 0.000000
vn 0.000000 0.000000 -100.000000
vn 0.000000 0.000000 -100.000000
vn 0.000000 0.000000 -100.000000
vn 0.000000 0.000000 -100.000000
vn -99.999980 0.063281 0.000000
vn -99.999980 0.063281 0.000000
vn -99.999980 0.063281 0.000000
vn -99.999980 0.063281 0.000000
vn -99.999980 0.063281 0.000000
vn -99.999980 0.063281 0.000000
vn -99.999980 0.063281 0.000000
vn -99.999980 0.063281 0.000000
vn -99.999980 0.063281 0.000000
usemtl Aluminum_-_Cast
f 1/1/1 2/2/2 51/3/3
f 51/3/3 2/2/2 50/4/4
f 50/4/4 2/2/2 3/5/5
f 50/4/4 3/5/5 49/6/6
f 49/6/6 3/5/5 48/7/7
f 48/7/7 3/5/5 47/8/8
f 47/8/8 3/5/5 46/9/9
f 46/9/9 3/5/5 45/10/10
f 45/10/10 3/5/5 44/11/11
f 44/11/11 3/5/5 43/12/12
f 43/12/12 3/5/5 42/13/13
f 42/13/13 3/5/5 41/14/14
f 41/14/14 3/5/5 40/15/15
f 40/15/15 3/5/5 39/16/16
f 39/16/16 3/5/5 38/17/17
f 38/17/17 3/5/5 37/18/18
f 37/18/18 3/5/5 36/19/19
f 36/19/19 3/5/5 35/20/20
f 35/20/20 3/5/5 34/21/21
f 34/21/21 3/5/5 33/22/22
f 33/22/22 3/5/5 32/23/23
f 32/23/23 3/5/5 31/24/24
f 31/24/24 3/5/5 30/25/25
f 30/25/25 3/5/5 29/26/26
f 29/26/26 3/5/5 28/27/27
f 28/27/27 3/5/5 27/28/28
f 27/28/28 3/5/5 26/29/29
f 26/29/29 3/5/5 25/30/30
f 25/30/30 3/5/5 24/31/31
f 24/31/31 3/5/5 4/32/32
f 24/31/31 4/32/32 23/33/33
f 23/33/33 4/32/32 5/34/34
f 23/33/33 5/34/34 22/35/35
f 22/35/35 5/34/34 6/36/36
f 22/35/35 6/36/36 21/37/37
f 21/37/37 6/36/36 7/38/38
f 21/37/37 7/38/38 20/39/39
f 20/39/39 7/38/38 8/40/40
f 20/39/39 8/40/40 19/41/41
f 19/41/41 8/40/40 9/42/42
f 19/41/41 9/42/42 18/43/43
f 18/43/43 9/42/42 10/44/44
f 18/43/43 10/44/44 17/45/45
f 17/45/45 10/44/44 11/46/46
f 17/45/45 11/46/46 16/47/47
f 16/47/47 11/46/46 12/48/48
f 16/47/47 12/48/48 15/49/49
f 15/49/49 12/48/48 13/50/50
f 15/49/49 13/50/50 14/51/51
usemtl Steel_-_Satin
f 53/52/52 2/53/53 52/54/54
f 52/54/54 2/53/53 1/55/55
f 52/54/54 1/55/55 102/56/56
f 102/56/56 1/55/55 51/57/57
f 102/56/56 51/57/57 50/58/58
f 53/52/52 54/59/59 2/53/53
f 2/53/53 54/59/59 3/60/60
f 3/60/60 54/59/59 55/61/61
f 3/60/60 55/61/61 4/62/62
f 4/62/62 55/61/61 56/63/63
f 4/62/62 56/63/63 5/64/64
f 5/64/64 56/63/63 57/65/65
f 5/64/64 57/65/65 6/66/66
f 6/66/66 57/65/65 58/67/67
f 6/66/66 58/67/67 7/68/68
f 7/68/68 58/67/67 59/69/69
f 7/68/68 59/69/69 8/70/70
f 8/70/70 59/69/69 60/71/71
f 8/70/70 60/71/71 9/72/72
f 9/72/72 60/71/71 61/73/73
f 9/72/72 61/73/73 10/74/74
f 10/74/74 61/73/73 62/75/75
f 10/74/74 62/75/75 11/76/76
f 11/76/76 62/75/75 63/77/77
f 11/76/76 63/77/77 12/78/78
f 12/78/78 63/77/77 64/79/79
f 12/78/78 64/79/79 13/80/80
f 13/80/80 64/79/79 65/81/81
f 13/80/80 65/81/81 14/82/82
f 14/82/82 65/81/81 66/83/83
f 14/82/82 66/83/83 15/84/84
f 15/84/84 66/83/83 67/85/85
f 15/84/84 67/85/85 16/86/86
f 16/86/86 67/85/85 68/87/87
f 16/86/86 68/87/87 17/88/88
f 17/88/88 68/87/87 69/89/89
f 17/88/88 69/89/89 18/90/90
f 18/90/90 69/89/89 70/91/91
f 18/90/90 70/91/91 19/92/92
f 19/92/92 70/91/91 71/93/93
f 19/92/92 71/93/93 20/94/94
f 20/94/94 71/93/93 72/95/95
f 20/94/94 72/95/95 21/96/96
f 21/96/96 72/95/95 73/97/97
f 21/96/96 73/97/97 22/98/98
f 22/98/98 73/97/97 74/99/99
f 22/98/98 74/99/99 23/100/100
f 23/100/100 74/99/99 75/101/101
f 23/100/100 75/101/101 24/102/102
f 24/102/102 75/101/101 76/103/103
f 24/102/102 76/103/103 25/104/104
f 25/104/104 76/103/103 77/105/105
f 25/104/104 77/105/105 26/106/106
f 26/106/106 77/105/105 78/107/107
f 26/106/106 78/107/107 27/108/108
f 27/109/108 78/110/107 79/111/109
f 27/109/108 79/111/109 28/112/110
f 28/112/110 79/111/109 80/113/111
f 28/112/110 80/113/111 29/114/112
f 29/114/112 80/113/111 81/115/113
f 29/114/112 81/115/113 30/116/114
f 30/116/114 81/115/113 82/117/115
f 30/116/114 82/117/115 31/118/116
f 31/118/116 82/117/115 83/119/117
f 31/118/116 83/119/117 32/120/118
f 32/120/118 83/119/117 84/121/119
f 32/120/118 84/121/119 33/122/120
f 33/122/120 84/121/119 85/123/121
f 33/122/120 85/123/121 34/124/122
f 34/124/122 85/123/121 86/125/123
f 34/124/122 86/125/123 35/126/124
f 35/126/124 86/125/123 87/127/125
f 35/126/124 87/127/125 36/128/126
f 36/128/126 87/127/125 88/129/127
f 36/128/126 88/129/127 37/130/128
f 37/130/128 88/129/127 89/131/129
f 37/130/128 89/131/129 38/132/130
f 38/132/130 89/131/129 90/133/131
f 38/132/130 90/133/131 39/134/132
f 39/134/132 90/133/131 91/135/133
f 39/134/132 91/135/133 40/136/134
f 40/136/134 91/135/133 92/137/135
f 40/136/134 92/137/135 41/138/136
f 41/138/136 92/137/135 93/139/137
f 41/138/136 93/139/137 42/140/138
f 42/140/138 93/139/137 94/141/139
f 42/140/138 94/141/139 43/142/140
f 43/142/140 94/141/139 95/143/141
f 43/142/140 95/143/141 44/144/142
f 44/144/142 95/143/141 96/145/143
f 44/144/142 96/145/143 45/146/144
f 45/146/144 96/145/143 97/147/145
f 45/146/144 97/147/145 46/148/146
f 46/148/146 97/147/145 98/149/147
f 46/148/146 98/149/147 47/150/148
f 47/150/148 98/149/147 99/151/149
f 47/150/148 99/151/149 48/152/150
f 48/152/150 99/151/149 100/153/151
f 48/152/150 100/153/151 49/154/152
f 49/154/152 100/153/151 101/155/153
f 49/154/152 101/155/153 50/58/58
f 50/58/58 101/155/153 102/56/56
usemtl Aluminum_-_Cast
f 179/156/154 103/157/155 52/158/156
f 52/158/156 103/157/155 104/159/157
f 52/158/156 104/159/157 53/160/158
f 53/160/158 104/159/157 105/161/159
f 53/160/158 105/161/159 54/162/160
f 54/162/160 105/161/159 106/163/161
f 54/162/160 106/163/161 107/164/162
f 54/162/160 107/164/162 55/165/163
f 55/165/163 107/164/162 108/166/164
f 55/165/163 108/166/164 56/167/165
f 56/167/165 108/166/164 109/168/166
f 56/167/165 109/168/166 110/169/167
f 56/167/165 110/169/167 57/170/168
f 57/170/168 110/169/167 111/171/169
f 57/170/168 111/171/169 58/172/170
f 58/172/170 111/171/169 112/173/171
f 58/172/170 112/173/171 113/174/172
f 58/172/170 113/174/172 59/175/173
f 59/175/173 113/174/172 114/176/174
f 59/175/173 114/176/174 60/177/175
f 60/177/175 114/176/174 115/178/176
f 60/177/175 115/178/176 116/179/177
f 60/177/175 116/179/177 61/180/178
f 61/180/178 116/179/177 117/181/179
f 61/180/178 117/181/179 62/182/180
f 62/182/180 117/181/179 118/183/181
f 62/182/180 118/183/181 119/184/182
f 62/182/180 119/184/182 63/185/183
f 63/185/183 119/184/182 120/186/184
f 63/185/183 120/186/184 64/187/185
f 64/187/185 120/186/184 121/188/186
f 64/187/185 121/188/186 122/189/187
f 64/187/185 122/189/187 65/190/188
f 65/190/188 122/189/187 123/191/189
f 65/190/188 123/191/189 124/192/190
f 124/192/190 125/193/191 65/190/188
f 65/190/188 125/193/191 126/194/192
f 65/190/188 126/194/192 127/195/193
f 127/195/193 128/196/194 65/190/188
f 65/190/188 128/196/194 129/197/195
f 65/190/188 129/197/195 130/198/196
f 130/198/196 131/199/197 65/190/188
f 65/190/188 131/199/197 132/200/198
f 65/190/188 132/200/198 133/201/199
f 133/201/199 134/202/200 65/190/188
f 65/190/188 134/202/200 135/203/201
f 65/190/188 135/203/201 136/204/202
f 137/205/203 74/206/204 136/204/202
f 136/204/202 74/206/204 73/207/205
f 136/204/202 73/207/205 72/208/206
f 74/206/204 137/205/203 75/209/207
f 75/209/207 137/205/203 138/210/208
f 75/209/207 138/210/208 76/211/209
f 76/211/209 138/210/208 139/212/210
f 76/211/209 139/212/210 140/213/211
f 76/211/209 140/213/211 77/214/212
f 77/214/212 140/213/211 141/215/213
f 77/214/212 141/215/213 78/216/214
f 78/216/214 141/215/213 142/217/215
f 78/216/214 142/217/215 143/218/216
f 78/216/214 143/218/216 79/219/217
f 79/219/217 143/218/216 144/220/218
f 79/219/217 144/220/218 145/221/219
f 79/219/217 145/221/219 80/222/220
f 80/222/220 145/221/219 146/223/221
f 80/222/220 146/223/221 81/224/222
f 81/224/222 146/223/221 147/225/223
f 81/224/222 147/225/223 148/226/224
f 81/224/222 148/226/224 82/227/225
f 82/227/225 148/226/224 149/228/226
f 82/227/225 149/228/226 83/229/227
f 83/229/227 149/228/226 84/230/228
f 84/230/228 149/228/226 85/231/229
f 85/231/229 149/228/226 86/232/230
f 86/232/230 149/228/226 87/233/231
f 87/233/231 149/228/226 150/234/232
f 87/233/231 150/234/232 88/235/233
f 88/235/233 150/234/232 151/236/234
f 88/235/233 151/236/234 152/237/235
f 152/237/235 153/238/236 88/235/233
f 88/235/233 153/238/236 154/239/237
f 88/235/233 154/239/237 155/240/238
f 155/240/238 156/241/239 88/235/233
f 88/235/233 156/241/239 157/242/240
f 88/235/233 157/242/240 158/243/241
f 88/235/233 158/243/241 89/244/242
f 89/244/242 158/243/241 159/245/243
f 89/244/242 159/245/243 160/246/244
f 89/244/242 160/246/244 90/247/245
f 90/247/245 160/246/244 161/248/246
f 90/247/245 161/248/246 91/249/247
f 91/249/247 161/248/246 162/250/248
f 91/249/247 162/250/248 163/251/249
f 91/249/247 163/251/249 92/252/250
f 92/252/250 163/251/249 164/253/251
f 92/252/250 164/253/251 93/254/252
f 93/254/252 164/253/251 165/255/253
f 93/254/252 165/255/253 166/256/254
f 93/254/252 166/256/254 94/257/255
f 94/257/255 166/256/254 167/258/256
f 94/257/255 167/258/256 95/259/257
f 95/259/257 167/258/256 168/260/258
f 95/259/257 168/260/258 169/261/259
f 95/259/257 169/261/259 96/262/260
f 96/262/260 169/261/259 170/263/261
f 96/262/260 170/263/261 97/264/262
f 97/264/262 170/263/261 171/265/263
f 97/264/262 171/265/263 172/266/264
f 97/264/262 172/266/264 98/267/265
f 98/267/265 172/266/264 173/268/266
f 98/267/265 173/268/266 99/269/267
f 99/269/267 173/268/266 174/270/268
f 99/269/267 174/270/268 175/271/269
f 99/269/267 175/271/269 100/272/270
f 100/272/270 175/271/269 176/273/271
f 100/272/270 176/273/271 101/274/272
f 101/274/272 176/273/271 177/275/273
f 101/274/272 177/275/273 178/276/274
f 101/274/272 178/276/274 102/277/275
f 102/277/275 178/276/274 179/156/154
f 102/277/275 179/156/154 52/158/156
f 72/208/206 71/278/276 136/204/202
f 136/204/202 71/278/276 70/279/277
f 136/204/202 70/279/277 69/280/278
f 69/280/278 68/281/279 136/204/202
f 136/204/202 68/281/279 67/282/280
f 136/204/202 67/282/280 66/283/281
f 66/283/281 65/190/188 136/204/202
f 179/284/282 259/285/283 103/286/284
f 103/286/284 259/285/283 180/287/285
f 103/286/284 180/287/285 181/288/286
f 259/285/283 179/284/282 258/289/287
f 258/289/287 179/284/282 178/290/288
f 258/289/287 178/290/288 257/291/289
f 257/291/289 178/290/288 177/292/290
f 257/291/289 177/292/290 256/293/291
f 256/293/291 177/292/290 176/294/292
f 256/293/291 176/294/292 255/295/293
f 255/295/293 176/294/292 175/296/294
f 255/295/293 175/296/294 254/297/295
f 254/297/295 175/296/294 174/298/296
f 254/297/295 174/298/296 253/299/297
f 253/299/297 174/298/296 173/300/298
f 253/299/297 173/300/298 252/301/299
f 252/301/299 173/300/298 172/302/300
f 252/301/299 172/302/300 251/303/301
f 251/303/301 172/302/300 171/304/302
f 251/303/301 171/304/302 250/305/303
f 250/305/303 171/304/302 170/306/304
f 250/305/303 170/306/304 249/307/305
f 249/307/305 170/306/304 169/308/306
f 249/307/305 169/308/306 248/309/307
f 248/309/307 169/308/306 168/310/308
f 248/309/307 168/310/308 247/311/309
f 247/311/309 168/310/308 167/312/310
f 247/311/309 167/312/310 246/313/311
f 246/313/311 167/312/310 166/314/312
f 246/313/311 166/314/312 245/315/313
f 245/315/313 166/314/312 165/316/314
f 245/315/313 165/316/314 244/317/315
f 244/317/315 165/316/314 164/318/316
f 244/317/315 164/318/316 243/319/317
f 243/319/317 164/318/316 163/320/318
f 243/319/317 163/320/318 242/321/319
f 242/321/319 163/320/318 162/322/320
f 242/321/319 162/322/320 241/323/321
f 241/323/321 162/322/320 161/324/322
f 241/323/321 161/324/322 240/325/323
f 240/325/323 161/324/322 160/326/324
f 240/325/323 160/326/324 239/327/325
f 239/327/325 160/326/324 159/328/326
f 239/327/325 159/328/326 238/329/327
f 238/329/327 159/328/326 158/330/328
f 238/329/327 158/330/328 237/331/329
f 237/331/329 158/330/328 157/332/330
f 237/331/329 157/332/330 236/333/331
f 236/333/331 157/332/330 156/334/332
f 236/333/331 156/334/332 235/335/333
f 235/335/333 156/334/332 155/336/334
f 235/335/333 155/336/334 234/337/335
f 234/337/335 155/336/334 154/338/336
f 234/337/335 154/338/336 233/339/337
f 233/339/337 154/338/336 232/340/338
f 232/340/338 154/338/336 153/341/339
f 232/342/338 153/343/339 231/344/340
f 231/344/340 153/343/339 152/345/341
f 231/344/340 152/345/341 230/346/342
f 230/346/342 152/345/341 151/347/343
f 230/346/342 151/347/343 229/348/344
f 229/348/344 151/347/343 150/349/345
f 229/348/344 150/349/345 228/350/346
f 228/350/346 150/349/345 149/351/347
f 228/350/346 149/351/347 227/352/348
f 227/352/348 149/351/347 148/353/349
f 227/352/348 148/353/349 226/354/350
f 226/354/350 148/353/349 147/355/351
f 226/354/350 147/355/351 225/356/352
f 225/356/352 147/355/351 146/357/353
f 225/356/352 146/357/353 224/358/354
f 224/358/354 146/357/353 145/359/355
f 224/358/354 145/359/355 223/360/356
f 223/360/356 145/359/355 144/361/357
f 223/360/356 144/361/357 222/362/358
f 222/362/358 144/361/357 143/363/359
f 222/362/358 143/363/359 221/364/360
f 221/364/360 143/363/359 142/365/361
f 221/364/360 142/365/361 220/366/362
f 220/366/362 142/365/361 141/367/363
f 220/366/362 141/367/363 219/368/364
f 219/368/364 141/367/363 140/369/365
f 219/368/364 140/369/365 218/370/366
f 218/370/366 140/369/365 139/371/367
f 218/370/366 139/371/367 217/372/368
f 217/372/368 139/371/367 138/373/369
f 217/372/368 138/373/369 216/374/370
f 216/374/370 138/373/369 137/375/371
f 216/374/370 137/375/371 215/376/372
f 215/376/372 137/375/371 136/377/373
f 215/376/372 136/377/373 214/378/374
f 214/378/374 136/377/373 135/379/375
f 214/378/374 135/379/375 213/380/376
f 213/380/376 135/379/375 134/381/377
f 213/380/376 134/381/377 212/382/378
f 212/382/378 134/381/377 133/383/379
f 212/382/378 133/383/379 211/384/380
f 211/384/380 133/383/379 132/385/381
f 211/384/380 132/385/381 210/386/382
f 210/386/382 132/385/381 131/387/383
f 210/386/382 131/387/383 209/388/384
f 209/388/384 131/387/383 130/389/385
f 209/388/384 130/389/385 208/390/386
f 208/390/386 130/389/385 129/391/387
f 208/390/386 129/391/387 207/392/388
f 207/392/388 129/391/387 206/393/389
f 206/393/389 129/391/387 128/394/390
f 206/393/389 128/394/390 205/395/391
f 205/395/391 128/394/390 127/396/392
f 205/395/391 127/396/392 204/397/393
f 204/397/393 127/396/392 126/398/394
f 204/397/393 126/398/394 203/399/395
f 203/399/395 126/398/394 125/400/396
f 203/399/395 125/400/396 202/401/397
f 202/401/397 125/400/396 124/402/398
f 202/401/397 124/402/398 201/403/399
f 201/403/399 124/402/398 123/404/400
f 201/403/399 123/404/400 200/405/401
f 200/405/401 123/404/400 122/406/402
f 200/405/401 122/406/402 199/407/403
f 199/407/403 122/406/402 121/408/404
f 199/407/403 121/408/404 198/409/405
f 198/409/405 121/408/404 120/410/406
f 198/409/405 120/410/406 197/411/407
f 197/411/407 120/410/406 119/412/408
f 197/411/407 119/412/408 196/413/409
f 196/413/409 119/412/408 118/414/410
f 196/413/409 118/414/410 195/415/411
f 195/415/411 118/414/410 117/416/412
f 195/415/411 117/416/412 194/417/413
f 194/417/413 117/416/412 116/418/414
f 194/417/413 116/418/414 193/419/415
f 193/419/415 116/418/414 115/420/416
f 193/419/415 115/420/416 192/421/417
f 192/421/417 115/420/416 114/422/418
f 192/421/417 114/422/418 191/423/419
f 191/423/419 114/422/418 113/424/420
f 191/423/419 113/424/420 190/425/421
f 190/425/421 113/424/420 112/426/422
f 190/425/421 112/426/422 189/427/423
f 189/427/423 112/426/422 111/428/424
f 189/427/423 111/428/424 188/429/425
f 188/429/425 111/428/424 110/430/426
f 188/429/425 110/430/426 187/431/427
f 187/431/427 110/430/426 109/432/428
f 187/431/427 109/432/428 186/433/429
f 186/433/429 109/432/428 108/434/430
f 186/433/429 108/434/430 185/435/431
f 185/435/431 108/434/430 107/436/432
f 185/435/431 107/436/432 184/437/433
f 184/437/433 107/436/432 106/438/434
f 184/437/433 106/438/434 183/439/435
f 183/439/435 106/438/434 105/440/436
f 183/439/435 105/440/436 182/441/437
f 182/441/437 105/440/436 104/442/438
f 182/441/437 104/442/438 181/288/286
f 181/288/286 104/442/438 103/286/284
f 261/443/439 181/444/440 260/445/441
f 260/445/441 181/444/440 180/446/442
f 260/445/441 180/446/442 339/447/443
f 339/447/443 180/446/442 259/448/444
f 339/447/443 259/448/444 338/449/445
f 338/449/445 259/448/444 258/450/446
f 338/449/445 258/450/446 337/451/447
f 337/451/447 258/450/446 257/452/448
f 337/451/447 257/452/448 336/453/449
f 336/453/449 257/452/448 256/454/450
f 336/453/449 256/454/450 335/455/451
f 335/455/451 256/454/450 255/456/452
f 335/455/451 255/456/452 334/457/453
f 334/457/453 255/456/452 254/458/454
f 334/457/453 254/458/454 333/459/455
f 333/459/455 254/458/454 253/460/456
f 333/459/455 253/460/456 332/461/457
f 332/461/457 253/460/456 252/462/458
f 332/461/457 252/462/458 331/463/459
f 331/463/459 252/462/458 251/464/460
f 331/463/459 251/464/460 330/465/461
f 330/465/461 251/464/460 250/466/462
f 330/465/461 250/466/462 329/467/463
f 329/467/463 250/466/462 249/468/464
f 329/467/463 249/468/464 328/469/465
f 328/469/465 249/468/464 248/470/466
f 328/469/465 248/470/466 327/471/467
f 327/471/467 248/470/466 247/472/468
f 327/471/467 247/472/468 326/473/469
f 326/473/469 247/472/468 246/474/470
f 326/473/469 246/474/470 325/475/471
f 325/475/471 246/474/470 245/476/472
f 325/475/471 245/476/472 324/477/473
f 324/477/473 245/476/472 244/478/474
f 324/477/473 244/478/474 323/479/475
f 323/479/475 244/478/474 243/480/476
f 323/479/475 243/480/476 322/481/477
f 322/481/477 243/480/476 242/482/478
f 322/481/477 242/482/478 321/483/479
f 321/483/479 242/482/478 241/484/480
f 321/483/479 241/484/480 320/485/481
f 320/485/481 241/484/480 240/486/482
f 320/485/481 240/486/482 319/487/483
f 319/487/483 240/486/482 239/488/484
f 319/487/483 239/488/484 318/489/485
f 318/489/485 239/488/484 238/490/486
f 318/489/485 238/490/486 317/491/487
f 317/491/487 238/490/486 237/492/488
f 317/491/487 237/492/488 316/493/489
f 316/493/489 237/492/488 236/494/490
f 316/493/489 236/494/490 315/495/491
f 315/495/491 236/494/490 235/496/492
f 315/495/491 235/496/492 314/497/493
f 314/497/493 235/496/492 234/498/494
f 314/497/493 234/498/494 313/499/495
f 313/499/495 234/498/494 233/500/496
f 313/499/495 233/500/496 312/501/497
f 312/501/497 233/500/496 232/502/498
f 312/501/497 232/502/498 311/503/499
f 311/503/499 232/502/498 231/504/500
f 311/503/499 231/504/500 310/505/501
f 310/505/501 231/504/500 230/506/502
f 310/505/501 230/506/502 309/507/503
f 309/507/503 230/506/502 229/508/504
f 309/507/503 229/508/504 308/509/505
f 308/509/505 229/508/504 228/510/506
f 308/509/505 228/510/506 307/511/507
f 307/511/507 228/510/506 227/512/508
f 307/511/507 227/512/508 306/513/509
f 306/513/509 227/512/508 226/514/510
f 306/513/509 226/514/510 305/515/511
f 305/515/511 226/514/510 225/516/512
f 305/515/511 225/516/512 304/517/513
f 304/517/513 225/516/512 224/518/514
f 304/517/513 224/518/514 303/519/515
f 303/519/515 224/518/514 223/520/516
f 303/519/515 223/520/516 302/521/517
f 302/521/517 223/520/516 222/522/518
f 302/521/517 222/522/518 301/523/519
f 301/523/519 222/522/518 221/524/520
f 301/523/519 221/524/520 300/525/521
f 300/525/521 221/524/520 220/526/522
f 300/527/521 220/528/522 299/529/523
f 299/529/523 220/528/522 219/530/524
f 299/529/523 219/530/524 298/531/525
f 298/531/525 219/530/524 218/532/526
f 298/531/525 218/532/526 297/533/527
f 297/533/527 218/532/526 217/534/528
f 297/533/527 217/534/528 296/535/529
f 296/535/529 217/534/528 216/536/530
f 296/535/529 216/536/530 295/537/531
f 295/537/531 216/536/530 215/538/532
f 295/537/531 215/538/532 294/539/533
f 294/539/533 215/538/532 214/540/534
f 294/539/533 214/540/534 293/541/535
f 293/541/535 214/540/534 213/542/536
f 293/541/535 213/542/536 292/543/537
f 292/543/537 213/542/536 212/544/538
f 292/543/537 212/544/538 291/545/539
f 291/545/539 212/544/538 211/546/540
f 291/545/539 211/546/540 290/547/541
f 290/547/541 211/546/540 210/548/542
f 290/547/541 210/548/542 289/549/543
f 289/549/543 210/548/542 209/550/544
f 289/549/543 209/550/544 288/551/545
f 288/551/545 209/550/544 208/552/546
f 288/551/545 208/552/546 287/553/547
f 287/553/547 208/552/546 207/554/548
f 287/553/547 207/554/548 286/555/549
f 286/555/549 207/554/548 206/556/550
f 286/555/549 206/556/550 285/557/551
f 285/557/551 206/556/550 205/558/552
f 285/557/551 205/558/552 284/559/553
f 284/559/553 205/558/552 204/560/554
f 284/559/553 204/560/554 283/561/555
f 283/561/555 204/560/554 203/562/556
f 283/561/555 203/562/556 282/563/557
f 282/563/557 203/562/556 202/564/558
f 282/563/557 202/564/558 281/565/559
f 281/565/559 202/564/558 201/566/560
f 281/565/559 201/566/560 280/567/561
f 280/567/561 201/566/560 200/568/562
f 280/567/561 200/568/562 279/569/563
f 279/569/563 200/568/562 199/570/564
f 279/569/563 199/570/564 278/571/565
f 278/571/565 199/570/564 198/572/566
f 278/571/565 198/572/566 277/573/567
f 277/573/567 198/572/566 197/574/568
f 277/573/567 197/574/568 276/575/569
f 276/575/569 197/574/568 196/576/570
f 276/575/569 196/576/570 275/577/571
f 275/577/571 196/576/570 195/578/572
f 275/577/571 195/578/572 274/579/573
f 274/579/573 195/578/572 194/580/574
f 274/579/573 194/580/574 273/581/575
f 273/581/575 194/580/574 193/582/576
f 273/581/575 193/582/576 272/583/577
f 272/583/577 193/582/576 192/584/578
f 272/583/577 192/584/578 271/585/579
f 271/585/579 192/584/578 191/586/580
f 271/585/579 191/586/580 270/587/581
f 270/587/581 191/586/580 190/588/582
f 270/587/581 190/588/582 269/589/583
f 269/589/583 190/588/582 189/590/584
f 269/589/583 189/590/584 268/591/585
f 268/591/585 189/590/584 188/592/586
f 268/591/585 188/592/586 267/593/587
f 267/593/587 188/592/586 187/594/588
f 267/593/587 187/594/588 266/595/589
f 266/595/589 187/594/588 186/596/590
f 266/595/589 186/596/590 265/597/591
f 265/597/591 186/596/590 185/598/592
f 265/597/591 185/598/592 264/599/593
f 264/599/593 185/598/592 184/600/594
f 264/599/593 184/600/594 263/601/595
f 263/601/595 184/600/594 183/602/596
f 263/601/595 183/602/596 262/603/597
f 262/603/597 183/602/596 182/604/598
f 262/603/597 182/604/598 261/443/439
f 261/443/439 182/604/598 181/444/440
usemtl Rubber_-_Soft
f 433/605/599 340/606/600 260/607/601
f 260/607/601 340/606/600 341/608/602
f 260/607/601 341/608/602 261/609/603
f 261/609/603 341/608/602 342/610/604
f 261/609/603 342/610/604 262/611/605
f 262/611/605 342/610/604 343/612/606
f 262/611/605 343/612/606 263/613/607
f 263/613/607 343/612/606 344/614/608
f 263/613/607 344/614/608 264/615/609
f 264/615/609 344/614/608 345/616/610
f 264/615/609 345/616/610 265/617/611
f 265/617/611 345/616/610 346/618/612
f 265/617/611 346/618/612 266/619/613
f 266/619/613 346/618/612 347/620/614
f 266/619/613 347/620/614 348/621/615
f 266/619/613 348/621/615 267/622/616
f 267/622/616 348/621/615 349/623/617
f 267/622/616 349/623/617 268/624/618
f 268/624/618 349/623/617 350/625/619
f 268/624/618 350/625/619 269/626/620
f 269/626/620 350/625/619 351/627/621
f 269/626/620 351/627/621 270/628/622
f 270/628/622 351/627/621 352/629/623
f 270/628/622 352/629/623 271/630/624
f 271/630/624 352/629/623 353/631/625
f 271/630/624 353/631/625 354/632/626
f 271/630/624 354/632/626 272/633/627
f 272/633/627 354/632/626 355/634/628
f 272/633/627 355/634/628 273/635/629
f 273/635/629 355/634/628 356/636/630
f 273/635/629 356/636/630 274/637/631
f 274/637/631 356/636/630 357/638/632
f 274/637/631 357/638/632 275/639/633
f 275/639/633 357/638/632 358/640/634
f 275/639/633 358/640/634 276/641/635
f 276/641/635 358/640/634 359/642/636
f 276/641/635 359/642/636 277/643/637
f 277/643/637 359/642/636 360/644/638
f 277/643/637 360/644/638 361/645/639
f 277/643/637 361/645/639 278/646/640
f 278/646/640 361/645/639 362/647/641
f 278/646/640 362/647/641 279/648/642
f 279/648/642 362/647/641 363/649/643
f 279/648/642 363/649/643 280/650/644
f 280/650/644 363/649/643 364/651/645
f 280/650/644 364/651/645 281/652/646
f 281/652/646 364/651/645 365/653/647
f 281/652/646 365/653/647 282/654/648
f 282/654/648 365/653/647 366/655/649
f 282/654/648 366/655/649 283/656/650
f 283/656/650 366/655/649 367/657/651
f 283/656/650 367/657/651 368/658/652
f 283/656/650 368/658/652 284/659/653
f 284/659/653 368/658/652 369/660/654
f 284/659/653 369/660/654 285/661/655
f 285/661/655 369/660/654 370/662/656
f 285/661/655 370/662/656 286/663/657
f 286/663/657 370/662/656 371/664/658
f 286/663/657 371/664/658 287/665/659
f 287/665/659 371/664/658 372/666/660
f 287/665/659 372/666/660 288/667/661
f 288/667/661 372/666/660 373/668/662
f 288/667/661 373/668/662 289/669/663
f 289/669/663 373/668/662 374/670/664
f 289/669/663 374/670/664 375/671/665
f 289/669/663 375/671/665 290/672/666
f 290/672/666 375/671/665 376/673/667
f 290/672/666 376/673/667 291/674/668
f 291/674/668 376/673/667 377/675/669
f 291/674/668 377/675/669 292/676/670
f 292/676/670 377/675/669 378/677/671
f 292/676/670 378/677/671 293/678/672
f 293/678/672 378/677/671 379/679/673
f 293/678/672 379/679/673 294/680/674
f 294/680/674 379/679/673 380/681/675
f 294/680/674 380/681/675 381/682/676
f 294/680/674 381/682/676 295/683/677
f 295/683/677 381/682/676 382/684/678
f 295/683/677 382/684/678 296/685/679
f 296/685/679 382/684/678 383/686/680
f 296/685/679 383/686/680 297/687/681
f 297/687/681 383/686/680 384/688/682
f 297/687/681 384/688/682 298/689/683
f 298/689/683 384/688/682 385/690/684
f 298/689/683 385/690/684 299/691/685
f 299/691/685 385/690/684 386/692/686
f 299/691/685 386/692/686 300/693/687
f 300/693/687 386/692/686 387/694/688
f 300/693/687 387/694/688 388/695/689
f 300/693/687 388/695/689 301/696/690
f 301/696/690 388/695/689 389/697/691
f 301/696/690 389/697/691 302/698/692
f 302/698/692 389/697/691 390/699/693
f 302/698/692 390/699/693 303/700/694
f 303/700/694 390/699/693 391/701/695
f 303/700/694 391/701/695 304/702/696
f 304/702/696 391/701/695 392/703/697
f 304/702/696 392/703/697 305/704/698
f 305/704/698 392/703/697 393/705/699
f 305/704/698 393/705/699 306/706/700
f 306/706/700 393/705/699 394/707/701
f 306/706/700 394/707/701 395/708/702
f 306/706/700 395/708/702 307/709/703
f 307/709/703 395/708/702 396/710/704
f 307/709/703 396/710/704 308/711/705
f 308/711/705 396/710/704 397/712/706
f 308/711/705 397/712/706 309/713/707
f 309/713/707 397/712/706 398/714/708
f 309/713/707 398/714/708 310/715/709
f 310/715/709 398/714/708 399/716/710
f 310/715/709 399/716/710 311/717/711
f 311/717/711 399/716/710 400/718/712
f 311/717/711 400/718/712 401/719/713
f 311/717/711 401/719/713 312/720/714
f 312/720/714 401/719/713 402/721/715
f 312/720/714 402/721/715 313/722/716
f 313/722/716 402/721/715 403/723/717
f 313/722/716 403/723/717 314/724/718
f 314/724/718 403/723/717 404/725/719
f 314/724/718 404/725/719 315/726/720
f 315/726/720 404/725/719 405/727/721
f 315/726/720 405/727/721 316/728/722
f 316/728/722 405/727/721 406/729/723
f 316/728/722 406/729/723 317/730/724
f 317/730/724 406/729/723 407/731/725
f 317/730/724 407/731/725 408/732/726
f 317/730/724 408/732/726 318/733/727
f 318/733/727 408/732/726 409/734/728
f 318/733/727 409/734/728 319/735/729
f 319/735/729 409/734/728 410/736/730
f 319/735/729 410/736/730 320/737/731
f 320/737/731 410/736/730 411/738/732
f 320/737/731 411/738/732 321/739/733
f 321/739/733 411/738/732 412/740/734
f 321/739/733 412/740/734 322/741/735
f 322/741/735 412/740/734 413/742/736
f 322/741/735 413/742/736 323/743/737
f 323/743/737 413/742/736 414/744/738
f 323/743/737 414/744/738 415/745/739
f 323/743/737 415/745/739 324/746/740
f 324/746/740 415/745/739 416/747/741
f 324/746/740 416/747/741 325/748/742
f 325/748/742 416/747/741 417/749/743
f 325/748/742 417/749/743 326/750/744
f 326/750/744 417/749/743 418/751/745
f 326/750/744 418/751/745 327/752/746
f 327/752/746 418/751/745 419/753/747
f 327/752/746 419/753/747 328/754/748
f 328/754/748 419/753/747 420/755/749
f 328/754/748 420/755/749 329/756/750
f 329/756/750 420/755/749 421/757/751
f 329/756/750 421/757/751 422/758/752
f 329/756/750 422/758/752 330/759/753
f 330/759/753 422/758/752 423/760/754
f 330/759/753 423/760/754 331/761/755
f 331/761/755 423/760/754 424/762/756
f 331/761/755 424/762/756 332/763/757
f 332/763/757 424/762/756 425/764/758
f 332/763/757 425/764/758 333/765/759
f 333/765/759 425/764/758 426/766/760
f 333/765/759 426/766/760 334/767/761
f 334/767/761 426/766/760 427/768/762
f 334/767/761 427/768/762 428/769/763
f 334/767/761 428/769/763 335/770/764
f 335/770/764 428/769/763 429/771/765
f 335/770/764 429/771/765 336/772/766
f 336/772/766 429/771/765 430/773/767
f 336/772/766 430/773/767 337/774/768
f 337/774/768 430/773/767 431/775/769
f 337/774/768 431/775/769 338/776/770
f 338/776/770 431/775/769 432/777/771
f 338/776/770 432/777/771 339/778/772
f 339/778/772 432/777/771 433/605/599
f 339/778/772 433/605/599 260/607/601
usemtl Steel_-_Satin
f 511/779/773 434/780/774 520/781/775
f 520/781/775 434/780/774 435/782/776
f 520/781/775 435/782/776 519/783/777
f 519/783/777 435/782/776 436/784/778
f 519/783/777 436/784/778 437/785/779
f 519/783/777 437/785/779 518/786/780
f 518/786/780 437/785/779 438/787/781
f 518/786/780 438/787/781 439/788/782
f 439/788/782 440/789/783 518/786/780
f 518/786/780 440/789/783 517/790/784
f 517/790/784 440/789/783 441/791/785
f 517/790/784 441/791/785 442/792/786
f 517/790/784 442/792/786 516/793/787
f 516/793/787 442/792/786 443/794/788
f 516/793/787 443/794/788 444/795/789
f 444/795/789 445/796/790 516/793/787
f 516/793/787 445/796/790 515/797/791
f 515/797/791 445/796/790 446/798/792
f 515/797/791 446/798/792 447/799/793
f 515/797/791 447/799/793 514/800/794
f 514/800/794 447/799/793 448/801/795
f 514/800/794 448/801/795 449/802/796
f 449/802/796 450/803/797 514/800/794
f 514/800/794 450/803/797 513/804/798
f 513/804/798 450/803/797 451/805/799
f 513/804/798 451/805/799 452/806/800
f 513/804/798 452/806/800 512/807/801
f 512/807/801 452/806/800 453/808/802
f 512/807/801 453/808/802 454/809/803
f 454/809/803 455/810/804 512/807/801
f 512/807/801 455/810/804 542/811/805
f 542/811/805 455/810/804 456/812/806
f 542/811/805 456/812/806 457/813/807
f 542/811/805 457/813/807 541/814/808
f 541/814/808 457/813/807 458/815/809
f 541/814/808 458/815/809 459/816/810
f 459/816/810 460/817/811 541/814/808
f 541/814/808 460/817/811 540/818/812
f 540/818/812 460/817/811 461/819/813
f 540/818/812 461/819/813 462/820/814
f 540/818/812 462/820/814 539/821/815
f 539/821/815 462/820/814 463/822/816
f 539/821/815 463/822/816 464/823/817
f 464/823/817 465/824/818 539/821/815
f 539/821/815 465/824/818 538/825/819
f 538/825/819 465/824/818 466/826/820
f 538/825/819 466/826/820 467/827/821
f 538/825/819 467/827/821 537/828/822
f 537/828/822 467/827/821 468/829/823
f 537/828/822 468/829/823 469/830/824
f 469/830/824 470/831/825 537/828/822
f 537/828/822 470/831/825 536/832/826
f 536/832/826 470/831/825 471/833/827
f 536/832/826 471/833/827 472/834/828
f 536/832/826 472/834/828 535/835/829
f 535/835/829 472/834/828 473/836/830
f 535/835/829 473/836/830 474/837/831
f 474/837/831 475/838/832 535/835/829
f 535/835/829 475/838/832 534/839/833
f 534/839/833 475/838/832 476/840/834
f 534/839/833 476/840/834 477/841/835
f 534/839/833 477/841/835 533/842/836
f 533/842/836 477/841/835 478/843/837
f 533/842/836 478/843/837 479/844/838
f 479/844/838 480/845/839 533/842/836
f 533/842/836 480/845/839 532/846/840
f 532/846/840 480/845/839 481/847/841
f 532/846/840 481/847/841 482/848/842
f 532/846/840 482/848/842 531/849/843
f 531/849/843 482/848/842 483/850/844
f 531/849/843 483/850/844 484/851/845
f 484/851/845 485/852/846 531/849/843
f 531/849/843 485/852/846 530/853/847
f 530/853/847 485/852/846 486/854/848
f 530/853/847 486/854/848 487/855/849
f 530/853/847 487/855/849 529/856/850
f 529/856/850 487/855/849 488/857/851
f 529/856/850 488/857/851 489/858/852
f 489/858/852 490/859/853 529/856/850
f 529/856/850 490/859/853 528/860/854
f 528/860/854 490/859/853 491/861/855
f 528/860/854 491/861/855 492/862/856
f 492/862/856 493/863/857 528/860/854
f 528/860/854 493/863/857 527/864/858
f 527/864/858 493/863/857 494/865/859
f 527/864/858 494/865/859 495/866/860
f 527/864/858 495/866/860 526/867/861
f 526/867/861 495/866/860 496/868/862
f 526/867/861 496/868/862 497/869/863
f 497/869/863 498/870/864 526/867/861
f 526/867/861 498/870/864 525/871/865
f 525/871/865 498/870/864 499/872/866
f 525/871/865 499/872/866 500/873/867
f 525/871/865 500/873/867 524/874/868
f 524/874/868 500/873/867 501/875/869
f 524/874/868 501/875/869 502/876/870
f 502/876/870 503/877/871 524/874/868
f 524/874/868 503/877/871 523/878/872
f 523/878/872 503/877/871 504/879/873
f 523/878/872 504/879/873 505/880/874
f 523/878/872 505/880/874 522/881/875
f 522/881/875 505/880/874 506/882/876
f 522/881/875 506/882/876 507/883/877
f 507/883/877 508/884/878 522/881/875
f 522/881/875 508/884/878 521/885/879
f 521/885/879 508/884/878 509/886/880
f 521/885/879 509/886/880 510/887/881
f 521/885/879 510/887/881 520/781/775
f 520/781/775 510/887/881 511/779/773
f 511/888/882 622/889/883 434/890/884
f 434/890/884 622/889/883 543/891/885
f 434/890/884 543/891/885 544/892/886
f 622/889/883 511/888/882 621/893/887
f 621/893/887 511/888/882 510/894/888
f 621/893/887 510/894/888 620/895/889
f 620/895/889 510/894/888 509/896/890
f 620/895/889 509/896/890 619/897/891
f 619/897/891 509/896/890 508/898/892
f 619/897/891 508/898/892 618/899/893
f 618/899/893 508/898/892 507/900/894
f 618/899/893 507/900/894 617/901/895
f 617/901/895 507/900/894 506/902/896
f 617/901/895 506/902/896 616/903/897
f 616/903/897 506/902/896 505/904/898
f 616/903/897 505/904/898 615/905/899
f 615/905/899 505/904/898 504/906/900
f 615/905/899 504/906/900 614/907/901
f 614/907/901 504/906/900 503/908/902
f 614/907/901 503/908/902 613/909/903
f 613/909/903 503/908/902 502/910/904
f 613/909/903 502/910/904 612/911/905
f 612/911/905 502/910/904 501/912/906
f 612/911/905 501/912/906 611/913/907
f 611/913/907 501/912/906 500/914/908
f 611/913/907 500/914/908 610/915/909
f 610/915/909 500/914/908 499/916/910
f 610/915/909 499/916/910 609/917/911
f 609/917/911 499/916/910 498/918/912
f 609/917/911 498/918/912 608/919/913
f 608/919/913 498/918/912 497/920/914
f 608/919/913 497/920/914 607/921/915
f 607/921/915 497/920/914 496/922/916
f 607/921/915 496/922/916 606/923/917
f 606/923/917 496/922/916 495/924/918
f 606/923/917 495/924/918 605/925/919
f 605/925/919 495/924/918 494/926/920
f 605/925/919 494/926/920 604/927/921
f 604/927/921 494/926/920 493/928/922
f 604/927/921 493/928/922 603/929/923
f 603/929/923 493/928/922 492/930/924
f 603/929/923 492/930/924 602/931/925
f 602/931/925 492/930/924 491/932/926
f 602/931/925 491/932/926 601/933/927
f 601/933/927 491/932/926 490/934/928
f 601/933/927 490/934/928 600/935/929
f 600/935/929 490/934/928 489/936/930
f 600/935/929 489/936/930 599/937/931
f 599/937/931 489/936/930 488/938/932
f 599/937/931 488/938/932 598/939/933
f 598/939/933 488/938/932 487/940/934
f 598/939/933 487/940/934 597/941/935
f 597/941/935 487/940/934 486/942/936
f 597/941/935 486/942/936 596/943/937
f 596/943/937 486/942/936 485/944/938
f 596/943/937 485/944/938 595/945/939
f 595/945/939 485/944/938 484/946/940
f 595/947/939 484/948/940 594/949/941
f 594/949/941 484/948/940 483/950/942
f 594/949/941 483/950/942 593/951/943
f 593/951/943 483/950/942 482/952/944
f 593/951/943 482/952/944 592/953/945
f 592/953/945 482/952/944 481/954/946
f 592/953/945 481/954/946 591/955/947
f 591/955/947 481/954/946 480/956/948
f 591/955/947 480/956/948 590/957/949
f 590/957/949 480/956/948 479/958/950
f 590/957/949 479/958/950 589/959/951
f 589/959/951 479/958/950 478/960/952
f 589/959/951 478/960/952 588/961/953
f 588/961/953 478/960/952 477/962/954
f 588/961/953 477/962/954 587/963/955
f 587/963/955 477/962/954 476/964/956
f 587/963/955 476/964/956 586/965/957
f 586/965/957 476/964/956 475/966/958
f 586/965/957 475/966/958 585/967/959
f 585/967/959 475/966/958 474/968/960
f 585/967/959 474/968/960 584/969/961
f 584/969/961 474/968/960 473/970/962
f 584/969/961 473/970/962 583/971/963
f 583/971/963 473/970/962 582/972/964
f 582/972/964 473/970/962 472/973/965
f 582/972/964 472/973/965 581/974/966
f 581/974/966 472/973/965 471/975/967
f 581/974/966 471/975/967 580/976/968
f 580/976/968 471/975/967 470/977/969
f 580/976/968 470/977/969 579/978/970
f 579/978/970 470/977/969 469/979/971
f 579/978/970 469/979/971 578/980/972
f 578/980/972 469/979/971 468/981/973
f 578/980/972 468/981/973 577/982/974
f 577/982/974 468/981/973 467/983/975
f 577/982/974 467/983/975 576/984/976
f 576/984/976 467/983/975 466/985/977
f 576/984/976 466/985/977 575/986/978
f 575/986/978 466/985/977 465/987/979
f 575/986/978 465/987/979 574/988/980
f 574/988/980 465/987/979 464/989/981
f 574/988/980 464/989/981 573/990/982
f 573/990/982 464/989/981 463/991/983
f 573/990/982 463/991/983 572/992/984
f 572/992/984 463/991/983 462/993/985
f 572/992/984 462/993/985 571/994/986
f 571/994/986 462/993/985 461/995/987
f 571/994/986 461/995/987 570/996/988
f 570/996/988 461/995/987 460/997/989
f 570/996/988 460/997/989 569/998/990
f 569/998/990 460/997/989 459/999/991
f 569/998/990 459/999/991 568/1000/992
f 568/1000/992 459/999/991 458/1001/993
f 568/1000/992 458/1001/993 567/1002/994
f 567/1002/994 458/1001/993 457/1003/995
f 567/1002/994 457/1003/995 566/1004/996
f 566/1004/996 457/1003/995 456/1005/997
f 566/1004/996 456/1005/997 565/1006/998
f 565/1006/998 456/1005/997 455/1007/999
f 565/1006/998 455/1007/999 564/1008/1000
f 564/1008/1000 455/1007/999 454/1009/1001
f 564/1008/1000 454/1009/1001 563/1010/1002
f 563/1010/1002 454/1009/1001 453/1011/1003
f 563/1010/1002 453/1011/1003 562/1012/1004
f 562/1012/1004 453/1011/1003 452/1013/1005
f 562/1012/1004 452/1013/1005 561/1014/1006
f 561/1014/1006 452/1013/1005 451/1015/1007
f 561/1014/1006 451/1015/1007 560/1016/1008
f 560/1016/1008 451/1015/1007 450/1017/1009
f 560/1016/1008 450/1017/1009 559/1018/1010
f 559/1018/1010 450/1017/1009 449/1019/1011
f 559/1018/1010 449/1019/1011 558/1020/1012
f 558/1020/1012 449/1019/1011 448/1021/1013
f 558/1020/1012 448/1021/1013 557/1022/1014
f 557/1022/1014 448/1021/1013 447/1023/1015
f 557/1022/1014 447/1023/1015 556/1024/1016
f 556/1024/1016 447/1023/1015 446/1025/1017
f 556/1024/1016 446/1025/1017 555/1026/1018
f 555/1026/1018 446/1025/1017 445/1027/1019
f 555/1026/1018 445/1027/1019 554/1028/1020
f 554/1028/1020 445/1027/1019 444/1029/1021
f 554/1028/1020 444/1029/1021 553/1030/1022
f 553/1030/1022 444/1029/1021 443/1031/1023
f 553/1030/1022 443/1031/1023 552/1032/1024
f 552/1032/1024 443/1031/1023 442/1033/1025
f 552/1032/1024 442/1033/1025 551/1034/1026
f 551/1034/1026 442/1033/1025 441/1035/1027
f 551/1034/1026 441/1035/1027 550/1036/1028
f 550/1036/1028 441/1035/1027 440/1037/1029
f 550/1036/1028 440/1037/1029 549/1038/1030
f 549/1038/1030 440/1037/1029 439/1039/1031
f 549/1038/1030 439/1039/1031 548/1040/1032
f 548/1040/1032 439/1039/1031 438/1041/1033
f 548/1040/1032 438/1041/1033 547/1042/1034
f 547/1042/1034 438/1041/1033 437/1043/1035
f 547/1042/1034 437/1043/1035 546/1044/1036
f 546/1044/1036 437/1043/1035 436/1045/1037
f 546/1044/1036 436/1045/1037 545/1046/1038
f 545/1046/1038 436/1045/1037 435/1047/1039
f 545/1046/1038 435/1047/1039 544/892/886
f 544/892/886 435/1047/1039 434/890/884
f 716/1048/1040 623/1049/1041 543/1050/1042
f 543/1050/1042 623/1049/1041 624/1051/1043
f 543/1050/1042 624/1051/1043 544/1052/1044
f 544/1052/1044 624/1051/1043 625/1053/1045
f 544/1052/1044 625/1053/1045 545/1054/1046
f 545/1054/1046 625/1053/1045 626/1055/1047
f 545/1054/1046 626/1055/1047 546/1056/1048
f 546/1056/1048 626/1055/1047 627/1057/1049
f 546/1056/1048 627/1057/1049 547/1058/1050
f 547/1058/1050 627/1057/1049 628/1059/1051
f 547/1058/1050 628/1059/1051 548/1060/1052
f 548/1060/1052 628/1059/1051 629/1061/1053
f 548/1060/1052 629/1061/1053 549/1062/1054
f 549/1062/1054 629/1061/1053 630/1063/1055
f 549/1062/1054 630/1063/1055 631/1064/1056
f 549/1062/1054 631/1064/1056 550/1065/1057
f 550/1065/1057 631/1064/1056 632/1066/1058
f 550/1065/1057 632/1066/1058 551/1067/1059
f 551/1067/1059 632/1066/1058 633/1068/1060
f 551/1067/1059 633/1068/1060 552/1069/1061
f 552/1069/1061 633/1068/1060 634/1070/1062
f 552/1069/1061 634/1070/1062 553/1071/1063
f 553/1071/1063 634/1070/1062 635/1072/1064
f 553/1071/1063 635/1072/1064 554/1073/1065
f 554/1073/1065 635/1072/1064 636/1074/1066
f 554/1073/1065 636/1074/1066 637/1075/1067
f 554/1073/1065 637/1075/1067 555/1076/1068
f 555/1076/1068 637/1075/1067 638/1077/1069
f 555/1076/1068 638/1077/1069 556/1078/1070
f 556/1078/1070 638/1077/1069 639/1079/1071
f 556/1078/1070 639/1079/1071 557/1080/1072
f 557/1080/1072 639/1079/1071 640/1081/1073
f 557/1080/1072 640/1081/1073 558/1082/1074
f 558/1082/1074 640/1081/1073 641/1083/1075
f 558/1082/1074 641/1083/1075 559/1084/1076
f 559/1084/1076 641/1083/1075 642/1085/1077
f 559/1084/1076 642/1085/1077 560/1086/1078
f 560/1086/1078 642/1085/1077 643/1087/1079
f 560/1086/1078 643/1087/1079 644/1088/1080
f 560/1086/1078 644/1088/1080 561/1089/1081
f 561/1089/1081 644/1088/1080 645/1090/1082
f 561/1089/1081 645/1090/1082 562/1091/1083
f 562/1091/1083 645/1090/1082 646/1092/1084
f 562/1091/1083 646/1092/1084 563/1093/1085
f 563/1093/1085 646/1092/1084 647/1094/1086
f 563/1093/1085 647/1094/1086 564/1095/1087
f 564/1095/1087 647/1094/1086 648/1096/1088
f 564/1095/1087 648/1096/1088 565/1097/1089
f 565/1097/1089 648/1096/1088 649/1098/1090
f 565/1097/1089 649/1098/1090 566/1099/1091
f 566/1099/1091 649/1098/1090 650/1100/1092
f 566/1099/1091 650/1100/1092 651/1101/1093
f 566/1099/1091 651/1101/1093 567/1102/1094
f 567/1102/1094 651/1101/1093 652/1103/1095
f 567/1102/1094 652/1103/1095 568/1104/1096
f 568/1104/1096 652/1103/1095 653/1105/1097
f 568/1104/1096 653/1105/1097 569/1106/1098
f 569/1106/1098 653/1105/1097 654/1107/1099
f 569/1106/1098 654/1107/1099 570/1108/1100
f 570/1108/1100 654/1107/1099 655/1109/1101
f 570/1108/1100 655/1109/1101 571/1110/1102
f 571/1110/1102 655/1109/1101 656/1111/1103
f 571/1110/1102 656/1111/1103 572/1112/1104
f 572/1112/1104 656/1111/1103 657/1113/1105
f 572/1112/1104 657/1113/1105 658/1114/1106
f 572/1112/1104 658/1114/1106 573/1115/1107
f 573/1115/1107 658/1114/1106 659/1116/1108
f 573/1115/1107 659/1116/1108 574/1117/1109
f 574/1117/1109 659/1116/1108 660/1118/1110
f 574/1117/1109 660/1118/1110 575/1119/1111
f 575/1119/1111 660/1118/1110 661/1120/1112
f 575/1119/1111 661/1120/1112 576/1121/1113
f 576/1121/1113 661/1120/1112 662/1122/1114
f 576/1121/1113 662/1122/1114 577/1123/1115
f 577/1123/1115 662/1122/1114 663/1124/1116
f 577/1123/1115 663/1124/1116 664/1125/1117
f 577/1123/1115 664/1125/1117 578/1126/1118
f 578/1126/1118 664/1125/1117 665/1127/1119
f 578/1126/1118 665/1127/1119 579/1128/1120
f 579/1128/1120 665/1127/1119 666/1129/1121
f 579/1128/1120 666/1129/1121 580/1130/1122
f 580/1130/1122 666/1129/1121 667/1131/1123
f 580/1130/1122 667/1131/1123 581/1132/1124
f 581/1132/1124 667/1131/1123 668/1133/1125
f 581/1132/1124 668/1133/1125 582/1134/1126
f 582/1134/1126 668/1133/1125 669/1135/1127
f 582/1134/1126 669/1135/1127 583/1136/1128
f 583/1136/1128 669/1135/1127 670/1137/1129
f 583/1136/1128 670/1137/1129 671/1138/1130
f 583/1136/1128 671/1138/1130 584/1139/1131
f 584/1139/1131 671/1138/1130 672/1140/1132
f 584/1139/1131 672/1140/1132 585/1141/1133
f 585/1141/1133 672/1140/1132 673/1142/1134
f 585/1141/1133 673/1142/1134 586/1143/1135
f 586/1143/1135 673/1142/1134 674/1144/1136
f 586/1143/1135 674/1144/1136 587/1145/1137
f 587/1145/1137 674/1144/1136 675/1146/1138
f 587/1145/1137 675/1146/1138 588/1147/1139
f 588/1147/1139 675/1146/1138 676/1148/1140
f 588/1147/1139 676/1148/1140 589/1149/1141
f 589/1149/1141 676/1148/1140 677/1150/1142
f 589/1149/1141 677/1150/1142 678/1151/1143
f 589/1149/1141 678/1151/1143 590/1152/1144
f 590/1152/1144 678/1151/1143 679/1153/1145
f 590/1152/1144 679/1153/1145 591/1154/1146
f 591/1154/1146 679/1153/1145 680/1155/1147
f 591/1154/1146 680/1155/1147 592/1156/1148
f 592/1156/1148 680/1155/1147 681/1157/1149
f 592/1156/1148 681/1157/1149 593/1158/1150
f 593/1158/1150 681/1157/1149 682/1159/1151
f 593/1158/1150 682/1159/1151 594/1160/1152
f 594/1160/1152 682/1159/1151 683/1161/1153
f 594/1160/1152 683/1161/1153 684/1162/1154
f 594/1160/1152 684/1162/1154 595/1163/1155
f 595/1163/1155 684/1162/1154 685/1164/1156
f 595/1163/1155 685/1164/1156 596/1165/1157
f 596/1165/1157 685/1164/1156 686/1166/1158
f 596/1165/1157 686/1166/1158 597/1167/1159
f 597/1167/1159 686/1166/1158 687/1168/1160
f 597/1167/1159 687/1168/1160 598/1169/1161
f 598/1169/1161 687/1168/1160 688/1170/1162
f 598/1169/1161 688/1170/1162 599/1171/1163
f 599/1171/1163 688/1170/1162 689/1172/1164
f 599/1171/1163 689/1172/1164 600/1173/1165
f 600/1173/1165 689/1172/1164 690/1174/1166
f 600/1173/1165 690/1174/1166 691/1175/1167
f 600/1173/1165 691/1175/1167 601/1176/1168
f 601/1176/1168 691/1175/1167 692/1177/1169
f 601/1176/1168 692/1177/1169 602/1178/1170
f 602/1178/1170 692/1177/1169 693/1179/1171
f 602/1178/1170 693/1179/1171 603/1180/1172
f 603/1180/1172 693/1179/1171 694/1181/1173
f 603/1180/1172 694/1181/1173 604/1182/1174
f 604/1182/1174 694/1181/1173 695/1183/1175
f 604/1182/1174 695/1183/1175 605/1184/1176
f 605/1184/1176 695/1183/1175 696/1185/1177
f 605/1184/1176 696/1185/1177 606/1186/1178
f 606/1186/1178 696/1185/1177 697/1187/1179
f 606/1186/1178 697/1187/1179 698/1188/1180
f 606/1186/1178 698/1188/1180 607/1189/1181
f 607/1189/1181 698/1188/1180 699/1190/1182
f 607/1189/1181 699/1190/1182 608/1191/1183
f 608/1191/1183 699/1190/1182 700/1192/1184
f 608/1191/1183 700/1192/1184 609/1193/1185
f 609/1193/1185 700/1192/1184 701/1194/1186
f 609/1193/1185 701/1194/1186 610/1195/1187
f 610/1195/1187 701/1194/1186 702/1196/1188
f 610/1195/1187 702/1196/1188 611/1197/1189
f 611/1197/1189 702/1196/1188 703/1198/1190
f 611/1197/1189 703/1198/1190 612/1199/1191
f 612/1199/1191 703/1198/1190 704/1200/1192
f 612/1199/1191 704/1200/1192 705/1201/1193
f 612/1199/1191 705/1201/1193 613/1202/1194
f 613/1202/1194 705/1201/1193 706/1203/1195
f 613/1202/1194 706/1203/1195 614/1204/1196
f 614/1204/1196 706/1203/1195 707/1205/1197
f 614/1204/1196 707/1205/1197 615/1206/1198
f 615/1206/1198 707/1205/1197 708/1207/1199
f 615/1206/1198 708/1207/1199 616/1208/1200
f 616/1208/1200 708/1207/1199 709/1209/1201
f 616/1208/1200 709/1209/1201 617/1210/1202
f 617/1210/1202 709/1209/1201 710/1211/1203
f 617/1210/1202 710/1211/1203 711/1212/1204
f 617/1210/1202 711/1212/1204 618/1213/1205
f 618/1213/1205 711/1212/1204 712/1214/1206
f 618/1213/1205 712/1214/1206 619/1215/1207
f 619/1215/1207 712/1214/1206 713/1216/1208
f 619/1215/1207 713/1216/1208 620/1217/1209
f 620/1217/1209 713/1216/1208 714/1218/1210
f 620/1217/1209 714/1218/1210 621/1219/1211
f 621/1219/1211 714/1218/1210 715/1220/1212
f 621/1219/1211 715/1220/1212 622/1221/1213
f 622/1221/1213 715/1220/1212 716/1048/1040
f 622/1221/1213 716/1048/1040 543/1050/1042
usemtl Rubber_-_Soft
f 433/1222/1214 736/1223/1215 340/1224/1216
f 340/1224/1216 736/1223/1215 761/1225/1217
f 340/1224/1216 761/1225/1217 341/1226/1218
f 341/1226/1218 761/1225/1217 1991/1227/1219
f 341/1226/1218 1991/1227/1219 342/1228/1220
f 342/1228/1220 1991/1227/1219 1978/1229/1221
f 342/1228/1220 1978/1229/1221 343/1230/1222
f 343/1230/1222 1978/1229/1221 1954/1231/1223
f 343/1230/1222 1954/1231/1223 344/1232/1224
f 344/1232/1224 1954/1231/1223 730/1233/1225
f 344/1232/1224 730/1233/1225 345/1234/1226
f 345/1234/1226 730/1233/1225 1941/1235/1227
f 345/1234/1226 1941/1235/1227 1928/1236/1228
f 1928/1236/1228 1941/1235/1227 1942/1237/1229
f 1928/1236/1228 1942/1237/1229 1929/1238/1230
f 1929/1238/1230 1942/1237/1229 1943/1239/1231
f 1929/1238/1230 1943/1239/1231 1930/1240/1232
f 1930/1240/1232 1943/1239/1231 1944/1241/1233
f 1930/1240/1232 1944/1241/1233 1931/1242/1234
f 1931/1242/1234 1944/1241/1233 1945/1243/1235
f 1931/1242/1234 1945/1243/1235 1932/1244/1236
f 1932/1244/1236 1945/1243/1235 1946/1245/1237
f 1932/1244/1236 1946/1245/1237 1933/1246/1238
f 1933/1246/1238 1946/1245/1237 1947/1247/1239
f 1933/1246/1238 1947/1247/1239 1934/1248/1240
f 1934/1248/1240 1947/1247/1239 1948/1249/1241
f 1934/1248/1240 1948/1249/1241 1935/1250/1242
f 1935/1250/1242 1948/1249/1241 1949/1251/1243
f 1935/1250/1242 1949/1251/1243 1936/1252/1244
f 1936/1252/1244 1949/1251/1243 1950/1253/1245
f 1936/1252/1244 1950/1253/1245 1937/1254/1246
f 1937/1254/1246 1950/1253/1245 1951/1255/1247
f 1937/1254/1246 1951/1255/1247 1938/1256/1248
f 1938/1256/1248 1951/1255/1247 1952/1257/1249
f 1938/1256/1248 1952/1257/1249 1939/1258/1250
f 1939/1258/1250 1952/1257/1249 1953/1259/1251
f 1939/1258/1250 1953/1259/1251 1940/1260/1252
f 1940/1260/1252 1953/1259/1251 712/1261/1253
f 1940/1260/1252 712/1261/1253 711/1262/1254
f 736/1223/1215 433/1222/1214 762/1263/1255
f 762/1263/1255 433/1222/1214 432/1264/1256
f 762/1263/1255 432/1264/1256 775/1265/1257
f 775/1265/1257 432/1264/1256 431/1266/1258
f 775/1265/1257 431/1266/1258 788/1267/1259
f 788/1267/1259 431/1266/1258 430/1268/1260
f 788/1267/1259 430/1268/1260 801/1269/1261
f 801/1269/1261 430/1268/1260 429/1270/1262
f 801/1269/1261 429/1270/1262 814/1271/1263
f 814/1271/1263 429/1270/1262 428/1272/1264
f 814/1271/1263 428/1272/1264 827/1273/1265
f 827/1273/1265 428/1272/1264 427/1274/1266
f 827/1273/1265 427/1274/1266 840/1275/1267
f 840/1275/1267 427/1274/1266 426/1276/1268
f 840/1275/1267 426/1276/1268 853/1277/1269
f 853/1277/1269 426/1276/1268 425/1278/1270
f 853/1277/1269 425/1278/1270 866/1279/1271
f 866/1279/1271 425/1278/1270 424/1280/1272
f 866/1279/1271 424/1280/1272 879/1281/1273
f 879/1281/1273 424/1280/1272 423/1282/1274
f 879/1281/1273 423/1282/1274 892/1283/1275
f 892/1283/1275 423/1282/1274 422/1284/1276
f 892/1283/1275 422/1284/1276 905/1285/1277
f 905/1285/1277 422/1284/1276 421/1286/1278
f 905/1285/1277 421/1286/1278 918/1287/1279
f 918/1287/1279 421/1286/1278 420/1288/1280
f 918/1287/1279 420/1288/1280 956/1289/1281
f 956/1289/1281 420/1288/1280 931/1290/1282
f 956/1289/1281 931/1290/1282 932/1291/1283
f 932/1291/1283 931/1290/1282 958/1292/1284
f 932/1291/1283 958/1292/1284 959/1293/1285
f 959/1293/1285 958/1292/1284 972/1294/1286
f 959/1293/1285 972/1294/1286 973/1295/1287
f 973/1295/1287 972/1294/1286 986/1296/1288
f 973/1295/1287 986/1296/1288 987/1297/1289
f 987/1297/1289 986/1296/1288 1000/1298/1290
f 987/1297/1289 1000/1298/1290 1001/1299/1291
f 1001/1299/1291 1000/1298/1290 1014/1300/1292
f 1001/1299/1291 1014/1300/1292 1015/1301/1293
f 1015/1301/1293 1014/1300/1292 1028/1302/1294
f 1015/1301/1293 1028/1302/1294 1029/1303/1295
f 1029/1303/1295 1028/1302/1294 1042/1304/1296
f 1029/1303/1295 1042/1304/1296 1043/1305/1297
f 1043/1305/1297 1042/1304/1296 1056/1306/1298
f 1043/1305/1297 1056/1306/1298 1057/1307/1299
f 1057/1307/1299 1056/1306/1298 726/1308/1300
f 1057/1307/1299 726/1308/1300 727/1309/1301
f 727/1310/1301 726/1311/1300 1071/1312/1302
f 727/1310/1301 1071/1312/1302 1072/1313/1303
f 1072/1313/1303 1071/1312/1302 1085/1314/1304
f 1072/1313/1303 1085/1314/1304 1086/1315/1305
f 1086/1315/1305 1085/1314/1304 1099/1316/1306
f 1086/1315/1305 1099/1316/1306 649/1317/1307
f 649/1317/1307 1099/1316/1306 650/1318/1308
f 650/1318/1308 1099/1316/1306 1112/1319/1309
f 650/1318/1308 1112/1319/1309 651/1320/1310
f 651/1320/1310 1112/1319/1309 1125/1321/1311
f 651/1320/1310 1125/1321/1311 652/1322/1312
f 652/1322/1312 1125/1321/1311 1138/1323/1313
f 652/1322/1312 1138/1323/1313 653/1324/1314
f 653/1324/1314 1138/1323/1313 1151/1325/1315
f 653/1324/1314 1151/1325/1315 654/1326/1316
f 654/1326/1316 1151/1325/1315 1164/1327/1317
f 654/1326/1316 1164/1327/1317 655/1328/1318
f 655/1328/1318 1164/1327/1317 1177/1329/1319
f 655/1328/1318 1177/1329/1319 656/1330/1320
f 656/1330/1320 1177/1329/1319 1191/1331/1321
f 656/1330/1320 1191/1331/1321 1190/1332/1322
f 1190/1332/1322 1191/1331/1321 1192/1333/1323
f 1190/1332/1322 1192/1333/1323 1189/1334/1324
f 1189/1334/1324 1192/1333/1323 1193/1335/1325
f 1189/1334/1324 1193/1335/1325 1188/1336/1326
f 1188/1336/1326 1193/1335/1325 1194/1337/1327
f 1188/1336/1326 1194/1337/1327 1187/1338/1328
f 1187/1338/1328 1194/1337/1327 1195/1339/1329
f 1187/1338/1328 1195/1339/1329 1186/1340/1330
f 1186/1340/1330 1195/1339/1329 1196/1341/1331
f 1186/1340/1330 1196/1341/1331 1185/1342/1332
f 1185/1342/1332 1196/1341/1331 1197/1343/1333
f 1185/1342/1332 1197/1343/1333 1184/1344/1334
f 1184/1344/1334 1197/1343/1333 1198/1345/1335
f 1184/1344/1334 1198/1345/1335 1183/1346/1336
f 1183/1346/1336 1198/1345/1335 1199/1347/1337
f 1183/1346/1336 1199/1347/1337 1182/1348/1338
f 1182/1348/1338 1199/1347/1337 1200/1349/1339
f 1182/1348/1338 1200/1349/1339 1181/1350/1340
f 1181/1350/1340 1200/1349/1339 1201/1351/1341
f 1181/1350/1340 1201/1351/1341 1180/1352/1342
f 1180/1352/1342 1201/1351/1341 1202/1353/1343
f 1180/1352/1342 1202/1353/1343 1179/1354/1344
f 1179/1354/1344 1202/1353/1343 1203/1355/1345
f 1179/1354/1344 1203/1355/1345 1178/1356/1346
f 1178/1356/1346 1203/1355/1345 401/1357/1347
f 1178/1356/1346 401/1357/1347 400/1358/1348
f 420/1288/1280 419/1359/1349 931/1290/1282
f 931/1290/1282 419/1359/1349 957/1360/1350
f 931/1290/1282 957/1360/1350 958/1292/1284
f 958/1292/1284 957/1360/1350 971/1361/1351
f 958/1292/1284 971/1361/1351 972/1294/1286
f 972/1294/1286 971/1361/1351 985/1362/1352
f 972/1294/1286 985/1362/1352 986/1296/1288
f 986/1296/1288 985/1362/1352 999/1363/1353
f 986/1296/1288 999/1363/1353 1000/1298/1290
f 1000/1298/1290 999/1363/1353 1013/1364/1354
f 1000/1298/1290 1013/1364/1354 1014/1300/1292
f 1014/1300/1292 1013/1364/1354 1027/1365/1355
f 1014/1300/1292 1027/1365/1355 1028/1302/1294
f 1028/1302/1294 1027/1365/1355 1041/1366/1356
f 1028/1302/1294 1041/1366/1356 1042/1304/1296
f 1042/1304/1296 1041/1366/1356 1055/1367/1357
f 1042/1304/1296 1055/1367/1357 1056/1306/1298
f 1056/1306/1298 1055/1367/1357 725/1368/1358
f 1056/1306/1298 725/1368/1358 726/1308/1300
f 726/1311/1300 725/1369/1358 1070/1370/1359
f 726/1311/1300 1070/1370/1359 1071/1312/1302
f 1071/1312/1302 1070/1370/1359 1084/1371/1360
f 1071/1312/1302 1084/1371/1360 1085/1314/1304
f 1085/1314/1304 1084/1371/1360 1098/1372/1361
f 1085/1314/1304 1098/1372/1361 1099/1316/1306
f 1099/1316/1306 1098/1372/1361 1112/1319/1309
f 419/1359/1349 418/1373/1362 957/1360/1350
f 957/1360/1350 418/1373/1362 970/1374/1363
f 957/1360/1350 970/1374/1363 971/1361/1351
f 971/1361/1351 970/1374/1363 984/1375/1364
f 971/1361/1351 984/1375/1364 985/1362/1352
f 985/1362/1352 984/1375/1364 998/1376/1365
f 985/1362/1352 998/1376/1365 999/1363/1353
f 999/1363/1353 998/1376/1365 1012/1377/1366
f 999/1363/1353 1012/1377/1366 1013/1364/1354
f 1013/1364/1354 1012/1377/1366 1026/1378/1367
f 1013/1364/1354 1026/1378/1367 1027/1365/1355
f 1027/1365/1355 1026/1378/1367 1040/1379/1368
f 1027/1365/1355 1040/1379/1368 1041/1366/1356
f 1041/1366/1356 1040/1379/1368 1054/1380/1369
f 1041/1366/1356 1054/1380/1369 1055/1367/1357
f 1055/1367/1357 1054/1380/1369 724/1381/1370
f 1055/1367/1357 724/1381/1370 725/1368/1358
f 725/1369/1358 724/1382/1370 1069/1383/1371
f 725/1369/1358 1069/1383/1371 1070/1370/1359
f 1070/1370/1359 1069/1383/1371 1083/1384/1372
f 1070/1370/1359 1083/1384/1372 1084/1371/1360
f 1084/1371/1360 1083/1384/1372 1097/1385/1373
f 1084/1371/1360 1097/1385/1373 1098/1372/1361
f 1098/1372/1361 1097/1385/1373 1111/1386/1374
f 1098/1372/1361 1111/1386/1374 1112/1319/1309
f 1112/1319/1309 1111/1386/1374 1125/1321/1311
f 418/1373/1362 417/1387/1375 970/1374/1363
f 970/1374/1363 417/1387/1375 983/1388/1376
f 970/1374/1363 983/1388/1376 984/1375/1364
f 984/1375/1364 983/1388/1376 997/1389/1377
f 984/1375/1364 997/1389/1377 998/1376/1365
f 998/1376/1365 997/1389/1377 1011/1390/1378
f 998/1376/1365 1011/1390/1378 1012/1377/1366
f 1012/1377/1366 1011/1390/1378 1025/1391/1379
f 1012/1377/1366 1025/1391/1379 1026/1378/1367
f 1026/1378/1367 1025/1391/1379 1039/1392/1380
f 1026/1378/1367 1039/1392/1380 1040/1379/1368
f 1040/1379/1368 1039/1392/1380 1053/1393/1381
f 1040/1379/1368 1053/1393/1381 1054/1380/1369
f 1054/1380/1369 1053/1393/1381 723/1394/1382
f 1054/1380/1369 723/1394/1382 724/1381/1370
f 724/1382/1370 723/1395/1382 1068/1396/1383
f 724/1382/1370 1068/1396/1383 1069/1383/1371
f 1069/1383/1371 1068/1396/1383 1082/1397/1384
f 1069/1383/1371 1082/1397/1384 1083/1384/1372
f 1083/1384/1372 1082/1397/1384 1096/1398/1385
f 1083/1384/1372 1096/1398/1385 1097/1385/1373
f 1097/1385/1373 1096/1398/1385 1110/1399/1386
f 1097/1385/1373 1110/1399/1386 1111/1386/1374
f 1111/1386/1374 1110/1399/1386 1124/1400/1387
f 1111/1386/1374 1124/1400/1387 1125/1321/1311
f 1125/1321/1311 1124/1400/1387 1138/1323/1313
f 417/1387/1375 416/1401/1388 983/1388/1376
f 983/1388/1376 416/1401/1388 996/1402/1389
f 983/1388/1376 996/1402/1389 997/1389/1377
f 997/1389/1377 996/1402/1389 1010/1403/1390
f 997/1389/1377 1010/1403/1390 1011/1390/1378
f 1011/1390/1378 1010/1403/1390 1024/1404/1391
f 1011/1390/1378 1024/1404/1391 1025/1391/1379
f 1025/1391/1379 1024/1404/1391 1038/1405/1392
f 1025/1391/1379 1038/1405/1392 1039/1392/1380
f 1039/1392/1380 1038/1405/1392 1052/1406/1393
f 1039/1392/1380 1052/1406/1393 1053/1393/1381
f 1053/1393/1381 1052/1406/1393 722/1407/1394
f 1053/1393/1381 722/1407/1394 723/1394/1382
f 723/1395/1382 722/1408/1394 1067/1409/1395
f 723/1395/1382 1067/1409/1395 1068/1396/1383
f 1068/1396/1383 1067/1409/1395 1081/1410/1396
f 1068/1396/1383 1081/1410/1396 1082/1397/1384
f 1082/1397/1384 1081/1410/1396 1095/1411/1397
f 1082/1397/1384 1095/1411/1397 1096/1398/1385
f 1096/1398/1385 1095/1411/1397 1109/1412/1398
f 1096/1398/1385 1109/1412/1398 1110/1399/1386
f 1110/1399/1386 1109/1412/1398 1123/1413/1399
f 1110/1399/1386 1123/1413/1399 1124/1400/1387
f 1124/1400/1387 1123/1413/1399 1137/1414/1400
f 1124/1400/1387 1137/1414/1400 1138/1323/1313
f 1138/1323/1313 1137/1414/1400 1151/1325/1315
f 416/1401/1388 415/1415/1401 996/1402/1389
f 996/1402/1389 415/1415/1401 1009/1416/1402
f 996/1402/1389 1009/1416/1402 1010/1403/1390
f 1010/1403/1390 1009/1416/1402 1023/1417/1403
f 1010/1403/1390 1023/1417/1403 1024/1404/1391
f 1024/1404/1391 1023/1417/1403 1037/1418/1404
f 1024/1404/1391 1037/1418/1404 1038/1405/1392
f 1038/1405/1392 1037/1418/1404 1051/1419/1405
f 1038/1405/1392 1051/1419/1405 1052/1406/1393
f 1052/1406/1393 1051/1419/1405 721/1420/1406
f 1052/1406/1393 721/1420/1406 722/1407/1394
f 722/1408/1394 721/1421/1406 1066/1422/1407
f 722/1408/1394 1066/1422/1407 1067/1409/1395
f 1067/1409/1395 1066/1422/1407 1080/1423/1408
f 1067/1409/1395 1080/1423/1408 1081/1410/1396
f 1081/1410/1396 1080/1423/1408 1094/1424/1409
f 1081/1410/1396 1094/1424/1409 1095/1411/1397
f 1095/1411/1397 1094/1424/1409 1108/1425/1410
f 1095/1411/1397 1108/1425/1410 1109/1412/1398
f 1109/1412/1398 1108/1425/1410 1122/1426/1411
f 1109/1412/1398 1122/1426/1411 1123/1413/1399
f 1123/1413/1399 1122/1426/1411 1136/1427/1412
f 1123/1413/1399 1136/1427/1412 1137/1414/1400
f 1137/1414/1400 1136/1427/1412 1150/1428/1413
f 1137/1414/1400 1150/1428/1413 1151/1325/1315
f 1151/1325/1315 1150/1428/1413 1164/1327/1317
f 415/1415/1401 414/1429/1414 1009/1416/1402
f 1009/1416/1402 414/1429/1414 1022/1430/1415
f 1009/1416/1402 1022/1430/1415 1023/1417/1403
f 1023/1417/1403 1022/1430/1415 1036/1431/1416
f 1023/1417/1403 1036/1431/1416 1037/1418/1404
f 1037/1418/1404 1036/1431/1416 1050/1432/1417
f 1037/1418/1404 1050/1432/1417 1051/1419/1405
f 1051/1419/1405 1050/1432/1417 720/1433/1418
f 1051/1419/1405 720/1433/1418 721/1420/1406
f 721/1421/1406 720/1434/1418 1065/1435/1419
f 721/1421/1406 1065/1435/1419 1066/1422/1407
f 1066/1422/1407 1065/1435/1419 1079/1436/1420
f 1066/1422/1407 1079/1436/1420 1080/1423/1408
f 1080/1423/1408 1079/1436/1420 1093/1437/1421
f 1080/1423/1408 1093/1437/1421 1094/1424/1409
f 1094/1424/1409 1093/1437/1421 1107/1438/1422
f 1094/1424/1409 1107/1438/1422 1108/1425/1410
f 1108/1425/1410 1107/1438/1422 1121/1439/1423
f 1108/1425/1410 1121/1439/1423 1122/1426/1411
f 1122/1426/1411 1121/1439/1423 1135/1440/1424
f 1122/1426/1411 1135/1440/1424 1136/1427/1412
f 1136/1427/1412 1135/1440/1424 1149/1441/1425
f 1136/1427/1412 1149/1441/1425 1150/1428/1413
f 1150/1428/1413 1149/1441/1425 1163/1442/1426
f 1150/1428/1413 1163/1442/1426 1164/1327/1317
f 1164/1327/1317 1163/1442/1426 1177/1329/1319
f 414/1429/1414 413/1443/1427 1022/1430/1415
f 1022/1430/1415 413/1443/1427 1035/1444/1428
f 1022/1430/1415 1035/1444/1428 1036/1431/1416
f 1036/1431/1416 1035/1444/1428 1049/1445/1429
f 1036/1431/1416 1049/1445/1429 1050/1432/1417
f 1050/1432/1417 1049/1445/1429 719/1446/1430
f 1050/1432/1417 719/1446/1430 720/1433/1418
f 720/1434/1418 719/1447/1430 1064/1448/1431
f 720/1434/1418 1064/1448/1431 1065/1435/1419
f 1065/1435/1419 1064/1448/1431 1078/1449/1432
f 1065/1435/1419 1078/1449/1432 1079/1436/1420
f 1079/1436/1420 1078/1449/1432 1092/1450/1433
f 1079/1436/1420 1092/1450/1433 1093/1437/1421
f 1093/1437/1421 1092/1450/1433 1106/1451/1434
f 1093/1437/1421 1106/1451/1434 1107/1438/1422
f 1107/1438/1422 1106/1451/1434 1120/1452/1435
f 1107/1438/1422 1120/1452/1435 1121/1439/1423
f 1121/1439/1423 1120/1452/1435 1134/1453/1436
f 1121/1439/1423 1134/1453/1436 1135/1440/1424
f 1135/1440/1424 1134/1453/1436 1148/1454/1437
f 1135/1440/1424 1148/1454/1437 1149/1441/1425
f 1149/1441/1425 1148/1454/1437 1162/1455/1438
f 1149/1441/1425 1162/1455/1438 1163/1442/1426
f 1163/1442/1426 1162/1455/1438 1176/1456/1439
f 1163/1442/1426 1176/1456/1439 1177/1329/1319
f 1177/1329/1319 1176/1456/1439 1191/1331/1321
f 413/1443/1427 412/1457/1440 1035/1444/1428
f 1035/1444/1428 412/1457/1440 1048/1458/1441
f 1035/1444/1428 1048/1458/1441 1049/1445/1429
f 1049/1445/1429 1048/1458/1441 718/1459/1442
f 1049/1445/1429 718/1459/1442 719/1446/1430
f 719/1447/1430 718/1460/1442 1063/1461/1443
f 719/1447/1430 1063/1461/1443 1064/1448/1431
f 1064/1448/1431 1063/1461/1443 1077/1462/1444
f 1064/1448/1431 1077/1462/1444 1078/1449/1432
f 1078/1449/1432 1077/1462/1444 1091/1463/1445
f 1078/1449/1432 1091/1463/1445 1092/1450/1433
f 1092/1450/1433 1091/1463/1445 1105/1464/1446
f 1092/1450/1433 1105/1464/1446 1106/1451/1434
f 1106/1451/1434 1105/1464/1446 1119/1465/1447
f 1106/1451/1434 1119/1465/1447 1120/1452/1435
f 1120/1452/1435 1119/1465/1447 1133/1466/1448
f 1120/1452/1435 1133/1466/1448 1134/1453/1436
f 1134/1453/1436 1133/1466/1448 1147/1467/1449
f 1134/1453/1436 1147/1467/1449 1148/1454/1437
f 1148/1454/1437 1147/1467/1449 1161/1468/1450
f 1148/1454/1437 1161/1468/1450 1162/1455/1438
f 1162/1455/1438 1161/1468/1450 1175/1469/1451
f 1162/1455/1438 1175/1469/1451 1176/1456/1439
f 1176/1456/1439 1175/1469/1451 1192/1333/1323
f 1176/1456/1439 1192/1333/1323 1191/1331/1321
f 412/1457/1440 411/1470/1452 1048/1458/1441
f 1048/1458/1441 411/1470/1452 717/1471/1453
f 1048/1458/1441 717/1471/1453 718/1459/1442
f 718/1460/1442 717/1472/1453 1062/1473/1454
f 718/1460/1442 1062/1473/1454 1063/1461/1443
f 1063/1461/1443 1062/1473/1454 1076/1474/1455
f 1063/1461/1443 1076/1474/1455 1077/1462/1444
f 1077/1462/1444 1076/1474/1455 1090/1475/1456
f 1077/1462/1444 1090/1475/1456 1091/1463/1445
f 1091/1463/1445 1090/1475/1456 1104/1476/1457
f 1091/1463/1445 1104/1476/1457 1105/1464/1446
f 1105/1464/1446 1104/1476/1457 1118/1477/1458
f 1105/1464/1446 1118/1477/1458 1119/1465/1447
f 1119/1465/1447 1118/1477/1458 1132/1478/1459
f 1119/1465/1447 1132/1478/1459 1133/1466/1448
f 1133/1466/1448 1132/1478/1459 1146/1479/1460
f 1133/1466/1448 1146/1479/1460 1147/1467/1449
f 1147/1467/1449 1146/1479/1460 1160/1480/1461
f 1147/1467/1449 1160/1480/1461 1161/1468/1450
f 1161/1468/1450 1160/1480/1461 1174/1481/1462
f 1161/1468/1450 1174/1481/1462 1175/1469/1451
f 1175/1469/1451 1174/1481/1462 1193/1335/1325
f 1175/1469/1451 1193/1335/1325 1192/1333/1323
f 411/1482/1452 410/1483/1463 717/1472/1453
f 717/1472/1453 410/1483/1463 1061/1484/1464
f 717/1472/1453 1061/1484/1464 1062/1473/1454
f 1062/1473/1454 1061/1484/1464 1075/1485/1465
f 1062/1473/1454 1075/1485/1465 1076/1474/1455
f 1076/1474/1455 1075/1485/1465 1089/1486/1466
f 1076/1474/1455 1089/1486/1466 1090/1475/1456
f 1090/1475/1456 1089/1486/1466 1103/1487/1467
f 1090/1475/1456 1103/1487/1467 1104/1476/1457
f 1104/1476/1457 1103/1487/1467 1117/1488/1468
f 1104/1476/1457 1117/1488/1468 1118/1477/1458
f 1118/1477/1458 1117/1488/1468 1131/1489/1469
f 1118/1477/1458 1131/1489/1469 1132/1478/1459
f 1132/1478/1459 1131/1489/1469 1145/1490/1470
f 1132/1478/1459 1145/1490/1470 1146/1479/1460
f 1146/1479/1460 1145/1490/1470 1159/1491/1471
f 1146/1479/1460 1159/1491/1471 1160/1480/1461
f 1160/1480/1461 1159/1491/1471 1173/1492/1472
f 1160/1480/1461 1173/1492/1472 1174/1481/1462
f 1174/1481/1462 1173/1492/1472 1194/1337/1327
f 1174/1481/1462 1194/1337/1327 1193/1335/1325
f 410/1483/1463 409/1493/1473 1061/1484/1464
f 1061/1484/1464 409/1493/1473 1074/1494/1474
f 1061/1484/1464 1074/1494/1474 1075/1485/1465
f 1075/1485/1465 1074/1494/1474 1088/1495/1475
f 1075/1485/1465 1088/1495/1475 1089/1486/1466
f 1089/1486/1466 1088/1495/1475 1102/1496/1476
f 1089/1486/1466 1102/1496/1476 1103/1487/1467
f 1103/1487/1467 1102/1496/1476 1116/1497/1477
f 1103/1487/1467 1116/1497/1477 1117/1488/1468
f 1117/1488/1468 1116/1497/1477 1130/1498/1478
f 1117/1488/1468 1130/1498/1478 1131/1489/1469
f 1131/1489/1469 1130/1498/1478 1144/1499/1479
f 1131/1489/1469 1144/1499/1479 1145/1490/1470
f 1145/1490/1470 1144/1499/1479 1158/1500/1480
f 1145/1490/1470 1158/1500/1480 1159/1491/1471
f 1159/1491/1471 1158/1500/1480 1172/1501/1481
f 1159/1491/1471 1172/1501/1481 1173/1492/1472
f 1173/1492/1472 1172/1501/1481 1195/1339/1329
f 1173/1492/1472 1195/1339/1329 1194/1337/1327
f 409/1493/1473 408/1502/1482 1074/1494/1474
f 1074/1494/1474 408/1502/1482 1087/1503/1483
f 1074/1494/1474 1087/1503/1483 1088/1495/1475
f 1088/1495/1475 1087/1503/1483 1101/1504/1484
f 1088/1495/1475 1101/1504/1484 1102/1496/1476
f 1102/1496/1476 1101/1504/1484 1115/1505/1485
f 1102/1496/1476 1115/1505/1485 1116/1497/1477
f 1116/1497/1477 1115/1505/1485 1129/1506/1486
f 1116/1497/1477 1129/1506/1486 1130/1498/1478
f 1130/1498/1478 1129/1506/1486 1143/1507/1487
f 1130/1498/1478 1143/1507/1487 1144/1499/1479
f 1144/1499/1479 1143/1507/1487 1157/1508/1488
f 1144/1499/1479 1157/1508/1488 1158/1500/1480
f 1158/1500/1480 1157/1508/1488 1171/1509/1489
f 1158/1500/1480 1171/1509/1489 1172/1501/1481
f 1172/1501/1481 1171/1509/1489 1196/1341/1331
f 1172/1501/1481 1196/1341/1331 1195/1339/1329
f 408/1502/1482 407/1510/1490 1087/1503/1483
f 1087/1503/1483 407/1510/1490 1100/1511/1491
f 1087/1503/1483 1100/1511/1491 1101/1504/1484
f 1101/1504/1484 1100/1511/1491 1114/1512/1492
f 1101/1504/1484 1114/1512/1492 1115/1505/1485
f 1115/1505/1485 1114/1512/1492 1128/1513/1493
f 1115/1505/1485 1128/1513/1493 1129/1506/1486
f 1129/1506/1486 1128/1513/1493 1142/1514/1494
f 1129/1506/1486 1142/1514/1494 1143/1507/1487
f 1143/1507/1487 1142/1514/1494 1156/1515/1495
f 1143/1507/1487 1156/1515/1495 1157/1508/1488
f 1157/1508/1488 1156/1515/1495 1170/1516/1496
f 1157/1508/1488 1170/1516/1496 1171/1509/1489
f 1171/1509/1489 1170/1516/1496 1197/1343/1333
f 1171/1509/1489 1197/1343/1333 1196/1341/1331
f 407/1510/1490 406/1517/1497 1100/1511/1491
f 1100/1511/1491 406/1517/1497 1113/1518/1498
f 1100/1511/1491 1113/1518/1498 1114/1512/1492
f 1114/1512/1492 1113/1518/1498 1127/1519/1499
f 1114/1512/1492 1127/1519/1499 1128/1513/1493
f 1128/1513/1493 1127/1519/1499 1141/1520/1500
f 1128/1513/1493 1141/1520/1500 1142/1514/1494
f 1142/1514/1494 1141/1520/1500 1155/1521/1501
f 1142/1514/1494 1155/1521/1501 1156/1515/1495
f 1156/1515/1495 1155/1521/1501 1169/1522/1502
f 1156/1515/1495 1169/1522/1502 1170/1516/1496
f 1170/1516/1496 1169/1522/1502 1198/1345/1335
f 1170/1516/1496 1198/1345/1335 1197/1343/1333
f 406/1517/1497 405/1523/1503 1113/1518/1498
f 1113/1518/1498 405/1523/1503 1126/1524/1504
f 1113/1518/1498 1126/1524/1504 1127/1519/1499
f 1127/1519/1499 1126/1524/1504 1140/1525/1505
f 1127/1519/1499 1140/1525/1505 1141/1520/1500
f 1141/1520/1500 1140/1525/1505 1154/1526/1506
f 1141/1520/1500 1154/1526/1506 1155/1521/1501
f 1155/1521/1501 1154/1526/1506 1168/1527/1507
f 1155/1521/1501 1168/1527/1507 1169/1522/1502
f 1169/1522/1502 1168/1527/1507 1199/1347/1337
f 1169/1522/1502 1199/1347/1337 1198/1345/1335
f 405/1523/1503 404/1528/1508 1126/1524/1504
f 1126/1524/1504 404/1528/1508 1139/1529/1509
f 1126/1524/1504 1139/1529/1509 1140/1525/1505
f 1140/1525/1505 1139/1529/1509 1153/1530/1510
f 1140/1525/1505 1153/1530/1510 1154/1526/1506
f 1154/1526/1506 1153/1530/1510 1167/1531/1511
f 1154/1526/1506 1167/1531/1511 1168/1527/1507
f 1168/1527/1507 1167/1531/1511 1200/1349/1339
f 1168/1527/1507 1200/1349/1339 1199/1347/1337
f 404/1528/1508 403/1532/1512 1139/1529/1509
f 1139/1529/1509 403/1532/1512 1152/1533/1513
f 1139/1529/1509 1152/1533/1513 1153/1530/1510
f 1153/1530/1510 1152/1533/1513 1166/1534/1514
f 1153/1530/1510 1166/1534/1514 1167/1531/1511
f 1167/1531/1511 1166/1534/1514 1201/1351/1341
f 1167/1531/1511 1201/1351/1341 1200/1349/1339
f 403/1532/1512 402/1535/1515 1152/1533/1513
f 1152/1533/1513 402/1535/1515 1165/1536/1516
f 1152/1533/1513 1165/1536/1516 1166/1534/1514
f 1166/1534/1514 1165/1536/1516 1202/1353/1343
f 1166/1534/1514 1202/1353/1343 1201/1351/1341
f 402/1535/1515 401/1357/1347 1165/1536/1516
f 1165/1536/1516 401/1357/1347 1203/1355/1345
f 1165/1536/1516 1203/1355/1345 1202/1353/1343
f 1178/1356/1346 400/1358/1348 1204/1537/1517
f 1204/1537/1517 400/1358/1348 399/1538/1518
f 1204/1537/1517 399/1538/1518 1217/1539/1519
f 1217/1539/1519 399/1538/1518 398/1540/1520
f 1217/1539/1519 398/1540/1520 1230/1541/1521
f 1230/1541/1521 398/1540/1520 397/1542/1522
f 1230/1541/1521 397/1542/1522 1243/1543/1523
f 1243/1543/1523 397/1542/1522 396/1544/1524
f 1243/1543/1523 396/1544/1524 1256/1545/1525
f 1256/1545/1525 396/1544/1524 395/1546/1526
f 1256/1545/1525 395/1546/1526 1269/1547/1527
f 1269/1547/1527 395/1546/1526 394/1548/1528
f 1269/1547/1527 394/1548/1528 1282/1549/1529
f 1282/1549/1529 394/1548/1528 393/1550/1530
f 1282/1549/1529 393/1550/1530 1295/1551/1531
f 1295/1551/1531 393/1550/1530 392/1552/1532
f 1295/1551/1531 392/1552/1532 1308/1553/1533
f 1308/1553/1533 392/1552/1532 391/1554/1534
f 1308/1553/1533 391/1554/1534 1321/1555/1535
f 1321/1555/1535 391/1554/1534 390/1556/1536
f 1321/1555/1535 390/1556/1536 1334/1557/1537
f 1334/1557/1537 390/1556/1536 389/1558/1538
f 1334/1557/1537 389/1558/1538 1347/1559/1539
f 1347/1559/1539 389/1558/1538 388/1560/1540
f 1347/1559/1539 388/1560/1540 1360/1561/1541
f 1360/1561/1541 388/1560/1540 387/1562/1542
f 1360/1561/1541 387/1562/1542 1373/1563/1543
f 1373/1563/1543 387/1562/1542 386/1564/1544
f 1373/1563/1543 386/1564/1544 1386/1565/1545
f 1386/1565/1545 386/1564/1544 385/1566/1546
f 1386/1565/1545 385/1566/1546 1399/1567/1547
f 1399/1567/1547 385/1566/1546 384/1568/1548
f 1399/1567/1547 384/1568/1548 1412/1569/1549
f 1412/1569/1549 384/1568/1548 383/1570/1550
f 1412/1569/1549 383/1570/1550 734/1571/1551
f 734/1571/1551 383/1570/1550 382/1572/1552
f 734/1571/1551 382/1572/1552 1461/1573/1553
f 1461/1573/1553 382/1572/1552 1436/1574/1554
f 1461/1573/1553 1436/1574/1554 1437/1575/1555
f 1437/1575/1555 1436/1574/1554 1463/1576/1556
f 1437/1575/1555 1463/1576/1556 1464/1577/1557
f 1464/1577/1557 1463/1576/1556 1477/1578/1558
f 1464/1577/1557 1477/1578/1558 1478/1579/1559
f 1478/1579/1559 1477/1578/1558 1491/1580/1560
f 1478/1579/1559 1491/1580/1560 1492/1581/1561
f 1492/1581/1561 1491/1580/1560 1505/1582/1562
f 1492/1581/1561 1505/1582/1562 1506/1583/1563
f 1506/1583/1563 1505/1582/1562 1519/1584/1564
f 1506/1583/1563 1519/1584/1564 1520/1585/1565
f 1520/1585/1565 1519/1584/1564 1533/1586/1566
f 1520/1585/1565 1533/1586/1566 1534/1587/1567
f 1534/1587/1567 1533/1586/1566 1547/1588/1568
f 1534/1587/1567 1547/1588/1568 1548/1589/1569
f 1548/1589/1569 1547/1588/1568 1561/1590/1570
f 1548/1589/1569 1561/1590/1570 1562/1591/1571
f 1562/1591/1571 1561/1590/1570 1575/1592/1572
f 1562/1591/1571 1575/1592/1572 1576/1593/1573
f 1576/1593/1573 1575/1592/1572 1589/1594/1574
f 1576/1593/1573 1589/1594/1574 1590/1595/1575
f 1590/1595/1575 1589/1594/1574 1603/1596/1576
f 1590/1595/1575 1603/1596/1576 1604/1597/1577
f 1604/1597/1577 1603/1596/1576 1617/1598/1578
f 1604/1597/1577 1617/1598/1578 687/1599/1579
f 687/1599/1579 1617/1598/1578 688/1600/1580
f 688/1600/1580 1617/1598/1578 1630/1601/1581
f 688/1600/1580 1630/1601/1581 689/1602/1582
f 689/1602/1582 1630/1601/1581 1643/1603/1583
f 689/1602/1582 1643/1603/1583 690/1604/1584
f 690/1604/1584 1643/1603/1583 1656/1605/1585
f 690/1604/1584 1656/1605/1585 691/1606/1586
f 691/1606/1586 1656/1605/1585 1669/1607/1587
f 691/1606/1586 1669/1607/1587 692/1608/1588
f 692/1608/1588 1669/1607/1587 1682/1609/1589
f 692/1608/1588 1682/1609/1589 693/1610/1590
f 693/1610/1590 1682/1609/1589 1694/1611/1591
f 693/1610/1590 1694/1611/1591 733/1612/1592
f 733/1612/1592 1694/1611/1591 1693/1613/1593
f 733/1612/1592 1693/1613/1593 1708/1614/1594
f 1708/1614/1594 1693/1613/1593 1692/1615/1595
f 1708/1614/1594 1692/1615/1595 1709/1616/1596
f 1709/1616/1596 1692/1615/1595 1691/1617/1597
f 1709/1616/1596 1691/1617/1597 1710/1618/1598
f 1710/1618/1598 1691/1617/1597 1690/1619/1599
f 1710/1618/1598 1690/1619/1599 1711/1620/1600
f 1711/1620/1600 1690/1619/1599 1689/1621/1601
f 1711/1620/1600 1689/1621/1601 1712/1622/1602
f 1712/1622/1602 1689/1621/1601 1688/1623/1603
f 1712/1622/1602 1688/1623/1603 1713/1624/1604
f 1713/1624/1604 1688/1623/1603 1687/1625/1605
f 1713/1624/1604 1687/1625/1605 1714/1626/1606
f 1714/1626/1606 1687/1625/1605 1686/1627/1607
f 1714/1626/1606 1686/1627/1607 1715/1628/1608
f 1715/1628/1608 1686/1627/1607 1685/1629/1609
f 1715/1628/1608 1685/1629/1609 1716/1630/1610
f 1716/1630/1610 1685/1629/1609 1684/1631/1611
f 1716/1630/1610 1684/1631/1611 1717/1632/1612
f 1717/1632/1612 1684/1631/1611 1683/1633/1613
f 1717/1632/1612 1683/1633/1613 1718/1634/1614
f 1718/1634/1614 1683/1633/1613 732/1635/1615
f 1718/1634/1614 732/1635/1615 1719/1636/1616
f 1719/1636/1616 732/1635/1615 363/1637/1617
f 1719/1636/1616 363/1637/1617 1695/1638/1618
f 1695/1638/1618 363/1637/1617 362/1639/1619
f 1695/1638/1618 362/1639/1619 1720/1640/1620
f 1720/1640/1620 362/1639/1619 361/1641/1621
f 1720/1640/1620 361/1641/1621 1733/1642/1622
f 1733/1642/1622 361/1641/1621 360/1643/1623
f 1733/1642/1622 360/1643/1623 1746/1644/1624
f 1746/1644/1624 360/1643/1623 359/1645/1625
f 1746/1644/1624 359/1645/1625 1759/1646/1626
f 1759/1646/1626 359/1645/1625 358/1647/1627
f 1759/1646/1626 358/1647/1627 1772/1648/1628
f 1772/1648/1628 358/1647/1627 357/1649/1629
f 1772/1648/1628 357/1649/1629 1785/1650/1630
f 1785/1650/1630 357/1649/1629 356/1651/1631
f 1785/1650/1630 356/1651/1631 1798/1652/1632
f 1798/1652/1632 356/1651/1631 355/1653/1633
f 1798/1652/1632 355/1653/1633 1811/1654/1634
f 1811/1654/1634 355/1653/1633 354/1655/1635
f 1811/1654/1634 354/1655/1635 1824/1656/1636
f 1824/1656/1636 354/1655/1635 353/1657/1637
f 1824/1656/1636 353/1657/1637 1837/1658/1638
f 1837/1658/1638 353/1657/1637 352/1659/1639
f 1837/1658/1638 352/1659/1639 1850/1660/1640
f 1850/1660/1640 352/1659/1639 351/1661/1641
f 1850/1660/1640 351/1661/1641 1863/1662/1642
f 1863/1662/1642 351/1661/1641 350/1663/1643
f 1863/1662/1642 350/1663/1643 1876/1664/1644
f 1876/1664/1644 350/1663/1643 349/1665/1645
f 1876/1664/1644 349/1665/1645 1889/1666/1646
f 1889/1666/1646 349/1665/1645 348/1667/1647
f 1889/1666/1646 348/1667/1647 1902/1668/1648
f 1902/1668/1648 348/1667/1647 347/1669/1649
f 1902/1668/1648 347/1669/1649 1915/1670/1650
f 1915/1670/1650 347/1669/1649 346/1671/1651
f 1915/1670/1650 346/1671/1651 1928/1236/1228
f 1928/1236/1228 346/1671/1651 345/1234/1226
f 382/1572/1552 381/1672/1652 1436/1574/1554
f 1436/1574/1554 381/1672/1652 1462/1673/1653
f 1436/1574/1554 1462/1673/1653 1463/1576/1556
f 1463/1576/1556 1462/1673/1653 1476/1674/1654
f 1463/1576/1556 1476/1674/1654 1477/1578/1558
f 1477/1578/1558 1476/1674/1654 1490/1675/1655
f 1477/1578/1558 1490/1675/1655 1491/1580/1560
f 1491/1580/1560 1490/1675/1655 1504/1676/1656
f 1491/1580/1560 1504/1676/1656 1505/1582/1562
f 1505/1582/1562 1504/1676/1656 1518/1677/1657
f 1505/1582/1562 1518/1677/1657 1519/1584/1564
f 1519/1584/1564 1518/1677/1657 1532/1678/1658
f 1519/1584/1564 1532/1678/1658 1533/1586/1566
f 1533/1586/1566 1532/1678/1658 1546/1679/1659
f 1533/1586/1566 1546/1679/1659 1547/1588/1568
f 1547/1588/1568 1546/1679/1659 1560/1680/1660
f 1547/1588/1568 1560/1680/1660 1561/1590/1570
f 1561/1590/1570 1560/1680/1660 1574/1681/1661
f 1561/1590/1570 1574/1681/1661 1575/1592/1572
f 1575/1592/1572 1574/1681/1661 1588/1682/1662
f 1575/1592/1572 1588/1682/1662 1589/1594/1574
f 1589/1594/1574 1588/1682/1662 1602/1683/1663
f 1589/1594/1574 1602/1683/1663 1603/1596/1576
f 1603/1596/1576 1602/1683/1663 1616/1684/1664
f 1603/1596/1576 1616/1684/1664 1617/1598/1578
f 1617/1598/1578 1616/1684/1664 1630/1601/1581
f 381/1672/1652 380/1685/1665 1462/1673/1653
f 1462/1673/1653 380/1685/1665 1475/1686/1666
f 1462/1673/1653 1475/1686/1666 1476/1674/1654
f 1476/1674/1654 1475/1686/1666 1489/1687/1667
f 1476/1674/1654 1489/1687/1667 1490/1675/1655
f 1490/1675/1655 1489/1687/1667 1503/1688/1668
f 1490/1675/1655 1503/1688/1668 1504/1676/1656
f 1504/1676/1656 1503/1688/1668 1517/1689/1669
f 1504/1676/1656 1517/1689/1669 1518/1677/1657
f 1518/1677/1657 1517/1689/1669 1531/1690/1670
f 1518/1677/1657 1531/1690/1670 1532/1678/1658
f 1532/1678/1658 1531/1690/1670 1545/1691/1671
f 1532/1678/1658 1545/1691/1671 1546/1679/1659
f 1546/1679/1659 1545/1691/1671 1559/1692/1672
f 1546/1679/1659 1559/1692/1672 1560/1680/1660
f 1560/1680/1660 1559/1692/1672 1573/1693/1673
f 1560/1680/1660 1573/1693/1673 1574/1681/1661
f 1574/1681/1661 1573/1693/1673 1587/1694/1674
f 1574/1681/1661 1587/1694/1674 1588/1682/1662
f 1588/1682/1662 1587/1694/1674 1601/1695/1675
f 1588/1682/1662 1601/1695/1675 1602/1683/1663
f 1602/1683/1663 1601/1695/1675 1615/1696/1676
f 1602/1683/1663 1615/1696/1676 1616/1684/1664
f 1616/1684/1664 1615/1696/1676 1629/1697/1677
f 1616/1684/1664 1629/1697/1677 1630/1601/1581
f 1630/1601/1581 1629/1697/1677 1643/1603/1583
f 380/1685/1665 379/1698/1678 1475/1686/1666
f 1475/1686/1666 379/1698/1678 1488/1699/1679
f 1475/1686/1666 1488/1699/1679 1489/1687/1667
f 1489/1687/1667 1488/1699/1679 1502/1700/1680
f 1489/1687/1667 1502/1700/1680 1503/1688/1668
f 1503/1688/1668 1502/1700/1680 1516/1701/1681
f 1503/1688/1668 1516/1701/1681 1517/1689/1669
f 1517/1689/1669 1516/1701/1681 1530/1702/1682
f 1517/1689/1669 1530/1702/1682 1531/1690/1670
f 1531/1690/1670 1530/1702/1682 1544/1703/1683
f 1531/1690/1670 1544/1703/1683 1545/1691/1671
f 1545/1691/1671 1544/1703/1683 1558/1704/1684
f 1545/1691/1671 1558/1704/1684 1559/1692/1672
f 1559/1692/1672 1558/1704/1684 1572/1705/1685
f 1559/1692/1672 1572/1705/1685 1573/1693/1673
f 1573/1693/1673 1572/1705/1685 1586/1706/1686
f 1573/1693/1673 1586/1706/1686 1587/1694/1674
f 1587/1694/1674 1586/1706/1686 1600/1707/1687
f 1587/1694/1674 1600/1707/1687 1601/1695/1675
f 1601/1695/1675 1600/1707/1687 1614/1708/1688
f 1601/1695/1675 1614/1708/1688 1615/1696/1676
f 1615/1696/1676 1614/1708/1688 1628/1709/1689
f 1615/1696/1676 1628/1709/1689 1629/1697/1677
f 1629/1697/1677 1628/1709/1689 1642/1710/1690
f 1629/1697/1677 1642/1710/1690 1643/1603/1583
f 1643/1603/1583 1642/1710/1690 1656/1605/1585
f 379/1698/1678 378/1711/1691 1488/1699/1679
f 1488/1699/1679 378/1711/1691 1501/1712/1692
f 1488/1699/1679 1501/1712/1692 1502/1700/1680
f 1502/1700/1680 1501/1712/1692 1515/1713/1693
f 1502/1700/1680 1515/1713/1693 1516/1701/1681
f 1516/1701/1681 1515/1713/1693 1529/1714/1694
f 1516/1701/1681 1529/1714/1694 1530/1702/1682
f 1530/1702/1682 1529/1714/1694 1543/1715/1695
f 1530/1702/1682 1543/1715/1695 1544/1703/1683
f 1544/1703/1683 1543/1715/1695 1557/1716/1696
f 1544/1703/1683 1557/1716/1696 1558/1704/1684
f 1558/1704/1684 1557/1716/1696 1571/1717/1697
f 1558/1704/1684 1571/1717/1697 1572/1705/1685
f 1572/1705/1685 1571/1717/1697 1585/1718/1698
f 1572/1705/1685 1585/1718/1698 1586/1706/1686
f 1586/1706/1686 1585/1718/1698 1599/1719/1699
f 1586/1706/1686 1599/1719/1699 1600/1707/1687
f 1600/1707/1687 1599/1719/1699 1613/1720/1700
f 1600/1707/1687 1613/1720/1700 1614/1708/1688
f 1614/1708/1688 1613/1720/1700 1627/1721/1701
f 1614/1708/1688 1627/1721/1701 1628/1709/1689
f 1628/1709/1689 1627/1721/1701 1641/1722/1702
f 1628/1709/1689 1641/1722/1702 1642/1710/1690
f 1642/1710/1690 1641/1722/1702 1655/1723/1703
f 1642/1710/1690 1655/1723/1703 1656/1605/1585
f 1656/1605/1585 1655/1723/1703 1669/1607/1587
f 378/1711/1691 377/1724/1704 1501/1712/1692
f 1501/1712/1692 377/1724/1704 1514/1725/1705
f 1501/1712/1692 1514/1725/1705 1515/1713/1693
f 1515/1713/1693 1514/1725/1705 1528/1726/1706
f 1515/1713/1693 1528/1726/1706 1529/1714/1694
f 1529/1714/1694 1528/1726/1706 1542/1727/1707
f 1529/1714/1694 1542/1727/1707 1543/1715/1695
f 1543/1715/1695 1542/1727/1707 1556/1728/1708
f 1543/1715/1695 1556/1728/1708 1557/1716/1696
f 1557/1716/1696 1556/1728/1708 1570/1729/1709
f 1557/1716/1696 1570/1729/1709 1571/1717/1697
f 1571/1717/1697 1570/1729/1709 1584/1730/1710
f 1571/1717/1697 1584/1730/1710 1585/1718/1698
f 1585/1718/1698 1584/1730/1710 1598/1731/1711
f 1585/1718/1698 1598/1731/1711 1599/1719/1699
f 1599/1719/1699 1598/1731/1711 1612/1732/1712
f 1599/1719/1699 1612/1732/1712 1613/1720/1700
f 1613/1720/1700 1612/1732/1712 1626/1733/1713
f 1613/1720/1700 1626/1733/1713 1627/1721/1701
f 1627/1721/1701 1626/1733/1713 1640/1734/1714
f 1627/1721/1701 1640/1734/1714 1641/1722/1702
f 1641/1722/1702 1640/1734/1714 1654/1735/1715
f 1641/1722/1702 1654/1735/1715 1655/1723/1703
f 1655/1723/1703 1654/1735/1715 1668/1736/1716
f 1655/1723/1703 1668/1736/1716 1669/1607/1587
f 1669/1607/1587 1668/1736/1716 1682/1609/1589
f 377/1724/1704 376/1737/1717 1514/1725/1705
f 1514/1725/1705 376/1737/1717 1527/1738/1718
f 1514/1725/1705 1527/1738/1718 1528/1726/1706
f 1528/1726/1706 1527/1738/1718 1541/1739/1719
f 1528/1726/1706 1541/1739/1719 1542/1727/1707
f 1542/1727/1707 1541/1739/1719 1555/1740/1720
f 1542/1727/1707 1555/1740/1720 1556/1728/1708
f 1556/1728/1708 1555/1740/1720 1569/1741/1721
f 1556/1728/1708 1569/1741/1721 1570/1729/1709
f 1570/1729/1709 1569/1741/1721 1583/1742/1722
f 1570/1729/1709 1583/1742/1722 1584/1730/1710
f 1584/1730/1710 1583/1742/1722 1597/1743/1723
f 1584/1730/1710 1597/1743/1723 1598/1731/1711
f 1598/1731/1711 1597/1743/1723 1611/1744/1724
f 1598/1731/1711 1611/1744/1724 1612/1732/1712
f 1612/1732/1712 1611/1744/1724 1625/1745/1725
f 1612/1732/1712 1625/1745/1725 1626/1733/1713
f 1626/1733/1713 1625/1745/1725 1639/1746/1726
f 1626/1733/1713 1639/1746/1726 1640/1734/1714
f 1640/1734/1714 1639/1746/1726 1653/1747/1727
f 1640/1734/1714 1653/1747/1727 1654/1735/1715
f 1654/1735/1715 1653/1747/1727 1667/1748/1728
f 1654/1735/1715 1667/1748/1728 1668/1736/1716
f 1668/1736/1716 1667/1748/1728 1681/1749/1729
f 1668/1736/1716 1681/1749/1729 1682/1609/1589
f 1682/1609/1589 1681/1749/1729 1694/1611/1591
f 376/1737/1717 375/1750/1730 1527/1738/1718
f 1527/1738/1718 375/1750/1730 1540/1751/1731
f 1527/1738/1718 1540/1751/1731 1541/1739/1719
f 1541/1739/1719 1540/1751/1731 1554/1752/1732
f 1541/1739/1719 1554/1752/1732 1555/1740/1720
f 1555/1740/1720 1554/1752/1732 1568/1753/1733
f 1555/1740/1720 1568/1753/1733 1569/1741/1721
f 1569/1741/1721 1568/1753/1733 1582/1754/1734
f 1569/1741/1721 1582/1754/1734 1583/1742/1722
f 1583/1742/1722 1582/1754/1734 1596/1755/1735
f 1583/1742/1722 1596/1755/1735 1597/1743/1723
f 1597/1743/1723 1596/1755/1735 1610/1756/1736
f 1597/1743/1723 1610/1756/1736 1611/1744/1724
f 1611/1744/1724 1610/1756/1736 1624/1757/1737
f 1611/1744/1724 1624/1757/1737 1625/1745/1725
f 1625/1745/1725 1624/1757/1737 1638/1758/1738
f 1625/1745/1725 1638/1758/1738 1639/1746/1726
f 1639/1746/1726 1638/1758/1738 1652/1759/1739
f 1639/1746/1726 1652/1759/1739 1653/1747/1727
f 1653/1747/1727 1652/1759/1739 1666/1760/1740
f 1653/1747/1727 1666/1760/1740 1667/1748/1728
f 1667/1748/1728 1666/1760/1740 1680/1761/1741
f 1667/1748/1728 1680/1761/1741 1681/1749/1729
f 1681/1749/1729 1680/1761/1741 1693/1613/1593
f 1681/1749/1729 1693/1613/1593 1694/1611/1591
f 375/1750/1730 374/1762/1742 1540/1751/1731
f 1540/1751/1731 374/1762/1742 1553/1763/1743
f 1540/1751/1731 1553/1763/1743 1554/1752/1732
f 1554/1752/1732 1553/1763/1743 1567/1764/1744
f 1554/1752/1732 1567/1764/1744 1568/1753/1733
f 1568/1753/1733 1567/1764/1744 1581/1765/1745
f 1568/1753/1733 1581/1765/1745 1582/1754/1734
f 1582/1754/1734 1581/1765/1745 1595/1766/1746
f 1582/1754/1734 1595/1766/1746 1596/1755/1735
f 1596/1755/1735 1595/1766/1746 1609/1767/1747
f 1596/1755/1735 1609/1767/1747 1610/1756/1736
f 1610/1756/1736 1609/1767/1747 1623/1768/1748
f 1610/1756/1736 1623/1768/1748 1624/1757/1737
f 1624/1757/1737 1623/1768/1748 1637/1769/1749
f 1624/1757/1737 1637/1769/1749 1638/1758/1738
f 1638/1758/1738 1637/1769/1749 1651/1770/1750
f 1638/1758/1738 1651/1770/1750 1652/1759/1739
f 1652/1759/1739 1651/1770/1750 1665/1771/1751
f 1652/1759/1739 1665/1771/1751 1666/1760/1740
f 1666/1760/1740 1665/1771/1751 1679/1772/1752
f 1666/1760/1740 1679/1772/1752 1680/1761/1741
f 1680/1761/1741 1679/1772/1752 1692/1615/1595
f 1680/1761/1741 1692/1615/1595 1693/1613/1593
f 374/1762/1742 373/1773/1753 1553/1763/1743
f 1553/1763/1743 373/1773/1753 1566/1774/1754
f 1553/1763/1743 1566/1774/1754 1567/1764/1744
f 1567/1764/1744 1566/1774/1754 1580/1775/1755
f 1567/1764/1744 1580/1775/1755 1581/1765/1745
f 1581/1765/1745 1580/1775/1755 1594/1776/1756
f 1581/1765/1745 1594/1776/1756 1595/1766/1746
f 1595/1766/1746 1594/1776/1756 1608/1777/1757
f 1595/1766/1746 1608/1777/1757 1609/1767/1747
f 1609/1767/1747 1608/1777/1757 1622/1778/1758
f 1609/1767/1747 1622/1778/1758 1623/1768/1748
f 1623/1768/1748 1622/1778/1758 1636/1779/1759
f 1623/1768/1748 1636/1779/1759 1637/1769/1749
f 1637/1769/1749 1636/1779/1759 1650/1780/1760
f 1637/1769/1749 1650/1780/1760 1651/1770/1750
f 1651/1770/1750 1650/1780/1760 1664/1781/1761
f 1651/1770/1750 1664/1781/1761 1665/1771/1751
f 1665/1771/1751 1664/1781/1761 1678/1782/1762
f 1665/1771/1751 1678/1782/1762 1679/1772/1752
f 1679/1772/1752 1678/1782/1762 1691/1617/1597
f 1679/1772/1752 1691/1617/1597 1692/1615/1595
f 373/1773/1753 372/1783/1763 1566/1774/1754
f 1566/1774/1754 372/1783/1763 1579/1784/1764
f 1566/1774/1754 1579/1784/1764 1580/1775/1755
f 1580/1775/1755 1579/1784/1764 1593/1785/1765
f 1580/1775/1755 1593/1785/1765 1594/1776/1756
f 1594/1776/1756 1593/1785/1765 1607/1786/1766
f 1594/1776/1756 1607/1786/1766 1608/1777/1757
f 1608/1777/1757 1607/1786/1766 1621/1787/1767
f 1608/1777/1757 1621/1787/1767 1622/1778/1758
f 1622/1778/1758 1621/1787/1767 1635/1788/1768
f 1622/1778/1758 1635/1788/1768 1636/1779/1759
f 1636/1779/1759 1635/1788/1768 1649/1789/1769
f 1636/1779/1759 1649/1789/1769 1650/1780/1760
f 1650/1780/1760 1649/1789/1769 1663/1790/1770
f 1650/1780/1760 1663/1790/1770 1664/1781/1761
f 1664/1781/1761 1663/1790/1770 1677/1791/1771
f 1664/1781/1761 1677/1791/1771 1678/1782/1762
f 1678/1782/1762 1677/1791/1771 1690/1619/1599
f 1678/1782/1762 1690/1619/1599 1691/1617/1597
f 372/1783/1763 371/1792/1772 1579/1784/1764
f 1579/1784/1764 371/1792/1772 1592/1793/1773
f 1579/1784/1764 1592/1793/1773 1593/1785/1765
f 1593/1785/1765 1592/1793/1773 1606/1794/1774
f 1593/1785/1765 1606/1794/1774 1607/1786/1766
f 1607/1786/1766 1606/1794/1774 1620/1795/1775
f 1607/1786/1766 1620/1795/1775 1621/1787/1767
f 1621/1787/1767 1620/1795/1775 1634/1796/1776
f 1621/1787/1767 1634/1796/1776 1635/1788/1768
f 1635/1788/1768 1634/1796/1776 1648/1797/1777
f 1635/1788/1768 1648/1797/1777 1649/1789/1769
f 1649/1789/1769 1648/1797/1777 1662/1798/1778
f 1649/1789/1769 1662/1798/1778 1663/1790/1770
f 1663/1790/1770 1662/1798/1778 1676/1799/1779
f 1663/1790/1770 1676/1799/1779 1677/1791/1771
f 1677/1791/1771 1676/1799/1779 1689/1621/1601
f 1677/1791/1771 1689/1621/1601 1690/1619/1599
f 371/1792/1772 370/1800/1780 1592/1793/1773
f 1592/1793/1773 370/1800/1780 1605/1801/1781
f 1592/1793/1773 1605/1801/1781 1606/1794/1774
f 1606/1794/1774 1605/1801/1781 1619/1802/1782
f 1606/1794/1774 1619/1802/1782 1620/1795/1775
f 1620/1795/1775 1619/1802/1782 1633/1803/1783
f 1620/1795/1775 1633/1803/1783 1634/1796/1776
f 1634/1796/1776 1633/1803/1783 1647/1804/1784
f 1634/1796/1776 1647/1804/1784 1648/1797/1777
f 1648/1797/1777 1647/1804/1784 1661/1805/1785
f 1648/1797/1777 1661/1805/1785 1662/1798/1778
f 1662/1798/1778 1661/1805/1785 1675/1806/1786
f 1662/1798/1778 1675/1806/1786 1676/1799/1779
f 1676/1799/1779 1675/1806/1786 1688/1623/1603
f 1676/1799/1779 1688/1623/1603 1689/1621/1601
f 370/1800/1780 369/1807/1787 1605/1801/1781
f 1605/1801/1781 369/1807/1787 1618/1808/1788
f 1605/1801/1781 1618/1808/1788 1619/1802/1782
f 1619/1802/1782 1618/1808/1788 1632/1809/1789
f 1619/1802/1782 1632/1809/1789 1633/1803/1783
f 1633/1803/1783 1632/1809/1789 1646/1810/1790
f 1633/1803/1783 1646/1810/1790 1647/1804/1784
f 1647/1804/1784 1646/1810/1790 1660/1811/1791
f 1647/1804/1784 1660/1811/1791 1661/1805/1785
f 1661/1805/1785 1660/1811/1791 1674/1812/1792
f 1661/1805/1785 1674/1812/1792 1675/1806/1786
f 1675/1806/1786 1674/1812/1792 1687/1625/1605
f 1675/1806/1786 1687/1625/1605 1688/1623/1603
f 369/1807/1787 368/1813/1793 1618/1808/1788
f 1618/1808/1788 368/1813/1793 1631/1814/1794
f 1618/1808/1788 1631/1814/1794 1632/1809/1789
f 1632/1809/1789 1631/1814/1794 1645/1815/1795
f 1632/1809/1789 1645/1815/1795 1646/1810/1790
f 1646/1810/1790 1645/1815/1795 1659/1816/1796
f 1646/1810/1790 1659/1816/1796 1660/1811/1791
f 1660/1811/1791 1659/1816/1796 1673/1817/1797
f 1660/1811/1791 1673/1817/1797 1674/1812/1792
f 1674/1812/1792 1673/1817/1797 1686/1627/1607
f 1674/1812/1792 1686/1627/1607 1687/1625/1605
f 368/1813/1793 367/1818/1798 1631/1814/1794
f 1631/1814/1794 367/1818/1798 1644/1819/1799
f 1631/1814/1794 1644/1819/1799 1645/1815/1795
f 1645/1815/1795 1644/1819/1799 1658/1820/1800
f 1645/1815/1795 1658/1820/1800 1659/1816/1796
f 1659/1816/1796 1658/1820/1800 1672/1821/1801
f 1659/1816/1796 1672/1821/1801 1673/1817/1797
f 1673/1817/1797 1672/1821/1801 1685/1629/1609
f 1673/1817/1797 1685/1629/1609 1686/1627/1607
f 367/1818/1798 366/1822/1802 1644/1819/1799
f 1644/1819/1799 366/1822/1802 1657/1823/1803
f 1644/1819/1799 1657/1823/1803 1658/1820/1800
f 1658/1820/1800 1657/1823/1803 1671/1824/1804
f 1658/1820/1800 1671/1824/1804 1672/1821/1801
f 1672/1821/1801 1671/1824/1804 1684/1631/1611
f 1672/1821/1801 1684/1631/1611 1685/1629/1609
f 366/1822/1802 365/1825/1805 1657/1823/1803
f 1657/1823/1803 365/1825/1805 1670/1826/1806
f 1657/1823/1803 1670/1826/1806 1671/1824/1804
f 1671/1824/1804 1670/1826/1806 1683/1633/1613
f 1671/1824/1804 1683/1633/1613 1684/1631/1611
f 365/1825/1805 364/1827/1807 1670/1826/1806
f 1670/1826/1806 364/1827/1807 732/1635/1615
f 1670/1826/1806 732/1635/1615 1683/1633/1613
f 364/1827/1807 363/1637/1617 732/1635/1615
f 716/1828/1808 749/1829/1809 623/1830/1810
f 623/1830/1810 749/1829/1809 748/1831/1811
f 623/1830/1810 748/1831/1811 624/1832/1812
f 624/1832/1812 748/1831/1811 774/1833/1813
f 624/1832/1812 774/1833/1813 625/1834/1814
f 625/1834/1814 774/1833/1813 787/1835/1815
f 625/1834/1814 787/1835/1815 626/1836/1816
f 626/1836/1816 787/1835/1815 800/1837/1817
f 626/1836/1816 800/1837/1817 627/1838/1818
f 627/1838/1818 800/1837/1817 813/1839/1819
f 627/1838/1818 813/1839/1819 628/1840/1820
f 628/1840/1820 813/1839/1819 826/1841/1821
f 628/1840/1820 826/1841/1821 629/1842/1822
f 629/1842/1822 826/1841/1821 839/1843/1823
f 629/1842/1822 839/1843/1823 630/1844/1824
f 630/1844/1824 839/1843/1823 852/1845/1825
f 630/1844/1824 852/1845/1825 631/1846/1826
f 631/1846/1826 852/1845/1825 865/1847/1827
f 631/1846/1826 865/1847/1827 632/1848/1828
f 632/1848/1828 865/1847/1827 878/1849/1829
f 632/1848/1828 878/1849/1829 633/1850/1830
f 633/1850/1830 878/1849/1829 891/1851/1831
f 633/1850/1830 891/1851/1831 634/1852/1832
f 634/1852/1832 891/1851/1831 904/1853/1833
f 634/1852/1832 904/1853/1833 635/1854/1834
f 635/1854/1834 904/1853/1833 917/1855/1835
f 635/1854/1834 917/1855/1835 636/1856/1836
f 636/1856/1836 917/1855/1835 930/1857/1837
f 636/1856/1836 930/1857/1837 637/1858/1838
f 637/1858/1838 930/1857/1837 944/1859/1839
f 637/1858/1838 944/1859/1839 943/1860/1840
f 943/1860/1840 944/1859/1839 945/1861/1841
f 943/1860/1840 945/1861/1841 942/1862/1842
f 942/1862/1842 945/1861/1841 946/1863/1843
f 942/1862/1842 946/1863/1843 941/1864/1844
f 941/1864/1844 946/1863/1843 947/1865/1845
f 941/1864/1844 947/1865/1845 940/1866/1846
f 940/1866/1846 947/1865/1845 948/1867/1847
f 940/1866/1846 948/1867/1847 939/1868/1848
f 939/1868/1848 948/1867/1847 949/1869/1849
f 939/1868/1848 949/1869/1849 938/1870/1850
f 938/1870/1850 949/1869/1849 950/1871/1851
f 938/1870/1850 950/1871/1851 937/1872/1852
f 937/1872/1852 950/1871/1851 951/1873/1853
f 937/1872/1852 951/1873/1853 936/1874/1854
f 936/1874/1854 951/1873/1853 952/1875/1855
f 936/1874/1854 952/1875/1855 935/1876/1856
f 935/1876/1856 952/1875/1855 953/1877/1857
f 935/1876/1856 953/1877/1857 934/1878/1858
f 934/1878/1858 953/1877/1857 954/1879/1859
f 934/1878/1858 954/1879/1859 933/1880/1860
f 933/1880/1860 954/1879/1859 955/1881/1861
f 933/1880/1860 955/1881/1861 932/1291/1283
f 932/1291/1283 955/1881/1861 956/1289/1281
f 749/1829/1809 716/1828/1808 2003/1882/1862
f 2003/1882/1862 716/1828/1808 715/1883/1863
f 2003/1882/1862 715/1883/1863 1990/1884/1864
f 1990/1884/1864 715/1883/1863 714/1885/1865
f 1990/1884/1864 714/1885/1865 1966/1886/1866
f 1966/1886/1866 714/1885/1865 713/1887/1867
f 1966/1886/1866 713/1887/1867 731/1888/1868
f 731/1888/1868 713/1887/1867 712/1261/1253
f 731/1888/1868 712/1261/1253 1953/1259/1251
f 1940/1260/1252 711/1262/1254 1927/1889/1869
f 1927/1889/1869 711/1262/1254 710/1890/1870
f 1927/1889/1869 710/1890/1870 1914/1891/1871
f 1914/1891/1871 710/1890/1870 709/1892/1872
f 1914/1891/1871 709/1892/1872 1901/1893/1873
f 1901/1893/1873 709/1892/1872 708/1894/1874
f 1901/1893/1873 708/1894/1874 1888/1895/1875
f 1888/1895/1875 708/1894/1874 707/1896/1876
f 1888/1895/1875 707/1896/1876 1875/1897/1877
f 1875/1897/1877 707/1896/1876 706/1898/1878
f 1875/1897/1877 706/1898/1878 1862/1899/1879
f 1862/1899/1879 706/1898/1878 705/1900/1880
f 1862/1899/1879 705/1900/1880 1849/1901/1881
f 1849/1901/1881 705/1900/1880 704/1902/1882
f 1849/1901/1881 704/1902/1882 1836/1903/1883
f 1836/1903/1883 704/1902/1882 703/1904/1884
f 1836/1903/1883 703/1904/1884 1823/1905/1885
f 1823/1905/1885 703/1904/1884 702/1906/1886
f 1823/1905/1885 702/1906/1886 1810/1907/1887
f 1810/1907/1887 702/1906/1886 701/1908/1888
f 1810/1907/1887 701/1908/1888 1797/1909/1889
f 1797/1909/1889 701/1908/1888 700/1910/1890
f 1797/1909/1889 700/1910/1890 1784/1911/1891
f 1784/1911/1891 700/1910/1890 699/1912/1892
f 1784/1911/1891 699/1912/1892 1771/1913/1893
f 1771/1913/1893 699/1912/1892 698/1914/1894
f 1771/1913/1893 698/1914/1894 1758/1915/1895
f 1758/1915/1895 698/1914/1894 697/1916/1896
f 1758/1915/1895 697/1916/1896 1745/1917/1897
f 1745/1917/1897 697/1916/1896 696/1918/1898
f 1745/1917/1897 696/1918/1898 1732/1919/1899
f 1732/1919/1899 696/1918/1898 695/1920/1900
f 1732/1919/1899 695/1920/1900 1707/1921/1901
f 1707/1921/1901 695/1920/1900 694/1922/1902
f 1707/1921/1901 694/1922/1902 733/1612/1592
f 733/1612/1592 694/1922/1902 693/1610/1590
f 687/1599/1579 686/1923/1903 1604/1597/1577
f 1604/1597/1577 686/1923/1903 1591/1924/1904
f 1604/1597/1577 1591/1924/1904 1590/1595/1575
f 1590/1595/1575 1591/1924/1904 1577/1925/1905
f 1590/1595/1575 1577/1925/1905 1576/1593/1573
f 1576/1593/1573 1577/1925/1905 1563/1926/1906
f 1576/1593/1573 1563/1926/1906 1562/1591/1571
f 1562/1591/1571 1563/1926/1906 1549/1927/1907
f 1562/1591/1571 1549/1927/1907 1548/1589/1569
f 1548/1589/1569 1549/1927/1907 1535/1928/1908
f 1548/1589/1569 1535/1928/1908 1534/1587/1567
f 1534/1587/1567 1535/1928/1908 1521/1929/1909
f 1534/1587/1567 1521/1929/1909 1520/1585/1565
f 1520/1585/1565 1521/1929/1909 1507/1930/1910
f 1520/1585/1565 1507/1930/1910 1506/1583/1563
f 1506/1583/1563 1507/1930/1910 1493/1931/1911
f 1506/1583/1563 1493/1931/1911 1492/1581/1561
f 1492/1581/1561 1493/1931/1911 1479/1932/1912
f 1492/1581/1561 1479/1932/1912 1478/1579/1559
f 1478/1579/1559 1479/1932/1912 1465/1933/1913
f 1478/1579/1559 1465/1933/1913 1464/1577/1557
f 1464/1577/1557 1465/1933/1913 1438/1934/1914
f 1464/1577/1557 1438/1934/1914 1437/1575/1555
f 1437/1575/1555 1438/1934/1914 1460/1935/1915
f 1437/1575/1555 1460/1935/1915 1461/1573/1553
f 1461/1573/1553 1460/1935/1915 734/1571/1551
f 686/1923/1903 685/1936/1916 1591/1924/1904
f 1591/1924/1904 685/1936/1916 1578/1937/1917
f 1591/1924/1904 1578/1937/1917 1577/1925/1905
f 1577/1925/1905 1578/1937/1917 1564/1938/1918
f 1577/1925/1905 1564/1938/1918 1563/1926/1906
f 1563/1926/1906 1564/1938/1918 1550/1939/1919
f 1563/1926/1906 1550/1939/1919 1549/1927/1907
f 1549/1927/1907 1550/1939/1919 1536/1940/1920
f 1549/1927/1907 1536/1940/1920 1535/1928/1908
f 1535/1928/1908 1536/1940/1920 1522/1941/1921
f 1535/1928/1908 1522/1941/1921 1521/1929/1909
f 1521/1929/1909 1522/1941/1921 1508/1942/1922
f 1521/1929/1909 1508/1942/1922 1507/1930/1910
f 1507/1930/1910 1508/1942/1922 1494/1943/1923
f 1507/1930/1910 1494/1943/1923 1493/1931/1911
f 1493/1931/1911 1494/1943/1923 1480/1944/1924
f 1493/1931/1911 1480/1944/1924 1479/1932/1912
f 1479/1932/1912 1480/1944/1924 1466/1945/1925
f 1479/1932/1912 1466/1945/1925 1465/1933/1913
f 1465/1933/1913 1466/1945/1925 1439/1946/1926
f 1465/1933/1913 1439/1946/1926 1438/1934/1914
f 1438/1934/1914 1439/1946/1926 1459/1947/1927
f 1438/1934/1914 1459/1947/1927 1460/1935/1915
f 1460/1935/1915 1459/1947/1927 1425/1948/1928
f 1460/1935/1915 1425/1948/1928 734/1571/1551
f 734/1571/1551 1425/1948/1928 1412/1569/1549
f 685/1936/1916 684/1949/1929 1578/1937/1917
f 1578/1937/1917 684/1949/1929 1565/1950/1930
f 1578/1937/1917 1565/1950/1930 1564/1938/1918
f 1564/1938/1918 1565/1950/1930 1551/1951/1931
f 1564/1938/1918 1551/1951/1931 1550/1939/1919
f 1550/1939/1919 1551/1951/1931 1537/1952/1932
f 1550/1939/1919 1537/1952/1932 1536/1940/1920
f 1536/1940/1920 1537/1952/1932 1523/1953/1933
f 1536/1940/1920 1523/1953/1933 1522/1941/1921
f 1522/1941/1921 1523/1953/1933 1509/1954/1934
f 1522/1941/1921 1509/1954/1934 1508/1942/1922
f 1508/1942/1922 1509/1954/1934 1495/1955/1935
f 1508/1942/1922 1495/1955/1935 1494/1943/1923
f 1494/1943/1923 1495/1955/1935 1481/1956/1936
f 1494/1943/1923 1481/1956/1936 1480/1944/1924
f 1480/1944/1924 1481/1956/1936 1467/1957/1937
f 1480/1944/1924 1467/1957/1937 1466/1945/1925
f 1466/1945/1925 1467/1957/1937 1440/1958/1938
f 1466/1945/1925 1440/1958/1938 1439/1946/1926
f 1439/1946/1926 1440/1958/1938 1458/1959/1939
f 1439/1946/1926 1458/1959/1939 1459/1947/1927
f 1459/1947/1927 1458/1959/1939 1426/1960/1940
f 1459/1947/1927 1426/1960/1940 1425/1948/1928
f 1425/1948/1928 1426/1960/1940 1413/1961/1941
f 1425/1948/1928 1413/1961/1941 1412/1569/1549
f 1412/1569/1549 1413/1961/1941 1399/1567/1547
f 684/1949/1929 683/1962/1942 1565/1950/1930
f 1565/1950/1930 683/1962/1942 1552/1963/1943
f 1565/1950/1930 1552/1963/1943 1551/1951/1931
f 1551/1951/1931 1552/1963/1943 1538/1964/1944
f 1551/1951/1931 1538/1964/1944 1537/1952/1932
f 1537/1952/1932 1538/1964/1944 1524/1965/1945
f 1537/1952/1932 1524/1965/1945 1523/1953/1933
f 1523/1953/1933 1524/1965/1945 1510/1966/1946
f 1523/1953/1933 1510/1966/1946 1509/1954/1934
f 1509/1954/1934 1510/1966/1946 1496/1967/1947
f 1509/1954/1934 1496/1967/1947 1495/1955/1935
f 1495/1955/1935 1496/1967/1947 1482/1968/1948
f 1495/1955/1935 1482/1968/1948 1481/1956/1936
f 1481/1956/1936 1482/1968/1948 1468/1969/1949
f 1481/1956/1936 1468/1969/1949 1467/1957/1937
f 1467/1957/1937 1468/1969/1949 1441/1970/1950
f 1467/1957/1937 1441/1970/1950 1440/1958/1938
f 1440/1958/1938 1441/1970/1950 1457/1971/1951
f 1440/1958/1938 1457/1971/1951 1458/1959/1939
f 1458/1959/1939 1457/1971/1951 1427/1972/1952
f 1458/1959/1939 1427/1972/1952 1426/1960/1940
f 1426/1960/1940 1427/1972/1952 1414/1973/1953
f 1426/1960/1940 1414/1973/1953 1413/1961/1941
f 1413/1961/1941 1414/1973/1953 1400/1974/1954
f 1413/1961/1941 1400/1974/1954 1399/1567/1547
f 1399/1567/1547 1400/1974/1954 1386/1565/1545
f 683/1962/1942 682/1975/1955 1552/1963/1943
f 1552/1963/1943 682/1975/1955 1539/1976/1956
f 1552/1963/1943 1539/1976/1956 1538/1964/1944
f 1538/1964/1944 1539/1976/1956 1525/1977/1957
f 1538/1964/1944 1525/1977/1957 1524/1965/1945
f 1524/1965/1945 1525/1977/1957 1511/1978/1958
f 1524/1965/1945 1511/1978/1958 1510/1966/1946
f 1510/1966/1946 1511/1978/1958 1497/1979/1959
f 1510/1966/1946 1497/1979/1959 1496/1967/1947
f 1496/1967/1947 1497/1979/1959 1483/1980/1960
f 1496/1967/1947 1483/1980/1960 1482/1968/1948
f 1482/1968/1948 1483/1980/1960 1469/1981/1961
f 1482/1968/1948 1469/1981/1961 1468/1969/1949
f 1468/1969/1949 1469/1981/1961 1442/1982/1962
f 1468/1969/1949 1442/1982/1962 1441/1970/1950
f 1441/1970/1950 1442/1982/1962 1456/1983/1963
f 1441/1970/1950 1456/1983/1963 1457/1971/1951
f 1457/1971/1951 1456/1983/1963 1428/1984/1964
f 1457/1971/1951 1428/1984/1964 1427/1972/1952
f 1427/1972/1952 1428/1984/1964 1415/1985/1965
f 1427/1972/1952 1415/1985/1965 1414/1973/1953
f 1414/1973/1953 1415/1985/1965 1401/1986/1966
f 1414/1973/1953 1401/1986/1966 1400/1974/1954
f 1400/1974/1954 1401/1986/1966 1387/1987/1967
f 1400/1974/1954 1387/1987/1967 1386/1565/1545
f 1386/1565/1545 1387/1987/1967 1373/1563/1543
f 682/1975/1955 681/1988/1968 1539/1976/1956
f 1539/1976/1956 681/1988/1968 1526/1989/1969
f 1539/1976/1956 1526/1989/1969 1525/1977/1957
f 1525/1977/1957 1526/1989/1969 1512/1990/1970
f 1525/1977/1957 1512/1990/1970 1511/1978/1958
f 1511/1978/1958 1512/1990/1970 1498/1991/1971
f 1511/1978/1958 1498/1991/1971 1497/1979/1959
f 1497/1979/1959 1498/1991/1971 1484/1992/1972
f 1497/1979/1959 1484/1992/1972 1483/1980/1960
f 1483/1980/1960 1484/1992/1972 1470/1993/1973
f 1483/1980/1960 1470/1993/1973 1469/1981/1961
f 1469/1981/1961 1470/1993/1973 1443/1994/1974
f 1469/1981/1961 1443/1994/1974 1442/1982/1962
f 1442/1982/1962 1443/1994/1974 1455/1995/1975
f 1442/1982/1962 1455/1995/1975 1456/1983/1963
f 1456/1983/1963 1455/1995/1975 1429/1996/1976
f 1456/1983/1963 1429/1996/1976 1428/1984/1964
f 1428/1984/1964 1429/1996/1976 1416/1997/1977
f 1428/1984/1964 1416/1997/1977 1415/1985/1965
f 1415/1985/1965 1416/1997/1977 1402/1998/1978
f 1415/1985/1965 1402/1998/1978 1401/1986/1966
f 1401/1986/1966 1402/1998/1978 1388/1999/1979
f 1401/1986/1966 1388/1999/1979 1387/1987/1967
f 1387/1987/1967 1388/1999/1979 1374/2000/1980
f 1387/1987/1967 1374/2000/1980 1373/1563/1543
f 1373/1563/1543 1374/2000/1980 1360/1561/1541
f 681/1988/1968 680/2001/1981 1526/1989/1969
f 1526/1989/1969 680/2001/1981 1513/2002/1982
f 1526/1989/1969 1513/2002/1982 1512/1990/1970
f 1512/1990/1970 1513/2002/1982 1499/2003/1983
f 1512/1990/1970 1499/2003/1983 1498/1991/1971
f 1498/1991/1971 1499/2003/1983 1485/2004/1984
f 1498/1991/1971 1485/2004/1984 1484/1992/1972
f 1484/1992/1972 1485/2004/1984 1471/2005/1985
f 1484/1992/1972 1471/2005/1985 1470/1993/1973
f 1470/1993/1973 1471/2005/1985 1444/2006/1986
f 1470/1993/1973 1444/2006/1986 1443/1994/1974
f 1443/1994/1974 1444/2006/1986 1454/2007/1987
f 1443/1994/1974 1454/2007/1987 1455/1995/1975
f 1455/1995/1975 1454/2007/1987 1430/2008/1988
f 1455/1995/1975 1430/2008/1988 1429/1996/1976
f 1429/1996/1976 1430/2008/1988 1417/2009/1989
f 1429/1996/1976 1417/2009/1989 1416/1997/1977
f 1416/1997/1977 1417/2009/1989 1403/2010/1990
f 1416/1997/1977 1403/2010/1990 1402/1998/1978
f 1402/1998/1978 1403/2010/1990 1389/2011/1991
f 1402/1998/1978 1389/2011/1991 1388/1999/1979
f 1388/1999/1979 1389/2011/1991 1375/2012/1992
f 1388/1999/1979 1375/2012/1992 1374/2000/1980
f 1374/2000/1980 1375/2012/1992 1361/2013/1993
f 1374/2000/1980 1361/2013/1993 1360/1561/1541
f 1360/1561/1541 1361/2013/1993 1347/1559/1539
f 680/2001/1981 679/2014/1994 1513/2002/1982
f 1513/2002/1982 679/2014/1994 1500/2015/1995
f 1513/2002/1982 1500/2015/1995 1499/2003/1983
f 1499/2003/1983 1500/2015/1995 1486/2016/1996
f 1499/2003/1983 1486/2016/1996 1485/2004/1984
f 1485/2004/1984 1486/2016/1996 1472/2017/1997
f 1485/2004/1984 1472/2017/1997 1471/2005/1985
f 1471/2005/1985 1472/2017/1997 1445/2018/1998
f 1471/2005/1985 1445/2018/1998 1444/2006/1986
f 1444/2006/1986 1445/2018/1998 1453/2019/1999
f 1444/2006/1986 1453/2019/1999 1454/2007/1987
f 1454/2007/1987 1453/2019/1999 1431/2020/2000
f 1454/2007/1987 1431/2020/2000 1430/2008/1988
f 1430/2008/1988 1431/2020/2000 1418/2021/2001
f 1430/2008/1988 1418/2021/2001 1417/2009/1989
f 1417/2009/1989 1418/2021/2001 1404/2022/2002
f 1417/2009/1989 1404/2022/2002 1403/2010/1990
f 1403/2010/1990 1404/2022/2002 1390/2023/2003
f 1403/2010/1990 1390/2023/2003 1389/2011/1991
f 1389/2011/1991 1390/2023/2003 1376/2024/2004
f 1389/2011/1991 1376/2024/2004 1375/2012/1992
f 1375/2012/1992 1376/2024/2004 1362/2025/2005
f 1375/2012/1992 1362/2025/2005 1361/2013/1993
f 1361/2013/1993 1362/2025/2005 1348/2026/2006
f 1361/2013/1993 1348/2026/2006 1347/1559/1539
f 1347/1559/1539 1348/2026/2006 1334/1557/1537
f 679/2014/1994 678/2027/2007 1500/2015/1995
f 1500/2015/1995 678/2027/2007 1487/2028/2008
f 1500/2015/1995 1487/2028/2008 1486/2016/1996
f 1486/2016/1996 1487/2028/2008 1473/2029/2009
f 1486/2016/1996 1473/2029/2009 1472/2017/1997
f 1472/2017/1997 1473/2029/2009 1446/2030/2010
f 1472/2017/1997 1446/2030/2010 1445/2018/1998
f 1445/2018/1998 1446/2030/2010 1452/2031/2011
f 1445/2018/1998 1452/2031/2011 1453/2019/1999
f 1453/2019/1999 1452/2031/2011 1432/2032/2012
f 1453/2019/1999 1432/2032/2012 1431/2020/2000
f 1431/2020/2000 1432/2032/2012 1419/2033/2013
f 1431/2020/2000 1419/2033/2013 1418/2021/2001
f 1418/2021/2001 1419/2033/2013 1405/2034/2014
f 1418/2021/2001 1405/2034/2014 1404/2022/2002
f 1404/2022/2002 1405/2034/2014 1391/2035/2015
f 1404/2022/2002 1391/2035/2015 1390/2023/2003
f 1390/2023/2003 1391/2035/2015 1377/2036/2016
f 1390/2023/2003 1377/2036/2016 1376/2024/2004
f 1376/2024/2004 1377/2036/2016 1363/2037/2017
f 1376/2024/2004 1363/2037/2017 1362/2025/2005
f 1362/2025/2005 1363/2037/2017 1349/2038/2018
f 1362/2025/2005 1349/2038/2018 1348/2026/2006
f 1348/2026/2006 1349/2038/2018 1335/2039/2019
f 1348/2026/2006 1335/2039/2019 1334/1557/1537
f 1334/1557/1537 1335/2039/2019 1321/1555/1535
f 678/2027/2007 677/2040/2020 1487/2028/2008
f 1487/2028/2008 677/2040/2020 1474/2041/2021
f 1487/2028/2008 1474/2041/2021 1473/2029/2009
f 1473/2029/2009 1474/2041/2021 1447/2042/2022
f 1473/2029/2009 1447/2042/2022 1446/2030/2010
f 1446/2030/2010 1447/2042/2022 1451/2043/2023
f 1446/2030/2010 1451/2043/2023 1452/2031/2011
f 1452/2031/2011 1451/2043/2023 1433/2044/2024
f 1452/2031/2011 1433/2044/2024 1432/2032/2012
f 1432/2032/2012 1433/2044/2024 1420/2045/2025
f 1432/2032/2012 1420/2045/2025 1419/2033/2013
f 1419/2033/2013 1420/2045/2025 1406/2046/2026
f 1419/2033/2013 1406/2046/2026 1405/2034/2014
f 1405/2034/2014 1406/2046/2026 1392/2047/2027
f 1405/2034/2014 1392/2047/2027 1391/2035/2015
f 1391/2035/2015 1392/2047/2027 1378/2048/2028
f 1391/2035/2015 1378/2048/2028 1377/2036/2016
f 1377/2036/2016 1378/2048/2028 1364/2049/2029
f 1377/2036/2016 1364/2049/2029 1363/2037/2017
f 1363/2037/2017 1364/2049/2029 1350/2050/2030
f 1363/2037/2017 1350/2050/2030 1349/2038/2018
f 1349/2038/2018 1350/2050/2030 1336/2051/2031
f 1349/2038/2018 1336/2051/2031 1335/2039/2019
f 1335/2039/2019 1336/2051/2031 1322/2052/2032
f 1335/2039/2019 1322/2052/2032 1321/1555/1535
f 1321/1555/1535 1322/2052/2032 1308/1553/1533
f 677/2040/2020 676/2053/2033 1474/2041/2021
f 1474/2041/2021 676/2053/2033 1448/2054/2034
f 1474/2041/2021 1448/2054/2034 1447/2042/2022
f 1447/2042/2022 1448/2054/2034 1450/2055/2035
f 1447/2042/2022 1450/2055/2035 1451/2043/2023
f 1451/2043/2023 1450/2055/2035 1434/2056/2036
f 1451/2043/2023 1434/2056/2036 1433/2044/2024
f 1433/2044/2024 1434/2056/2036 1421/2057/2037
f 1433/2044/2024 1421/2057/2037 1420/2045/2025
f 1420/2045/2025 1421/2057/2037 1407/2058/2038
f 1420/2045/2025 1407/2058/2038 1406/2046/2026
f 1406/2046/2026 1407/2058/2038 1393/2059/2039
f 1406/2046/2026 1393/2059/2039 1392/2047/2027
f 1392/2047/2027 1393/2059/2039 1379/2060/2040
f 1392/2047/2027 1379/2060/2040 1378/2048/2028
f 1378/2048/2028 1379/2060/2040 1365/2061/2041
f 1378/2048/2028 1365/2061/2041 1364/2049/2029
f 1364/2049/2029 1365/2061/2041 1351/2062/2042
f 1364/2049/2029 1351/2062/2042 1350/2050/2030
f 1350/2050/2030 1351/2062/2042 1337/2063/2043
f 1350/2050/2030 1337/2063/2043 1336/2051/2031
f 1336/2051/2031 1337/2063/2043 1323/2064/2044
f 1336/2051/2031 1323/2064/2044 1322/2052/2032
f 1322/2052/2032 1323/2064/2044 1309/2065/2045
f 1322/2052/2032 1309/2065/2045 1308/1553/1533
f 1308/1553/1533 1309/2065/2045 1295/1551/1531
f 676/2053/2033 675/2066/2046 1448/2054/2034
f 1448/2054/2034 675/2066/2046 1449/2067/2047
f 1448/2054/2034 1449/2067/2047 1450/2055/2035
f 1450/2055/2035 1449/2067/2047 1435/2068/2048
f 1450/2055/2035 1435/2068/2048 1434/2056/2036
f 1434/2056/2036 1435/2068/2048 1422/2069/2049
f 1434/2056/2036 1422/2069/2049 1421/2057/2037
f 1421/2057/2037 1422/2069/2049 1408/2070/2050
f 1421/2057/2037 1408/2070/2050 1407/2058/2038
f 1407/2058/2038 1408/2070/2050 1394/2071/2051
f 1407/2058/2038 1394/2071/2051 1393/2059/2039
f 1393/2059/2039 1394/2071/2051 1380/2072/2052
f 1393/2059/2039 1380/2072/2052 1379/2060/2040
f 1379/2060/2040 1380/2072/2052 1366/2073/2053
f 1379/2060/2040 1366/2073/2053 1365/2061/2041
f 1365/2061/2041 1366/2073/2053 1352/2074/2054
f 1365/2061/2041 1352/2074/2054 1351/2062/2042
f 1351/2062/2042 1352/2074/2054 1338/2075/2055
f 1351/2062/2042 1338/2075/2055 1337/2063/2043
f 1337/2063/2043 1338/2075/2055 1324/2076/2056
f 1337/2063/2043 1324/2076/2056 1323/2064/2044
f 1323/2064/2044 1324/2076/2056 1310/2077/2057
f 1323/2064/2044 1310/2077/2057 1309/2065/2045
f 1309/2065/2045 1310/2077/2057 1296/2078/2058
f 1309/2065/2045 1296/2078/2058 1295/1551/1531
f 1295/1551/1531 1296/2078/2058 1282/1549/1529
f 1449/2067/2047 675/2066/2046 735/2079/2059
f 735/2079/2059 675/2066/2046 674/2080/2060
f 735/2079/2059 674/2080/2060 1424/2081/2061
f 1424/2081/2061 674/2080/2060 673/2082/2062
f 1424/2081/2061 673/2082/2062 1411/2083/2063
f 1411/2083/2063 673/2082/2062 672/2084/2064
f 1411/2083/2063 672/2084/2064 1398/2085/2065
f 1398/2085/2065 672/2084/2064 671/2086/2066
f 1398/2085/2065 671/2086/2066 1385/2087/2067
f 1385/2087/2067 671/2086/2066 670/2088/2068
f 1385/2087/2067 670/2088/2068 1372/2089/2069
f 1372/2089/2069 670/2088/2068 669/2090/2070
f 1372/2089/2069 669/2090/2070 1359/2091/2071
f 1359/2091/2071 669/2090/2070 668/2092/2072
f 1359/2091/2071 668/2092/2072 1346/2093/2073
f 1346/2093/2073 668/2092/2072 667/2094/2074
f 1346/2093/2073 667/2094/2074 1333/2095/2075
f 1333/2095/2075 667/2094/2074 666/2096/2076
f 1333/2095/2075 666/2096/2076 1320/2097/2077
f 1320/2097/2077 666/2096/2076 665/2098/2078
f 1320/2097/2077 665/2098/2078 1307/2099/2079
f 1307/2099/2079 665/2098/2078 664/2100/2080
f 1307/2099/2079 664/2100/2080 1294/2101/2081
f 1294/2101/2081 664/2100/2080 663/2102/2082
f 1294/2101/2081 663/2102/2082 1281/2103/2083
f 1281/2103/2083 663/2102/2082 662/2104/2084
f 1281/2103/2083 662/2104/2084 1268/2105/2085
f 1268/2105/2085 662/2104/2084 661/2106/2086
f 1268/2105/2085 661/2106/2086 1255/2107/2087
f 1255/2107/2087 661/2106/2086 660/2108/2088
f 1255/2107/2087 660/2108/2088 1242/2109/2089
f 1242/2109/2089 660/2108/2088 659/2110/2090
f 1242/2109/2089 659/2110/2090 1229/2111/2091
f 1229/2111/2091 659/2110/2090 658/2112/2092
f 1229/2111/2091 658/2112/2092 1216/2113/2093
f 1216/2113/2093 658/2112/2092 657/2114/2094
f 1216/2113/2093 657/2114/2094 1190/1332/1322
f 1190/1332/1322 657/2114/2094 656/1330/1320
f 649/1317/1307 648/2115/2095 1086/1315/1305
f 1086/1315/1305 648/2115/2095 1073/2116/2096
f 1086/1315/1305 1073/2116/2096 1072/1313/1303
f 1072/1313/1303 1073/2116/2096 728/2117/2097
f 1072/1313/1303 728/2117/2097 727/1310/1301
f 727/1309/1301 728/2118/2097 1058/2119/2098
f 727/1309/1301 1058/2119/2098 1057/1307/1299
f 1057/1307/1299 1058/2119/2098 1044/2120/2099
f 1057/1307/1299 1044/2120/2099 1043/1305/1297
f 1043/1305/1297 1044/2120/2099 1030/2121/2100
f 1043/1305/1297 1030/2121/2100 1029/1303/1295
f 1029/1303/1295 1030/2121/2100 1016/2122/2101
f 1029/1303/1295 1016/2122/2101 1015/1301/1293
f 1015/1301/1293 1016/2122/2101 1002/2123/2102
f 1015/1301/1293 1002/2123/2102 1001/1299/1291
f 1001/1299/1291 1002/2123/2102 988/2124/2103
f 1001/1299/1291 988/2124/2103 987/1297/1289
f 987/1297/1289 988/2124/2103 974/2125/2104
f 987/1297/1289 974/2125/2104 973/1295/1287
f 973/1295/1287 974/2125/2104 960/2126/2105
f 973/1295/1287 960/2126/2105 959/1293/1285
f 959/1293/1285 960/2126/2105 933/1880/1860
f 959/1293/1285 933/1880/1860 932/1291/1283
f 648/2115/2095 647/2127/2106 1073/2116/2096
f 1073/2116/2096 647/2127/2106 729/2128/2107
f 1073/2116/2096 729/2128/2107 728/2117/2097
f 728/2118/2097 729/2129/2107 1059/2130/2108
f 728/2118/2097 1059/2130/2108 1058/2119/2098
f 1058/2119/2098 1059/2130/2108 1045/2131/2109
f 1058/2119/2098 1045/2131/2109 1044/2120/2099
f 1044/2120/2099 1045/2131/2109 1031/2132/2110
f 1044/2120/2099 1031/2132/2110 1030/2121/2100
f 1030/2121/2100 1031/2132/2110 1017/2133/2111
f 1030/2121/2100 1017/2133/2111 1016/2122/2101
f 1016/2122/2101 1017/2133/2111 1003/2134/2112
f 1016/2122/2101 1003/2134/2112 1002/2123/2102
f 1002/2123/2102 1003/2134/2112 989/2135/2113
f 1002/2123/2102 989/2135/2113 988/2124/2103
f 988/2124/2103 989/2135/2113 975/2136/2114
f 988/2124/2103 975/2136/2114 974/2125/2104
f 974/2125/2104 975/2136/2114 961/2137/2115
f 974/2125/2104 961/2137/2115 960/2126/2105
f 960/2126/2105 961/2137/2115 934/1878/1858
f 960/2126/2105 934/1878/1858 933/1880/1860
f 647/2138/2106 646/2139/2116 729/2129/2107
f 729/2129/2107 646/2139/2116 1060/2140/2117
f 729/2129/2107 1060/2140/2117 1059/2130/2108
f 1059/2130/2108 1060/2140/2117 1046/2141/2118
f 1059/2130/2108 1046/2141/2118 1045/2131/2109
f 1045/2131/2109 1046/2141/2118 1032/2142/2119
f 1045/2131/2109 1032/2142/2119 1031/2132/2110
f 1031/2132/2110 1032/2142/2119 1018/2143/2120
f 1031/2132/2110 1018/2143/2120 1017/2133/2111
f 1017/2133/2111 1018/2143/2120 1004/2144/2121
f 1017/2133/2111 1004/2144/2121 1003/2134/2112
f 1003/2134/2112 1004/2144/2121 990/2145/2122
f 1003/2134/2112 990/2145/2122 989/2135/2113
f 989/2135/2113 990/2145/2122 976/2146/2123
f 989/2135/2113 976/2146/2123 975/2136/2114
f 975/2136/2114 976/2146/2123 962/2147/2124
f 975/2136/2114 962/2147/2124 961/2137/2115
f 961/2137/2115 962/2147/2124 935/1876/1856
f 961/2137/2115 935/1876/1856 934/1878/1858
f 646/2139/2116 645/2148/2125 1060/2140/2117
f 1060/2140/2117 645/2148/2125 1047/2149/2126
f 1060/2140/2117 1047/2149/2126 1046/2141/2118
f 1046/2141/2118 1047/2149/2126 1033/2150/2127
f 1046/2141/2118 1033/2150/2127 1032/2142/2119
f 1032/2142/2119 1033/2150/2127 1019/2151/2128
f 1032/2142/2119 1019/2151/2128 1018/2143/2120
f 1018/2143/2120 1019/2151/2128 1005/2152/2129
f 1018/2143/2120 1005/2152/2129 1004/2144/2121
f 1004/2144/2121 1005/2152/2129 991/2153/2130
f 1004/2144/2121 991/2153/2130 990/2145/2122
f 990/2145/2122 991/2153/2130 977/2154/2131
f 990/2145/2122 977/2154/2131 976/2146/2123
f 976/2146/2123 977/2154/2131 963/2155/2132
f 976/2146/2123 963/2155/2132 962/2147/2124
f 962/2147/2124 963/2155/2132 936/1874/1854
f 962/2147/2124 936/1874/1854 935/1876/1856
f 645/2148/2125 644/2156/2133 1047/2149/2126
f 1047/2149/2126 644/2156/2133 1034/2157/2134
f 1047/2149/2126 1034/2157/2134 1033/2150/2127
f 1033/2150/2127 1034/2157/2134 1020/2158/2135
f 1033/2150/2127 1020/2158/2135 1019/2151/2128
f 1019/2151/2128 1020/2158/2135 1006/2159/2136
f 1019/2151/2128 1006/2159/2136 1005/2152/2129
f 1005/2152/2129 1006/2159/2136 992/2160/2137
f 1005/2152/2129 992/2160/2137 991/2153/2130
f 991/2153/2130 992/2160/2137 978/2161/2138
f 991/2153/2130 978/2161/2138 977/2154/2131
f 977/2154/2131 978/2161/2138 964/2162/2139
f 977/2154/2131 964/2162/2139 963/2155/2132
f 963/2155/2132 964/2162/2139 937/1872/1852
f 963/2155/2132 937/1872/1852 936/1874/1854
f 644/2156/2133 643/2163/2140 1034/2157/2134
f 1034/2157/2134 643/2163/2140 1021/2164/2141
f 1034/2157/2134 1021/2164/2141 1020/2158/2135
f 1020/2158/2135 1021/2164/2141 1007/2165/2142
f 1020/2158/2135 1007/2165/2142 1006/2159/2136
f 1006/2159/2136 1007/2165/2142 993/2166/2143
f 1006/2159/2136 993/2166/2143 992/2160/2137
f 992/2160/2137 993/2166/2143 979/2167/2144
f 992/2160/2137 979/2167/2144 978/2161/2138
f 978/2161/2138 979/2167/2144 965/2168/2145
f 978/2161/2138 965/2168/2145 964/2162/2139
f 964/2162/2139 965/2168/2145 938/1870/1850
f 964/2162/2139 938/1870/1850 937/1872/1852
f 643/2163/2140 642/2169/2146 1021/2164/2141
f 1021/2164/2141 642/2169/2146 1008/2170/2147
f 1021/2164/2141 1008/2170/2147 1007/2165/2142
f 1007/2165/2142 1008/2170/2147 994/2171/2148
f 1007/2165/2142 994/2171/2148 993/2166/2143
f 993/2166/2143 994/2171/2148 980/2172/2149
f 993/2166/2143 980/2172/2149 979/2167/2144
f 979/2167/2144 980/2172/2149 966/2173/2150
f 979/2167/2144 966/2173/2150 965/2168/2145
f 965/2168/2145 966/2173/2150 939/1868/1848
f 965/2168/2145 939/1868/1848 938/1870/1850
f 642/2169/2146 641/2174/2151 1008/2170/2147
f 1008/2170/2147 641/2174/2151 995/2175/2152
f 1008/2170/2147 995/2175/2152 994/2171/2148
f 994/2171/2148 995/2175/2152 981/2176/2153
f 994/2171/2148 981/2176/2153 980/2172/2149
f 980/2172/2149 981/2176/2153 967/2177/2154
f 980/2172/2149 967/2177/2154 966/2173/2150
f 966/2173/2150 967/2177/2154 940/1866/1846
f 966/2173/2150 940/1866/1846 939/1868/1848
f 641/2174/2151 640/2178/2155 995/2175/2152
f 995/2175/2152 640/2178/2155 982/2179/2156
f 995/2175/2152 982/2179/2156 981/2176/2153
f 981/2176/2153 982/2179/2156 968/2180/2157
f 981/2176/2153 968/2180/2157 967/2177/2154
f 967/2177/2154 968/2180/2157 941/1864/1844
f 967/2177/2154 941/1864/1844 940/1866/1846
f 640/2178/2155 639/2181/2158 982/2179/2156
f 982/2179/2156 639/2181/2158 969/2182/2159
f 982/2179/2156 969/2182/2159 968/2180/2157
f 968/2180/2157 969/2182/2159 942/1862/1842
f 968/2180/2157 942/1862/1842 941/1864/1844
f 639/2181/2158 638/2183/2160 969/2182/2159
f 969/2182/2159 638/2183/2160 943/1860/1840
f 969/2182/2159 943/1860/1840 942/1862/1842
f 638/2183/2160 637/1858/1838 943/1860/1840
f 736/1223/1215 737/2184/2161 761/1225/1217
f 761/1225/1217 737/2184/2161 760/2185/2162
f 761/1225/1217 760/2185/2162 1991/1227/1219
f 1991/1227/1219 760/2185/2162 1992/2186/2163
f 1991/1227/1219 1992/2186/2163 1978/1229/1221
f 1978/1229/1221 1992/2186/2163 1979/2187/2164
f 1978/1229/1221 1979/2187/2164 1954/1231/1223
f 1954/1231/1223 1979/2187/2164 1955/2188/2165
f 1954/1231/1223 1955/2188/2165 730/1233/1225
f 730/1233/1225 1955/2188/2165 1977/2189/2166
f 730/1233/1225 1977/2189/2166 1941/1235/1227
f 1941/1235/1227 1977/2189/2166 1942/1237/1229
f 737/2184/2161 738/2190/2167 760/2185/2162
f 760/2185/2162 738/2190/2167 759/2191/2168
f 760/2185/2162 759/2191/2168 1992/2186/2163
f 1992/2186/2163 759/2191/2168 1993/2192/2169
f 1992/2186/2163 1993/2192/2169 1979/2187/2164
f 1979/2187/2164 1993/2192/2169 1980/2193/2170
f 1979/2187/2164 1980/2193/2170 1955/2188/2165
f 1955/2188/2165 1980/2193/2170 1956/2194/2171
f 1955/2188/2165 1956/2194/2171 1977/2189/2166
f 1977/2189/2166 1956/2194/2171 1976/2195/2172
f 1977/2189/2166 1976/2195/2172 1942/1237/1229
f 1942/1237/1229 1976/2195/2172 1943/1239/1231
f 737/2184/2161 736/1223/1215 763/2196/2173
f 763/2196/2173 736/1223/1215 762/1263/1255
f 763/2196/2173 762/1263/1255 776/2197/2174
f 776/2197/2174 762/1263/1255 775/1265/1257
f 776/2197/2174 775/1265/1257 789/2198/2175
f 789/2198/2175 775/1265/1257 788/1267/1259
f 789/2198/2175 788/1267/1259 802/2199/2176
f 802/2199/2176 788/1267/1259 801/1269/1261
f 802/2199/2176 801/1269/1261 815/2200/2177
f 815/2200/2177 801/1269/1261 814/1271/1263
f 815/2200/2177 814/1271/1263 828/2201/2178
f 828/2201/2178 814/1271/1263 827/1273/1265
f 828/2201/2178 827/1273/1265 841/2202/2179
f 841/2202/2179 827/1273/1265 840/1275/1267
f 841/2202/2179 840/1275/1267 854/2203/2180
f 854/2203/2180 840/1275/1267 853/1277/1269
f 854/2203/2180 853/1277/1269 867/2204/2181
f 867/2204/2181 853/1277/1269 866/1279/1271
f 867/2204/2181 866/1279/1271 880/2205/2182
f 880/2205/2182 866/1279/1271 879/1281/1273
f 880/2205/2182 879/1281/1273 893/2206/2183
f 893/2206/2183 879/1281/1273 892/1283/1275
f 893/2206/2183 892/1283/1275 906/2207/2184
f 906/2207/2184 892/1283/1275 905/1285/1277
f 906/2207/2184 905/1285/1277 919/2208/2185
f 919/2208/2185 905/1285/1277 918/1287/1279
f 919/2208/2185 918/1287/1279 955/1881/1861
f 955/1881/1861 918/1287/1279 956/1289/1281
f 738/2190/2167 739/2209/2186 759/2191/2168
f 759/2191/2168 739/2209/2186 758/2210/2187
f 759/2191/2168 758/2210/2187 1993/2192/2169
f 1993/2192/2169 758/2210/2187 1994/2211/2188
f 1993/2192/2169 1994/2211/2188 1980/2193/2170
f 1980/2193/2170 1994/2211/2188 1981/2212/2189
f 1980/2193/2170 1981/2212/2189 1956/2194/2171
f 1956/2194/2171 1981/2212/2189 1957/2213/2190
f 1956/2194/2171 1957/2213/2190 1976/2195/2172
f 1976/2195/2172 1957/2213/2190 1975/2214/2191
f 1976/2195/2172 1975/2214/2191 1943/1239/1231
f 1943/1239/1231 1975/2214/2191 1944/1241/1233
f 738/2190/2167 737/2184/2161 764/2215/2192
f 764/2215/2192 737/2184/2161 763/2196/2173
f 764/2215/2192 763/2196/2173 777/2216/2193
f 777/2216/2193 763/2196/2173 776/2197/2174
f 777/2216/2193 776/2197/2174 790/2217/2194
f 790/2217/2194 776/2197/2174 789/2198/2175
f 790/2217/2194 789/2198/2175 803/2218/2195
f 803/2218/2195 789/2198/2175 802/2199/2176
f 803/2218/2195 802/2199/2176 816/2219/2196
f 816/2219/2196 802/2199/2176 815/2200/2177
f 816/2219/2196 815/2200/2177 829/2220/2197
f 829/2220/2197 815/2200/2177 828/2201/2178
f 829/2220/2197 828/2201/2178 842/2221/2198
f 842/2221/2198 828/2201/2178 841/2202/2179
f 842/2221/2198 841/2202/2179 855/2222/2199
f 855/2222/2199 841/2202/2179 854/2203/2180
f 855/2222/2199 854/2203/2180 868/2223/2200
f 868/2223/2200 854/2203/2180 867/2204/2181
f 868/2223/2200 867/2204/2181 881/2224/2201
f 881/2224/2201 867/2204/2181 880/2205/2182
f 881/2224/2201 880/2205/2182 894/2225/2202
f 894/2225/2202 880/2205/2182 893/2206/2183
f 894/2225/2202 893/2206/2183 907/2226/2203
f 907/2226/2203 893/2206/2183 906/2207/2184
f 907/2226/2203 906/2207/2184 920/2227/2204
f 920/2227/2204 906/2207/2184 919/2208/2185
f 920/2227/2204 919/2208/2185 954/1879/1859
f 954/1879/1859 919/2208/2185 955/1881/1861
f 739/2209/2186 740/2228/2205 758/2210/2187
f 758/2210/2187 740/2228/2205 757/2229/2206
f 758/2210/2187 757/2229/2206 1994/2211/2188
f 1994/2211/2188 757/2229/2206 1995/2230/2207
f 1994/2211/2188 1995/2230/2207 1981/2212/2189
f 1981/2212/2189 1995/2230/2207 1982/2231/2208
f 1981/2212/2189 1982/2231/2208 1957/2213/2190
f 1957/2213/2190 1982/2231/2208 1958/2232/2209
f 1957/2213/2190 1958/2232/2209 1975/2214/2191
f 1975/2214/2191 1958/2232/2209 1974/2233/2210
f 1975/2214/2191 1974/2233/2210 1944/1241/1233
f 1944/1241/1233 1974/2233/2210 1945/1243/1235
f 739/2209/2186 738/2190/2167 765/2234/2211
f 765/2234/2211 738/2190/2167 764/2215/2192
f 765/2234/2211 764/2215/2192 778/2235/2212
f 778/2235/2212 764/2215/2192 777/2216/2193
f 778/2235/2212 777/2216/2193 791/2236/2213
f 791/2236/2213 777/2216/2193 790/2217/2194
f 791/2236/2213 790/2217/2194 804/2237/2214
f 804/2237/2214 790/2217/2194 803/2218/2195
f 804/2237/2214 803/2218/2195 817/2238/2215
f 817/2238/2215 803/2218/2195 816/2219/2196
f 817/2238/2215 816/2219/2196 830/2239/2216
f 830/2239/2216 816/2219/2196 829/2220/2197
f 830/2239/2216 829/2220/2197 843/2240/2217
f 843/2240/2217 829/2220/2197 842/2221/2198
f 843/2240/2217 842/2221/2198 856/2241/2218
f 856/2241/2218 842/2221/2198 855/2222/2199
f 856/2241/2218 855/2222/2199 869/2242/2219
f 869/2242/2219 855/2222/2199 868/2223/2200
f 869/2242/2219 868/2223/2200 882/2243/2220
f 882/2243/2220 868/2223/2200 881/2224/2201
f 882/2243/2220 881/2224/2201 895/2244/2221
f 895/2244/2221 881/2224/2201 894/2225/2202
f 895/2244/2221 894/2225/2202 908/2245/2222
f 908/2245/2222 894/2225/2202 907/2226/2203
f 908/2245/2222 907/2226/2203 921/2246/2223
f 921/2246/2223 907/2226/2203 920/2227/2204
f 921/2246/2223 920/2227/2204 953/1877/1857
f 953/1877/1857 920/2227/2204 954/1879/1859
f 740/2228/2205 741/2247/2224 757/2229/2206
f 757/2229/2206 741/2247/2224 756/2248/2225
f 757/2229/2206 756/2248/2225 1995/2230/2207
f 1995/2230/2207 756/2248/2225 1996/2249/2226
f 1995/2230/2207 1996/2249/2226 1982/2231/2208
f 1982/2231/2208 1996/2249/2226 1983/2250/2227
f 1982/2231/2208 1983/2250/2227 1958/2232/2209
f 1958/2232/2209 1983/2250/2227 1959/2251/2228
f 1958/2232/2209 1959/2251/2228 1974/2233/2210
f 1974/2233/2210 1959/2251/2228 1973/2252/2229
f 1974/2233/2210 1973/2252/2229 1945/1243/1235
f 1945/1243/1235 1973/2252/2229 1946/1245/1237
f 740/2228/2205 739/2209/2186 766/2253/2230
f 766/2253/2230 739/2209/2186 765/2234/2211
f 766/2253/2230 765/2234/2211 779/2254/2231
f 779/2254/2231 765/2234/2211 778/2235/2212
f 779/2254/2231 778/2235/2212 792/2255/2232
f 792/2255/2232 778/2235/2212 791/2236/2213
f 792/2255/2232 791/2236/2213 805/2256/2233
f 805/2256/2233 791/2236/2213 804/2237/2214
f 805/2256/2233 804/2237/2214 818/2257/2234
f 818/2257/2234 804/2237/2214 817/2238/2215
f 818/2257/2234 817/2238/2215 831/2258/2235
f 831/2258/2235 817/2238/2215 830/2239/2216
f 831/2258/2235 830/2239/2216 844/2259/2236
f 844/2259/2236 830/2239/2216 843/2240/2217
f 844/2259/2236 843/2240/2217 857/2260/2237
f 857/2260/2237 843/2240/2217 856/2241/2218
f 857/2260/2237 856/2241/2218 870/2261/2238
f 870/2261/2238 856/2241/2218 869/2242/2219
f 870/2261/2238 869/2242/2219 883/2262/2239
f 883/2262/2239 869/2242/2219 882/2243/2220
f 883/2262/2239 882/2243/2220 896/2263/2240
f 896/2263/2240 882/2243/2220 895/2244/2221
f 896/2263/2240 895/2244/2221 909/2264/2241
f 909/2264/2241 895/2244/2221 908/2245/2222
f 909/2264/2241 908/2245/2222 922/2265/2242
f 922/2265/2242 908/2245/2222 921/2246/2223
f 922/2265/2242 921/2246/2223 952/1875/1855
f 952/1875/1855 921/2246/2223 953/1877/1857
f 741/2247/2224 742/2266/2243 756/2248/2225
f 756/2248/2225 742/2266/2243 755/2267/2244
f 756/2248/2225 755/2267/2244 1996/2249/2226
f 1996/2249/2226 755/2267/2244 1997/2268/2245
f 1996/2249/2226 1997/2268/2245 1983/2250/2227
f 1983/2250/2227 1997/2268/2245 1984/2269/2246
f 1983/2250/2227 1984/2269/2246 1959/2251/2228
f 1959/2251/2228 1984/2269/2246 1960/2270/2247
f 1959/2251/2228 1960/2270/2247 1973/2252/2229
f 1973/2252/2229 1960/2270/2247 1972/2271/2248
f 1973/2252/2229 1972/2271/2248 1946/1245/1237
f 1946/1245/1237 1972/2271/2248 1947/1247/1239
f 741/2247/2224 740/2228/2205 767/2272/2249
f 767/2272/2249 740/2228/2205 766/2253/2230
f 767/2272/2249 766/2253/2230 780/2273/2250
f 780/2273/2250 766/2253/2230 779/2254/2231
f 780/2273/2250 779/2254/2231 793/2274/2251
f 793/2274/2251 779/2254/2231 792/2255/2232
f 793/2274/2251 792/2255/2232 806/2275/2252
f 806/2275/2252 792/2255/2232 805/2256/2233
f 806/2275/2252 805/2256/2233 819/2276/2253
f 819/2276/2253 805/2256/2233 818/2257/2234
f 819/2276/2253 818/2257/2234 832/2277/2254
f 832/2277/2254 818/2257/2234 831/2258/2235
f 832/2277/2254 831/2258/2235 845/2278/2255
f 845/2278/2255 831/2258/2235 844/2259/2236
f 845/2278/2255 844/2259/2236 858/2279/2256
f 858/2279/2256 844/2259/2236 857/2260/2237
f 858/2279/2256 857/2260/2237 871/2280/2257
f 871/2280/2257 857/2260/2237 870/2261/2238
f 871/2280/2257 870/2261/2238 884/2281/2258
f 884/2281/2258 870/2261/2238 883/2262/2239
f 884/2281/2258 883/2262/2239 897/2282/2259
f 897/2282/2259 883/2262/2239 896/2263/2240
f 897/2282/2259 896/2263/2240 910/2283/2260
f 910/2283/2260 896/2263/2240 909/2264/2241
f 910/2283/2260 909/2264/2241 923/2284/2261
f 923/2284/2261 909/2264/2241 922/2265/2242
f 923/2284/2261 922/2265/2242 951/1873/1853
f 951/1873/1853 922/2265/2242 952/1875/1855
f 742/2266/2243 743/2285/2262 755/2267/2244
f 755/2267/2244 743/2285/2262 754/2286/2263
f 755/2267/2244 754/2286/2263 1997/2268/2245
f 1997/2268/2245 754/2286/2263 1998/2287/2264
f 1997/2268/2245 1998/2287/2264 1984/2269/2246
f 1984/2269/2246 1998/2287/2264 1985/2288/2265
f 1984/2269/2246 1985/2288/2265 1960/2270/2247
f 1960/2270/2247 1985/2288/2265 1961/2289/2266
f 1960/2270/2247 1961/2289/2266 1972/2271/2248
f 1972/2271/2248 1961/2289/2266 1971/2290/2267
f 1972/2271/2248 1971/2290/2267 1947/1247/1239
f 1947/1247/1239 1971/2290/2267 1948/1249/1241
f 742/2266/2243 741/2247/2224 768/2291/2268
f 768/2291/2268 741/2247/2224 767/2272/2249
f 768/2291/2268 767/2272/2249 781/2292/2269
f 781/2292/2269 767/2272/2249 780/2273/2250
f 781/2292/2269 780/2273/2250 794/2293/2270
f 794/2293/2270 780/2273/2250 793/2274/2251
f 794/2293/2270 793/2274/2251 807/2294/2271
f 807/2294/2271 793/2274/2251 806/2275/2252
f 807/2294/2271 806/2275/2252 820/2295/2272
f 820/2295/2272 806/2275/2252 819/2276/2253
f 820/2295/2272 819/2276/2253 833/2296/2273
f 833/2296/2273 819/2276/2253 832/2277/2254
f 833/2296/2273 832/2277/2254 846/2297/2274
f 846/2297/2274 832/2277/2254 845/2278/2255
f 846/2297/2274 845/2278/2255 859/2298/2275
f 859/2298/2275 845/2278/2255 858/2279/2256
f 859/2298/2275 858/2279/2256 872/2299/2276
f 872/2299/2276 858/2279/2256 871/2280/2257
f 872/2299/2276 871/2280/2257 885/2300/2277
f 885/2300/2277 871/2280/2257 884/2281/2258
f 885/2300/2277 884/2281/2258 898/2301/2278
f 898/2301/2278 884/2281/2258 897/2282/2259
f 898/2301/2278 897/2282/2259 911/2302/2279
f 911/2302/2279 897/2282/2259 910/2283/2260
f 911/2302/2279 910/2283/2260 924/2303/2280
f 924/2303/2280 910/2283/2260 923/2284/2261
f 924/2303/2280 923/2284/2261 950/1871/1851
f 950/1871/1851 923/2284/2261 951/1873/1853
f 743/2285/2262 744/2304/2281 754/2286/2263
f 754/2286/2263 744/2304/2281 753/2305/2282
f 754/2286/2263 753/2305/2282 1998/2287/2264
f 1998/2287/2264 753/2305/2282 1999/2306/2283
f 1998/2287/2264 1999/2306/2283 1985/2288/2265
f 1985/2288/2265 1999/2306/2283 1986/2307/2284
f 1985/2288/2265 1986/2307/2284 1961/2289/2266
f 1961/2289/2266 1986/2307/2284 1962/2308/2285
f 1961/2289/2266 1962/2308/2285 1971/2290/2267
f 1971/2290/2267 1962/2308/2285 1970/2309/2286
f 1971/2290/2267 1970/2309/2286 1948/1249/1241
f 1948/1249/1241 1970/2309/2286 1949/1251/1243
f 743/2285/2262 742/2266/2243 769/2310/2287
f 769/2310/2287 742/2266/2243 768/2291/2268
f 769/2310/2287 768/2291/2268 782/2311/2288
f 782/2311/2288 768/2291/2268 781/2292/2269
f 782/2311/2288 781/2292/2269 795/2312/2289
f 795/2312/2289 781/2292/2269 794/2293/2270
f 795/2312/2289 794/2293/2270 808/2313/2290
f 808/2313/2290 794/2293/2270 807/2294/2271
f 808/2313/2290 807/2294/2271 821/2314/2291
f 821/2314/2291 807/2294/2271 820/2295/2272
f 821/2314/2291 820/2295/2272 834/2315/2292
f 834/2315/2292 820/2295/2272 833/2296/2273
f 834/2315/2292 833/2296/2273 847/2316/2293
f 847/2316/2293 833/2296/2273 846/2297/2274
f 847/2316/2293 846/2297/2274 860/2317/2294
f 860/2317/2294 846/2297/2274 859/2298/2275
f 860/2317/2294 859/2298/2275 873/2318/2295
f 873/2318/2295 859/2298/2275 872/2299/2276
f 873/2318/2295 872/2299/2276 886/2319/2296
f 886/2319/2296 872/2299/2276 885/2300/2277
f 886/2319/2296 885/2300/2277 899/2320/2297
f 899/2320/2297 885/2300/2277 898/2301/2278
f 899/2320/2297 898/2301/2278 912/2321/2298
f 912/2321/2298 898/2301/2278 911/2302/2279
f 912/2321/2298 911/2302/2279 925/2322/2299
f 925/2322/2299 911/2302/2279 924/2303/2280
f 925/2322/2299 924/2303/2280 949/1869/1849
f 949/1869/1849 924/2303/2280 950/1871/1851
f 744/2304/2281 745/2323/2300 753/2305/2282
f 753/2305/2282 745/2323/2300 752/2324/2301
f 753/2305/2282 752/2324/2301 1999/2306/2283
f 1999/2306/2283 752/2324/2301 2000/2325/2302
f 1999/2306/2283 2000/2325/2302 1986/2307/2284
f 1986/2307/2284 2000/2325/2302 1987/2326/2303
f 1986/2307/2284 1987/2326/2303 1962/2308/2285
f 1962/2308/2285 1987/2326/2303 1963/2327/2304
f 1962/2308/2285 1963/2327/2304 1970/2309/2286
f 1970/2309/2286 1963/2327/2304 1969/2328/2305
f 1970/2309/2286 1969/2328/2305 1949/1251/1243
f 1949/1251/1243 1969/2328/2305 1950/1253/1245
f 744/2304/2281 743/2285/2262 770/2329/2306
f 770/2329/2306 743/2285/2262 769/2310/2287
f 770/2329/2306 769/2310/2287 783/2330/2307
f 783/2330/2307 769/2310/2287 782/2311/2288
f 783/2330/2307 782/2311/2288 796/2331/2308
f 796/2331/2308 782/2311/2288 795/2312/2289
f 796/2331/2308 795/2312/2289 809/2332/2309
f 809/2332/2309 795/2312/2289 808/2313/2290
f 809/2332/2309 808/2313/2290 822/2333/2310
f 822/2333/2310 808/2313/2290 821/2314/2291
f 822/2333/2310 821/2314/2291 835/2334/2311
f 835/2334/2311 821/2314/2291 834/2315/2292
f 835/2334/2311 834/2315/2292 848/2335/2312
f 848/2335/2312 834/2315/2292 847/2316/2293
f 848/2335/2312 847/2316/2293 861/2336/2313
f 861/2336/2313 847/2316/2293 860/2317/2294
f 861/2336/2313 860/2317/2294 874/2337/2314
f 874/2337/2314 860/2317/2294 873/2318/2295
f 874/2337/2314 873/2318/2295 887/2338/2315
f 887/2338/2315 873/2318/2295 886/2319/2296
f 887/2338/2315 886/2319/2296 900/2339/2316
f 900/2339/2316 886/2319/2296 899/2320/2297
f 900/2339/2316 899/2320/2297 913/2340/2317
f 913/2340/2317 899/2320/2297 912/2321/2298
f 913/2340/2317 912/2321/2298 926/2341/2318
f 926/2341/2318 912/2321/2298 925/2322/2299
f 926/2341/2318 925/2322/2299 948/1867/1847
f 948/1867/1847 925/2322/2299 949/1869/1849
f 745/2323/2300 746/2342/2319 752/2324/2301
f 752/2324/2301 746/2342/2319 751/2343/2320
f 752/2324/2301 751/2343/2320 2000/2325/2302
f 2000/2325/2302 751/2343/2320 2001/2344/2321
f 2000/2325/2302 2001/2344/2321 1987/2326/2303
f 1987/2326/2303 2001/2344/2321 1988/2345/2322
f 1987/2326/2303 1988/2345/2322 1963/2327/2304
f 1963/2327/2304 1988/2345/2322 1964/2346/2323
f 1963/2327/2304 1964/2346/2323 1969/2328/2305
f 1969/2328/2305 1964/2346/2323 1968/2347/2324
f 1969/2328/2305 1968/2347/2324 1950/1253/1245
f 1950/1253/1245 1968/2347/2324 1951/1255/1247
f 745/2323/2300 744/2304/2281 771/2348/2325
f 771/2348/2325 744/2304/2281 770/2329/2306
f 771/2348/2325 770/2329/2306 784/2349/2326
f 784/2349/2326 770/2329/2306 783/2330/2307
f 784/2349/2326 783/2330/2307 797/2350/2327
f 797/2350/2327 783/2330/2307 796/2331/2308
f 797/2350/2327 796/2331/2308 810/2351/2328
f 810/2351/2328 796/2331/2308 809/2332/2309
f 810/2351/2328 809/2332/2309 823/2352/2329
f 823/2352/2329 809/2332/2309 822/2333/2310
f 823/2352/2329 822/2333/2310 836/2353/2330
f 836/2353/2330 822/2333/2310 835/2334/2311
f 836/2353/2330 835/2334/2311 849/2354/2331
f 849/2354/2331 835/2334/2311 848/2335/2312
f 849/2354/2331 848/2335/2312 862/2355/2332
f 862/2355/2332 848/2335/2312 861/2336/2313
f 862/2355/2332 861/2336/2313 875/2356/2333
f 875/2356/2333 861/2336/2313 874/2337/2314
f 875/2356/2333 874/2337/2314 888/2357/2334
f 888/2357/2334 874/2337/2314 887/2338/2315
f 888/2357/2334 887/2338/2315 901/2358/2335
f 901/2358/2335 887/2338/2315 900/2339/2316
f 901/2358/2335 900/2339/2316 914/2359/2336
f 914/2359/2336 900/2339/2316 913/2340/2317
f 914/2359/2336 913/2340/2317 927/2360/2337
f 927/2360/2337 913/2340/2317 926/2341/2318
f 927/2360/2337 926/2341/2318 947/1865/1845
f 947/1865/1845 926/2341/2318 948/1867/1847
f 746/2342/2319 747/2361/2338 751/2343/2320
f 751/2343/2320 747/2361/2338 750/2362/2339
f 751/2343/2320 750/2362/2339 2001/2344/2321
f 2001/2344/2321 750/2362/2339 2002/2363/2340
f 2001/2344/2321 2002/2363/2340 1988/2345/2322
f 1988/2345/2322 2002/2363/2340 1989/2364/2341
f 1988/2345/2322 1989/2364/2341 1964/2346/2323
f 1964/2346/2323 1989/2364/2341 1965/2365/2342
f 1964/2346/2323 1965/2365/2342 1968/2347/2324
f 1968/2347/2324 1965/2365/2342 1967/2366/2343
f 1968/2347/2324 1967/2366/2343 1951/1255/1247
f 1951/1255/1247 1967/2366/2343 1952/1257/1249
f 746/2342/2319 745/2323/2300 772/2367/2344
f 772/2367/2344 745/2323/2300 771/2348/2325
f 772/2367/2344 771/2348/2325 785/2368/2345
f 785/2368/2345 771/2348/2325 784/2349/2326
f 785/2368/2345 784/2349/2326 798/2369/2346
f 798/2369/2346 784/2349/2326 797/2350/2327
f 798/2369/2346 797/2350/2327 811/2370/2347
f 811/2370/2347 797/2350/2327 810/2351/2328
f 811/2370/2347 810/2351/2328 824/2371/2348
f 824/2371/2348 810/2351/2328 823/2352/2329
f 824/2371/2348 823/2352/2329 837/2372/2349
f 837/2372/2349 823/2352/2329 836/2353/2330
f 837/2372/2349 836/2353/2330 850/2373/2350
f 850/2373/2350 836/2353/2330 849/2354/2331
f 850/2373/2350 849/2354/2331 863/2374/2351
f 863/2374/2351 849/2354/2331 862/2355/2332
f 863/2374/2351 862/2355/2332 876/2375/2352
f 876/2375/2352 862/2355/2332 875/2356/2333
f 876/2375/2352 875/2356/2333 889/2376/2353
f 889/2376/2353 875/2356/2333 888/2357/2334
f 889/2376/2353 888/2357/2334 902/2377/2354
f 902/2377/2354 888/2357/2334 901/2358/2335
f 902/2377/2354 901/2358/2335 915/2378/2355
f 915/2378/2355 901/2358/2335 914/2359/2336
f 915/2378/2355 914/2359/2336 928/2379/2356
f 928/2379/2356 914/2359/2336 927/2360/2337
f 928/2379/2356 927/2360/2337 946/1863/1843
f 946/1863/1843 927/2360/2337 947/1865/1845
f 747/2361/2338 748/1831/1811 750/2362/2339
f 750/2362/2339 748/1831/1811 749/1829/1809
f 750/2362/2339 749/1829/1809 2002/2363/2340
f 2002/2363/2340 749/1829/1809 2003/1882/1862
f 2002/2363/2340 2003/1882/1862 1989/2364/2341
f 1989/2364/2341 2003/1882/1862 1990/1884/1864
f 1989/2364/2341 1990/1884/1864 1965/2365/2342
f 1965/2365/2342 1990/1884/1864 1966/1886/1866
f 1965/2365/2342 1966/1886/1866 1967/2366/2343
f 1967/2366/2343 1966/1886/1866 731/1888/1868
f 1967/2366/2343 731/1888/1868 1952/1257/1249
f 1952/1257/1249 731/1888/1868 1953/1259/1251
f 747/2361/2338 746/2342/2319 773/2380/2357
f 773/2380/2357 746/2342/2319 772/2367/2344
f 773/2380/2357 772/2367/2344 786/2381/2358
f 786/2381/2358 772/2367/2344 785/2368/2345
f 786/2381/2358 785/2368/2345 799/2382/2359
f 799/2382/2359 785/2368/2345 798/2369/2346
f 799/2382/2359 798/2369/2346 812/2383/2360
f 812/2383/2360 798/2369/2346 811/2370/2347
f 812/2383/2360 811/2370/2347 825/2384/2361
f 825/2384/2361 811/2370/2347 824/2371/2348
f 825/2384/2361 824/2371/2348 838/2385/2362
f 838/2385/2362 824/2371/2348 837/2372/2349
f 838/2385/2362 837/2372/2349 851/2386/2363
f 851/2386/2363 837/2372/2349 850/2373/2350
f 851/2386/2363 850/2373/2350 864/2387/2364
f 864/2387/2364 850/2373/2350 863/2374/2351
f 864/2387/2364 863/2374/2351 877/2388/2365
f 877/2388/2365 863/2374/2351 876/2375/2352
f 877/2388/2365 876/2375/2352 890/2389/2366
f 890/2389/2366 876/2375/2352 889/2376/2353
f 890/2389/2366 889/2376/2353 903/2390/2367
f 903/2390/2367 889/2376/2353 902/2377/2354
f 903/2390/2367 902/2377/2354 916/2391/2368
f 916/2391/2368 902/2377/2354 915/2378/2355
f 916/2391/2368 915/2378/2355 929/2392/2369
f 929/2392/2369 915/2378/2355 928/2379/2356
f 929/2392/2369 928/2379/2356 945/1861/1841
f 945/1861/1841 928/2379/2356 946/1863/1843
f 748/1831/1811 747/2361/2338 774/1833/1813
f 774/1833/1813 747/2361/2338 773/2380/2357
f 774/1833/1813 773/2380/2357 787/1835/1815
f 787/1835/1815 773/2380/2357 786/2381/2358
f 787/1835/1815 786/2381/2358 800/1837/1817
f 800/1837/1817 786/2381/2358 799/2382/2359
f 800/1837/1817 799/2382/2359 813/1839/1819
f 813/1839/1819 799/2382/2359 812/2383/2360
f 813/1839/1819 812/2383/2360 826/1841/1821
f 826/1841/1821 812/2383/2360 825/2384/2361
f 826/1841/1821 825/2384/2361 839/1843/1823
f 839/1843/1823 825/2384/2361 838/2385/2362
f 839/1843/1823 838/2385/2362 852/1845/1825
f 852/1845/1825 838/2385/2362 851/2386/2363
f 852/1845/1825 851/2386/2363 865/1847/1827
f 865/1847/1827 851/2386/2363 864/2387/2364
f 865/1847/1827 864/2387/2364 878/1849/1829
f 878/1849/1829 864/2387/2364 877/2388/2365
f 878/1849/1829 877/2388/2365 891/1851/1831
f 891/1851/1831 877/2388/2365 890/2389/2366
f 891/1851/1831 890/2389/2366 904/1853/1833
f 904/1853/1833 890/2389/2366 903/2390/2367
f 904/1853/1833 903/2390/2367 917/1855/1835
f 917/1855/1835 903/2390/2367 916/2391/2368
f 917/1855/1835 916/2391/2368 930/1857/1837
f 930/1857/1837 916/2391/2368 929/2392/2369
f 930/1857/1837 929/2392/2369 944/1859/1839
f 944/1859/1839 929/2392/2369 945/1861/1841
f 1179/1354/1344 1178/1356/1346 1205/2393/2370
f 1205/2393/2370 1178/1356/1346 1204/1537/1517
f 1205/2393/2370 1204/1537/1517 1218/2394/2371
f 1218/2394/2371 1204/1537/1517 1217/1539/1519
f 1218/2394/2371 1217/1539/1519 1231/2395/2372
f 1231/2395/2372 1217/1539/1519 1230/1541/1521
f 1231/2395/2372 1230/1541/1521 1244/2396/2373
f 1244/2396/2373 1230/1541/1521 1243/1543/1523
f 1244/2396/2373 1243/1543/1523 1257/2397/2374
f 1257/2397/2374 1243/1543/1523 1256/1545/1525
f 1257/2397/2374 1256/1545/1525 1270/2398/2375
f 1270/2398/2375 1256/1545/1525 1269/1547/1527
f 1270/2398/2375 1269/1547/1527 1283/2399/2376
f 1283/2399/2376 1269/1547/1527 1282/1549/1529
f 1283/2399/2376 1282/1549/1529 1296/2078/2058
f 1180/1352/1342 1179/1354/1344 1206/2400/2377
f 1206/2400/2377 1179/1354/1344 1205/2393/2370
f 1206/2400/2377 1205/2393/2370 1219/2401/2378
f 1219/2401/2378 1205/2393/2370 1218/2394/2371
f 1219/2401/2378 1218/2394/2371 1232/2402/2379
f 1232/2402/2379 1218/2394/2371 1231/2395/2372
f 1232/2402/2379 1231/2395/2372 1245/2403/2380
f 1245/2403/2380 1231/2395/2372 1244/2396/2373
f 1245/2403/2380 1244/2396/2373 1258/2404/2381
f 1258/2404/2381 1244/2396/2373 1257/2397/2374
f 1258/2404/2381 1257/2397/2374 1271/2405/2382
f 1271/2405/2382 1257/2397/2374 1270/2398/2375
f 1271/2405/2382 1270/2398/2375 1284/2406/2383
f 1284/2406/2383 1270/2398/2375 1283/2399/2376
f 1284/2406/2383 1283/2399/2376 1297/2407/2384
f 1297/2407/2384 1283/2399/2376 1296/2078/2058
f 1297/2407/2384 1296/2078/2058 1310/2077/2057
f 1181/1350/1340 1180/1352/1342 1207/2408/2385
f 1207/2408/2385 1180/1352/1342 1206/2400/2377
f 1207/2408/2385 1206/2400/2377 1220/2409/2386
f 1220/2409/2386 1206/2400/2377 1219/2401/2378
f 1220/2409/2386 1219/2401/2378 1233/2410/2387
f 1233/2410/2387 1219/2401/2378 1232/2402/2379
f 1233/2410/2387 1232/2402/2379 1246/2411/2388
f 1246/2411/2388 1232/2402/2379 1245/2403/2380
f 1246/2411/2388 1245/2403/2380 1259/2412/2389
f 1259/2412/2389 1245/2403/2380 1258/2404/2381
f 1259/2412/2389 1258/2404/2381 1272/2413/2390
f 1272/2413/2390 1258/2404/2381 1271/2405/2382
f 1272/2413/2390 1271/2405/2382 1285/2414/2391
f 1285/2414/2391 1271/2405/2382 1284/2406/2383
f 1285/2414/2391 1284/2406/2383 1298/2415/2392
f 1298/2415/2392 1284/2406/2383 1297/2407/2384
f 1298/2415/2392 1297/2407/2384 1311/2416/2393
f 1311/2416/2393 1297/2407/2384 1310/2077/2057
f 1311/2416/2393 1310/2077/2057 1324/2076/2056
f 1182/1348/1338 1181/1350/1340 1208/2417/2394
f 1208/2417/2394 1181/1350/1340 1207/2408/2385
f 1208/2417/2394 1207/2408/2385 1221/2418/2395
f 1221/2418/2395 1207/2408/2385 1220/2409/2386
f 1221/2418/2395 1220/2409/2386 1234/2419/2396
f 1234/2419/2396 1220/2409/2386 1233/2410/2387
f 1234/2419/2396 1233/2410/2387 1247/2420/2397
f 1247/2420/2397 1233/2410/2387 1246/2411/2388
f 1247/2420/2397 1246/2411/2388 1260/2421/2398
f 1260/2421/2398 1246/2411/2388 1259/2412/2389
f 1260/2421/2398 1259/2412/2389 1273/2422/2399
f 1273/2422/2399 1259/2412/2389 1272/2413/2390
f 1273/2422/2399 1272/2413/2390 1286/2423/2400
f 1286/2423/2400 1272/2413/2390 1285/2414/2391
f 1286/2423/2400 1285/2414/2391 1299/2424/2401
f 1299/2424/2401 1285/2414/2391 1298/2415/2392
f 1299/2424/2401 1298/2415/2392 1312/2425/2402
f 1312/2425/2402 1298/2415/2392 1311/2416/2393
f 1312/2425/2402 1311/2416/2393 1325/2426/2403
f 1325/2426/2403 1311/2416/2393 1324/2076/2056
f 1325/2426/2403 1324/2076/2056 1338/2075/2055
f 1183/1346/1336 1182/1348/1338 1209/2427/2404
f 1209/2427/2404 1182/1348/1338 1208/2417/2394
f 1209/2427/2404 1208/2417/2394 1222/2428/2405
f 1222/2428/2405 1208/2417/2394 1221/2418/2395
f 1222/2428/2405 1221/2418/2395 1235/2429/2406
f 1235/2429/2406 1221/2418/2395 1234/2419/2396
f 1235/2429/2406 1234/2419/2396 1248/2430/2407
f 1248/2430/2407 1234/2419/2396 1247/2420/2397
f 1248/2430/2407 1247/2420/2397 1261/2431/2408
f 1261/2431/2408 1247/2420/2397 1260/2421/2398
f 1261/2431/2408 1260/2421/2398 1274/2432/2409
f 1274/2432/2409 1260/2421/2398 1273/2422/2399
f 1274/2432/2409 1273/2422/2399 1287/2433/2410
f 1287/2433/2410 1273/2422/2399 1286/2423/2400
f 1287/2433/2410 1286/2423/2400 1300/2434/2411
f 1300/2434/2411 1286/2423/2400 1299/2424/2401
f 1300/2434/2411 1299/2424/2401 1313/2435/2412
f 1313/2435/2412 1299/2424/2401 1312/2425/2402
f 1313/2435/2412 1312/2425/2402 1326/2436/2413
f 1326/2436/2413 1312/2425/2402 1325/2426/2403
f 1326/2436/2413 1325/2426/2403 1339/2437/2414
f 1339/2437/2414 1325/2426/2403 1338/2075/2055
f 1339/2437/2414 1338/2075/2055 1352/2074/2054
f 1184/1344/1334 1183/1346/1336 1210/2438/2415
f 1210/2438/2415 1183/1346/1336 1209/2427/2404
f 1210/2438/2415 1209/2427/2404 1223/2439/2416
f 1223/2439/2416 1209/2427/2404 1222/2428/2405
f 1223/2439/2416 1222/2428/2405 1236/2440/2417
f 1236/2440/2417 1222/2428/2405 1235/2429/2406
f 1236/2440/2417 1235/2429/2406 1249/2441/2418
f 1249/2441/2418 1235/2429/2406 1248/2430/2407
f 1249/2441/2418 1248/2430/2407 1262/2442/2419
f 1262/2442/2419 1248/2430/2407 1261/2431/2408
f 1262/2442/2419 1261/2431/2408 1275/2443/2420
f 1275/2443/2420 1261/2431/2408 1274/2432/2409
f 1275/2443/2420 1274/2432/2409 1288/2444/2421
f 1288/2444/2421 1274/2432/2409 1287/2433/2410
f 1288/2444/2421 1287/2433/2410 1301/2445/2422
f 1301/2445/2422 1287/2433/2410 1300/2434/2411
f 1301/2445/2422 1300/2434/2411 1314/2446/2423
f 1314/2446/2423 1300/2434/2411 1313/2435/2412
f 1314/2446/2423 1313/2435/2412 1327/2447/2424
f 1327/2447/2424 1313/2435/2412 1326/2436/2413
f 1327/2447/2424 1326/2436/2413 1340/2448/2425
f 1340/2448/2425 1326/2436/2413 1339/2437/2414
f 1340/2448/2425 1339/2437/2414 1353/2449/2426
f 1353/2449/2426 1339/2437/2414 1352/2074/2054
f 1353/2449/2426 1352/2074/2054 1366/2073/2053
f 1185/1342/1332 1184/1344/1334 1211/2450/2427
f 1211/2450/2427 1184/1344/1334 1210/2438/2415
f 1211/2450/2427 1210/2438/2415 1224/2451/2428
f 1224/2451/2428 1210/2438/2415 1223/2439/2416
f 1224/2451/2428 1223/2439/2416 1237/2452/2429
f 1237/2452/2429 1223/2439/2416 1236/2440/2417
f 1237/2452/2429 1236/2440/2417 1250/2453/2430
f 1250/2453/2430 1236/2440/2417 1249/2441/2418
f 1250/2453/2430 1249/2441/2418 1263/2454/2431
f 1263/2454/2431 1249/2441/2418 1262/2442/2419
f 1263/2454/2431 1262/2442/2419 1276/2455/2432
f 1276/2455/2432 1262/2442/2419 1275/2443/2420
f 1276/2455/2432 1275/2443/2420 1289/2456/2433
f 1289/2456/2433 1275/2443/2420 1288/2444/2421
f 1289/2456/2433 1288/2444/2421 1302/2457/2434
f 1302/2457/2434 1288/2444/2421 1301/2445/2422
f 1302/2457/2434 1301/2445/2422 1315/2458/2435
f 1315/2458/2435 1301/2445/2422 1314/2446/2423
f 1315/2458/2435 1314/2446/2423 1328/2459/2436
f 1328/2459/2436 1314/2446/2423 1327/2447/2424
f 1328/2459/2436 1327/2447/2424 1341/2460/2437
f 1341/2460/2437 1327/2447/2424 1340/2448/2425
f 1341/2460/2437 1340/2448/2425 1354/2461/2438
f 1354/2461/2438 1340/2448/2425 1353/2449/2426
f 1354/2461/2438 1353/2449/2426 1367/2462/2439
f 1367/2462/2439 1353/2449/2426 1366/2073/2053
f 1367/2462/2439 1366/2073/2053 1380/2072/2052
f 1186/1340/1330 1185/1342/1332 1212/2463/2440
f 1212/2463/2440 1185/1342/1332 1211/2450/2427
f 1212/2463/2440 1211/2450/2427 1225/2464/2441
f 1225/2464/2441 1211/2450/2427 1224/2451/2428
f 1225/2464/2441 1224/2451/2428 1238/2465/2442
f 1238/2465/2442 1224/2451/2428 1237/2452/2429
f 1238/2465/2442 1237/2452/2429 1251/2466/2443
f 1251/2466/2443 1237/2452/2429 1250/2453/2430
f 1251/2466/2443 1250/2453/2430 1264/2467/2444
f 1264/2467/2444 1250/2453/2430 1263/2454/2431
f 1264/2467/2444 1263/2454/2431 1277/2468/2445
f 1277/2468/2445 1263/2454/2431 1276/2455/2432
f 1277/2468/2445 1276/2455/2432 1290/2469/2446
f 1290/2469/2446 1276/2455/2432 1289/2456/2433
f 1290/2469/2446 1289/2456/2433 1303/2470/2447
f 1303/2470/2447 1289/2456/2433 1302/2457/2434
f 1303/2470/2447 1302/2457/2434 1316/2471/2448
f 1316/2471/2448 1302/2457/2434 1315/2458/2435
f 1316/2471/2448 1315/2458/2435 1329/2472/2449
f 1329/2472/2449 1315/2458/2435 1328/2459/2436
f 1329/2472/2449 1328/2459/2436 1342/2473/2450
f 1342/2473/2450 1328/2459/2436 1341/2460/2437
f 1342/2473/2450 1341/2460/2437 1355/2474/2451
f 1355/2474/2451 1341/2460/2437 1354/2461/2438
f 1355/2474/2451 1354/2461/2438 1368/2475/2452
f 1368/2475/2452 1354/2461/2438 1367/2462/2439
f 1368/2475/2452 1367/2462/2439 1381/2476/2453
f 1381/2476/2453 1367/2462/2439 1380/2072/2052
f 1381/2476/2453 1380/2072/2052 1394/2071/2051
f 1187/1338/1328 1186/1340/1330 1213/2477/2454
f 1213/2477/2454 1186/1340/1330 1212/2463/2440
f 1213/2477/2454 1212/2463/2440 1226/2478/2455
f 1226/2478/2455 1212/2463/2440 1225/2464/2441
f 1226/2478/2455 1225/2464/2441 1239/2479/2456
f 1239/2479/2456 1225/2464/2441 1238/2465/2442
f 1239/2479/2456 1238/2465/2442 1252/2480/2457
f 1252/2480/2457 1238/2465/2442 1251/2466/2443
f 1252/2480/2457 1251/2466/2443 1265/2481/2458
f 1265/2481/2458 1251/2466/2443 1264/2467/2444
f 1265/2481/2458 1264/2467/2444 1278/2482/2459
f 1278/2482/2459 1264/2467/2444 1277/2468/2445
f 1278/2482/2459 1277/2468/2445 1291/2483/2460
f 1291/2483/2460 1277/2468/2445 1290/2469/2446
f 1291/2483/2460 1290/2469/2446 1304/2484/2461
f 1304/2484/2461 1290/2469/2446 1303/2470/2447
f 1304/2484/2461 1303/2470/2447 1317/2485/2462
f 1317/2485/2462 1303/2470/2447 1316/2471/2448
f 1317/2485/2462 1316/2471/2448 1330/2486/2463
f 1330/2486/2463 1316/2471/2448 1329/2472/2449
f 1330/2486/2463 1329/2472/2449 1343/2487/2464
f 1343/2487/2464 1329/2472/2449 1342/2473/2450
f 1343/2487/2464 1342/2473/2450 1356/2488/2465
f 1356/2488/2465 1342/2473/2450 1355/2474/2451
f 1356/2488/2465 1355/2474/2451 1369/2489/2466
f 1369/2489/2466 1355/2474/2451 1368/2475/2452
f 1369/2489/2466 1368/2475/2452 1382/2490/2467
f 1382/2490/2467 1368/2475/2452 1381/2476/2453
f 1382/2490/2467 1381/2476/2453 1395/2491/2468
f 1395/2491/2468 1381/2476/2453 1394/2071/2051
f 1395/2491/2468 1394/2071/2051 1408/2070/2050
f 1188/1336/1326 1187/1338/1328 1214/2492/2469
f 1214/2492/2469 1187/1338/1328 1213/2477/2454
f 1214/2492/2469 1213/2477/2454 1227/2493/2470
f 1227/2493/2470 1213/2477/2454 1226/2478/2455
f 1227/2493/2470 1226/2478/2455 1240/2494/2471
f 1240/2494/2471 1226/2478/2455 1239/2479/2456
f 1240/2494/2471 1239/2479/2456 1253/2495/2472
f 1253/2495/2472 1239/2479/2456 1252/2480/2457
f 1253/2495/2472 1252/2480/2457 1266/2496/2473
f 1266/2496/2473 1252/2480/2457 1265/2481/2458
f 1266/2496/2473 1265/2481/2458 1279/2497/2474
f 1279/2497/2474 1265/2481/2458 1278/2482/2459
f 1279/2497/2474 1278/2482/2459 1292/2498/2475
f 1292/2498/2475 1278/2482/2459 1291/2483/2460
f 1292/2498/2475 1291/2483/2460 1305/2499/2476
f 1305/2499/2476 1291/2483/2460 1304/2484/2461
f 1305/2499/2476 1304/2484/2461 1318/2500/2477
f 1318/2500/2477 1304/2484/2461 1317/2485/2462
f 1318/2500/2477 1317/2485/2462 1331/2501/2478
f 1331/2501/2478 1317/2485/2462 1330/2486/2463
f 1331/2501/2478 1330/2486/2463 1344/2502/2479
f 1344/2502/2479 1330/2486/2463 1343/2487/2464
f 1344/2502/2479 1343/2487/2464 1357/2503/2480
f 1357/2503/2480 1343/2487/2464 1356/2488/2465
f 1357/2503/2480 1356/2488/2465 1370/2504/2481
f 1370/2504/2481 1356/2488/2465 1369/2489/2466
f 1370/2504/2481 1369/2489/2466 1383/2505/2482
f 1383/2505/2482 1369/2489/2466 1382/2490/2467
f 1383/2505/2482 1382/2490/2467 1396/2506/2483
f 1396/2506/2483 1382/2490/2467 1395/2491/2468
f 1396/2506/2483 1395/2491/2468 1409/2507/2484
f 1409/2507/2484 1395/2491/2468 1408/2070/2050
f 1409/2507/2484 1408/2070/2050 1422/2069/2049
f 1216/2113/2093 1190/1332/1322 1189/1334/1324
f 1189/1334/1324 1188/1336/1326 1215/2508/2485
f 1215/2508/2485 1188/1336/1326 1214/2492/2469
f 1215/2508/2485 1214/2492/2469 1228/2509/2486
f 1228/2509/2486 1214/2492/2469 1227/2493/2470
f 1228/2509/2486 1227/2493/2470 1241/2510/2487
f 1241/2510/2487 1227/2493/2470 1240/2494/2471
f 1241/2510/2487 1240/2494/2471 1254/2511/2488
f 1254/2511/2488 1240/2494/2471 1253/2495/2472
f 1254/2511/2488 1253/2495/2472 1267/2512/2489
f 1267/2512/2489 1253/2495/2472 1266/2496/2473
f 1267/2512/2489 1266/2496/2473 1280/2513/2490
f 1280/2513/2490 1266/2496/2473 1279/2497/2474
f 1280/2513/2490 1279/2497/2474 1293/2514/2491
f 1293/2514/2491 1279/2497/2474 1292/2498/2475
f 1293/2514/2491 1292/2498/2475 1306/2515/2492
f 1306/2515/2492 1292/2498/2475 1305/2499/2476
f 1306/2515/2492 1305/2499/2476 1319/2516/2493
f 1319/2516/2493 1305/2499/2476 1318/2500/2477
f 1319/2516/2493 1318/2500/2477 1332/2517/2494
f 1332/2517/2494 1318/2500/2477 1331/2501/2478
f 1332/2517/2494 1331/2501/2478 1345/2518/2495
f 1345/2518/2495 1331/2501/2478 1344/2502/2479
f 1345/2518/2495 1344/2502/2479 1358/2519/2496
f 1358/2519/2496 1344/2502/2479 1357/2503/2480
f 1358/2519/2496 1357/2503/2480 1371/2520/2497
f 1371/2520/2497 1357/2503/2480 1370/2504/2481
f 1371/2520/2497 1370/2504/2481 1384/2521/2498
f 1384/2521/2498 1370/2504/2481 1383/2505/2482
f 1384/2521/2498 1383/2505/2482 1397/2522/2499
f 1397/2522/2499 1383/2505/2482 1396/2506/2483
f 1397/2522/2499 1396/2506/2483 1410/2523/2500
f 1410/2523/2500 1396/2506/2483 1409/2507/2484
f 1410/2523/2500 1409/2507/2484 1423/2524/2501
f 1423/2524/2501 1409/2507/2484 1422/2069/2049
f 1423/2524/2501 1422/2069/2049 1435/2068/2048
f 1229/2111/2091 1216/2113/2093 1215/2508/2485
f 1215/2508/2485 1216/2113/2093 1189/1334/1324
f 1229/2111/2091 1215/2508/2485 1228/2509/2486
f 1242/2109/2089 1229/2111/2091 1228/2509/2486
f 1242/2109/2089 1228/2509/2486 1241/2510/2487
f 1255/2107/2087 1242/2109/2089 1241/2510/2487
f 1255/2107/2087 1241/2510/2487 1254/2511/2488
f 1268/2105/2085 1255/2107/2087 1254/2511/2488
f 1268/2105/2085 1254/2511/2488 1267/2512/2489
f 1281/2103/2083 1268/2105/2085 1267/2512/2489
f 1281/2103/2083 1267/2512/2489 1280/2513/2490
f 1294/2101/2081 1281/2103/2083 1280/2513/2490
f 1294/2101/2081 1280/2513/2490 1293/2514/2491
f 1307/2099/2079 1294/2101/2081 1293/2514/2491
f 1307/2099/2079 1293/2514/2491 1306/2515/2492
f 1320/2097/2077 1307/2099/2079 1306/2515/2492
f 1320/2097/2077 1306/2515/2492 1319/2516/2493
f 1333/2095/2075 1320/2097/2077 1319/2516/2493
f 1333/2095/2075 1319/2516/2493 1332/2517/2494
f 1346/2093/2073 1333/2095/2075 1332/2517/2494
f 1346/2093/2073 1332/2517/2494 1345/2518/2495
f 1359/2091/2071 1346/2093/2073 1345/2518/2495
f 1359/2091/2071 1345/2518/2495 1358/2519/2496
f 1372/2089/2069 1359/2091/2071 1358/2519/2496
f 1372/2089/2069 1358/2519/2496 1371/2520/2497
f 1385/2087/2067 1372/2089/2069 1371/2520/2497
f 1385/2087/2067 1371/2520/2497 1384/2521/2498
f 1398/2085/2065 1385/2087/2067 1384/2521/2498
f 1398/2085/2065 1384/2521/2498 1397/2522/2499
f 1411/2083/2063 1398/2085/2065 1397/2522/2499
f 1411/2083/2063 1397/2522/2499 1410/2523/2500
f 1424/2081/2061 1411/2083/2063 1410/2523/2500
f 1424/2081/2061 1410/2523/2500 1423/2524/2501
f 735/2079/2059 1424/2081/2061 1423/2524/2501
f 735/2079/2059 1423/2524/2501 1435/2068/2048
f 1449/2067/2047 735/2079/2059 1435/2068/2048
f 1718/1634/1614 1719/1636/1616 1696/2525/2502
f 1696/2525/2502 1719/1636/1616 1695/1638/1618
f 1696/2525/2502 1695/1638/1618 1721/2526/2503
f 1721/2526/2503 1695/1638/1618 1720/1640/1620
f 1721/2526/2503 1720/1640/1620 1734/2527/2504
f 1734/2527/2504 1720/1640/1620 1733/1642/1622
f 1734/2527/2504 1733/1642/1622 1747/2528/2505
f 1747/2528/2505 1733/1642/1622 1746/1644/1624
f 1747/2528/2505 1746/1644/1624 1760/2529/2506
f 1760/2529/2506 1746/1644/1624 1759/1646/1626
f 1760/2529/2506 1759/1646/1626 1773/2530/2507
f 1773/2530/2507 1759/1646/1626 1772/1648/1628
f 1773/2530/2507 1772/1648/1628 1786/2531/2508
f 1786/2531/2508 1772/1648/1628 1785/1650/1630
f 1786/2531/2508 1785/1650/1630 1799/2532/2509
f 1799/2532/2509 1785/1650/1630 1798/1652/1632
f 1799/2532/2509 1798/1652/1632 1812/2533/2510
f 1812/2533/2510 1798/1652/1632 1811/1654/1634
f 1812/2533/2510 1811/1654/1634 1825/2534/2511
f 1825/2534/2511 1811/1654/1634 1824/1656/1636
f 1825/2534/2511 1824/1656/1636 1838/2535/2512
f 1838/2535/2512 1824/1656/1636 1837/1658/1638
f 1838/2535/2512 1837/1658/1638 1851/2536/2513
f 1851/2536/2513 1837/1658/1638 1850/1660/1640
f 1851/2536/2513 1850/1660/1640 1864/2537/2514
f 1864/2537/2514 1850/1660/1640 1863/1662/1642
f 1864/2537/2514 1863/1662/1642 1877/2538/2515
f 1877/2538/2515 1863/1662/1642 1876/1664/1644
f 1877/2538/2515 1876/1664/1644 1890/2539/2516
f 1890/2539/2516 1876/1664/1644 1889/1666/1646
f 1890/2539/2516 1889/1666/1646 1903/2540/2517
f 1903/2540/2517 1889/1666/1646 1902/1668/1648
f 1903/2540/2517 1902/1668/1648 1916/2541/2518
f 1916/2541/2518 1902/1668/1648 1915/1670/1650
f 1916/2541/2518 1915/1670/1650 1929/1238/1230
f 1929/1238/1230 1915/1670/1650 1928/1236/1228
f 1717/1632/1612 1718/1634/1614 1697/2542/2519
f 1697/2542/2519 1718/1634/1614 1696/2525/2502
f 1697/2542/2519 1696/2525/2502 1722/2543/2520
f 1722/2543/2520 1696/2525/2502 1721/2526/2503
f 1722/2543/2520 1721/2526/2503 1735/2544/2521
f 1735/2544/2521 1721/2526/2503 1734/2527/2504
f 1735/2544/2521 1734/2527/2504 1748/2545/2522
f 1748/2545/2522 1734/2527/2504 1747/2528/2505
f 1748/2545/2522 1747/2528/2505 1761/2546/2523
f 1761/2546/2523 1747/2528/2505 1760/2529/2506
f 1761/2546/2523 1760/2529/2506 1774/2547/2524
f 1774/2547/2524 1760/2529/2506 1773/2530/2507
f 1774/2547/2524 1773/2530/2507 1787/2548/2525
f 1787/2548/2525 1773/2530/2507 1786/2531/2508
f 1787/2548/2525 1786/2531/2508 1800/2549/2526
f 1800/2549/2526 1786/2531/2508 1799/2532/2509
f 1800/2549/2526 1799/2532/2509 1813/2550/2527
f 1813/2550/2527 1799/2532/2509 1812/2533/2510
f 1813/2550/2527 1812/2533/2510 1826/2551/2528
f 1826/2551/2528 1812/2533/2510 1825/2534/2511
f 1826/2551/2528 1825/2534/2511 1839/2552/2529
f 1839/2552/2529 1825/2534/2511 1838/2535/2512
f 1839/2552/2529 1838/2535/2512 1852/2553/2530
f 1852/2553/2530 1838/2535/2512 1851/2536/2513
f 1852/2553/2530 1851/2536/2513 1865/2554/2531
f 1865/2554/2531 1851/2536/2513 1864/2537/2514
f 1865/2554/2531 1864/2537/2514 1878/2555/2532
f 1878/2555/2532 1864/2537/2514 1877/2538/2515
f 1878/2555/2532 1877/2538/2515 1891/2556/2533
f 1891/2556/2533 1877/2538/2515 1890/2539/2516
f 1891/2556/2533 1890/2539/2516 1904/2557/2534
f 1904/2557/2534 1890/2539/2516 1903/2540/2517
f 1904/2557/2534 1903/2540/2517 1917/2558/2535
f 1917/2558/2535 1903/2540/2517 1916/2541/2518
f 1917/2558/2535 1916/2541/2518 1930/1240/1232
f 1930/1240/1232 1916/2541/2518 1929/1238/1230
f 1716/1630/1610 1717/1632/1612 1698/2559/2536
f 1698/2559/2536 1717/1632/1612 1697/2542/2519
f 1698/2559/2536 1697/2542/2519 1723/2560/2537
f 1723/2560/2537 1697/2542/2519 1722/2543/2520
f 1723/2560/2537 1722/2543/2520 1736/2561/2538
f 1736/2561/2538 1722/2543/2520 1735/2544/2521
f 1736/2561/2538 1735/2544/2521 1749/2562/2539
f 1749/2562/2539 1735/2544/2521 1748/2545/2522
f 1749/2562/2539 1748/2545/2522 1762/2563/2540
f 1762/2563/2540 1748/2545/2522 1761/2546/2523
f 1762/2563/2540 1761/2546/2523 1775/2564/2541
f 1775/2564/2541 1761/2546/2523 1774/2547/2524
f 1775/2564/2541 1774/2547/2524 1788/2565/2542
f 1788/2565/2542 1774/2547/2524 1787/2548/2525
f 1788/2565/2542 1787/2548/2525 1801/2566/2543
f 1801/2566/2543 1787/2548/2525 1800/2549/2526
f 1801/2566/2543 1800/2549/2526 1814/2567/2544
f 1814/2567/2544 1800/2549/2526 1813/2550/2527
f 1814/2567/2544 1813/2550/2527 1827/2568/2545
f 1827/2568/2545 1813/2550/2527 1826/2551/2528
f 1827/2568/2545 1826/2551/2528 1840/2569/2546
f 1840/2569/2546 1826/2551/2528 1839/2552/2529
f 1840/2569/2546 1839/2552/2529 1853/2570/2547
f 1853/2570/2547 1839/2552/2529 1852/2553/2530
f 1853/2570/2547 1852/2553/2530 1866/2571/2548
f 1866/2571/2548 1852/2553/2530 1865/2554/2531
f 1866/2571/2548 1865/2554/2531 1879/2572/2549
f 1879/2572/2549 1865/2554/2531 1878/2555/2532
f 1879/2572/2549 1878/2555/2532 1892/2573/2550
f 1892/2573/2550 1878/2555/2532 1891/2556/2533
f 1892/2573/2550 1891/2556/2533 1905/2574/2551
f 1905/2574/2551 1891/2556/2533 1904/2557/2534
f 1905/2574/2551 1904/2557/2534 1918/2575/2552
f 1918/2575/2552 1904/2557/2534 1917/2558/2535
f 1918/2575/2552 1917/2558/2535 1931/1242/1234
f 1931/1242/1234 1917/2558/2535 1930/1240/1232
f 1715/1628/1608 1716/1630/1610 1699/2576/2553
f 1699/2576/2553 1716/1630/1610 1698/2559/2536
f 1699/2576/2553 1698/2559/2536 1724/2577/2554
f 1724/2577/2554 1698/2559/2536 1723/2560/2537
f 1724/2577/2554 1723/2560/2537 1737/2578/2555
f 1737/2578/2555 1723/2560/2537 1736/2561/2538
f 1737/2578/2555 1736/2561/2538 1750/2579/2556
f 1750/2579/2556 1736/2561/2538 1749/2562/2539
f 1750/2579/2556 1749/2562/2539 1763/2580/2557
f 1763/2580/2557 1749/2562/2539 1762/2563/2540
f 1763/2580/2557 1762/2563/2540 1776/2581/2558
f 1776/2581/2558 1762/2563/2540 1775/2564/2541
f 1776/2581/2558 1775/2564/2541 1789/2582/2559
f 1789/2582/2559 1775/2564/2541 1788/2565/2542
f 1789/2582/2559 1788/2565/2542 1802/2583/2560
f 1802/2583/2560 1788/2565/2542 1801/2566/2543
f 1802/2583/2560 1801/2566/2543 1815/2584/2561
f 1815/2584/2561 1801/2566/2543 1814/2567/2544
f 1815/2584/2561 1814/2567/2544 1828/2585/2562
f 1828/2585/2562 1814/2567/2544 1827/2568/2545
f 1828/2585/2562 1827/2568/2545 1841/2586/2563
f 1841/2586/2563 1827/2568/2545 1840/2569/2546
f 1841/2586/2563 1840/2569/2546 1854/2587/2564
f 1854/2587/2564 1840/2569/2546 1853/2570/2547
f 1854/2587/2564 1853/2570/2547 1867/2588/2565
f 1867/2588/2565 1853/2570/2547 1866/2571/2548
f 1867/2588/2565 1866/2571/2548 1880/2589/2566
f 1880/2589/2566 1866/2571/2548 1879/2572/2549
f 1880/2589/2566 1879/2572/2549 1893/2590/2567
f 1893/2590/2567 1879/2572/2549 1892/2573/2550
f 1893/2590/2567 1892/2573/2550 1906/2591/2568
f 1906/2591/2568 1892/2573/2550 1905/2574/2551
f 1906/2591/2568 1905/2574/2551 1919/2592/2569
f 1919/2592/2569 1905/2574/2551 1918/2575/2552
f 1919/2592/2569 1918/2575/2552 1932/1244/1236
f 1932/1244/1236 1918/2575/2552 1931/1242/1234
f 1714/1626/1606 1715/1628/1608 1700/2593/2570
f 1700/2593/2570 1715/1628/1608 1699/2576/2553
f 1700/2593/2570 1699/2576/2553 1725/2594/2571
f 1725/2594/2571 1699/2576/2553 1724/2577/2554
f 1725/2594/2571 1724/2577/2554 1738/2595/2572
f 1738/2595/2572 1724/2577/2554 1737/2578/2555
f 1738/2595/2572 1737/2578/2555 1751/2596/2573
f 1751/2596/2573 1737/2578/2555 1750/2579/2556
f 1751/2596/2573 1750/2579/2556 1764/2597/2574
f 1764/2597/2574 1750/2579/2556 1763/2580/2557
f 1764/2597/2574 1763/2580/2557 1777/2598/2575
f 1777/2598/2575 1763/2580/2557 1776/2581/2558
f 1777/2598/2575 1776/2581/2558 1790/2599/2576
f 1790/2599/2576 1776/2581/2558 1789/2582/2559
f 1790/2599/2576 1789/2582/2559 1803/2600/2577
f 1803/2600/2577 1789/2582/2559 1802/2583/2560
f 1803/2600/2577 1802/2583/2560 1816/2601/2578
f 1816/2601/2578 1802/2583/2560 1815/2584/2561
f 1816/2601/2578 1815/2584/2561 1829/2602/2579
f 1829/2602/2579 1815/2584/2561 1828/2585/2562
f 1829/2602/2579 1828/2585/2562 1842/2603/2580
f 1842/2603/2580 1828/2585/2562 1841/2586/2563
f 1842/2603/2580 1841/2586/2563 1855/2604/2581
f 1855/2604/2581 1841/2586/2563 1854/2587/2564
f 1855/2604/2581 1854/2587/2564 1868/2605/2582
f 1868/2605/2582 1854/2587/2564 1867/2588/2565
f 1868/2605/2582 1867/2588/2565 1881/2606/2583
f 1881/2606/2583 1867/2588/2565 1880/2589/2566
f 1881/2606/2583 1880/2589/2566 1894/2607/2584
f 1894/2607/2584 1880/2589/2566 1893/2590/2567
f 1894/2607/2584 1893/2590/2567 1907/2608/2585
f 1907/2608/2585 1893/2590/2567 1906/2591/2568
f 1907/2608/2585 1906/2591/2568 1920/2609/2586
f 1920/2609/2586 1906/2591/2568 1919/2592/2569
f 1920/2609/2586 1919/2592/2569 1933/1246/1238
f 1933/1246/1238 1919/2592/2569 1932/1244/1236
f 1713/1624/1604 1714/1626/1606 1701/2610/2587
f 1701/2610/2587 1714/1626/1606 1700/2593/2570
f 1701/2610/2587 1700/2593/2570 1726/2611/2588
f 1726/2611/2588 1700/2593/2570 1725/2594/2571
f 1726/2611/2588 1725/2594/2571 1739/2612/2589
f 1739/2612/2589 1725/2594/2571 1738/2595/2572
f 1739/2612/2589 1738/2595/2572 1752/2613/2590
f 1752/2613/2590 1738/2595/2572 1751/2596/2573
f 1752/2613/2590 1751/2596/2573 1765/2614/2591
f 1765/2614/2591 1751/2596/2573 1764/2597/2574
f 1765/2614/2591 1764/2597/2574 1778/2615/2592
f 1778/2615/2592 1764/2597/2574 1777/2598/2575
f 1778/2615/2592 1777/2598/2575 1791/2616/2593
f 1791/2616/2593 1777/2598/2575 1790/2599/2576
f 1791/2616/2593 1790/2599/2576 1804/2617/2594
f 1804/2617/2594 1790/2599/2576 1803/2600/2577
f 1804/2617/2594 1803/2600/2577 1817/2618/2595
f 1817/2618/2595 1803/2600/2577 1816/2601/2578
f 1817/2618/2595 1816/2601/2578 1830/2619/2596
f 1830/2619/2596 1816/2601/2578 1829/2602/2579
f 1830/2619/2596 1829/2602/2579 1843/2620/2597
f 1843/2620/2597 1829/2602/2579 1842/2603/2580
f 1843/2620/2597 1842/2603/2580 1856/2621/2598
f 1856/2621/2598 1842/2603/2580 1855/2604/2581
f 1856/2621/2598 1855/2604/2581 1869/2622/2599
f 1869/2622/2599 1855/2604/2581 1868/2605/2582
f 1869/2622/2599 1868/2605/2582 1882/2623/2600
f 1882/2623/2600 1868/2605/2582 1881/2606/2583
f 1882/2623/2600 1881/2606/2583 1895/2624/2601
f 1895/2624/2601 1881/2606/2583 1894/2607/2584
f 1895/2624/2601 1894/2607/2584 1908/2625/2602
f 1908/2625/2602 1894/2607/2584 1907/2608/2585
f 1908/2625/2602 1907/2608/2585 1921/2626/2603
f 1921/2626/2603 1907/2608/2585 1920/2609/2586
f 1921/2626/2603 1920/2609/2586 1934/1248/1240
f 1934/1248/1240 1920/2609/2586 1933/1246/1238
f 1712/1622/1602 1713/1624/1604 1702/2627/2604
f 1702/2627/2604 1713/1624/1604 1701/2610/2587
f 1702/2627/2604 1701/2610/2587 1727/2628/2605
f 1727/2628/2605 1701/2610/2587 1726/2611/2588
f 1727/2628/2605 1726/2611/2588 1740/2629/2606
f 1740/2629/2606 1726/2611/2588 1739/2612/2589
f 1740/2629/2606 1739/2612/2589 1753/2630/2607
f 1753/2630/2607 1739/2612/2589 1752/2613/2590
f 1753/2630/2607 1752/2613/2590 1766/2631/2608
f 1766/2631/2608 1752/2613/2590 1765/2614/2591
f 1766/2631/2608 1765/2614/2591 1779/2632/2609
f 1779/2632/2609 1765/2614/2591 1778/2615/2592
f 1779/2632/2609 1778/2615/2592 1792/2633/2610
f 1792/2633/2610 1778/2615/2592 1791/2616/2593
f 1792/2633/2610 1791/2616/2593 1805/2634/2611
f 1805/2634/2611 1791/2616/2593 1804/2617/2594
f 1805/2634/2611 1804/2617/2594 1818/2635/2612
f 1818/2635/2612 1804/2617/2594 1817/2618/2595
f 1818/2635/2612 1817/2618/2595 1831/2636/2613
f 1831/2636/2613 1817/2618/2595 1830/2619/2596
f 1831/2636/2613 1830/2619/2596 1844/2637/2614
f 1844/2637/2614 1830/2619/2596 1843/2620/2597
f 1844/2637/2614 1843/2620/2597 1857/2638/2615
f 1857/2638/2615 1843/2620/2597 1856/2621/2598
f 1857/2638/2615 1856/2621/2598 1870/2639/2616
f 1870/2639/2616 1856/2621/2598 1869/2622/2599
f 1870/2639/2616 1869/2622/2599 1883/2640/2617
f 1883/2640/2617 1869/2622/2599 1882/2623/2600
f 1883/2640/2617 1882/2623/2600 1896/2641/2618
f 1896/2641/2618 1882/2623/2600 1895/2624/2601
f 1896/2641/2618 1895/2624/2601 1909/2642/2619
f 1909/2642/2619 1895/2624/2601 1908/2625/2602
f 1909/2642/2619 1908/2625/2602 1922/2643/2620
f 1922/2643/2620 1908/2625/2602 1921/2626/2603
f 1922/2643/2620 1921/2626/2603 1935/1250/1242
f 1935/1250/1242 1921/2626/2603 1934/1248/1240
f 1711/1620/1600 1712/1622/1602 1703/2644/2621
f 1703/2644/2621 1712/1622/1602 1702/2627/2604
f 1703/2644/2621 1702/2627/2604 1728/2645/2622
f 1728/2645/2622 1702/2627/2604 1727/2628/2605
f 1728/2645/2622 1727/2628/2605 1741/2646/2623
f 1741/2646/2623 1727/2628/2605 1740/2629/2606
f 1741/2646/2623 1740/2629/2606 1754/2647/2624
f 1754/2647/2624 1740/2629/2606 1753/2630/2607
f 1754/2647/2624 1753/2630/2607 1767/2648/2625
f 1767/2648/2625 1753/2630/2607 1766/2631/2608
f 1767/2648/2625 1766/2631/2608 1780/2649/2626
f 1780/2649/2626 1766/2631/2608 1779/2632/2609
f 1780/2649/2626 1779/2632/2609 1793/2650/2627
f 1793/2650/2627 1779/2632/2609 1792/2633/2610
f 1793/2650/2627 1792/2633/2610 1806/2651/2628
f 1806/2651/2628 1792/2633/2610 1805/2634/2611
f 1806/2651/2628 1805/2634/2611 1819/2652/2629
f 1819/2652/2629 1805/2634/2611 1818/2635/2612
f 1819/2652/2629 1818/2635/2612 1832/2653/2630
f 1832/2653/2630 1818/2635/2612 1831/2636/2613
f 1832/2653/2630 1831/2636/2613 1845/2654/2631
f 1845/2654/2631 1831/2636/2613 1844/2637/2614
f 1845/2654/2631 1844/2637/2614 1858/2655/2632
f 1858/2655/2632 1844/2637/2614 1857/2638/2615
f 1858/2655/2632 1857/2638/2615 1871/2656/2633
f 1871/2656/2633 1857/2638/2615 1870/2639/2616
f 1871/2656/2633 1870/2639/2616 1884/2657/2634
f 1884/2657/2634 1870/2639/2616 1883/2640/2617
f 1884/2657/2634 1883/2640/2617 1897/2658/2635
f 1897/2658/2635 1883/2640/2617 1896/2641/2618
f 1897/2658/2635 1896/2641/2618 1910/2659/2636
f 1910/2659/2636 1896/2641/2618 1909/2642/2619
f 1910/2659/2636 1909/2642/2619 1923/2660/2637
f 1923/2660/2637 1909/2642/2619 1922/2643/2620
f 1923/2660/2637 1922/2643/2620 1936/1252/1244
f 1936/1252/1244 1922/2643/2620 1935/1250/1242
f 1710/1618/1598 1711/1620/1600 1704/2661/2638
f 1704/2661/2638 1711/1620/1600 1703/2644/2621
f 1704/2661/2638 1703/2644/2621 1729/2662/2639
f 1729/2662/2639 1703/2644/2621 1728/2645/2622
f 1729/2662/2639 1728/2645/2622 1742/2663/2640
f 1742/2663/2640 1728/2645/2622 1741/2646/2623
f 1742/2663/2640 1741/2646/2623 1755/2664/2641
f 1755/2664/2641 1741/2646/2623 1754/2647/2624
f 1755/2664/2641 1754/2647/2624 1768/2665/2642
f 1768/2665/2642 1754/2647/2624 1767/2648/2625
f 1768/2665/2642 1767/2648/2625 1781/2666/2643
f 1781/2666/2643 1767/2648/2625 1780/2649/2626
f 1781/2666/2643 1780/2649/2626 1794/2667/2644
f 1794/2667/2644 1780/2649/2626 1793/2650/2627
f 1794/2667/2644 1793/2650/2627 1807/2668/2645
f 1807/2668/2645 1793/2650/2627 1806/2651/2628
f 1807/2668/2645 1806/2651/2628 1820/2669/2646
f 1820/2669/2646 1806/2651/2628 1819/2652/2629
f 1820/2669/2646 1819/2652/2629 1833/2670/2647
f 1833/2670/2647 1819/2652/2629 1832/2653/2630
f 1833/2670/2647 1832/2653/2630 1846/2671/2648
f 1846/2671/2648 1832/2653/2630 1845/2654/2631
f 1846/2671/2648 1845/2654/2631 1859/2672/2649
f 1859/2672/2649 1845/2654/2631 1858/2655/2632
f 1859/2672/2649 1858/2655/2632 1872/2673/2650
f 1872/2673/2650 1858/2655/2632 1871/2656/2633
f 1872/2673/2650 1871/2656/2633 1885/2674/2651
f 1885/2674/2651 1871/2656/2633 1884/2657/2634
f 1885/2674/2651 1884/2657/2634 1898/2675/2652
f 1898/2675/2652 1884/2657/2634 1897/2658/2635
f 1898/2675/2652 1897/2658/2635 1911/2676/2653
f 1911/2676/2653 1897/2658/2635 1910/2659/2636
f 1911/2676/2653 1910/2659/2636 1924/2677/2654
f 1924/2677/2654 1910/2659/2636 1923/2660/2637
f 1924/2677/2654 1923/2660/2637 1937/1254/1246
f 1937/1254/1246 1923/2660/2637 1936/1252/1244
f 1709/1616/1596 1710/1618/1598 1705/2678/2655
f 1705/2678/2655 1710/1618/1598 1704/2661/2638
f 1705/2678/2655 1704/2661/2638 1730/2679/2656
f 1730/2679/2656 1704/2661/2638 1729/2662/2639
f 1730/2679/2656 1729/2662/2639 1743/2680/2657
f 1743/2680/2657 1729/2662/2639 1742/2663/2640
f 1743/2680/2657 1742/2663/2640 1756/2681/2658
f 1756/2681/2658 1742/2663/2640 1755/2664/2641
f 1756/2681/2658 1755/2664/2641 1769/2682/2659
f 1769/2682/2659 1755/2664/2641 1768/2665/2642
f 1769/2682/2659 1768/2665/2642 1782/2683/2660
f 1782/2683/2660 1768/2665/2642 1781/2666/2643
f 1782/2683/2660 1781/2666/2643 1795/2684/2661
f 1795/2684/2661 1781/2666/2643 1794/2667/2644
f 1795/2684/2661 1794/2667/2644 1808/2685/2662
f 1808/2685/2662 1794/2667/2644 1807/2668/2645
f 1808/2685/2662 1807/2668/2645 1821/2686/2663
f 1821/2686/2663 1807/2668/2645 1820/2669/2646
f 1821/2686/2663 1820/2669/2646 1834/2687/2664
f 1834/2687/2664 1820/2669/2646 1833/2670/2647
f 1834/2687/2664 1833/2670/2647 1847/2688/2665
f 1847/2688/2665 1833/2670/2647 1846/2671/2648
f 1847/2688/2665 1846/2671/2648 1860/2689/2666
f 1860/2689/2666 1846/2671/2648 1859/2672/2649
f 1860/2689/2666 1859/2672/2649 1873/2690/2667
f 1873/2690/2667 1859/2672/2649 1872/2673/2650
f 1873/2690/2667 1872/2673/2650 1886/2691/2668
f 1886/2691/2668 1872/2673/2650 1885/2674/2651
f 1886/2691/2668 1885/2674/2651 1899/2692/2669
f 1899/2692/2669 1885/2674/2651 1898/2675/2652
f 1899/2692/2669 1898/2675/2652 1912/2693/2670
f 1912/2693/2670 1898/2675/2652 1911/2676/2653
f 1912/2693/2670 1911/2676/2653 1925/2694/2671
f 1925/2694/2671 1911/2676/2653 1924/2677/2654
f 1925/2694/2671 1924/2677/2654 1938/1256/1248
f 1938/1256/1248 1924/2677/2654 1937/1254/1246
f 1708/1614/1594 1709/1616/1596 1706/2695/2672
f 1706/2695/2672 1709/1616/1596 1705/2678/2655
f 1706/2695/2672 1705/2678/2655 1731/2696/2673
f 1731/2696/2673 1705/2678/2655 1730/2679/2656
f 1731/2696/2673 1730/2679/2656 1744/2697/2674
f 1744/2697/2674 1730/2679/2656 1743/2680/2657
f 1744/2697/2674 1743/2680/2657 1757/2698/2675
f 1757/2698/2675 1743/2680/2657 1756/2681/2658
f 1757/2698/2675 1756/2681/2658 1770/2699/2676
f 1770/2699/2676 1756/2681/2658 1769/2682/2659
f 1770/2699/2676 1769/2682/2659 1783/2700/2677
f 1783/2700/2677 1769/2682/2659 1782/2683/2660
f 1783/2700/2677 1782/2683/2660 1796/2701/2678
f 1796/2701/2678 1782/2683/2660 1795/2684/2661
f 1796/2701/2678 1795/2684/2661 1809/2702/2679
f 1809/2702/2679 1795/2684/2661 1808/2685/2662
f 1809/2702/2679 1808/2685/2662 1822/2703/2680
f 1822/2703/2680 1808/2685/2662 1821/2686/2663
f 1822/2703/2680 1821/2686/2663 1835/2704/2681
f 1835/2704/2681 1821/2686/2663 1834/2687/2664
f 1835/2704/2681 1834/2687/2664 1848/2705/2682
f 1848/2705/2682 1834/2687/2664 1847/2688/2665
f 1848/2705/2682 1847/2688/2665 1861/2706/2683
f 1861/2706/2683 1847/2688/2665 1860/2689/2666
f 1861/2706/2683 1860/2689/2666 1874/2707/2684
f 1874/2707/2684 1860/2689/2666 1873/2690/2667
f 1874/2707/2684 1873/2690/2667 1887/2708/2685
f 1887/2708/2685 1873/2690/2667 1886/2691/2668
f 1887/2708/2685 1886/2691/2668 1900/2709/2686
f 1900/2709/2686 1886/2691/2668 1899/2692/2669
f 1900/2709/2686 1899/2692/2669 1913/2710/2687
f 1913/2710/2687 1899/2692/2669 1912/2693/2670
f 1913/2710/2687 1912/2693/2670 1926/2711/2688
f 1926/2711/2688 1912/2693/2670 1925/2694/2671
f 1926/2711/2688 1925/2694/2671 1939/1258/1250
f 1939/1258/1250 1925/2694/2671 1938/1256/1248
f 733/1612/1592 1708/1614/1594 1707/1921/1901
f 1707/1921/1901 1708/1614/1594 1706/2695/2672
f 1707/1921/1901 1706/2695/2672 1732/1919/1899
f 1732/1919/1899 1706/2695/2672 1731/2696/2673
f 1732/1919/1899 1731/2696/2673 1745/1917/1897
f 1745/1917/1897 1731/2696/2673 1744/2697/2674
f 1745/1917/1897 1744/2697/2674 1758/1915/1895
f 1758/1915/1895 1744/2697/2674 1757/2698/2675
f 1758/1915/1895 1757/2698/2675 1771/1913/1893
f 1771/1913/1893 1757/2698/2675 1770/2699/2676
f 1771/1913/1893 1770/2699/2676 1784/1911/1891
f 1784/1911/1891 1770/2699/2676 1783/2700/2677
f 1784/1911/1891 1783/2700/2677 1797/1909/1889
f 1797/1909/1889 1783/2700/2677 1796/2701/2678
f 1797/1909/1889 1796/2701/2678 1810/1907/1887
f 1810/1907/1887 1796/2701/2678 1809/2702/2679
f 1810/1907/1887 1809/2702/2679 1823/1905/1885
f 1823/1905/1885 1809/2702/2679 1822/2703/2680
f 1823/1905/1885 1822/2703/2680 1836/1903/1883
f 1836/1903/1883 1822/2703/2680 1835/2704/2681
f 1836/1903/1883 1835/2704/2681 1849/1901/1881
f 1849/1901/1881 1835/2704/2681 1848/2705/2682
f 1849/1901/1881 1848/2705/2682 1862/1899/1879
f 1862/1899/1879 1848/2705/2682 1861/2706/2683
f 1862/1899/1879 1861/2706/2683 1875/1897/1877
f 1875/1897/1877 1861/2706/2683 1874/2707/2684
f 1875/1897/1877 1874/2707/2684 1888/1895/1875
f 1888/1895/1875 1874/2707/2684 1887/2708/2685
f 1888/1895/1875 1887/2708/2685 1901/1893/1873
f 1901/1893/1873 1887/2708/2685 1900/2709/2686
f 1901/1893/1873 1900/2709/2686 1914/1891/1871
f 1914/1891/1871 1900/2709/2686 1913/2710/2687
f 1914/1891/1871 1913/2710/2687 1927/1889/1869
f 1927/1889/1869 1913/2710/2687 1926/2711/2688
f 1927/1889/1869 1926/2711/2688 1940/1260/1252
f 1940/1260/1252 1926/2711/2688 1939/1258/1250
usemtl Steel_-_Satin
f 542/2712/2689 2053/2713/2690 512/2714/2691
f 512/2714/2691 2053/2713/2690 2054/2715/2692
f 512/2714/2691 2054/2715/2692 513/2716/2693
f 513/2716/2693 2054/2715/2692 2074/2717/2694
f 513/2716/2693 2074/2717/2694 514/2718/2695
f 514/2718/2695 2074/2717/2694 2073/2719/2696
f 514/2718/2695 2073/2719/2696 515/2720/2697
f 515/2720/2697 2073/2719/2696 2072/2721/2698
f 515/2720/2697 2072/2721/2698 516/2722/2699
f 516/2722/2699 2072/2721/2698 2071/2723/2700
f 516/2722/2699 2071/2723/2700 517/2724/2701
f 517/2724/2701 2071/2723/2700 2070/2725/2702
f 517/2724/2701 2070/2725/2702 518/2726/2703
f 518/2726/2703 2070/2725/2702 2069/2727/2704
f 518/2726/2703 2069/2727/2704 519/2728/2705
f 519/2728/2705 2069/2727/2704 2068/2729/2706
f 519/2728/2705 2068/2729/2706 520/2730/2707
f 520/2730/2707 2068/2729/2706 2067/2731/2708
f 520/2730/2707 2067/2731/2708 521/2732/2709
f 521/2732/2709 2067/2731/2708 2066/2733/2710
f 521/2732/2709 2066/2733/2710 522/2734/2711
f 522/2734/2711 2066/2733/2710 2065/2735/2712
f 522/2734/2711 2065/2735/2712 523/2736/2713
f 523/2736/2713 2065/2735/2712 2064/2737/2714
f 523/2736/2713 2064/2737/2714 524/2738/2715
f 524/2738/2715 2064/2737/2714 2063/2739/2716
f 524/2738/2715 2063/2739/2716 525/2740/2717
f 525/2740/2717 2063/2739/2716 2062/2741/2718
f 525/2740/2717 2062/2741/2718 526/2742/2719
f 526/2742/2719 2062/2741/2718 2061/2743/2720
f 526/2742/2719 2061/2743/2720 527/2744/2721
f 527/2744/2721 2061/2743/2720 2060/2745/2722
f 527/2744/2721 2060/2745/2722 528/2746/2723
f 528/2746/2723 2060/2745/2722 2059/2747/2724
f 528/2746/2723 2059/2747/2724 529/2748/2725
f 529/2748/2725 2059/2747/2724 2057/2749/2726
f 529/2748/2725 2057/2749/2726 530/2750/2727
f 530/2750/2727 2057/2749/2726 2058/2751/2728
f 530/2750/2727 2058/2751/2728 531/2752/2729
f 531/2752/2729 2058/2751/2728 2036/2753/2730
f 531/2752/2729 2036/2753/2730 532/2754/2731
f 532/2754/2731 2036/2753/2730 2037/2755/2732
f 532/2754/2731 2037/2755/2732 533/2756/2733
f 533/2756/2733 2037/2755/2732 2038/2757/2734
f 533/2756/2733 2038/2757/2734 534/2758/2735
f 534/2758/2735 2038/2757/2734 2039/2759/2736
f 534/2758/2735 2039/2759/2736 535/2760/2737
f 535/2760/2737 2039/2759/2736 2040/2761/2738
f 535/2760/2737 2040/2761/2738 536/2762/2739
f 536/2763/2739 2040/2764/2738 2041/2765/2740
f 536/2763/2739 2041/2765/2740 537/2766/2741
f 537/2766/2741 2041/2765/2740 2042/2767/2742
f 537/2766/2741 2042/2767/2742 538/2768/2743
f 538/2768/2743 2042/2767/2742 2043/2769/2744
f 538/2768/2743 2043/2769/2744 539/2770/2745
f 539/2770/2745 2043/2769/2744 2044/2771/2746
f 539/2770/2745 2044/2771/2746 540/2772/2747
f 540/2772/2747 2044/2771/2746 2045/2773/2748
f 540/2772/2747 2045/2773/2748 2056/2774/2749
f 2056/2774/2749 2045/2773/2748 2032/2775/2750
f 2056/2774/2749 2032/2775/2750 2033/2776/2751
f 2053/2713/2690 542/2712/2689 2055/2777/2752
f 2055/2777/2752 542/2712/2689 541/2778/2753
f 2055/2777/2752 541/2778/2753 2056/2774/2749
f 2056/2774/2749 541/2778/2753 540/2772/2747
f 2005/2779/2754 2054/2715/2692 2004/2780/2755
f 2004/2780/2755 2054/2715/2692 2053/2713/2690
f 2004/2780/2755 2053/2713/2690 2034/2781/2756
f 2034/2781/2756 2053/2713/2690 2055/2777/2752
f 2034/2781/2756 2055/2777/2752 2033/2776/2751
f 2033/2776/2751 2055/2777/2752 2056/2774/2749
f 2054/2715/2692 2005/2779/2754 2074/2717/2694
f 2074/2717/2694 2005/2779/2754 2006/2782/2757
f 2074/2717/2694 2006/2782/2757 2073/2719/2696
f 2073/2719/2696 2006/2782/2757 2007/2783/2758
f 2073/2719/2696 2007/2783/2758 2072/2721/2698
f 2072/2721/2698 2007/2783/2758 2008/2784/2759
f 2072/2721/2698 2008/2784/2759 2071/2723/2700
f 2071/2723/2700 2008/2784/2759 2009/2785/2760
f 2071/2723/2700 2009/2785/2760 2070/2725/2702
f 2070/2725/2702 2009/2785/2760 2010/2786/2761
f 2070/2725/2702 2010/2786/2761 2069/2727/2704
f 2069/2727/2704 2010/2786/2761 2011/2787/2762
f 2069/2727/2704 2011/2787/2762 2068/2729/2706
f 2068/2729/2706 2011/2787/2762 2012/2788/2763
f 2068/2729/2706 2012/2788/2763 2067/2731/2708
f 2067/2731/2708 2012/2788/2763 2013/2789/2764
f 2067/2731/2708 2013/2789/2764 2066/2733/2710
f 2066/2733/2710 2013/2789/2764 2014/2790/2765
f 2066/2733/2710 2014/2790/2765 2065/2735/2712
f 2065/2735/2712 2014/2790/2765 2015/2791/2766
f 2065/2735/2712 2015/2791/2766 2064/2737/2714
f 2064/2737/2714 2015/2791/2766 2016/2792/2767
f 2064/2737/2714 2016/2792/2767 2063/2739/2716
f 2063/2739/2716 2016/2792/2767 2017/2793/2768
f 2063/2739/2716 2017/2793/2768 2062/2741/2718
f 2062/2741/2718 2017/2793/2768 2018/2794/2769
f 2062/2741/2718 2018/2794/2769 2061/2743/2720
f 2061/2743/2720 2018/2794/2769 2019/2795/2770
f 2061/2743/2720 2019/2795/2770 2060/2745/2722
f 2060/2745/2722 2019/2795/2770 2020/2796/2771
f 2060/2745/2722 2020/2796/2771 2059/2747/2724
f 2059/2747/2724 2020/2796/2771 2021/2797/2772
f 2059/2747/2724 2021/2797/2772 2057/2749/2726
f 2057/2749/2726 2021/2797/2772 2022/2798/2773
f 2057/2749/2726 2022/2798/2773 2058/2751/2728
f 2058/2751/2728 2022/2798/2773 2023/2799/2774
f 2058/2751/2728 2023/2799/2774 2036/2753/2730
f 2036/2753/2730 2023/2799/2774 2035/2800/2775
f 2035/2800/2775 2023/2799/2774 2024/2801/2776
f 2035/2800/2775 2024/2801/2776 2052/2802/2777
f 2052/2802/2777 2024/2801/2776 2025/2803/2778
f 2052/2802/2777 2025/2803/2778 2051/2804/2779
f 2051/2804/2779 2025/2803/2778 2026/2805/2780
f 2051/2804/2779 2026/2805/2780 2050/2806/2781
f 2050/2806/2781 2026/2805/2780 2027/2807/2782
f 2050/2806/2781 2027/2807/2782 2049/2808/2783
f 2049/2809/2783 2027/2810/2782 2028/2811/2784
f 2049/2809/2783 2028/2811/2784 2048/2812/2785
f 2048/2812/2785 2028/2811/2784 2029/2813/2786
f 2048/2812/2785 2029/2813/2786 2047/2814/2787
f 2047/2814/2787 2029/2813/2786 2030/2815/2788
f 2047/2814/2787 2030/2815/2788 2046/2816/2789
f 2046/2816/2789 2030/2815/2788 2031/2817/2790
f 2046/2816/2789 2031/2817/2790 2045/2773/2748
f 2045/2773/2748 2031/2817/2790 2032/2775/2750
f 2005/2818/2791 2004/2819/2792 2075/2820/2793
f 2075/2820/2793 2004/2819/2792 2034/2821/2794
f 2075/2820/2793 2034/2821/2794 2098/2822/2795
f 2098/2822/2795 2034/2821/2794 2033/2823/2796
f 2098/2822/2795 2033/2823/2796 2097/2824/2797
f 2097/2824/2797 2033/2823/2796 2032/2825/2798
f 2097/2824/2797 2032/2825/2798 2096/2826/2799
f 2096/2826/2799 2032/2825/2798 2031/2827/2800
f 2096/2826/2799 2031/2827/2800 2030/2828/2801
f 2096/2826/2799 2030/2828/2801 2095/2829/2802
f 2095/2829/2802 2030/2828/2801 2029/2830/2803
f 2095/2829/2802 2029/2830/2803 2094/2831/2804
f 2094/2831/2804 2029/2830/2803 2028/2832/2805
f 2094/2831/2804 2028/2832/2805 2093/2833/2806
f 2093/2833/2806 2028/2832/2805 2027/2834/2807
f 2093/2833/2806 2027/2834/2807 2092/2835/2808
f 2092/2835/2808 2027/2834/2807 2026/2836/2809
f 2092/2835/2808 2026/2836/2809 2025/2837/2810
f 2092/2835/2808 2025/2837/2810 2091/2838/2811
f 2091/2838/2811 2025/2837/2810 2024/2839/2812
f 2091/2838/2811 2024/2839/2812 2090/2840/2813
f 2090/2840/2813 2024/2839/2812 2023/2841/2814
f 2090/2840/2813 2023/2841/2814 2089/2842/2815
f 2089/2842/2815 2023/2841/2814 2022/2843/2816
f 2089/2842/2815 2022/2843/2816 2021/2844/2817
f 2089/2842/2815 2021/2844/2817 2088/2845/2818
f 2088/2845/2818 2021/2844/2817 2020/2846/2819
f 2088/2845/2818 2020/2846/2819 2087/2847/2820
f 2087/2847/2820 2020/2846/2819 2019/2848/2821
f 2087/2847/2820 2019/2848/2821 2086/2849/2822
f 2086/2849/2822 2019/2848/2821 2018/2850/2823
f 2086/2849/2822 2018/2850/2823 2085/2851/2824
f 2085/2851/2824 2018/2850/2823 2017/2852/2825
f 2085/2851/2824 2017/2852/2825 2016/2853/2826
f 2085/2851/2824 2016/2853/2826 2084/2854/2827
f 2084/2854/2827 2016/2853/2826 2015/2855/2828
f 2084/2854/2827 2015/2855/2828 2083/2856/2829
f 2083/2856/2829 2015/2855/2828 2014/2857/2830
f 2083/2856/2829 2014/2857/2830 2082/2858/2831
f 2082/2858/2831 2014/2857/2830 2013/2859/2832
f 2082/2858/2831 2013/2859/2832 2012/2860/2833
f 2082/2858/2831 2012/2860/2833 2081/2861/2834
f 2081/2861/2834 2012/2860/2833 2011/2862/2835
f 2081/2861/2834 2011/2862/2835 2080/2863/2836
f 2080/2863/2836 2011/2862/2835 2010/2864/2837
f 2080/2863/2836 2010/2864/2837 2079/2865/2838
f 2079/2865/2838 2010/2864/2837 2009/2866/2839
f 2079/2865/2838 2009/2866/2839 2078/2867/2840
f 2078/2867/2840 2009/2866/2839 2008/2868/2841
f 2078/2867/2840 2008/2868/2841 2007/2869/2842
f 2078/2867/2840 2007/2869/2842 2077/2870/2843
f 2077/2870/2843 2007/2869/2842 2006/2871/2844
f 2077/2870/2843 2006/2871/2844 2076/2872/2845
f 2076/2872/2845 2006/2871/2844 2005/2818/2791
f 2076/2872/2845 2005/2818/2791 2075/2820/2793
f 2100/2873/2846 2124/2874/2847 2099/2875/2848
f 2099/2875/2848 2124/2874/2847 2125/2876/2849
f 2099/2875/2848 2125/2876/2849 2122/2877/2850
f 2122/2877/2850 2125/2876/2849 2146/2878/2851
f 2122/2877/2850 2146/2878/2851 2121/2879/2852
f 2121/2879/2852 2146/2878/2851 2145/2880/2853
f 2121/2879/2852 2145/2880/2853 2120/2881/2854
f 2120/2881/2854 2145/2880/2853 2144/2882/2855
f 2120/2881/2854 2144/2882/2855 2119/2883/2856
f 2119/2883/2856 2144/2882/2855 2143/2884/2857
f 2119/2883/2856 2143/2884/2857 2118/2885/2858
f 2118/2885/2858 2143/2884/2857 2142/2886/2859
f 2118/2885/2858 2142/2886/2859 2117/2887/2860
f 2117/2887/2860 2142/2886/2859 2123/2888/2861
f 2117/2889/2860 2123/2890/2861 2116/2891/2862
f 2116/2891/2862 2123/2890/2861 2141/2892/2863
f 2116/2891/2862 2141/2892/2863 2115/2893/2864
f 2115/2893/2864 2141/2892/2863 2140/2894/2865
f 2115/2893/2864 2140/2894/2865 2114/2895/2866
f 2114/2895/2866 2140/2894/2865 2139/2896/2867
f 2114/2895/2866 2139/2896/2867 2113/2897/2868
f 2113/2897/2868 2139/2896/2867 2138/2898/2869
f 2113/2897/2868 2138/2898/2869 2112/2899/2870
f 2112/2899/2870 2138/2898/2869 2137/2900/2871
f 2112/2899/2870 2137/2900/2871 2111/2901/2872
f 2111/2901/2872 2137/2900/2871 2136/2902/2873
f 2111/2901/2872 2136/2902/2873 2110/2903/2874
f 2110/2903/2874 2136/2902/2873 2135/2904/2875
f 2110/2903/2874 2135/2904/2875 2109/2905/2876
f 2109/2905/2876 2135/2904/2875 2134/2906/2877
f 2109/2905/2876 2134/2906/2877 2108/2907/2878
f 2108/2907/2878 2134/2906/2877 2133/2908/2879
f 2108/2907/2878 2133/2908/2879 2107/2909/2880
f 2107/2909/2880 2133/2908/2879 2132/2910/2881
f 2107/2909/2880 2132/2910/2881 2106/2911/2882
f 2106/2911/2882 2132/2910/2881 2131/2912/2883
f 2106/2911/2882 2131/2912/2883 2105/2913/2884
f 2105/2913/2884 2131/2912/2883 2130/2914/2885
f 2105/2913/2884 2130/2914/2885 2104/2915/2886
f 2104/2915/2886 2130/2914/2885 2129/2916/2887
f 2104/2915/2886 2129/2916/2887 2103/2917/2888
f 2103/2917/2888 2129/2916/2887 2128/2918/2889
f 2103/2917/2888 2128/2918/2889 2102/2919/2890
f 2102/2919/2890 2128/2918/2889 2127/2920/2891
f 2102/2919/2890 2127/2920/2891 2101/2921/2892
f 2101/2921/2892 2127/2920/2891 2126/2922/2893
f 2101/2921/2892 2126/2922/2893 2100/2873/2846
f 2100/2873/2846 2126/2922/2893 2124/2874/2847
f 2098/2923/2894 2146/2878/2851 2075/2924/2895
f 2075/2924/2895 2146/2878/2851 2125/2876/2849
f 2075/2924/2895 2125/2876/2849 2076/2925/2896
f 2076/2925/2896 2125/2876/2849 2124/2874/2847
f 2076/2925/2896 2124/2874/2847 2077/2926/2897
f 2077/2926/2897 2124/2874/2847 2126/2922/2893
f 2077/2926/2897 2126/2922/2893 2078/2927/2898
f 2078/2927/2898 2126/2922/2893 2127/2920/2891
f 2078/2927/2898 2127/2920/2891 2079/2928/2899
f 2079/2928/2899 2127/2920/2891 2128/2918/2889
f 2079/2928/2899 2128/2918/2889 2080/2929/2900
f 2080/2929/2900 2128/2918/2889 2129/2916/2887
f 2080/2929/2900 2129/2916/2887 2081/2930/2901
f 2081/2930/2901 2129/2916/2887 2130/2914/2885
f 2081/2930/2901 2130/2914/2885 2082/2931/2902
f 2082/2931/2902 2130/2914/2885 2131/2912/2883
f 2082/2931/2902 2131/2912/2883 2083/2932/2903
f 2083/2932/2903 2131/2912/2883 2132/2910/2881
f 2083/2932/2903 2132/2910/2881 2084/2933/2904
f 2084/2933/2904 2132/2910/2881 2133/2908/2879
f 2084/2933/2904 2133/2908/2879 2085/2934/2905
f 2085/2934/2905 2133/2908/2879 2134/2906/2877
f 2085/2934/2905 2134/2906/2877 2086/2935/2906
f 2086/2935/2906 2134/2906/2877 2135/2904/2875
f 2086/2935/2906 2135/2904/2875 2087/2936/2907
f 2087/2936/2907 2135/2904/2875 2136/2902/2873
f 2087/2936/2907 2136/2902/2873 2088/2937/2908
f 2088/2937/2908 2136/2902/2873 2137/2900/2871
f 2088/2937/2908 2137/2900/2871 2089/2938/2909
f 2089/2938/2909 2137/2900/2871 2138/2898/2869
f 2089/2938/2909 2138/2898/2869 2090/2939/2910
f 2090/2939/2910 2138/2898/2869 2139/2896/2867
f 2090/2939/2910 2139/2896/2867 2091/2940/2911
f 2091/2940/2911 2139/2896/2867 2140/2894/2865
f 2091/2940/2911 2140/2894/2865 2092/2941/2912
f 2092/2941/2912 2140/2894/2865 2141/2892/2863
f 2092/2941/2912 2141/2892/2863 2093/2942/2913
f 2093/2942/2913 2141/2892/2863 2123/2890/2861
f 2093/2943/2913 2123/2888/2861 2094/2944/2914
f 2094/2944/2914 2123/2888/2861 2142/2886/2859
f 2094/2944/2914 2142/2886/2859 2095/2945/2915
f 2095/2945/2915 2142/2886/2859 2143/2884/2857
f 2095/2945/2915 2143/2884/2857 2096/2946/2916
f 2096/2946/2916 2143/2884/2857 2144/2882/2855
f 2096/2946/2916 2144/2882/2855 2097/2947/2917
f 2097/2947/2917 2144/2882/2855 2145/2880/2853
f 2097/2947/2917 2145/2880/2853 2098/2923/2894
f 2098/2923/2894 2145/2880/2853 2146/2878/2851
f 2100/2948/2918 2099/2949/2919 2147/2950/2920
f 2147/2950/2920 2099/2949/2919 2122/2951/2921
f 2147/2950/2920 2122/2951/2921 2170/2952/2922
f 2170/2952/2922 2122/2951/2921 2121/2953/2923
f 2170/2952/2922 2121/2953/2923 2169/2954/2924
f 2169/2954/2924 2121/2953/2923 2120/2955/2925
f 2169/2954/2924 2120/2955/2925 2168/2956/2926
f 2168/2956/2926 2120/2955/2925 2119/2957/2927
f 2168/2956/2926 2119/2957/2927 2167/2958/2928
f 2167/2958/2928 2119/2957/2927 2118/2959/2929
f 2167/2958/2928 2118/2959/2929 2166/2960/2930
f 2166/2960/2930 2118/2959/2929 2117/2961/2931
f 2166/2960/2930 2117/2961/2931 2165/2962/2932
f 2165/2962/2932 2117/2961/2931 2164/2963/2933
f 2164/2963/2933 2117/2961/2931 2116/2964/2934
f 2164/2963/2933 2116/2964/2934 2163/2965/2935
f 2163/2965/2935 2116/2964/2934 2115/2966/2936
f 2163/2965/2935 2115/2966/2936 2162/2967/2937
f 2162/2967/2937 2115/2966/2936 2114/2968/2938
f 2162/2967/2937 2114/2968/2938 2161/2969/2939
f 2161/2969/2939 2114/2968/2938 2113/2970/2940
f 2161/2969/2939 2113/2970/2940 2160/2971/2941
f 2160/2971/2941 2113/2970/2940 2112/2972/2942
f 2160/2971/2941 2112/2972/2942 2159/2973/2943
f 2159/2973/2943 2112/2972/2942 2111/2974/2944
f 2159/2973/2943 2111/2974/2944 2110/2975/2945
f 2159/2973/2943 2110/2975/2945 2158/2976/2946
f 2158/2976/2946 2110/2975/2945 2109/2977/2947
f 2158/2976/2946 2109/2977/2947 2157/2978/2948
f 2157/2978/2948 2109/2977/2947 2108/2979/2949
f 2157/2978/2948 2108/2979/2949 2156/2980/2950
f 2156/2980/2950 2108/2979/2949 2107/2981/2951
f 2156/2980/2950 2107/2981/2951 2155/2982/2952
f 2155/2982/2952 2107/2981/2951 2106/2983/2953
f 2155/2982/2952 2106/2983/2953 2154/2984/2954
f 2154/2984/2954 2106/2983/2953 2153/2985/2955
f 2153/2985/2955 2106/2983/2953 2105/2986/2956
f 2153/2985/2955 2105/2986/2956 2152/2987/2957
f 2152/2987/2957 2105/2986/2956 2104/2988/2958
f 2152/2987/2957 2104/2988/2958 2151/2989/2959
f 2151/2989/2959 2104/2988/2958 2103/2990/2960
f 2151/2989/2959 2103/2990/2960 2150/2991/2961
f 2150/2991/2961 2103/2990/2960 2102/2992/2962
f 2150/2991/2961 2102/2992/2962 2149/2993/2963
f 2149/2993/2963 2102/2992/2962 2101/2994/2964
f 2149/2993/2963 2101/2994/2964 2148/2995/2965
f 2148/2995/2965 2101/2994/2964 2100/2948/2918
f 2148/2995/2965 2100/2948/2918 2147/2950/2920
f 2170/2996/2966 2197/2997/2967 2147/2998/2968
f 2147/2998/2968 2197/2997/2967 2200/2999/2969
f 2147/2998/2968 2200/2999/2969 2148/3000/2970
f 2148/3000/2970 2200/2999/2969 2241/3001/2971
f 2148/3000/2970 2241/3001/2971 2149/3002/2972
f 2149/3002/2972 2241/3001/2971 2239/3003/2973
f 2149/3002/2972 2239/3003/2973 2150/3004/2974
f 2150/3004/2974 2239/3003/2973 2237/3005/2975
f 2150/3004/2974 2237/3005/2975 2151/3006/2976
f 2151/3006/2976 2237/3005/2975 2235/3007/2977
f 2151/3006/2976 2235/3007/2977 2152/3008/2978
f 2152/3008/2978 2235/3007/2977 2233/3009/2979
f 2152/3008/2978 2233/3009/2979 2153/3010/2980
f 2153/3010/2980 2233/3009/2979 2231/3011/2981
f 2153/3010/2980 2231/3011/2981 2154/3012/2982
f 2154/3012/2982 2231/3011/2981 2229/3013/2983
f 2154/3012/2982 2229/3013/2983 2155/3014/2984
f 2155/3014/2984 2229/3013/2983 2227/3015/2985
f 2155/3014/2984 2227/3015/2985 2156/3016/2986
f 2156/3016/2986 2227/3015/2985 2225/3017/2987
f 2156/3016/2986 2225/3017/2987 2157/3018/2988
f 2157/3018/2988 2225/3017/2987 2223/3019/2989
f 2157/3018/2988 2223/3019/2989 2158/3020/2990
f 2158/3020/2990 2223/3019/2989 2221/3021/2991
f 2158/3020/2990 2221/3021/2991 2159/3022/2992
f 2159/3022/2992 2221/3021/2991 2219/3023/2993
f 2159/3022/2992 2219/3023/2993 2160/3024/2994
f 2160/3024/2994 2219/3023/2993 2217/3025/2995
f 2160/3024/2994 2217/3025/2995 2161/3026/2996
f 2161/3026/2996 2217/3025/2995 2215/3027/2997
f 2161/3026/2996 2215/3027/2997 2162/3028/2998
f 2162/3028/2998 2215/3027/2997 2213/3029/2999
f 2162/3028/2998 2213/3029/2999 2163/3030/3000
f 2163/3030/3000 2213/3029/2999 2211/3031/3001
f 2163/3030/3000 2211/3031/3001 2164/3032/3002
f 2164/3032/3002 2211/3031/3001 2209/3033/3003
f 2164/3032/3002 2209/3033/3003 2165/3034/3004
f 2165/3034/3004 2209/3033/3003 2195/3035/3005
f 2165/3036/3004 2195/3037/3005 2166/3038/3006
f 2166/3038/3006 2195/3037/3005 2207/3039/3007
f 2166/3038/3006 2207/3039/3007 2167/3040/3008
f 2167/3040/3008 2207/3039/3007 2205/3041/3009
f 2167/3040/3008 2205/3041/3009 2168/3042/3010
f 2168/3042/3010 2205/3041/3009 2203/3043/3011
f 2168/3042/3010 2203/3043/3011 2169/3044/3012
f 2169/3044/3012 2203/3043/3011 2201/3045/3013
f 2169/3044/3012 2201/3045/3013 2170/2996/2966
f 2170/2996/2966 2201/3045/3013 2197/2997/2967
f 2172/3046/3014 2242/3047/3015 2171/3048/3016
f 2171/3048/3016 2242/3047/3015 2199/3049/3017
f 2171/3048/3016 2199/3049/3017 2194/3050/3018
f 2194/3050/3018 2199/3049/3017 2198/3051/3019
f 2194/3050/3018 2198/3051/3019 2193/3052/3020
f 2193/3052/3020 2198/3051/3019 2202/3053/3021
f 2193/3052/3020 2202/3053/3021 2192/3054/3022
f 2192/3054/3022 2202/3053/3021 2204/3055/3023
f 2192/3054/3022 2204/3055/3023 2191/3056/3024
f 2191/3056/3024 2204/3055/3023 2206/3057/3025
f 2191/3056/3024 2206/3057/3025 2190/3058/3026
f 2190/3058/3026 2206/3057/3025 2208/3059/3027
f 2190/3058/3026 2208/3059/3027 2189/3060/3028
f 2189/3060/3028 2208/3059/3027 2196/3061/3029
f 2189/3062/3028 2196/3063/3029 2188/3064/3030
f 2188/3064/3030 2196/3063/3029 2210/3065/3031
f 2188/3064/3030 2210/3065/3031 2187/3066/3032
f 2187/3066/3032 2210/3065/3031 2212/3067/3033
f 2187/3066/3032 2212/3067/3033 2186/3068/3034
f 2186/3068/3034 2212/3067/3033 2214/3069/3035
f 2186/3068/3034 2214/3069/3035 2185/3070/3036
f 2185/3070/3036 2214/3069/3035 2216/3071/3037
f 2185/3070/3036 2216/3071/3037 2184/3072/3038
f 2184/3072/3038 2216/3071/3037 2218/3073/3039
f 2184/3072/3038 2218/3073/3039 2183/3074/3040
f 2183/3074/3040 2218/3073/3039 2220/3075/3041
f 2183/3074/3040 2220/3075/3041 2182/3076/3042
f 2182/3076/3042 2220/3075/3041 2222/3077/3043
f 2182/3076/3042 2222/3077/3043 2181/3078/3044
f 2181/3078/3044 2222/3077/3043 2224/3079/3045
f 2181/3078/3044 2224/3079/3045 2180/3080/3046
f 2180/3080/3046 2224/3079/3045 2226/3081/3047
f 2180/3080/3046 2226/3081/3047 2179/3082/3048
f 2179/3082/3048 2226/3081/3047 2228/3083/3049
f 2179/3082/3048 2228/3083/3049 2178/3084/3050
f 2178/3084/3050 2228/3083/3049 2230/3085/3051
f 2178/3084/3050 2230/3085/3051 2177/3086/3052
f 2177/3086/3052 2230/3085/3051 2232/3087/3053
f 2177/3086/3052 2232/3087/3053 2176/3088/3054
f 2176/3088/3054 2232/3087/3053 2234/3089/3055
f 2176/3088/3054 2234/3089/3055 2175/3090/3056
f 2175/3090/3056 2234/3089/3055 2236/3091/3057
f 2175/3090/3056 2236/3091/3057 2174/3092/3058
f 2174/3092/3058 2236/3091/3057 2238/3093/3059
f 2174/3092/3058 2238/3093/3059 2173/3094/3060
f 2173/3094/3060 2238/3093/3059 2240/3095/3061
f 2173/3094/3060 2240/3095/3061 2172/3046/3014
f 2172/3046/3014 2240/3095/3061 2242/3047/3015
f 2195/3037/3005 2196/3061/3029 2207/3039/3007
f 2207/3039/3007 2196/3061/3029 2208/3059/3027
f 2207/3039/3007 2208/3059/3027 2205/3041/3009
f 2205/3041/3009 2208/3059/3027 2206/3057/3025
f 2205/3041/3009 2206/3057/3025 2203/3043/3011
f 2203/3043/3011 2206/3057/3025 2204/3055/3023
f 2203/3043/3011 2204/3055/3023 2201/3045/3013
f 2201/3045/3013 2204/3055/3023 2202/3053/3021
f 2201/3045/3013 2202/3053/3021 2197/2997/2967
f 2197/2997/2967 2202/3053/3021 2198/3051/3019
f 2197/2997/2967 2198/3051/3019 2200/2999/2969
f 2200/2999/2969 2198/3051/3019 2199/3049/3017
f 2200/2999/2969 2199/3049/3017 2241/3001/2971
f 2241/3001/2971 2199/3049/3017 2242/3047/3015
f 2241/3001/2971 2242/3047/3015 2239/3003/2973
f 2239/3003/2973 2242/3047/3015 2240/3095/3061
f 2239/3003/2973 2240/3095/3061 2237/3005/2975
f 2237/3005/2975 2240/3095/3061 2238/3093/3059
f 2237/3005/2975 2238/3093/3059 2235/3007/2977
f 2235/3007/2977 2238/3093/3059 2236/3091/3057
f 2235/3007/2977 2236/3091/3057 2233/3009/2979
f 2233/3009/2979 2236/3091/3057 2234/3089/3055
f 2233/3009/2979 2234/3089/3055 2231/3011/2981
f 2231/3011/2981 2234/3089/3055 2232/3087/3053
f 2231/3011/2981 2232/3087/3053 2229/3013/2983
f 2229/3013/2983 2232/3087/3053 2230/3085/3051
f 2229/3013/2983 2230/3085/3051 2227/3015/2985
f 2227/3015/2985 2230/3085/3051 2228/3083/3049
f 2227/3015/2985 2228/3083/3049 2225/3017/2987
f 2225/3017/2987 2228/3083/3049 2226/3081/3047
f 2225/3017/2987 2226/3081/3047 2223/3019/2989
f 2223/3019/2989 2226/3081/3047 2224/3079/3045
f 2223/3019/2989 2224/3079/3045 2221/3021/2991
f 2221/3021/2991 2224/3079/3045 2222/3077/3043
f 2221/3021/2991 2222/3077/3043 2219/3023/2993
f 2219/3023/2993 2222/3077/3043 2220/3075/3041
f 2219/3023/2993 2220/3075/3041 2217/3025/2995
f 2217/3025/2995 2220/3075/3041 2218/3073/3039
f 2217/3025/2995 2218/3073/3039 2215/3027/2997
f 2215/3027/2997 2218/3073/3039 2216/3071/3037
f 2215/3027/2997 2216/3071/3037 2213/3029/2999
f 2213/3029/2999 2216/3071/3037 2214/3069/3035
f 2213/3029/2999 2214/3069/3035 2211/3031/3001
f 2211/3031/3001 2214/3069/3035 2212/3067/3033
f 2211/3031/3001 2212/3067/3033 2209/3033/3003
f 2209/3033/3003 2212/3067/3033 2210/3065/3031
f 2209/3033/3003 2210/3065/3031 2195/3035/3005
f 2195/3035/3005 2210/3065/3031 2196/3063/3029
f 2171/3096/3062 2194/3097/3063 2172/3098/3064
f 2172/3098/3064 2194/3097/3063 2173/3099/3065
f 2173/3099/3065 2194/3097/3063 2193/3100/3066
f 2173/3099/3065 2193/3100/3066 2174/3101/3067
f 2174/3101/3067 2193/3100/3066 2192/3102/3068
f 2174/3101/3067 2192/3102/3068 2175/3103/3069
f 2175/3103/3069 2192/3102/3068 2191/3104/3070
f 2175/3103/3069 2191/3104/3070 2176/3105/3071
f 2176/3105/3071 2191/3104/3070 2190/3106/3072
f 2176/3105/3071 2190/3106/3072 2177/3107/3073
f 2177/3107/3073 2190/3106/3072 2189/3108/3074
f 2177/3107/3073 2189/3108/3074 2178/3109/3075
f 2178/3109/3075 2189/3108/3074 2188/3110/3076
f 2178/3109/3075 2188/3110/3076 2179/3111/3077
f 2179/3111/3077 2188/3110/3076 2187/3112/3078
f 2179/3111/3077 2187/3112/3078 2180/3113/3079
f 2180/3113/3079 2187/3112/3078 2186/3114/3080
f 2180/3113/3079 2186/3114/3080 2181/3115/3081
f 2181/3115/3081 2186/3114/3080 2185/3116/3082
f 2181/3115/3081 2185/3116/3082 2182/3117/3083
f 2182/3117/3083 2185/3116/3082 2184/3118/3084
f 2182/3117/3083 2184/3118/3084 2183/3119/3085
f 2045/3120/3086 2035/3121/3087 2046/3122/3088
f 2046/3122/3088 2035/3121/3087 2052/3123/3089
f 2046/3122/3088 2052/3123/3089 2051/3124/3090
f 2046/3122/3088 2051/3124/3090 2047/3125/3091
f 2047/3125/3091 2051/3124/3090 2050/3126/3092
f 2047/3125/3091 2050/3126/3092 2048/3127/3093
f 2048/3127/3093 2050/3126/3092 2049/3128/3094
f 2044/3129/3095 2036/3130/3096 2045/3131/3097
f 2045/3131/3097 2036/3130/3096 2035/3132/3098
f 2044/3133/3099 2043/3134/3100 2036/3135/3101
f 2036/3135/3101 2043/3134/3100 2037/3136/3102
f 2037/3136/3102 2043/3134/3100 2038/3137/3103
f 2038/3137/3103 2043/3134/3100 2042/3138/3104
f 2038/3137/3103 2042/3138/3104 2039/3139/3105
f 2039/3139/3105 2042/3138/3104 2041/3140/3106
f 2039/3139/3105 2041/3140/3106 2040/3141/3107
# 2242 vertices
# 3141 texture params
# 3107 normals
# 4480 facets

# 1 groups
